{"_timestamp":1.758708094745582e+09,"_wandb":{"runtime":256},"train/hm_loss_head_0":0.8101145625114441,"train/loss_rpn":2.5743069648742676,"train/forward_time":0.21793150901794434,"train/learning_rate":0.0005689487964417486,"train/rpn_loss":2.5743069648742676,"train/data_time":0.007456064224243164,"train/loss":2.5743069648742676,"train/loc_loss_head_0":1.7641924619674683,"train/epoch":85.03201941287878,"train/batch_time":0.2253892421722412,"_runtime":256.179669756,"_step":118814}