file_id,type,point_count_2m_radius,mean_intensity,median_intensity,std_intensity,min_intensity,max_intensity
10000000,clean,1314,0.014245,0.003922,0.029981,0.000000,0.215686
10000001,clean,1341,0.014411,0.003922,0.028512,0.000000,0.211765
10000002,clean,1329,0.013662,0.003922,0.026956,0.000000,0.203922
10000003,clean,1262,0.015208,0.003922,0.030541,0.000000,0.211765
10000004,clean,1291,0.014392,0.003922,0.027859,0.000000,0.200000
10000005,clean,1289,0.014004,0.003922,0.027675,0.000000,0.207843
10000006,clean,1370,0.014000,0.003922,0.029530,0.000000,0.207843
10000007,clean,1317,0.012858,0.003922,0.028508,0.000000,0.211765
10000008,clean,1394,0.012988,0.003922,0.026835,0.000000,0.219608
10000009,clean,1348,0.013013,0.003922,0.028415,0.000000,0.215686
10000010,clean,1351,0.012551,0.003922,0.026422,0.000000,0.211765
10000011,clean,1313,0.012915,0.003922,0.026135,0.000000,0.219608
10000012,clean,1237,0.013584,0.003922,0.028395,0.000000,0.211765
10000013,clean,1369,0.013071,0.003922,0.030151,0.000000,0.215686
10000014,clean,1312,0.014021,0.003922,0.030891,0.000000,0.227451
10000015,clean,1344,0.014119,0.003922,0.031640,0.000000,0.211765
10000016,clean,1306,0.014605,0.003922,0.031272,0.000000,0.207843
10000017,clean,1357,0.014533,0.003922,0.031468,0.000000,0.219608
10000018,clean,1335,0.013360,0.003922,0.028467,0.000000,0.223529
10000019,clean,1374,0.014034,0.003922,0.031052,0.000000,0.215686
10000020,clean,1406,0.013823,0.003922,0.030716,0.000000,0.223529
10000021,clean,1399,0.014739,0.003922,0.031705,0.000000,0.215686
10000022,clean,1369,0.013770,0.003922,0.030693,0.000000,0.211765
10000023,clean,1402,0.014086,0.003922,0.031062,0.000000,0.219608
10000024,clean,1494,0.013484,0.003922,0.030754,0.000000,0.223529
10000025,clean,1382,0.014092,0.003922,0.030404,0.000000,0.215686
10000026,clean,1517,0.013735,0.003922,0.031208,0.000000,0.215686
10000027,clean,1538,0.013634,0.003922,0.031017,0.000000,0.223529
10000028,clean,1436,0.014018,0.003922,0.030421,0.000000,0.247059
10000029,clean,1535,0.014358,0.003922,0.033013,0.000000,0.235294
10000030,clean,1440,0.014172,0.003922,0.031988,0.000000,0.211765
10000031,clean,1475,0.014500,0.003922,0.032522,0.000000,0.227451
10000032,clean,1451,0.014424,0.003922,0.032083,0.000000,0.219608
10000033,clean,1516,0.013762,0.003922,0.032250,0.000000,0.219608
10000034,clean,1494,0.013481,0.003922,0.029214,0.000000,0.219608
10000035,clean,1475,0.012961,0.003922,0.028304,0.000000,0.219608
10000036,clean,1427,0.014298,0.003922,0.030662,0.000000,0.223529
10000037,clean,1489,0.013735,0.003922,0.029262,0.000000,0.223529
10000038,clean,1445,0.013179,0.003922,0.028183,0.000000,0.207843
10000039,clean,1460,0.013849,0.003922,0.029405,0.000000,0.207843
10000040,clean,1433,0.014036,0.003922,0.031461,0.000000,0.211765
10000041,clean,1496,0.012202,0.003922,0.026813,0.000000,0.207843
10000042,clean,1416,0.013698,0.003922,0.029153,0.000000,0.207843
10000043,clean,1436,0.013067,0.003922,0.028572,0.000000,0.227451
10000044,clean,1335,0.014256,0.003922,0.029245,0.000000,0.219608
10000045,clean,1349,0.014689,0.003922,0.032862,0.000000,0.223529
10000046,clean,1351,0.013982,0.003922,0.029922,0.000000,0.207843
10000047,clean,1404,0.013158,0.003922,0.028675,0.000000,0.215686
10000048,clean,1319,0.014096,0.003922,0.029854,0.000000,0.219608
10000049,clean,1328,0.013407,0.003922,0.027951,0.000000,0.219608
10000050,clean,1335,0.013839,0.003922,0.027987,0.000000,0.211765
10000051,clean,1398,0.014348,0.003922,0.029888,0.000000,0.219608
10000052,clean,1383,0.013568,0.003922,0.029266,0.000000,0.211765
10000053,clean,1356,0.013477,0.003922,0.028561,0.000000,0.207843
10000054,clean,1358,0.013255,0.003922,0.027991,0.000000,0.211765
10000055,clean,1316,0.013964,0.003922,0.029584,0.000000,0.219608
10000056,clean,1312,0.013770,0.003922,0.029330,0.000000,0.203922
10000057,clean,1365,0.013578,0.003922,0.028313,0.000000,0.215686
10000058,clean,1317,0.014203,0.003922,0.029564,0.000000,0.207843
10000059,clean,1330,0.013095,0.003922,0.026754,0.000000,0.200000
10000060,clean,1348,0.013551,0.003922,0.028341,0.000000,0.219608
10000061,clean,1406,0.014069,0.003922,0.028639,0.000000,0.211765
10000062,clean,1353,0.013565,0.003922,0.027932,0.000000,0.203922
10000063,clean,1376,0.014330,0.003922,0.029641,0.000000,0.215686
10000064,clean,1355,0.013394,0.003922,0.028382,0.000000,0.211765
10000065,clean,1341,0.014505,0.003922,0.030310,0.000000,0.231373
10000066,clean,1356,0.014104,0.003922,0.030026,0.000000,0.207843
10000067,clean,1434,0.014532,0.003922,0.031538,0.000000,0.231373
10000068,clean,1410,0.013798,0.003922,0.030021,0.000000,0.211765
10000069,clean,1331,0.013883,0.003922,0.028600,0.000000,0.215686
10000070,clean,1354,0.012943,0.003922,0.027573,0.000000,0.207843
10000071,clean,1336,0.013725,0.003922,0.028019,0.000000,0.215686
10000072,clean,1358,0.013864,0.003922,0.029690,0.000000,0.219608
10000073,clean,1343,0.013374,0.003922,0.028442,0.000000,0.211765
10000074,clean,1312,0.014180,0.003922,0.029610,0.000000,0.215686
10000075,clean,1299,0.014769,0.003922,0.030951,0.000000,0.211765
10000076,clean,1365,0.013491,0.003922,0.029151,0.000000,0.219608
10000077,clean,1311,0.013948,0.003922,0.029161,0.000000,0.219608
10000078,clean,1317,0.014060,0.003922,0.029557,0.000000,0.211765
10000079,clean,1332,0.013640,0.003922,0.026957,0.000000,0.207843
10000080,clean,1298,0.013753,0.003922,0.028214,0.000000,0.227451
10000081,clean,1345,0.014077,0.003922,0.029099,0.000000,0.203922
10000082,clean,1348,0.012902,0.003922,0.026105,0.000000,0.211765
10000083,clean,1284,0.013457,0.003922,0.028684,0.000000,0.223529
10000084,clean,1326,0.013533,0.003922,0.028397,0.000000,0.215686
10000085,clean,1279,0.013963,0.003922,0.029901,0.000000,0.211765
10000086,clean,1318,0.014401,0.003922,0.030347,0.000000,0.227451
10000087,clean,1373,0.013550,0.003922,0.029661,0.000000,0.211765
10000088,clean,1277,0.013656,0.003922,0.029574,0.000000,0.227451
10000089,clean,1282,0.014833,0.003922,0.030673,0.000000,0.203922
10000090,clean,1321,0.012584,0.003922,0.026897,0.000000,0.223529
10000091,clean,1343,0.013829,0.003922,0.029322,0.000000,0.223529
10000092,clean,1284,0.014510,0.003922,0.030250,0.000000,0.211765
10000093,clean,1327,0.013712,0.003922,0.030488,0.000000,0.231373
10000094,clean,1312,0.014177,0.003922,0.030674,0.000000,0.215686
10000095,clean,1281,0.012555,0.003922,0.026160,0.000000,0.215686
10000096,clean,1307,0.014612,0.003922,0.031863,0.000000,0.215686
10000097,clean,1361,0.013030,0.003922,0.028172,0.000000,0.215686
10000098,clean,1331,0.014016,0.003922,0.029546,0.000000,0.207843
10000099,clean,1360,0.013094,0.003922,0.026251,0.000000,0.203922
10000100,clean,1300,0.013584,0.003922,0.028128,0.000000,0.203922
10000101,clean,1270,0.013951,0.003922,0.027580,0.000000,0.211765
10000102,clean,1229,0.012955,0.003922,0.027574,0.000000,0.211765
10000103,clean,1246,0.014440,0.003922,0.029747,0.000000,0.207843
10000104,clean,1329,0.014651,0.003922,0.029411,0.000000,0.203922
10000105,clean,1239,0.015392,0.003922,0.031182,0.000000,0.207843
10000106,clean,1290,0.015674,0.003922,0.030347,0.000000,0.203922
10000107,clean,1216,0.013613,0.003922,0.029570,0.000000,0.203922
10000108,clean,1248,0.015284,0.003922,0.029842,0.000000,0.207843
10000109,clean,1276,0.014420,0.003922,0.030332,0.000000,0.207843
10000110,clean,1317,0.015112,0.003922,0.030746,0.000000,0.203922
10000111,clean,1271,0.015350,0.003922,0.031446,0.000000,0.211765
10000112,clean,1307,0.015365,0.003922,0.030084,0.000000,0.207843
10000113,clean,1345,0.015249,0.003922,0.030473,0.000000,0.219608
10000114,clean,1218,0.014212,0.003922,0.031631,0.000000,0.223529
10000115,clean,1262,0.014409,0.003922,0.031386,0.000000,0.211765
10000116,clean,1282,0.015148,0.003922,0.028753,0.000000,0.207843
10000117,clean,1250,0.016044,0.003922,0.031729,0.000000,0.211765
10000118,clean,1230,0.015833,0.003922,0.033267,0.000000,0.211765
10000119,clean,1233,0.015076,0.003922,0.031637,0.000000,0.211765
10000120,clean,1285,0.015543,0.003922,0.032821,0.000000,0.219608
10000121,clean,1240,0.014741,0.003922,0.031417,0.000000,0.211765
10000122,clean,1325,0.014677,0.003922,0.031959,0.000000,0.227451
10000123,clean,1343,0.014399,0.003922,0.030637,0.000000,0.231373
10000124,clean,1346,0.013944,0.003922,0.029018,0.000000,0.207843
10000125,clean,1292,0.014163,0.003922,0.030721,0.000000,0.211765
10000126,clean,1271,0.014174,0.003922,0.029787,0.000000,0.227451
10000127,clean,1277,0.015355,0.003922,0.031876,0.000000,0.207843
10000128,clean,1276,0.015108,0.003922,0.030935,0.000000,0.203922
10000129,clean,1327,0.014882,0.003922,0.031637,0.000000,0.231373
10000130,clean,1284,0.016154,0.003922,0.033864,0.000000,0.211765
10000131,clean,1230,0.015680,0.003922,0.035244,0.000000,0.423529
10000132,clean,1315,0.015036,0.003922,0.032048,0.000000,0.227451
10000133,clean,1304,0.016871,0.003922,0.036260,0.000000,0.290196
10000134,clean,1263,0.014469,0.003922,0.030329,0.000000,0.227451
10000135,clean,1261,0.014800,0.003922,0.031324,0.000000,0.223529
10000136,clean,1262,0.015894,0.003922,0.033586,0.000000,0.290196
10000137,clean,1280,0.016893,0.003922,0.037792,0.000000,0.435294
10000138,clean,1259,0.015191,0.003922,0.031272,0.000000,0.219608
10000139,clean,1267,0.016172,0.003922,0.041695,0.000000,0.996078
10000140,clean,1294,0.013916,0.003922,0.027616,0.000000,0.207843
10000141,clean,1331,0.015462,0.003922,0.032863,0.000000,0.207843
10000142,clean,1256,0.014953,0.003922,0.030016,0.000000,0.207843
10000143,clean,1278,0.013529,0.003922,0.027010,0.000000,0.211765
10000144,clean,1253,0.015517,0.003922,0.032510,0.000000,0.215686
10000145,clean,1310,0.013980,0.003922,0.027552,0.000000,0.227451
10000146,clean,1337,0.013129,0.003922,0.027727,0.000000,0.211765
10000147,clean,1315,0.013843,0.003922,0.028946,0.000000,0.207843
10000148,clean,1286,0.014573,0.003922,0.031153,0.000000,0.203922
10000149,clean,1273,0.015255,0.003922,0.031303,0.000000,0.207843
10000150,clean,1279,0.014399,0.003922,0.029809,0.000000,0.203922
10000151,clean,1304,0.015085,0.003922,0.031236,0.000000,0.227451
10000152,clean,1327,0.014519,0.003922,0.030036,0.000000,0.219608
10000153,clean,1284,0.014697,0.003922,0.030489,0.000000,0.215686
10000154,clean,1296,0.015217,0.003922,0.031394,0.000000,0.215686
10000155,clean,1308,0.016229,0.003922,0.034845,0.000000,0.227451
10000156,clean,1351,0.015736,0.003922,0.034994,0.000000,0.235294
10000157,clean,1289,0.015723,0.003922,0.035895,0.000000,0.231373
10000158,clean,1322,0.014595,0.003922,0.031238,0.000000,0.227451
10000159,clean,1298,0.013710,0.003922,0.028800,0.000000,0.215686
10000160,clean,1283,0.013996,0.003922,0.029384,0.000000,0.211765
10000161,clean,1321,0.014356,0.003922,0.029667,0.000000,0.207843
10000162,clean,1250,0.015021,0.003922,0.033086,0.000000,0.219608
10000163,clean,1274,0.013781,0.003922,0.028714,0.000000,0.211765
10000164,clean,1262,0.014723,0.003922,0.031381,0.000000,0.231373
10000165,clean,1327,0.014664,0.003922,0.030834,0.000000,0.203922
10000166,clean,1325,0.013490,0.003922,0.028761,0.000000,0.219608
10000167,clean,1340,0.014697,0.003922,0.031899,0.000000,0.219608
10000168,clean,1350,0.015588,0.003922,0.033722,0.000000,0.231373
10000169,clean,1321,0.015208,0.003922,0.032814,0.000000,0.219608
10000170,clean,1258,0.013909,0.003922,0.029849,0.000000,0.219608
10000171,clean,1339,0.015083,0.003922,0.032481,0.000000,0.223529
10000172,clean,1350,0.014603,0.003922,0.033023,0.000000,0.219608
10000173,clean,1271,0.014576,0.003922,0.031084,0.000000,0.211765
10000174,clean,1235,0.015607,0.003922,0.032861,0.000000,0.223529
10000175,clean,1343,0.014454,0.003922,0.031369,0.000000,0.219608
10000176,clean,1337,0.013915,0.003922,0.030585,0.000000,0.211765
10000177,clean,1347,0.015319,0.003922,0.033809,0.000000,0.223529
10000178,clean,1304,0.014688,0.003922,0.031425,0.000000,0.227451
10000179,clean,1324,0.014679,0.003922,0.031229,0.000000,0.219608
10000180,clean,1242,0.014426,0.003922,0.031554,0.000000,0.223529
10000181,clean,1302,0.014843,0.003922,0.031821,0.000000,0.227451
10000182,clean,1312,0.015665,0.003922,0.032905,0.000000,0.231373
10000183,clean,1281,0.015215,0.003922,0.032075,0.000000,0.211765
10000184,clean,1327,0.014847,0.003922,0.031650,0.000000,0.215686
10000185,clean,1269,0.015751,0.003922,0.033186,0.000000,0.223529
10000186,clean,1285,0.015647,0.003922,0.033404,0.000000,0.223529
10000187,clean,1256,0.015774,0.003922,0.033447,0.000000,0.219608
10000188,clean,1251,0.015815,0.003922,0.035278,0.000000,0.239216
10000189,clean,1282,0.017005,0.003922,0.036617,0.000000,0.223529
10000190,clean,1294,0.015050,0.003922,0.033582,0.000000,0.219608
10000191,clean,1244,0.013855,0.003922,0.030480,0.000000,0.223529
10000192,clean,1274,0.014692,0.003922,0.031890,0.000000,0.231373
10000193,clean,1248,0.015623,0.003922,0.032963,0.000000,0.227451
10000194,clean,1283,0.014418,0.003922,0.031862,0.000000,0.219608
10000195,clean,1243,0.014210,0.003922,0.031366,0.000000,0.223529
10000196,clean,1306,0.015374,0.003922,0.033052,0.000000,0.227451
10000197,clean,1302,0.014301,0.003922,0.031056,0.000000,0.215686
10000198,clean,1307,0.015812,0.003922,0.034055,0.000000,0.215686
10000199,clean,1256,0.016092,0.003922,0.033951,0.000000,0.219608
10000200,clean,1397,0.015411,0.003922,0.032059,0.000000,0.384314
10000201,clean,1384,0.016746,0.003922,0.033649,0.000000,0.215686
10000202,clean,1263,0.016276,0.003922,0.032209,0.000000,0.211765
10000203,clean,1302,0.015894,0.003922,0.032110,0.000000,0.215686
10000204,clean,1256,0.016464,0.003922,0.033101,0.000000,0.215686
10000205,clean,1289,0.025154,0.003922,0.093997,0.000000,0.996078
10000206,clean,1326,0.016786,0.003922,0.036297,0.000000,0.364706
10000207,clean,1318,0.017352,0.003922,0.033821,0.000000,0.262745
10000208,clean,1295,0.015459,0.003922,0.031710,0.000000,0.211765
10000209,clean,1343,0.016562,0.003922,0.032621,0.000000,0.207843
10000210,clean,1333,0.016057,0.003922,0.033469,0.000000,0.235294
10000211,clean,1395,0.016979,0.003922,0.034491,0.000000,0.215686
10000212,clean,1345,0.024774,0.003922,0.094400,0.000000,0.996078
10000213,clean,1393,0.024270,0.003922,0.090444,0.000000,0.996078
10000214,clean,1355,0.016557,0.003922,0.035430,0.000000,0.447059
10000215,clean,1375,0.016106,0.003922,0.032276,0.000000,0.215686
10000216,clean,1294,0.015965,0.003922,0.031829,0.000000,0.219608
10000217,clean,1355,0.016685,0.003922,0.032787,0.000000,0.219608
10000218,clean,1342,0.017542,0.003922,0.035022,0.000000,0.219608
10000219,clean,1417,0.016741,0.003922,0.033306,0.000000,0.223529
10000220,clean,1346,0.014978,0.003922,0.029388,0.000000,0.203922
10000221,clean,1332,0.014444,0.003922,0.029516,0.000000,0.219608
10000222,clean,1331,0.020848,0.003922,0.072952,0.000000,0.996078
10000223,clean,1386,0.024987,0.003922,0.094750,0.000000,0.996078
10000224,clean,1374,0.017741,0.003922,0.038499,0.000000,0.454902
10000225,clean,1339,0.018530,0.003922,0.036916,0.000000,0.345098
10000226,clean,1403,0.017587,0.003922,0.042271,0.000000,0.996078
10000227,clean,1456,0.016869,0.003922,0.032985,0.000000,0.219608
10000228,clean,1374,0.017008,0.003922,0.034207,0.000000,0.219608
10000229,clean,1307,0.023796,0.003922,0.087622,0.000000,0.996078
10000230,clean,1478,0.016121,0.003922,0.033598,0.000000,0.219608
10000231,clean,1342,0.016198,0.003922,0.033413,0.000000,0.219608
10000232,clean,1391,0.014561,0.003922,0.031072,0.000000,0.219608
10000233,clean,1344,0.015928,0.003922,0.032640,0.000000,0.219608
10000234,clean,1288,0.015181,0.003922,0.030024,0.000000,0.203922
10000235,clean,1306,0.015413,0.003922,0.030669,0.000000,0.203922
10000236,clean,1361,0.015784,0.003922,0.030469,0.000000,0.219608
10000237,clean,1347,0.016210,0.003922,0.031090,0.000000,0.207843
10000238,clean,1336,0.017673,0.003922,0.034244,0.000000,0.219608
10000239,clean,1209,0.017597,0.003922,0.037190,0.000000,0.341176
10000240,clean,1347,0.016382,0.003922,0.031311,0.000000,0.211765
10000241,clean,1411,0.033254,0.003922,0.131361,0.000000,0.996078
10000242,clean,1350,0.024718,0.003922,0.097479,0.000000,0.996078
10000243,clean,1354,0.016625,0.003922,0.038551,0.000000,0.400000
10000244,clean,1322,0.015259,0.003922,0.030662,0.000000,0.247059
10000245,clean,1357,0.015374,0.003922,0.032488,0.000000,0.380392
10000246,clean,1288,0.015196,0.003922,0.032089,0.000000,0.341176
10000247,clean,1384,0.015910,0.003922,0.035518,0.000000,0.349020
10000248,clean,1368,0.015359,0.003922,0.032945,0.000000,0.325490
10000249,clean,1324,0.014688,0.003922,0.029939,0.000000,0.219608
10000250,clean,1350,0.013920,0.003922,0.031598,0.000000,0.478431
10000251,clean,1284,0.014544,0.003922,0.029666,0.000000,0.215686
10000252,clean,1294,0.014953,0.003922,0.030027,0.000000,0.211765
10000253,clean,1306,0.015933,0.003922,0.034178,0.000000,0.345098
10000254,clean,1287,0.014513,0.003922,0.029463,0.000000,0.215686
10000255,clean,1250,0.015263,0.003922,0.032116,0.000000,0.215686
10000256,clean,1236,0.015080,0.003922,0.030848,0.000000,0.207843
10000257,clean,1329,0.015742,0.003922,0.032833,0.000000,0.215686
10000258,clean,1308,0.015033,0.003922,0.031272,0.000000,0.203922
10000259,clean,1340,0.015970,0.003922,0.033951,0.000000,0.211765
10000260,clean,1343,0.013940,0.003922,0.030060,0.000000,0.211765
10000261,clean,1286,0.019458,0.003922,0.059489,0.000000,0.988235
10000262,clean,1311,0.018606,0.003922,0.073016,0.000000,0.996078
10000263,clean,1309,0.023538,0.003922,0.102225,0.000000,0.996078
10000264,clean,1329,0.021417,0.003922,0.086821,0.000000,0.996078
10000265,clean,1285,0.013944,0.003922,0.030261,0.000000,0.207843
10000266,clean,1255,0.013649,0.003922,0.028968,0.000000,0.215686
10000267,clean,1273,0.016108,0.003922,0.042131,0.000000,0.996078
10000268,clean,1302,0.014385,0.003922,0.039574,0.000000,0.996078
10000269,clean,1277,0.014277,0.003922,0.030638,0.000000,0.207843
10000270,clean,1265,0.014049,0.003922,0.029886,0.000000,0.207843
10000271,clean,1302,0.014804,0.003922,0.032559,0.000000,0.243137
10000272,clean,1310,0.013818,0.003922,0.029919,0.000000,0.239216
10000273,clean,1317,0.014590,0.003922,0.032198,0.000000,0.223529
10000274,clean,1297,0.013122,0.003922,0.028035,0.000000,0.219608
10000275,clean,1323,0.016611,0.003922,0.035882,0.000000,0.235294
10000276,clean,1350,0.014277,0.003922,0.031690,0.000000,0.211765
10000277,clean,1317,0.013444,0.003922,0.029160,0.000000,0.219608
10000278,clean,1350,0.014556,0.003922,0.032270,0.000000,0.231373
10000279,clean,1305,0.016071,0.003922,0.035623,0.000000,0.227451
10000280,clean,1323,0.014676,0.003922,0.033829,0.000000,0.223529
10000281,clean,1342,0.014681,0.003922,0.031946,0.000000,0.223529
10000282,clean,1400,0.015412,0.003922,0.033320,0.000000,0.227451
10000283,clean,1343,0.015412,0.003922,0.034049,0.000000,0.215686
10000284,clean,1276,0.014918,0.003922,0.032978,0.000000,0.219608
10000285,clean,1336,0.014183,0.003922,0.031144,0.000000,0.215686
10000286,clean,1311,0.014349,0.003922,0.031666,0.000000,0.227451
10000287,clean,1348,0.013871,0.003922,0.031972,0.000000,0.231373
10000288,clean,1320,0.016521,0.003922,0.036017,0.000000,0.223529
10000289,clean,1355,0.014728,0.003922,0.033263,0.000000,0.231373
10000290,clean,1329,0.015314,0.003922,0.034823,0.000000,0.227451
10000291,clean,1282,0.014579,0.003922,0.032329,0.000000,0.215686
10000292,clean,1356,0.014937,0.003922,0.032635,0.000000,0.215686
10000293,clean,1284,0.016395,0.003922,0.036442,0.000000,0.227451
10000294,clean,1378,0.014235,0.003922,0.031555,0.000000,0.207843
10000295,clean,1317,0.015877,0.003922,0.035076,0.000000,0.254902
10000296,clean,1303,0.015166,0.003922,0.033806,0.000000,0.223529
10000297,clean,1278,0.015398,0.003922,0.033630,0.000000,0.231373
10000298,clean,1258,0.014679,0.003922,0.032453,0.000000,0.215686
10000299,clean,1272,0.015464,0.003922,0.034160,0.000000,0.231373
10000300,clean,1276,0.014386,0.003922,0.031184,0.000000,0.239216
10000301,clean,1343,0.014974,0.003922,0.033581,0.000000,0.235294
10000302,clean,1313,0.015340,0.003922,0.035145,0.000000,0.223529
10000303,clean,1301,0.014194,0.003922,0.032536,0.000000,0.247059
10000304,clean,1280,0.015300,0.003922,0.033975,0.000000,0.243137
10000305,clean,1289,0.014004,0.003922,0.030753,0.000000,0.215686
10000306,clean,1320,0.014379,0.003922,0.032254,0.000000,0.211765
10000307,clean,1303,0.014528,0.003922,0.033489,0.000000,0.231373
10000308,clean,1320,0.015336,0.003922,0.033454,0.000000,0.223529
10000309,clean,1353,0.015872,0.003922,0.034335,0.000000,0.223529
10000310,clean,1303,0.015798,0.003922,0.034759,0.000000,0.243137
10000311,clean,1334,0.014904,0.003922,0.033613,0.000000,0.231373
10000312,clean,1328,0.016120,0.003922,0.037582,0.000000,0.243137
10000313,clean,1366,0.015437,0.003922,0.034127,0.000000,0.231373
10000314,clean,1299,0.015140,0.003922,0.033804,0.000000,0.231373
10000315,clean,1325,0.016722,0.003922,0.037121,0.000000,0.243137
10000316,clean,1413,0.015248,0.003922,0.036012,0.000000,0.235294
10000317,clean,1262,0.014940,0.003922,0.034575,0.000000,0.235294
10000318,clean,1390,0.015841,0.003922,0.035831,0.000000,0.235294
10000319,clean,1356,0.014587,0.003922,0.033673,0.000000,0.250980
10000320,clean,1345,0.014555,0.003922,0.034256,0.000000,0.239216
10000321,clean,1324,0.014265,0.003922,0.031428,0.000000,0.235294
10000322,clean,1335,0.016553,0.003922,0.037176,0.000000,0.250980
10000323,clean,1335,0.015451,0.003922,0.035807,0.000000,0.231373
10000324,clean,1296,0.016107,0.003922,0.036016,0.000000,0.231373
10000325,clean,1289,0.015911,0.003922,0.036279,0.000000,0.243137
10000326,clean,1335,0.016092,0.003922,0.035987,0.000000,0.239216
10000327,clean,1300,0.015234,0.003922,0.033534,0.000000,0.247059
10000328,clean,1282,0.017075,0.003922,0.038593,0.000000,0.250980
10000329,clean,1255,0.016192,0.003922,0.037581,0.000000,0.243137
10000330,clean,1307,0.015539,0.003922,0.034724,0.000000,0.243137
10000331,clean,1294,0.015426,0.003922,0.035564,0.000000,0.243137
10000332,clean,1308,0.016298,0.003922,0.037462,0.000000,0.254902
10000333,clean,1273,0.016370,0.003922,0.037280,0.000000,0.254902
10000334,clean,1266,0.016145,0.003922,0.036087,0.000000,0.239216
10000335,clean,1302,0.015759,0.003922,0.036174,0.000000,0.231373
10000336,clean,1365,0.015956,0.003922,0.035994,0.000000,0.223529
10000337,clean,1275,0.016175,0.003922,0.036287,0.000000,0.239216
10000338,clean,1346,0.015039,0.003922,0.036239,0.000000,0.254902
10000339,clean,1300,0.016736,0.003922,0.037962,0.000000,0.235294
10000340,clean,1348,0.015523,0.003922,0.036983,0.000000,0.262745
10000341,clean,1321,0.016152,0.003922,0.037436,0.000000,0.254902
10000342,clean,1344,0.014499,0.003922,0.032880,0.000000,0.258824
10000343,clean,1321,0.014591,0.003922,0.034528,0.000000,0.250980
10000344,clean,1299,0.015765,0.003922,0.035624,0.000000,0.239216
10000345,clean,1313,0.016072,0.003922,0.036056,0.000000,0.247059
10000346,clean,1379,0.015550,0.003922,0.035909,0.000000,0.250980
10000347,clean,1315,0.014810,0.003922,0.033761,0.000000,0.258824
10000348,clean,1347,0.015564,0.003922,0.035097,0.000000,0.235294
10000349,clean,1363,0.016601,0.003922,0.037505,0.000000,0.247059
10000350,clean,1271,0.018108,0.003922,0.041370,0.000000,0.258824
10000351,clean,1293,0.015665,0.003922,0.035804,0.000000,0.227451
10000352,clean,1306,0.015491,0.003922,0.035350,0.000000,0.247059
10000353,clean,1351,0.016334,0.003922,0.036256,0.000000,0.235294
10000354,clean,1329,0.015362,0.003922,0.033781,0.000000,0.235294
10000355,clean,1278,0.016058,0.003922,0.035904,0.000000,0.247059
10000356,clean,1328,0.015583,0.003922,0.034567,0.000000,0.239216
10000357,clean,1363,0.015401,0.003922,0.034538,0.000000,0.250980
10000358,clean,1413,0.014609,0.003922,0.033974,0.000000,0.250980
10000359,clean,1516,0.023752,0.003922,0.046448,0.000000,0.286275
10000360,clean,1470,0.030383,0.003922,0.059273,0.000000,0.317647
10000361,clean,1510,0.022457,0.003922,0.055597,0.000000,0.356863
10000362,clean,1401,0.018939,0.003922,0.041877,0.000000,0.247059
10000363,clean,1587,0.023675,0.003922,0.048364,0.000000,0.254902
10000364,clean,1405,0.025240,0.003922,0.052726,0.000000,0.282353
10000365,clean,1643,0.027816,0.003922,0.052304,0.000000,0.266667
10000366,clean,1566,0.029442,0.003922,0.059109,0.000000,0.333333
10000367,clean,1554,0.036185,0.005882,0.067806,0.000000,0.301961
10000368,clean,1601,0.036022,0.003922,0.068197,0.000000,0.321569
10000369,clean,1649,0.036802,0.003922,0.076663,0.000000,0.596078
10000370,clean,1474,0.028111,0.003922,0.058362,0.000000,0.282353
10000371,clean,1558,0.031456,0.003922,0.069199,0.000000,0.364706
10000372,clean,1301,0.015309,0.003922,0.032596,0.000000,0.227451
10000373,clean,1248,0.015991,0.003922,0.034034,0.000000,0.243137
10000374,clean,1252,0.015022,0.003922,0.031707,0.000000,0.235294
10000375,clean,1328,0.016238,0.003922,0.035740,0.000000,0.239216
10000376,clean,1359,0.015594,0.003922,0.033749,0.000000,0.231373
10000377,clean,1363,0.017243,0.003922,0.037848,0.000000,0.243137
10000378,clean,1267,0.016525,0.003922,0.037420,0.000000,0.247059
10000379,clean,1272,0.013880,0.003922,0.028958,0.000000,0.235294
10000380,clean,1279,0.016937,0.003922,0.037060,0.000000,0.235294
10000381,clean,1342,0.015166,0.003922,0.034293,0.000000,0.235294
10000382,clean,1267,0.016014,0.003922,0.035161,0.000000,0.239216
10000383,clean,1310,0.015399,0.003922,0.033511,0.000000,0.227451
10000384,clean,1317,0.015201,0.003922,0.034082,0.000000,0.250980
10000385,clean,1272,0.013198,0.003922,0.027358,0.000000,0.235294
10000386,clean,1282,0.015386,0.003922,0.034790,0.000000,0.258824
10000387,clean,1295,0.016713,0.003922,0.036669,0.000000,0.235294
10000388,clean,1259,0.015580,0.003922,0.033029,0.000000,0.227451
10000389,clean,1267,0.015881,0.003922,0.033875,0.000000,0.258824
10000390,clean,1357,0.023324,0.003922,0.076515,0.000000,0.945098
10000391,clean,1351,0.029468,0.003922,0.089926,0.000000,0.862745
10000392,clean,1352,0.020730,0.003922,0.050399,0.000000,0.458824
10000393,clean,1394,0.041686,0.003922,0.113868,0.000000,0.992157
10000394,clean,1440,0.049082,0.003922,0.142856,0.000000,0.988235
10000395,clean,1452,0.057589,0.007843,0.155069,0.000000,0.988235
10000396,clean,1583,0.056103,0.007843,0.149556,0.000000,0.988235
10000397,clean,1487,0.056851,0.007843,0.144200,0.000000,0.866667
10000398,clean,1572,0.048857,0.003922,0.126557,0.000000,0.956863
10000399,clean,1505,0.039414,0.003922,0.114393,0.000000,0.988235
10000400,clean,1360,0.017108,0.003922,0.035827,0.000000,0.396078
10000401,clean,1310,0.016893,0.003922,0.036519,0.000000,0.239216
10000402,clean,1270,0.015396,0.003922,0.034035,0.000000,0.223529
10000403,clean,1333,0.016648,0.003922,0.037051,0.000000,0.239216
10000404,clean,1355,0.015394,0.003922,0.033794,0.000000,0.219608
10000405,clean,1354,0.014890,0.003922,0.033993,0.000000,0.247059
10000406,clean,1320,0.014783,0.003922,0.032604,0.000000,0.239216
10000407,clean,1386,0.014439,0.003922,0.031873,0.000000,0.235294
10000408,clean,1295,0.016407,0.003922,0.036227,0.000000,0.239216
10000409,clean,1274,0.014150,0.003922,0.031067,0.000000,0.227451
10000410,clean,1289,0.015495,0.003922,0.033197,0.000000,0.219608
10000411,clean,1311,0.015309,0.003922,0.032417,0.000000,0.223529
10000412,clean,1342,0.013991,0.003922,0.030303,0.000000,0.247059
10000413,clean,1271,0.015865,0.003922,0.034009,0.000000,0.243137
10000414,clean,1246,0.014286,0.003922,0.030916,0.000000,0.223529
10000415,clean,1321,0.016482,0.003922,0.036600,0.000000,0.243137
10000416,clean,1251,0.013009,0.003922,0.028209,0.000000,0.215686
10000417,clean,1255,0.016714,0.003922,0.036309,0.000000,0.258824
10000418,clean,1311,0.014654,0.003922,0.032221,0.000000,0.239216
10000419,clean,1312,0.017100,0.003922,0.037532,0.000000,0.235294
10000420,clean,1251,0.013150,0.003922,0.027853,0.000000,0.231373
10000421,clean,1282,0.014487,0.003922,0.031766,0.000000,0.235294
10000422,clean,1278,0.016229,0.003922,0.035129,0.000000,0.231373
10000423,clean,1312,0.016173,0.003922,0.033482,0.000000,0.239216
10000424,clean,1320,0.014970,0.003922,0.031755,0.000000,0.235294
10000425,clean,1346,0.016243,0.003922,0.036213,0.000000,0.227451
10000426,clean,1295,0.015014,0.003922,0.031450,0.000000,0.235294
10000427,clean,1289,0.016937,0.003922,0.036780,0.000000,0.243137
10000428,clean,1271,0.015220,0.003922,0.031459,0.000000,0.227451
10000429,clean,1320,0.015912,0.003922,0.036000,0.000000,0.239216
10000430,clean,1322,0.015642,0.003922,0.034255,0.000000,0.227451
10000431,clean,1275,0.015975,0.003922,0.034256,0.000000,0.227451
10000432,clean,1471,0.019328,0.003922,0.059446,0.000000,0.882353
10000433,clean,1549,0.019785,0.003922,0.052713,0.000000,0.658824
10000434,clean,1522,0.025859,0.003922,0.083943,0.000000,0.988235
10000435,clean,1487,0.021148,0.003922,0.066945,0.000000,0.776471
10000436,clean,1662,0.034239,0.003922,0.101399,0.000000,0.925490
10000437,clean,1626,0.040542,0.003922,0.113892,0.000000,0.796079
10000438,clean,1564,0.039128,0.003922,0.113993,0.000000,0.976471
10000439,clean,1563,0.026891,0.003922,0.082634,0.000000,0.847059
10000440,clean,1510,0.014505,0.003922,0.027675,0.000000,0.215686
10000441,clean,1571,0.021190,0.003922,0.066066,0.000000,0.815686
10000442,clean,1675,0.035353,0.003922,0.100612,0.000000,0.780392
10000443,clean,1706,0.042767,0.003922,0.110080,0.000000,0.792157
10000444,clean,1652,0.039285,0.003922,0.102835,0.000000,0.729412
10000445,clean,1611,0.029041,0.003922,0.080073,0.000000,0.666667
10000446,clean,1618,0.029569,0.003922,0.077116,0.000000,0.768628
10000447,clean,1639,0.045379,0.003922,0.112200,0.000000,0.666667
10000448,clean,1591,0.034454,0.003922,0.088223,0.000000,0.580392
10000449,clean,1537,0.040211,0.003922,0.097318,0.000000,0.682353
10000450,clean,1496,0.028101,0.003922,0.084551,0.000000,0.760784
10000451,clean,1431,0.024675,0.003922,0.061047,0.000000,0.376471
10000452,clean,1425,0.015549,0.003922,0.031345,0.000000,0.215686
10000453,clean,1464,0.015183,0.003922,0.031088,0.000000,0.227451
10000454,clean,1407,0.014889,0.003922,0.030222,0.000000,0.227451
10000455,clean,1499,0.015132,0.003922,0.031071,0.000000,0.219608
10000456,clean,1536,0.014354,0.003922,0.029731,0.000000,0.227451
10000457,clean,1465,0.013861,0.003922,0.027703,0.000000,0.219608
10000458,clean,1495,0.013457,0.003922,0.026802,0.000000,0.219608
10000459,clean,1449,0.013854,0.003922,0.028240,0.000000,0.215686
10000460,clean,1488,0.014442,0.003922,0.028608,0.000000,0.223529
10000461,clean,1562,0.013685,0.003922,0.027458,0.000000,0.219608
10000462,clean,1465,0.014947,0.003922,0.030558,0.000000,0.227451
10000463,clean,1456,0.015072,0.003922,0.030921,0.000000,0.227451
10000464,clean,1507,0.014440,0.003922,0.028768,0.000000,0.219608
10000465,clean,1457,0.014201,0.003922,0.028534,0.000000,0.219608
10000466,clean,1565,0.013684,0.003922,0.027710,0.000000,0.227451
10000467,clean,1498,0.014275,0.003922,0.028776,0.000000,0.231373
10000468,clean,1545,0.014009,0.003922,0.028840,0.000000,0.219608
10000469,clean,1437,0.014794,0.003922,0.030158,0.000000,0.223529
10000470,clean,1482,0.014220,0.003922,0.027556,0.000000,0.223529
10000471,clean,1497,0.014363,0.003922,0.028078,0.000000,0.223529
10000472,clean,1465,0.014310,0.003922,0.028389,0.000000,0.219608
10000473,clean,1441,0.014769,0.003922,0.030070,0.000000,0.223529
10000474,clean,1485,0.015335,0.003922,0.029838,0.000000,0.231373
10000475,clean,1512,0.013891,0.003922,0.027198,0.000000,0.239216
10000476,clean,1522,0.013862,0.003922,0.026759,0.000000,0.223529
10000477,clean,1451,0.014357,0.003922,0.027880,0.000000,0.223529
10000478,clean,1486,0.014222,0.003922,0.028128,0.000000,0.215686
10000479,clean,1504,0.014503,0.003922,0.028855,0.000000,0.231373
10000480,clean,1525,0.013896,0.003922,0.025841,0.000000,0.211765
10000481,clean,1494,0.014802,0.003922,0.029790,0.000000,0.219608
10000482,clean,1556,0.014262,0.003922,0.028167,0.000000,0.223529
10000483,clean,1553,0.013898,0.003922,0.028271,0.000000,0.223529
10000484,clean,1475,0.013841,0.003922,0.027238,0.000000,0.239216
10000485,clean,1527,0.013814,0.003922,0.027390,0.000000,0.211765
10000486,clean,1510,0.014907,0.003922,0.029070,0.000000,0.235294
10000487,clean,1462,0.014203,0.003922,0.029731,0.000000,0.227451
10000488,clean,1486,0.015573,0.003922,0.031022,0.000000,0.239216
10000489,clean,1513,0.014600,0.003922,0.028732,0.000000,0.215686
10000490,clean,1497,0.014809,0.003922,0.029019,0.000000,0.231373
10000491,clean,1556,0.013814,0.003922,0.026978,0.000000,0.223529
10000492,clean,1555,0.014229,0.003922,0.027521,0.000000,0.235294
10000493,clean,1495,0.014178,0.003922,0.027235,0.000000,0.223529
10000494,clean,1466,0.014151,0.003922,0.029048,0.000000,0.227451
10000495,clean,1449,0.013329,0.003922,0.027098,0.000000,0.239216
10000496,clean,1525,0.014213,0.003922,0.029181,0.000000,0.227451
10000497,clean,1463,0.014649,0.003922,0.029526,0.000000,0.223529
10000498,clean,1503,0.013226,0.003922,0.026226,0.000000,0.211765
10000499,clean,1448,0.014129,0.003922,0.027663,0.000000,0.219608
10000500,clean,1482,0.014339,0.003922,0.027666,0.000000,0.215686
10000501,clean,1430,0.014962,0.003922,0.029638,0.000000,0.223529
10000502,clean,1501,0.014231,0.003922,0.028283,0.000000,0.239216
10000503,clean,1523,0.014893,0.003922,0.029357,0.000000,0.223529
10000504,clean,1475,0.013317,0.003922,0.025001,0.000000,0.215686
10000505,clean,1565,0.014546,0.003922,0.028726,0.000000,0.219608
10000506,clean,1538,0.014103,0.003922,0.026809,0.000000,0.219608
10000507,clean,1501,0.014427,0.003922,0.028507,0.000000,0.211765
10000508,clean,1471,0.014489,0.003922,0.028319,0.000000,0.223529
10000509,clean,1540,0.014326,0.003922,0.028368,0.000000,0.227451
10000510,clean,1507,0.014448,0.003922,0.028958,0.000000,0.235294
10000511,clean,1519,0.014230,0.003922,0.028684,0.000000,0.219608
10000512,clean,1556,0.013902,0.003922,0.027082,0.000000,0.203922
10000513,clean,1489,0.014454,0.003922,0.028140,0.000000,0.231373
10000514,clean,1508,0.013856,0.003922,0.027544,0.000000,0.211765
10000515,clean,1481,0.015461,0.003922,0.031540,0.000000,0.219608
10000516,clean,1508,0.014474,0.003922,0.028680,0.000000,0.239216
10000517,clean,1474,0.015452,0.003922,0.031334,0.000000,0.219608
10000518,clean,1478,0.013508,0.003922,0.027062,0.000000,0.223529
10000519,clean,1445,0.013681,0.003922,0.027831,0.000000,0.235294
10000520,clean,1456,0.013402,0.003922,0.026440,0.000000,0.219608
10000521,clean,1476,0.014270,0.003922,0.028077,0.000000,0.211765
10000522,clean,1477,0.013594,0.003922,0.026300,0.000000,0.215686
10000523,clean,1487,0.014821,0.003922,0.029032,0.000000,0.223529
10000524,clean,1513,0.014313,0.003922,0.028126,0.000000,0.215686
10000525,clean,1528,0.014023,0.003922,0.027678,0.000000,0.211765
10000526,clean,1503,0.014570,0.003922,0.029327,0.000000,0.223529
10000527,clean,1502,0.014250,0.003922,0.028455,0.000000,0.231373
10000528,clean,1497,0.013672,0.003922,0.028056,0.000000,0.219608
10000529,clean,1461,0.015131,0.003922,0.030921,0.000000,0.231373
10000530,clean,1507,0.013841,0.003922,0.027905,0.000000,0.227451
10000531,clean,1530,0.013905,0.003922,0.027548,0.000000,0.223529
10000532,clean,1472,0.014234,0.003922,0.028265,0.000000,0.223529
10000533,clean,1438,0.014770,0.003922,0.029013,0.000000,0.223529
10000534,clean,1428,0.014310,0.003922,0.028512,0.000000,0.239216
10000535,clean,1542,0.013962,0.003922,0.027064,0.000000,0.223529
10000536,clean,1502,0.015075,0.003922,0.030461,0.000000,0.227451
10000537,clean,1445,0.013382,0.003922,0.026727,0.000000,0.227451
10000538,clean,1531,0.014093,0.003922,0.027251,0.000000,0.223529
10000539,clean,1450,0.013809,0.003922,0.028183,0.000000,0.235294
10000540,clean,1511,0.013665,0.003922,0.026413,0.000000,0.227451
10000541,clean,1502,0.014430,0.003922,0.029485,0.000000,0.231373
10000542,clean,1471,0.013903,0.003922,0.027468,0.000000,0.215686
10000543,clean,1508,0.013728,0.003922,0.027879,0.000000,0.219608
10000544,clean,1476,0.014018,0.003922,0.027785,0.000000,0.215686
10000545,clean,1480,0.013816,0.003922,0.027393,0.000000,0.219608
10000546,clean,1527,0.014109,0.003922,0.027159,0.000000,0.219608
10000547,clean,1478,0.013821,0.003922,0.028087,0.000000,0.227451
10000548,clean,1519,0.013719,0.003922,0.027401,0.000000,0.223529
10000549,clean,1478,0.013901,0.003922,0.027656,0.000000,0.231373
10000550,clean,1483,0.013965,0.003922,0.027505,0.000000,0.223529
10000551,clean,1482,0.015022,0.003922,0.029215,0.000000,0.227451
10000552,clean,1458,0.013951,0.003922,0.027955,0.000000,0.219608
10000553,clean,1454,0.014365,0.003922,0.027715,0.000000,0.231373
10000554,clean,1497,0.013604,0.003922,0.027595,0.000000,0.215686
10000555,clean,1528,0.014603,0.003922,0.029034,0.000000,0.219608
10000556,clean,1548,0.013936,0.003922,0.027378,0.000000,0.211765
10000557,clean,1479,0.013698,0.003922,0.027370,0.000000,0.211765
10000558,clean,1492,0.013862,0.003922,0.027310,0.000000,0.223529
10000559,clean,1576,0.014574,0.003922,0.028647,0.000000,0.223529
10000560,clean,1458,0.014465,0.003922,0.028664,0.000000,0.219608
10000561,clean,1473,0.014621,0.003922,0.028673,0.000000,0.235294
10000562,clean,1505,0.014138,0.003922,0.028026,0.000000,0.215686
10000563,clean,1462,0.014718,0.003922,0.029789,0.000000,0.227451
10000564,clean,1494,0.014508,0.003922,0.027863,0.000000,0.215686
10000565,clean,1459,0.014727,0.003922,0.029096,0.000000,0.219608
10000566,clean,1504,0.013872,0.003922,0.027841,0.000000,0.219608
10000567,clean,1445,0.014419,0.003922,0.029322,0.000000,0.207843
10000568,clean,1515,0.014024,0.003922,0.028297,0.000000,0.219608
10000569,clean,1446,0.012828,0.003922,0.024059,0.000000,0.215686
10000570,clean,1571,0.012748,0.003922,0.025783,0.000000,0.215686
10000571,clean,1477,0.014083,0.003922,0.028651,0.000000,0.215686
10000572,clean,1447,0.014404,0.003922,0.029250,0.000000,0.223529
10000573,clean,1515,0.013794,0.003922,0.028490,0.000000,0.215686
10000574,clean,1520,0.013057,0.003922,0.024977,0.000000,0.219608
10000575,clean,1467,0.014061,0.003922,0.029281,0.000000,0.219608
10000576,clean,1381,0.014675,0.003922,0.030524,0.000000,0.219608
10000577,clean,1528,0.013407,0.003922,0.026831,0.000000,0.231373
10000578,clean,1390,0.014374,0.003922,0.028540,0.000000,0.219608
10000579,clean,1498,0.013369,0.003922,0.027418,0.000000,0.223529
10000580,clean,1438,0.014765,0.003922,0.029615,0.000000,0.219608
10000581,clean,1501,0.014163,0.003922,0.027832,0.000000,0.219608
10000582,clean,1472,0.014463,0.003922,0.028345,0.000000,0.207843
10000583,clean,1479,0.014193,0.003922,0.028660,0.000000,0.231373
10000584,clean,1462,0.013715,0.003922,0.027737,0.000000,0.219608
10000585,clean,1468,0.014041,0.003922,0.027784,0.000000,0.219608
10000586,clean,1500,0.014465,0.003922,0.029168,0.000000,0.215686
10000587,clean,1481,0.014566,0.003922,0.027713,0.000000,0.219608
10000588,clean,1482,0.013466,0.003922,0.026908,0.000000,0.235294
10000589,clean,1454,0.014602,0.003922,0.029032,0.000000,0.219608
10000590,clean,1431,0.014091,0.003922,0.028329,0.000000,0.239216
10000591,clean,1440,0.013627,0.003922,0.028231,0.000000,0.231373
10000592,clean,1502,0.013872,0.003922,0.027277,0.000000,0.219608
10000593,clean,1417,0.014278,0.003922,0.029005,0.000000,0.227451
10000594,clean,1467,0.014793,0.003922,0.030753,0.000000,0.231373
10000595,clean,1420,0.014319,0.003922,0.029052,0.000000,0.219608
10000596,clean,1422,0.014685,0.003922,0.028723,0.000000,0.219608
10000597,clean,1450,0.013193,0.003922,0.026931,0.000000,0.211765
10000598,clean,1487,0.013816,0.003922,0.027623,0.000000,0.235294
10000599,clean,1520,0.013978,0.003922,0.028632,0.000000,0.223529
10000600,clean,1436,0.014894,0.003922,0.029869,0.000000,0.250980
10000601,clean,1484,0.014457,0.003922,0.029013,0.000000,0.227451
10000602,clean,1483,0.013708,0.003922,0.026611,0.000000,0.223529
10000603,clean,1418,0.014013,0.003922,0.027892,0.000000,0.227451
10000604,clean,1489,0.013669,0.003922,0.027395,0.000000,0.231373
10000605,clean,1482,0.015027,0.003922,0.030235,0.000000,0.231373
10000606,clean,1499,0.013324,0.003922,0.024847,0.000000,0.231373
10000607,clean,1490,0.014512,0.003922,0.028861,0.000000,0.227451
10000608,clean,1472,0.014362,0.003922,0.029178,0.000000,0.219608
10000609,clean,1466,0.013618,0.003922,0.027813,0.000000,0.223529
10000610,clean,1516,0.013720,0.003922,0.028066,0.000000,0.227451
10000611,clean,1568,0.013908,0.003922,0.028934,0.000000,0.227451
10000612,clean,1509,0.014002,0.003922,0.028729,0.000000,0.223529
10000613,clean,1511,0.013472,0.003922,0.027395,0.000000,0.211765
10000614,clean,1497,0.014282,0.003922,0.027636,0.000000,0.211765
10000615,clean,1496,0.014347,0.003922,0.027392,0.000000,0.215686
10000616,clean,1535,0.013482,0.003922,0.026282,0.000000,0.239216
10000617,clean,1551,0.013623,0.003922,0.025467,0.000000,0.215686
10000618,clean,1451,0.013367,0.003922,0.025435,0.000000,0.239216
10000619,clean,1485,0.014630,0.003922,0.028385,0.000000,0.227451
10000620,clean,1417,0.014084,0.003922,0.027885,0.000000,0.219608
10000621,clean,1437,0.013852,0.003922,0.026820,0.000000,0.215686
10000622,clean,1483,0.013772,0.003922,0.026668,0.000000,0.227451
10000623,clean,1521,0.013856,0.003922,0.027828,0.000000,0.219608
10000624,clean,1496,0.014331,0.003922,0.026849,0.000000,0.211765
10000625,clean,1438,0.013434,0.003922,0.026480,0.000000,0.223529
10000626,clean,1515,0.014721,0.003922,0.029519,0.000000,0.215686
10000627,clean,1476,0.014863,0.003922,0.029187,0.000000,0.231373
10000628,clean,1415,0.014619,0.003922,0.028035,0.000000,0.219608
10000629,clean,1501,0.014855,0.003922,0.029604,0.000000,0.215686
10000630,clean,1519,0.014326,0.003922,0.028369,0.000000,0.219608
10000631,clean,1498,0.013466,0.003922,0.026008,0.000000,0.215686
10000632,clean,2681,0.010513,0.003922,0.030799,0.000000,0.301961
10000633,clean,2640,0.009133,0.003922,0.027245,0.000000,0.305882
10000634,clean,2673,0.009502,0.003922,0.028462,0.000000,0.286275
10000635,clean,2662,0.009770,0.003922,0.029228,0.000000,0.301961
10000636,clean,2643,0.009462,0.003922,0.028545,0.000000,0.298039
10000637,clean,2669,0.009578,0.003922,0.028537,0.000000,0.298039
10000638,clean,2681,0.009372,0.003922,0.028488,0.000000,0.305882
10000639,clean,2678,0.009329,0.003922,0.028410,0.000000,0.301961
10000640,clean,2656,0.009668,0.003922,0.028899,0.000000,0.298039
10000641,clean,2636,0.009847,0.003922,0.029666,0.000000,0.298039
10000642,clean,2703,0.009683,0.003922,0.029109,0.000000,0.294118
10000643,clean,2685,0.009781,0.003922,0.029455,0.000000,0.301961
10000644,clean,2713,0.009795,0.003922,0.028695,0.000000,0.298039
10000645,clean,2641,0.009514,0.003922,0.028799,0.000000,0.298039
10000646,clean,2702,0.009718,0.003922,0.028942,0.000000,0.294118
10000647,clean,2668,0.009647,0.003922,0.028290,0.000000,0.290196
10000648,clean,2639,0.010013,0.003922,0.030144,0.000000,0.321569
10000649,clean,2677,0.009106,0.003922,0.027391,0.000000,0.301961
10000650,clean,2627,0.009512,0.003922,0.028502,0.000000,0.290196
10000651,clean,2658,0.008849,0.003922,0.026287,0.000000,0.305882
10000652,clean,2652,0.009615,0.003922,0.028745,0.000000,0.290196
10000653,clean,2625,0.009197,0.003922,0.028110,0.000000,0.301961
10000654,clean,2709,0.009627,0.003922,0.028862,0.000000,0.294118
10000655,clean,2696,0.009488,0.003922,0.028163,0.000000,0.290196
10000656,clean,2651,0.009479,0.003922,0.028724,0.000000,0.294118
10000657,clean,2660,0.009555,0.003922,0.028547,0.000000,0.298039
10000658,clean,2675,0.009884,0.003922,0.029770,0.000000,0.301961
10000659,clean,2674,0.010028,0.003922,0.029742,0.000000,0.294118
10000660,clean,2670,0.009708,0.003922,0.028940,0.000000,0.294118
10000661,clean,2694,0.009631,0.003922,0.028411,0.000000,0.305882
10000662,clean,2734,0.009734,0.003922,0.029583,0.000000,0.298039
10000663,clean,2673,0.009709,0.003922,0.028386,0.000000,0.294118
10000664,clean,2648,0.009453,0.003922,0.029143,0.000000,0.298039
10000665,clean,2701,0.009501,0.003922,0.028332,0.000000,0.290196
10000666,clean,2690,0.009509,0.003922,0.028514,0.000000,0.298039
10000667,clean,2656,0.009364,0.003922,0.028649,0.000000,0.290196
10000668,clean,2688,0.009730,0.003922,0.029203,0.000000,0.294118
10000669,clean,2671,0.009492,0.003922,0.027921,0.000000,0.301961
10000670,clean,2715,0.009471,0.003922,0.028435,0.000000,0.290196
10000671,clean,2660,0.009651,0.003922,0.029038,0.000000,0.290196
10000672,clean,2672,0.009264,0.003922,0.027429,0.000000,0.290196
10000673,clean,2680,0.009707,0.003922,0.029017,0.000000,0.286275
10000674,clean,2680,0.009781,0.003922,0.029527,0.000000,0.290196
10000675,clean,2709,0.009944,0.003922,0.029319,0.000000,0.298039
10000676,clean,2697,0.009422,0.003922,0.028027,0.000000,0.290196
10000677,clean,2685,0.009591,0.003922,0.028401,0.000000,0.286275
10000678,clean,2679,0.009661,0.003922,0.028558,0.000000,0.298039
10000679,clean,2688,0.009848,0.003922,0.028954,0.000000,0.290196
10000680,clean,2660,0.009682,0.003922,0.029273,0.000000,0.298039
10000681,clean,2674,0.009512,0.003922,0.028386,0.000000,0.298039
10000682,clean,2706,0.009726,0.003922,0.028982,0.000000,0.294118
10000683,clean,2663,0.009784,0.003922,0.028879,0.000000,0.294118
10000684,clean,2641,0.009962,0.003922,0.029897,0.000000,0.301961
10000685,clean,2654,0.009474,0.003922,0.029083,0.000000,0.298039
10000686,clean,2696,0.009507,0.003922,0.028603,0.000000,0.290196
10000687,clean,2637,0.009580,0.003922,0.028723,0.000000,0.298039
10000688,clean,2679,0.009821,0.003922,0.029616,0.000000,0.301961
10000689,clean,2652,0.009446,0.003922,0.028318,0.000000,0.290196
10000690,clean,2666,0.009430,0.003922,0.027949,0.000000,0.294118
10000691,clean,2673,0.009678,0.003922,0.029299,0.000000,0.294118
10000692,clean,2698,0.010015,0.003922,0.030460,0.000000,0.301961
10000693,clean,2685,0.009679,0.003922,0.029044,0.000000,0.294118
10000694,clean,2697,0.009610,0.003922,0.028565,0.000000,0.294118
10000695,clean,2679,0.009404,0.003922,0.027887,0.000000,0.298039
10000696,clean,2650,0.009575,0.003922,0.029491,0.000000,0.317647
10000697,clean,2631,0.009281,0.003922,0.028088,0.000000,0.294118
10000698,clean,2673,0.010264,0.003922,0.030081,0.000000,0.298039
10000699,clean,2664,0.009239,0.003922,0.027538,0.000000,0.294118
10000700,clean,2634,0.009922,0.003922,0.029106,0.000000,0.290196
10000701,clean,2630,0.009561,0.003922,0.028389,0.000000,0.294118
10000702,clean,2689,0.009205,0.003922,0.027438,0.000000,0.305882
10000703,clean,2674,0.009305,0.003922,0.027248,0.000000,0.290196
10000704,clean,2681,0.009756,0.003922,0.028372,0.000000,0.305882
10000705,clean,2714,0.009194,0.003922,0.027681,0.000000,0.298039
10000706,clean,2670,0.009869,0.003922,0.029472,0.000000,0.301961
10000707,clean,2660,0.009344,0.003922,0.027986,0.000000,0.294118
10000708,clean,2691,0.009525,0.003922,0.028402,0.000000,0.309804
10000709,clean,2719,0.008908,0.003922,0.027548,0.000000,0.298039
10000710,clean,2664,0.009209,0.003922,0.027730,0.000000,0.298039
10000711,clean,2661,0.009383,0.003922,0.027903,0.000000,0.298039
10000712,clean,2642,0.009519,0.003922,0.028763,0.000000,0.286275
10000713,clean,2673,0.009366,0.003922,0.028002,0.000000,0.298039
10000714,clean,2681,0.009557,0.003922,0.029252,0.000000,0.294118
10000715,clean,2649,0.009167,0.003922,0.027996,0.000000,0.290196
10000716,clean,2624,0.009894,0.003922,0.029777,0.000000,0.294118
10000717,clean,2698,0.009743,0.003922,0.029549,0.000000,0.298039
10000718,clean,2641,0.009376,0.003922,0.028337,0.000000,0.290196
10000719,clean,2653,0.009586,0.003922,0.028889,0.000000,0.290196
10000720,clean,2684,0.009702,0.003922,0.029832,0.000000,0.301961
10000721,clean,2647,0.010000,0.003922,0.029939,0.000000,0.298039
10000722,clean,2693,0.009757,0.003922,0.029544,0.000000,0.301961
10000723,clean,2666,0.009761,0.003922,0.029250,0.000000,0.286275
10000724,clean,2706,0.009358,0.003922,0.028122,0.000000,0.290196
10000725,clean,2711,0.009217,0.003922,0.028096,0.000000,0.298039
10000726,clean,2665,0.009730,0.003922,0.029260,0.000000,0.301961
10000727,clean,2659,0.009082,0.003922,0.027022,0.000000,0.290196
10000728,clean,2698,0.009180,0.003922,0.028026,0.000000,0.294118
10000729,clean,2715,0.009901,0.003922,0.030034,0.000000,0.301961
10000730,clean,2665,0.009385,0.003922,0.027867,0.000000,0.305882
10000731,clean,2680,0.009153,0.003922,0.027447,0.000000,0.298039
10000732,clean,2715,0.009626,0.003922,0.029118,0.000000,0.298039
10000733,clean,2687,0.009827,0.003922,0.029386,0.000000,0.294118
10000734,clean,2686,0.009700,0.003922,0.028534,0.000000,0.298039
10000735,clean,2654,0.009412,0.003922,0.028101,0.000000,0.298039
10000736,clean,2655,0.009927,0.003922,0.029941,0.000000,0.286275
10000737,clean,2671,0.009728,0.003922,0.028824,0.000000,0.305882
10000738,clean,2728,0.009679,0.003922,0.029114,0.000000,0.298039
10000739,clean,2655,0.009846,0.003922,0.029726,0.000000,0.290196
10000740,clean,2708,0.009190,0.003922,0.027650,0.000000,0.309804
10000741,clean,2660,0.009334,0.003922,0.028486,0.000000,0.301961
10000742,clean,2699,0.009428,0.003922,0.028191,0.000000,0.294118
10000743,clean,2659,0.009197,0.003922,0.027366,0.000000,0.298039
10000744,clean,2618,0.009656,0.003922,0.028504,0.000000,0.282353
10000745,clean,2645,0.009806,0.003922,0.028815,0.000000,0.286275
10000746,clean,2672,0.009515,0.003922,0.028446,0.000000,0.290196
10000747,clean,2683,0.009420,0.003922,0.028992,0.000000,0.301961
10000748,clean,2673,0.009297,0.003922,0.028933,0.000000,0.301961
10000749,clean,2684,0.009674,0.003922,0.029326,0.000000,0.305882
10000750,clean,2615,0.009643,0.003922,0.029061,0.000000,0.290196
10000751,clean,2662,0.009744,0.003922,0.029105,0.000000,0.290196
10000752,clean,2722,0.009324,0.003922,0.027977,0.000000,0.298039
10000753,clean,2718,0.009691,0.003922,0.029448,0.000000,0.286275
10000754,clean,2654,0.009752,0.003922,0.029579,0.000000,0.294118
10000755,clean,2671,0.009863,0.003922,0.029349,0.000000,0.290196
10000756,clean,2675,0.009580,0.003922,0.029606,0.000000,0.301961
10000757,clean,2689,0.009710,0.003922,0.028956,0.000000,0.305882
10000758,clean,2639,0.009955,0.003922,0.029891,0.000000,0.286275
10000759,clean,2672,0.009908,0.003922,0.029729,0.000000,0.294118
10000760,clean,2738,0.009142,0.003922,0.027735,0.000000,0.301961
10000761,clean,2666,0.009723,0.003922,0.028837,0.000000,0.290196
10000762,clean,2718,0.009443,0.003922,0.028029,0.000000,0.290196
10000763,clean,2688,0.009976,0.003922,0.030283,0.000000,0.290196
10000764,clean,2629,0.009694,0.003922,0.029387,0.000000,0.290196
10000765,clean,2617,0.009878,0.003922,0.028947,0.000000,0.305882
10000766,clean,2647,0.009177,0.003922,0.027599,0.000000,0.298039
10000767,clean,2674,0.009631,0.003922,0.028757,0.000000,0.286275
10000768,clean,2663,0.009347,0.003922,0.027746,0.000000,0.305882
10000769,clean,2678,0.008978,0.003922,0.027311,0.000000,0.286275
10000770,clean,2619,0.009297,0.003922,0.028585,0.000000,0.298039
10000771,clean,2661,0.009464,0.003922,0.027849,0.000000,0.290196
10000772,clean,2690,0.009164,0.003922,0.027505,0.000000,0.301961
10000773,clean,2631,0.009486,0.003922,0.028429,0.000000,0.290196
10000774,clean,2691,0.008964,0.003922,0.026742,0.000000,0.290196
10000775,clean,2653,0.009481,0.003922,0.027891,0.000000,0.290196
10000776,clean,2620,0.009389,0.003922,0.028253,0.000000,0.294118
10000777,clean,2666,0.009580,0.003922,0.028271,0.000000,0.301961
10000778,clean,2671,0.009602,0.003922,0.028678,0.000000,0.301961
10000779,clean,2699,0.009539,0.003922,0.028100,0.000000,0.290196
10000780,clean,2670,0.009860,0.003922,0.030001,0.000000,0.313726
10000781,clean,2675,0.009699,0.003922,0.029106,0.000000,0.305882
10000782,clean,2644,0.009212,0.003922,0.027825,0.000000,0.294118
10000783,clean,2703,0.009356,0.003922,0.027785,0.000000,0.298039
10000784,clean,2700,0.009419,0.003922,0.028494,0.000000,0.294118
10000785,clean,2666,0.009926,0.003922,0.030085,0.000000,0.298039
10000786,clean,2704,0.009153,0.003922,0.027222,0.000000,0.298039
10000787,clean,2644,0.009878,0.003922,0.029546,0.000000,0.298039
10000788,clean,2705,0.009600,0.003922,0.029045,0.000000,0.290196
10000789,clean,2619,0.009329,0.003922,0.028097,0.000000,0.290196
10000790,clean,2653,0.008689,0.003922,0.026615,0.000000,0.290196
10000791,clean,2651,0.009419,0.003922,0.027973,0.000000,0.290196
10000792,clean,2689,0.009532,0.003922,0.027997,0.000000,0.298039
10000793,clean,2646,0.009681,0.003922,0.028351,0.000000,0.309804
10000794,clean,2670,0.009661,0.003922,0.029045,0.000000,0.294118
10000795,clean,2693,0.009442,0.003922,0.027961,0.000000,0.290196
10000796,clean,2665,0.009193,0.003922,0.027633,0.000000,0.298039
10000797,clean,2667,0.009981,0.003922,0.029222,0.000000,0.290196
10000798,clean,2685,0.009312,0.003922,0.028079,0.000000,0.301961
10000799,clean,2683,0.008983,0.003922,0.027357,0.000000,0.290196
10000800,clean,2692,0.009463,0.003922,0.027206,0.000000,0.286275
10000801,clean,2664,0.009181,0.003922,0.028105,0.000000,0.290196
10000802,clean,2678,0.009510,0.003922,0.028638,0.000000,0.298039
10000803,clean,2682,0.009877,0.003922,0.029412,0.000000,0.305882
10000804,clean,2610,0.009897,0.003922,0.030031,0.000000,0.301961
10000805,clean,2722,0.009785,0.003922,0.029868,0.000000,0.309804
10000806,clean,2725,0.009492,0.003922,0.028117,0.000000,0.290196
10000807,clean,2689,0.010023,0.003922,0.029769,0.000000,0.301961
10000808,clean,2697,0.009758,0.003922,0.028584,0.000000,0.298039
10000809,clean,2663,0.008691,0.003922,0.026707,0.000000,0.298039
10000810,clean,2648,0.009936,0.003922,0.029813,0.000000,0.294118
10000811,clean,2671,0.009627,0.003922,0.029173,0.000000,0.294118
10000812,clean,2664,0.009517,0.003922,0.028177,0.000000,0.294118
10000813,clean,2665,0.009468,0.003922,0.029369,0.000000,0.290196
10000814,clean,2637,0.010150,0.003922,0.030317,0.000000,0.301961
10000815,clean,2675,0.009727,0.003922,0.029590,0.000000,0.301961
10000816,clean,2681,0.009288,0.003922,0.028058,0.000000,0.305882
10000817,clean,2641,0.009686,0.003922,0.029436,0.000000,0.298039
10000818,clean,2664,0.009305,0.003922,0.028062,0.000000,0.286275
10000819,clean,2686,0.009665,0.003922,0.028875,0.000000,0.294118
10000820,clean,2672,0.009425,0.003922,0.028457,0.000000,0.298039
10000821,clean,2692,0.009588,0.003922,0.029231,0.000000,0.298039
10000822,clean,2690,0.009756,0.003922,0.028955,0.000000,0.290196
10000823,clean,2708,0.009361,0.003922,0.027799,0.000000,0.286275
10000824,clean,2668,0.010001,0.003922,0.030048,0.000000,0.298039
10000825,clean,2670,0.009475,0.003922,0.028648,0.000000,0.298039
10000826,clean,2662,0.009717,0.003922,0.029101,0.000000,0.301961
10000827,clean,2713,0.009679,0.003922,0.028842,0.000000,0.286275
10000828,clean,2680,0.009772,0.003922,0.029175,0.000000,0.301961
10000829,clean,2665,0.009674,0.003922,0.029426,0.000000,0.305882
10000830,clean,2699,0.009037,0.003922,0.027250,0.000000,0.294118
10000831,clean,2694,0.009730,0.003922,0.028759,0.000000,0.305882
10000832,clean,2691,0.009729,0.003922,0.028861,0.000000,0.290196
10000833,clean,2732,0.009544,0.003922,0.028509,0.000000,0.290196
10000834,clean,2696,0.009820,0.003922,0.028984,0.000000,0.290196
10000835,clean,2728,0.009721,0.003922,0.028759,0.000000,0.290196
10000836,clean,2677,0.009465,0.003922,0.028251,0.000000,0.305882
10000837,clean,2684,0.009646,0.003922,0.028884,0.000000,0.305882
10000838,clean,2694,0.009747,0.003922,0.029340,0.000000,0.294118
10000839,clean,2655,0.009511,0.003922,0.028885,0.000000,0.290196
10000840,clean,2661,0.009371,0.003922,0.028500,0.000000,0.294118
10000841,clean,2679,0.009879,0.003922,0.030423,0.000000,0.294118
10000842,clean,2677,0.009507,0.003922,0.028791,0.000000,0.290196
10000843,clean,2682,0.009684,0.003922,0.028769,0.000000,0.298039
10000844,clean,2666,0.009445,0.003922,0.028147,0.000000,0.301961
10000845,clean,2680,0.009282,0.003922,0.027326,0.000000,0.298039
10000846,clean,2684,0.009442,0.003922,0.028530,0.000000,0.294118
10000847,clean,2659,0.009954,0.003922,0.030126,0.000000,0.301961
10000848,clean,2708,0.009805,0.003922,0.029049,0.000000,0.290196
10000849,clean,2667,0.008867,0.003922,0.026873,0.000000,0.286275
10000850,clean,2707,0.009386,0.003922,0.027951,0.000000,0.294118
10000851,clean,2667,0.009599,0.003922,0.029128,0.000000,0.294118
10000852,clean,2653,0.009698,0.003922,0.029135,0.000000,0.286275
10000853,clean,2674,0.009536,0.003922,0.028552,0.000000,0.286275
10000854,clean,2701,0.009578,0.003922,0.028450,0.000000,0.301961
10000855,clean,2670,0.009761,0.003922,0.028991,0.000000,0.301961
10000856,clean,2690,0.009020,0.003922,0.026547,0.000000,0.301961
10000857,clean,2705,0.009464,0.003922,0.028744,0.000000,0.298039
10000858,clean,2638,0.009453,0.003922,0.028928,0.000000,0.294118
10000859,clean,2659,0.009423,0.003922,0.027877,0.000000,0.301961
10000860,clean,2673,0.009296,0.003922,0.027685,0.000000,0.298039
10000861,clean,2660,0.009612,0.003922,0.028779,0.000000,0.286275
10000862,clean,2691,0.009197,0.003922,0.027991,0.000000,0.301961
10000863,clean,2635,0.009714,0.003922,0.029118,0.000000,0.294118
10000864,clean,2694,0.009457,0.003922,0.028048,0.000000,0.298039
10000865,clean,2674,0.009987,0.003922,0.029672,0.000000,0.305882
10000866,clean,2660,0.009382,0.003922,0.028130,0.000000,0.298039
10000867,clean,2677,0.009266,0.003922,0.028814,0.000000,0.294118
10000868,clean,2665,0.009269,0.003922,0.028171,0.000000,0.290196
10000869,clean,2717,0.009858,0.003922,0.030334,0.000000,0.301961
10000870,clean,2663,0.008993,0.003922,0.027214,0.000000,0.301961
10000871,clean,2683,0.009194,0.003922,0.027766,0.000000,0.298039
10000872,clean,2621,0.009306,0.003922,0.028402,0.000000,0.298039
10000873,clean,2676,0.009788,0.003922,0.029558,0.000000,0.294118
10000874,clean,2629,0.009864,0.003922,0.029541,0.000000,0.286275
10000875,clean,2672,0.009345,0.003922,0.027727,0.000000,0.305882
10000876,clean,2690,0.009571,0.003922,0.028520,0.000000,0.294118
10000877,clean,2635,0.009077,0.003922,0.028053,0.000000,0.290196
10000878,clean,2717,0.009555,0.003922,0.028411,0.000000,0.294118
10000879,clean,2656,0.009219,0.003922,0.026813,0.000000,0.278431
10000880,clean,2703,0.009337,0.003922,0.028220,0.000000,0.298039
10000881,clean,2682,0.009280,0.003922,0.027966,0.000000,0.294118
10000882,clean,2646,0.009808,0.003922,0.029435,0.000000,0.290196
10000883,clean,2712,0.009185,0.003922,0.027578,0.000000,0.309804
10000884,clean,2735,0.009115,0.003922,0.027809,0.000000,0.290196
10000885,clean,2673,0.009739,0.003922,0.029218,0.000000,0.294118
10000886,clean,2678,0.009482,0.003922,0.029221,0.000000,0.298039
10000887,clean,2679,0.009923,0.003922,0.029540,0.000000,0.294118
10000888,clean,2725,0.009258,0.003922,0.027839,0.000000,0.309804
10000889,clean,2663,0.009176,0.003922,0.028194,0.000000,0.294118
10000890,clean,2676,0.009383,0.003922,0.027968,0.000000,0.286275
10000891,clean,2648,0.009220,0.003922,0.027828,0.000000,0.298039
10000892,clean,2657,0.009518,0.003922,0.028280,0.000000,0.298039
10000893,clean,2643,0.009984,0.003922,0.030028,0.000000,0.290196
10000894,clean,2673,0.009574,0.003922,0.028325,0.000000,0.294118
10000895,clean,2654,0.008914,0.003922,0.026861,0.000000,0.301961
10000896,clean,2670,0.009294,0.003922,0.028151,0.000000,0.294118
10000897,clean,2665,0.009916,0.003922,0.029473,0.000000,0.290196
10000898,clean,2688,0.009394,0.003922,0.028949,0.000000,0.298039
10000899,clean,2649,0.009639,0.003922,0.028389,0.000000,0.290196
10000900,clean,2690,0.009617,0.003922,0.028699,0.000000,0.294118
10000901,clean,2694,0.009316,0.003922,0.028138,0.000000,0.298039
10000902,clean,2649,0.009358,0.003922,0.028191,0.000000,0.294118
10000903,clean,2693,0.009735,0.003922,0.029318,0.000000,0.298039
10000904,clean,2691,0.009038,0.003922,0.027081,0.000000,0.298039
10000905,clean,2658,0.009653,0.003922,0.029100,0.000000,0.305882
10000906,clean,2693,0.009618,0.003922,0.028962,0.000000,0.294118
10000907,clean,2639,0.009234,0.003922,0.028187,0.000000,0.294118
10000908,clean,2704,0.009380,0.003922,0.027977,0.000000,0.290196
10000909,clean,2679,0.009575,0.003922,0.029219,0.000000,0.298039
10000910,clean,2678,0.009469,0.003922,0.028555,0.000000,0.290196
10000911,clean,2678,0.009558,0.003922,0.028336,0.000000,0.298039
10000912,clean,2687,0.009387,0.003922,0.028714,0.000000,0.305882
10000913,clean,2701,0.009286,0.003922,0.027975,0.000000,0.294118
10000914,clean,2663,0.010155,0.003922,0.030284,0.000000,0.286275
10000915,clean,2696,0.009770,0.003922,0.030070,0.000000,0.294118
10000916,clean,2685,0.009206,0.003922,0.027525,0.000000,0.294118
10000917,clean,2722,0.009223,0.003922,0.027781,0.000000,0.298039
10000918,clean,2656,0.009439,0.003922,0.028183,0.000000,0.290196
10000919,clean,2708,0.009177,0.003922,0.027548,0.000000,0.290196
10000920,clean,2656,0.009299,0.003922,0.027849,0.000000,0.290196
10000921,clean,2619,0.009652,0.003922,0.028768,0.000000,0.294118
10000922,clean,2713,0.009701,0.003922,0.028664,0.000000,0.294118
10000923,clean,2684,0.009585,0.003922,0.028640,0.000000,0.294118
10000924,clean,2703,0.009456,0.003922,0.029211,0.000000,0.290196
10000925,clean,2687,0.009650,0.003922,0.029084,0.000000,0.298039
10000926,clean,2664,0.009323,0.003922,0.027662,0.000000,0.286275
10000927,clean,2683,0.009767,0.003922,0.029478,0.000000,0.286275
10000928,clean,2657,0.009715,0.003922,0.028921,0.000000,0.298039
10000929,clean,2670,0.009288,0.003922,0.027612,0.000000,0.298039
10000930,clean,2696,0.009363,0.003922,0.028596,0.000000,0.294118
10000931,clean,2690,0.009371,0.003922,0.028331,0.000000,0.294118
10000932,clean,2661,0.009681,0.003922,0.029267,0.000000,0.286275
10000933,clean,2664,0.009220,0.003922,0.027447,0.000000,0.298039
10000934,clean,2693,0.009703,0.003922,0.029256,0.000000,0.294118
10000935,clean,2713,0.009582,0.003922,0.028610,0.000000,0.290196
10000936,clean,2697,0.009514,0.003922,0.028083,0.000000,0.298039
10000937,clean,2716,0.009616,0.003922,0.029241,0.000000,0.294118
10000938,clean,2685,0.009492,0.003922,0.027996,0.000000,0.290196
10000939,clean,2638,0.009000,0.003922,0.027312,0.000000,0.290196
10000940,clean,2645,0.009661,0.003922,0.028350,0.000000,0.286275
10000941,clean,2695,0.009323,0.003922,0.027893,0.000000,0.298039
10000942,clean,2660,0.009419,0.003922,0.028578,0.000000,0.294118
10000943,clean,2723,0.009200,0.003922,0.026822,0.000000,0.290196
10000944,clean,2675,0.009334,0.003922,0.027668,0.000000,0.298039
10000945,clean,2674,0.009370,0.003922,0.028209,0.000000,0.305882
10000946,clean,2665,0.009471,0.003922,0.027463,0.000000,0.294118
10000947,clean,2709,0.009485,0.003922,0.028409,0.000000,0.294118
10000948,clean,2695,0.009882,0.003922,0.029071,0.000000,0.298039
10000949,clean,2671,0.009256,0.003922,0.027594,0.000000,0.290196
10000950,clean,2664,0.009396,0.003922,0.028439,0.000000,0.290196
10000951,clean,2645,0.009539,0.003922,0.028467,0.000000,0.294118
10000952,clean,2688,0.009638,0.003922,0.029460,0.000000,0.309804
10000953,clean,2710,0.009501,0.003922,0.028957,0.000000,0.294118
10000954,clean,2710,0.009507,0.003922,0.028319,0.000000,0.301961
10000955,clean,2660,0.009665,0.003922,0.028682,0.000000,0.301961
10000956,clean,2669,0.009931,0.003922,0.029467,0.000000,0.290196
10000957,clean,2690,0.009544,0.003922,0.028473,0.000000,0.294118
10000958,clean,2703,0.009340,0.003922,0.028347,0.000000,0.290196
10000959,clean,2686,0.010057,0.003922,0.030153,0.000000,0.298039
10000960,clean,2629,0.009894,0.003922,0.028969,0.000000,0.294118
10000961,clean,2650,0.009650,0.003922,0.028328,0.000000,0.290196
10000962,clean,2663,0.009690,0.003922,0.029167,0.000000,0.294118
10000963,clean,2675,0.010032,0.003922,0.029546,0.000000,0.290196
10000964,clean,2689,0.009574,0.003922,0.028709,0.000000,0.298039
10000965,clean,2642,0.009569,0.003922,0.029150,0.000000,0.294118
10000966,clean,2677,0.009482,0.003922,0.028549,0.000000,0.294118
10000967,clean,2653,0.009694,0.003922,0.028945,0.000000,0.286275
10000968,clean,2694,0.010161,0.003922,0.029911,0.000000,0.298039
10000969,clean,2666,0.010000,0.003922,0.030174,0.000000,0.294118
10000970,clean,2682,0.010140,0.003922,0.030909,0.000000,0.298039
10000971,clean,2671,0.009455,0.003922,0.028988,0.000000,0.301961
10000972,clean,2671,0.010154,0.003922,0.030298,0.000000,0.298039
10000973,clean,2626,0.009553,0.003922,0.029048,0.000000,0.294118
10000974,clean,2705,0.009705,0.003922,0.029114,0.000000,0.294118
10000975,clean,2676,0.010207,0.003922,0.030199,0.000000,0.298039
10000976,clean,2681,0.009884,0.003922,0.029198,0.000000,0.294118
10000977,clean,2718,0.009642,0.003922,0.029366,0.000000,0.298039
10000978,clean,2658,0.009392,0.003922,0.028537,0.000000,0.290196
10000979,clean,2680,0.009320,0.003922,0.027364,0.000000,0.290196
10000980,clean,2669,0.009045,0.003922,0.027421,0.000000,0.301961
10000981,clean,2692,0.009805,0.003922,0.029437,0.000000,0.298039
10000982,clean,2699,0.009748,0.003922,0.029026,0.000000,0.298039
10000983,clean,2664,0.009811,0.003922,0.029313,0.000000,0.301961
10000984,clean,2632,0.009479,0.003922,0.028512,0.000000,0.298039
10000985,clean,2691,0.009386,0.003922,0.028369,0.000000,0.290196
10000986,clean,2702,0.009514,0.003922,0.028078,0.000000,0.290196
10000987,clean,2698,0.009529,0.003922,0.029041,0.000000,0.298039
10000988,clean,2668,0.009591,0.003922,0.029412,0.000000,0.305882
10000989,clean,2713,0.009638,0.003922,0.028771,0.000000,0.286275
10000990,clean,2703,0.009619,0.003922,0.028971,0.000000,0.290196
10000991,clean,2718,0.010196,0.003922,0.029820,0.000000,0.301961
10000992,clean,2655,0.009681,0.003922,0.028675,0.000000,0.298039
10000993,clean,2712,0.009836,0.003922,0.028962,0.000000,0.294118
10000994,clean,2678,0.009228,0.003922,0.028156,0.000000,0.298039
10000995,clean,2687,0.009930,0.003922,0.029464,0.000000,0.290196
10000996,clean,2649,0.009750,0.003922,0.029152,0.000000,0.305882
10000997,clean,2699,0.009223,0.003922,0.028029,0.000000,0.290196
10000998,clean,2657,0.009845,0.003922,0.029092,0.000000,0.301961
10000999,clean,2655,0.009503,0.003922,0.028695,0.000000,0.305882
10001000,clean,2718,0.009984,0.003922,0.029543,0.000000,0.301961
10001001,clean,2663,0.009557,0.003922,0.028789,0.000000,0.309804
10001002,clean,2671,0.009549,0.003922,0.028253,0.000000,0.294118
10001003,clean,2683,0.009832,0.003922,0.029857,0.000000,0.290196
10001004,clean,2683,0.010079,0.003922,0.029693,0.000000,0.301961
10001005,clean,2705,0.009895,0.003922,0.029868,0.000000,0.309804
10001006,clean,2688,0.009664,0.003922,0.029536,0.000000,0.305882
10001007,clean,2682,0.009716,0.003922,0.028569,0.000000,0.298039
10001008,clean,2674,0.009773,0.003922,0.028975,0.000000,0.294118
10001009,clean,2691,0.009700,0.003922,0.029017,0.000000,0.305882
10001010,clean,2672,0.009502,0.003922,0.028529,0.000000,0.301961
10001011,clean,2667,0.009834,0.003922,0.029440,0.000000,0.298039
10001012,clean,2658,0.009432,0.003922,0.028421,0.000000,0.298039
10001013,clean,2668,0.010223,0.003922,0.030100,0.000000,0.301961
10001014,clean,2711,0.009712,0.003922,0.028763,0.000000,0.290196
10001015,clean,2687,0.009678,0.003922,0.029325,0.000000,0.294118
10001016,clean,2697,0.009033,0.003922,0.027748,0.000000,0.286275
10001017,clean,2628,0.009722,0.003922,0.029150,0.000000,0.294118
10001018,clean,2675,0.009574,0.003922,0.028791,0.000000,0.294118
10001019,clean,2677,0.009916,0.003922,0.030145,0.000000,0.305882
10001020,clean,2675,0.009522,0.003922,0.028306,0.000000,0.309804
10001021,clean,2696,0.009546,0.003922,0.028758,0.000000,0.301961
10001022,clean,2680,0.009753,0.003922,0.028848,0.000000,0.298039
10001023,clean,2671,0.009674,0.003922,0.028328,0.000000,0.305882
10001024,clean,2691,0.009225,0.003922,0.027085,0.000000,0.305882
10001025,clean,2682,0.009778,0.003922,0.029698,0.000000,0.298039
10001026,clean,2709,0.009394,0.003922,0.027934,0.000000,0.301961
10001027,clean,2733,0.008840,0.003922,0.027095,0.000000,0.290196
10001028,clean,2706,0.009913,0.003922,0.029977,0.000000,0.305882
10001029,clean,2694,0.009331,0.003922,0.028048,0.000000,0.309804
10001030,clean,2749,0.009123,0.003922,0.027227,0.000000,0.305882
10001031,clean,2652,0.009587,0.003922,0.028498,0.000000,0.294118
10001032,clean,2667,0.009477,0.003922,0.029418,0.000000,0.305882
10001033,clean,2666,0.009463,0.003922,0.028121,0.000000,0.294118
10001034,clean,2689,0.009774,0.003922,0.029211,0.000000,0.309804
10001035,clean,2652,0.009183,0.003922,0.027499,0.000000,0.282353
10001036,clean,2671,0.009678,0.003922,0.029061,0.000000,0.294118
10001037,clean,2670,0.009675,0.003922,0.029064,0.000000,0.313726
10001038,clean,2690,0.009609,0.003922,0.028491,0.000000,0.301961
10001039,clean,2662,0.009795,0.003922,0.028930,0.000000,0.286275
10001040,clean,2680,0.009990,0.003922,0.030089,0.000000,0.298039
10001041,clean,2707,0.009590,0.003922,0.028808,0.000000,0.294118
10001042,clean,2677,0.009622,0.003922,0.028439,0.000000,0.298039
10001043,clean,2649,0.009628,0.003922,0.029067,0.000000,0.290196
10001044,clean,2659,0.009870,0.003922,0.029281,0.000000,0.290196
10001045,clean,2652,0.009313,0.003922,0.028219,0.000000,0.290196
10001046,clean,2694,0.009169,0.003922,0.028290,0.000000,0.298039
10001047,clean,2699,0.009781,0.003922,0.028783,0.000000,0.301961
10001048,clean,2686,0.009529,0.003922,0.028158,0.000000,0.290196
10001049,clean,2684,0.009329,0.003922,0.028634,0.000000,0.294118
10001050,clean,2663,0.009875,0.003922,0.029756,0.000000,0.290196
10001051,clean,2658,0.009379,0.003922,0.028702,0.000000,0.301961
10001052,clean,2672,0.010131,0.003922,0.030024,0.000000,0.298039
10001053,clean,2691,0.009574,0.003922,0.028707,0.000000,0.301961
10001054,clean,2685,0.009774,0.003922,0.028915,0.000000,0.298039
10001055,clean,2651,0.009395,0.003922,0.028073,0.000000,0.309804
10001056,clean,2710,0.009643,0.003922,0.029454,0.000000,0.290196
10001057,clean,2652,0.009448,0.003922,0.028880,0.000000,0.290196
10001058,clean,2706,0.009871,0.003922,0.029386,0.000000,0.286275
10001059,clean,2677,0.009784,0.003922,0.030000,0.000000,0.298039
10001060,clean,2619,0.009465,0.003922,0.027975,0.000000,0.282353
10001061,clean,2693,0.009505,0.003922,0.029313,0.000000,0.298039
10001062,clean,2683,0.009715,0.003922,0.029203,0.000000,0.298039
10001063,clean,2675,0.009522,0.003922,0.028336,0.000000,0.301961
10001064,clean,2647,0.009387,0.003922,0.028111,0.000000,0.290196
10001065,clean,2651,0.009913,0.003922,0.029889,0.000000,0.294118
10001066,clean,2663,0.009656,0.003922,0.028748,0.000000,0.298039
10001067,clean,2701,0.008980,0.003922,0.027288,0.000000,0.290196
10001068,clean,2661,0.009744,0.003922,0.029113,0.000000,0.305882
10001069,clean,2664,0.009477,0.003922,0.027951,0.000000,0.298039
10001070,clean,2737,0.009517,0.003922,0.028371,0.000000,0.305882
10001071,clean,2670,0.009269,0.003922,0.027678,0.000000,0.298039
10001072,clean,2627,0.009760,0.003922,0.029622,0.000000,0.305882
10001073,clean,2682,0.009497,0.003922,0.028755,0.000000,0.286275
10001074,clean,2647,0.009566,0.003922,0.028831,0.000000,0.286275
10001075,clean,2628,0.009865,0.003922,0.029932,0.000000,0.298039
10001076,clean,2688,0.009411,0.003922,0.028222,0.000000,0.298039
10001077,clean,2675,0.009912,0.003922,0.029321,0.000000,0.294118
10001078,clean,2684,0.009588,0.003922,0.028531,0.000000,0.301961
10001079,clean,2642,0.009690,0.003922,0.028700,0.000000,0.290196
10001080,clean,2647,0.009691,0.003922,0.029199,0.000000,0.298039
10001081,clean,2669,0.009999,0.003922,0.029856,0.000000,0.298039
10001082,clean,2683,0.009506,0.003922,0.028347,0.000000,0.301961
10001083,clean,2663,0.009902,0.003922,0.029669,0.000000,0.301961
10001084,clean,2711,0.009988,0.003922,0.029078,0.000000,0.298039
10001085,clean,2685,0.009667,0.003922,0.029484,0.000000,0.301961
10001086,clean,2688,0.009915,0.003922,0.029176,0.000000,0.294118
10001087,clean,2671,0.008997,0.003922,0.026747,0.000000,0.290196
10001088,clean,2656,0.009706,0.003922,0.028982,0.000000,0.294118
10001089,clean,2674,0.009665,0.003922,0.028968,0.000000,0.298039
10001090,clean,2666,0.009598,0.003922,0.027608,0.000000,0.278431
10001091,clean,2702,0.009541,0.003922,0.028733,0.000000,0.290196
10001092,clean,2696,0.009155,0.003922,0.027446,0.000000,0.294118
10001093,clean,2684,0.009288,0.003922,0.027340,0.000000,0.278431
10001094,clean,2675,0.009267,0.003922,0.027767,0.000000,0.294118
10001095,clean,2616,0.009282,0.003922,0.027443,0.000000,0.294118
10001096,clean,2701,0.009430,0.003922,0.028143,0.000000,0.290196
10001097,clean,2710,0.009789,0.003922,0.029345,0.000000,0.298039
10001098,clean,2697,0.009158,0.003922,0.027544,0.000000,0.298039
10001099,clean,2708,0.009443,0.003922,0.028321,0.000000,0.290196
10001100,clean,2687,0.009393,0.003922,0.027848,0.000000,0.290196
10001101,clean,2698,0.009539,0.003922,0.028276,0.000000,0.290196
10001102,clean,2702,0.009547,0.003922,0.029242,0.000000,0.305882
10001103,clean,2645,0.009355,0.003922,0.027867,0.000000,0.290196
10001104,clean,2668,0.009673,0.003922,0.028950,0.000000,0.290196
10001105,clean,2694,0.009443,0.003922,0.028608,0.000000,0.290196
10001106,clean,2707,0.009500,0.003922,0.028135,0.000000,0.294118
10001107,clean,2649,0.009501,0.003922,0.029017,0.000000,0.286275
10001108,clean,2670,0.009805,0.003922,0.029583,0.000000,0.294118
10001109,clean,2680,0.009704,0.003922,0.029401,0.000000,0.301961
10001110,clean,2688,0.009587,0.003922,0.028443,0.000000,0.282353
10001111,clean,2716,0.009159,0.003922,0.027834,0.000000,0.294118
10001112,clean,2666,0.009249,0.003922,0.027973,0.000000,0.294118
10001113,clean,2688,0.009785,0.003922,0.029292,0.000000,0.290196
10001114,clean,2633,0.009863,0.003922,0.029147,0.000000,0.298039
10001115,clean,2686,0.009484,0.003922,0.027386,0.000000,0.298039
10001116,clean,2672,0.009713,0.003922,0.029359,0.000000,0.294118
10001117,clean,2685,0.008899,0.003922,0.026615,0.000000,0.290196
10001118,clean,2710,0.009431,0.003922,0.029079,0.000000,0.301961
10001119,clean,2666,0.009670,0.003922,0.028933,0.000000,0.294118
10001120,clean,2697,0.009921,0.003922,0.029502,0.000000,0.309804
10001121,clean,2699,0.009577,0.003922,0.028172,0.000000,0.301961
10001122,clean,2668,0.009185,0.003922,0.028077,0.000000,0.301961
10001123,clean,2679,0.009412,0.003922,0.028899,0.000000,0.286275
10001124,clean,2645,0.009047,0.003922,0.026684,0.000000,0.301961
10001125,clean,2692,0.009711,0.003922,0.029336,0.000000,0.305882
10001126,clean,2610,0.009648,0.003922,0.028689,0.000000,0.290196
10001127,clean,2697,0.009175,0.003922,0.027451,0.000000,0.290196
10001128,clean,2672,0.009807,0.003922,0.029084,0.000000,0.301961
10001129,clean,2646,0.009432,0.003922,0.028224,0.000000,0.286275
10001130,clean,2694,0.009551,0.003922,0.028456,0.000000,0.290196
10001131,clean,2707,0.009774,0.003922,0.029689,0.000000,0.294118
10001132,clean,2693,0.009869,0.003922,0.028909,0.000000,0.294118
10001133,clean,2699,0.009431,0.003922,0.028039,0.000000,0.290196
10001134,clean,2682,0.009604,0.003922,0.028322,0.000000,0.290196
10001135,clean,2664,0.009814,0.003922,0.029630,0.000000,0.298039
10001136,clean,2693,0.009905,0.003922,0.029643,0.000000,0.290196
10001137,clean,2675,0.009522,0.003922,0.028650,0.000000,0.294118
10001138,clean,2713,0.009699,0.003922,0.029360,0.000000,0.305882
10001139,clean,2660,0.009145,0.003922,0.027742,0.000000,0.305882
10001140,clean,2653,0.009227,0.003922,0.026995,0.000000,0.294118
10001141,clean,2650,0.008756,0.003922,0.025835,0.000000,0.278431
10001142,clean,2667,0.008922,0.003922,0.026048,0.000000,0.278431
10001143,clean,2671,0.009283,0.003922,0.027639,0.000000,0.286275
10001144,clean,2656,0.009238,0.003922,0.027345,0.000000,0.290196
10001145,clean,2641,0.008963,0.003922,0.025908,0.000000,0.294118
10001146,clean,2641,0.008893,0.003922,0.026382,0.000000,0.298039
10001147,clean,2638,0.009698,0.003922,0.028358,0.000000,0.301961
10001148,clean,2674,0.008601,0.003922,0.025149,0.000000,0.305882
10001149,clean,2641,0.009395,0.003922,0.028196,0.000000,0.301961
10001150,clean,2634,0.009625,0.003922,0.028863,0.000000,0.298039
10001151,clean,2652,0.008973,0.003922,0.027427,0.000000,0.290196
10001152,clean,2670,0.009306,0.003922,0.027184,0.000000,0.290196
10001153,clean,2645,0.008894,0.003922,0.026369,0.000000,0.286275
10001154,clean,2674,0.008641,0.003922,0.026243,0.000000,0.282353
10001155,clean,2644,0.008999,0.003922,0.026773,0.000000,0.290196
10001156,clean,2670,0.008754,0.003922,0.026340,0.000000,0.298039
10001157,clean,2669,0.009534,0.003922,0.028619,0.000000,0.294118
10001158,clean,2718,0.010566,0.003922,0.030662,0.000000,0.313726
10001159,clean,2714,0.009797,0.003922,0.029215,0.000000,0.298039
10001160,clean,2696,0.009855,0.003922,0.028585,0.000000,0.298039
10001161,clean,2700,0.010202,0.003922,0.029774,0.000000,0.305882
10001162,clean,2698,0.009946,0.003922,0.028537,0.000000,0.305882
10001163,clean,2713,0.009782,0.003922,0.027327,0.000000,0.243137
10001164,clean,2639,0.009481,0.003922,0.026982,0.000000,0.270588
10001165,clean,2693,0.010333,0.003922,0.030034,0.000000,0.298039
10001166,clean,2693,0.009752,0.003922,0.028915,0.000000,0.313726
10001167,clean,2662,0.010190,0.003922,0.029611,0.000000,0.294118
10001168,clean,2715,0.010287,0.003922,0.029915,0.000000,0.301961
10001169,clean,2684,0.010526,0.003922,0.030904,0.000000,0.298039
10001170,clean,2707,0.010510,0.003922,0.030786,0.000000,0.317647
10001171,clean,2688,0.010210,0.003922,0.030317,0.000000,0.305882
10001172,clean,2729,0.010585,0.003922,0.031007,0.000000,0.305882
10001173,clean,2730,0.011071,0.003922,0.032461,0.000000,0.309804
10001174,clean,2739,0.010336,0.003922,0.030744,0.000000,0.301961
10001175,clean,2701,0.010186,0.003922,0.030452,0.000000,0.298039
10001176,clean,2683,0.010924,0.003922,0.032659,0.000000,0.313726
10001177,clean,2705,0.011088,0.003922,0.032392,0.000000,0.294118
10001178,clean,2670,0.010099,0.003922,0.030211,0.000000,0.286275
10001179,clean,2665,0.010827,0.003922,0.032424,0.000000,0.313726
10001180,clean,2706,0.010043,0.003922,0.030390,0.000000,0.309804
10001181,clean,2675,0.010237,0.003922,0.031017,0.000000,0.313726
10001182,clean,2674,0.009104,0.003922,0.028104,0.000000,0.309804
10001183,clean,2657,0.009200,0.003922,0.028980,0.000000,0.305882
10001184,clean,2649,0.009504,0.003922,0.029239,0.000000,0.313726
10001185,clean,2641,0.009059,0.003922,0.028429,0.000000,0.356863
10001186,clean,2640,0.009663,0.003922,0.030225,0.000000,0.301961
10001187,clean,2633,0.008773,0.003922,0.027573,0.000000,0.305882
10001188,clean,2625,0.009011,0.003922,0.027282,0.000000,0.298039
10001189,clean,2617,0.009171,0.003922,0.027966,0.000000,0.301961
10001190,clean,2615,0.008611,0.003922,0.026742,0.000000,0.294118
10001191,clean,2646,0.008946,0.003922,0.028190,0.000000,0.298039
10001192,clean,2655,0.008753,0.003922,0.027278,0.000000,0.305882
10001193,clean,2706,0.009491,0.003922,0.029717,0.000000,0.309804
10001194,clean,2665,0.009013,0.003922,0.028283,0.000000,0.305882
10001195,clean,2678,0.008915,0.003922,0.028361,0.000000,0.298039
10001196,clean,2648,0.009773,0.003922,0.029953,0.000000,0.313726
10001197,clean,2665,0.009786,0.003922,0.030835,0.000000,0.313726
10001198,clean,2709,0.009020,0.003922,0.028595,0.000000,0.309804
10001199,clean,2696,0.009379,0.003922,0.029157,0.000000,0.313726
10001200,clean,2687,0.009815,0.003922,0.030216,0.000000,0.313726
10001201,clean,2694,0.011669,0.003922,0.034626,0.000000,0.298039
10001202,clean,2681,0.009903,0.003922,0.031066,0.000000,0.305882
10001203,clean,2711,0.010492,0.003922,0.031270,0.000000,0.305882
10001204,clean,2697,0.010229,0.003922,0.031239,0.000000,0.313726
10001205,clean,2707,0.009954,0.003922,0.030222,0.000000,0.298039
10001206,clean,2725,0.010730,0.003922,0.031755,0.000000,0.317647
10001207,clean,2694,0.010874,0.003922,0.032536,0.000000,0.309804
10001208,clean,2703,0.009796,0.003922,0.030200,0.000000,0.313726
10001209,clean,2700,0.009836,0.003922,0.030640,0.000000,0.313726
10001210,clean,2636,0.009725,0.003922,0.030532,0.000000,0.317647
10001211,clean,2696,0.009034,0.003922,0.027524,0.000000,0.298039
10001212,clean,2650,0.009416,0.003922,0.028708,0.000000,0.294118
10001213,clean,2669,0.009283,0.003922,0.029184,0.000000,0.313726
10001214,clean,2643,0.009060,0.003922,0.027296,0.000000,0.305882
10001215,clean,2670,0.008406,0.003922,0.024424,0.000000,0.235294
10001216,clean,2637,0.008646,0.003922,0.025840,0.000000,0.305882
10001217,clean,2579,0.007690,0.003922,0.022563,0.000000,0.266667
10001218,clean,2661,0.008209,0.003922,0.023118,0.000000,0.254902
10001219,clean,2633,0.007465,0.003922,0.020263,0.000000,0.207843
10001220,clean,2640,0.008060,0.003922,0.022382,0.000000,0.274510
10001221,clean,2619,0.008674,0.003922,0.024092,0.000000,0.227451
10001222,clean,2663,0.010550,0.003922,0.031900,0.000000,0.301961
10001223,clean,2686,0.010004,0.003922,0.030287,0.000000,0.305882
10001224,clean,2629,0.009069,0.003922,0.028907,0.000000,0.309804
10001225,clean,2681,0.008800,0.003922,0.027037,0.000000,0.305882
10001226,clean,2626,0.008960,0.003922,0.027584,0.000000,0.282353
10001227,clean,2671,0.009206,0.003922,0.028866,0.000000,0.298039
10001228,clean,2732,0.010928,0.003922,0.032861,0.000000,0.309804
10001229,clean,2689,0.010397,0.003922,0.032023,0.000000,0.294118
10001230,clean,2676,0.010821,0.003922,0.032485,0.000000,0.309804
10001231,clean,2768,0.011063,0.003922,0.033242,0.000000,0.305882
10001232,clean,2801,0.021690,0.003922,0.066866,0.000000,0.501961
10001233,clean,2787,0.021595,0.003922,0.065703,0.000000,0.549020
10001234,clean,2854,0.021552,0.003922,0.065992,0.000000,0.521569
10001235,clean,2871,0.020665,0.003922,0.064271,0.000000,0.513726
10001236,clean,2762,0.022913,0.003922,0.068056,0.000000,0.513726
10001237,clean,2891,0.021805,0.003922,0.067256,0.000000,0.517647
10001238,clean,2795,0.021412,0.003922,0.066153,0.000000,0.529412
10001239,clean,2885,0.020417,0.003922,0.064151,0.000000,0.545098
10001240,clean,2846,0.019933,0.003922,0.063423,0.000000,0.525490
10001241,clean,2946,0.020983,0.003922,0.065435,0.000000,0.525490
10001242,clean,2889,0.022605,0.003922,0.068413,0.000000,0.560784
10001243,clean,2910,0.020849,0.003922,0.065207,0.000000,0.521569
10001244,clean,2906,0.021546,0.003922,0.066699,0.000000,0.537255
10001245,clean,2934,0.021237,0.003922,0.066553,0.000000,0.525490
10001246,clean,2798,0.021194,0.003922,0.064827,0.000000,0.517647
10001247,clean,2765,0.022093,0.003922,0.066515,0.000000,0.533333
10001248,clean,2901,0.021043,0.003922,0.066116,0.000000,0.525490
10001249,clean,2893,0.022022,0.003922,0.067524,0.000000,0.517647
10001250,clean,2808,0.021712,0.003922,0.065953,0.000000,0.517647
10001251,clean,2843,0.021663,0.003922,0.066224,0.000000,0.533333
10001252,clean,2823,0.021937,0.003922,0.067114,0.000000,0.513726
10001253,clean,2828,0.023192,0.003922,0.069213,0.000000,0.552941
10001254,clean,2886,0.021855,0.003922,0.067128,0.000000,0.529412
10001255,clean,2757,0.022531,0.003922,0.068590,0.000000,0.525490
10001256,clean,2854,0.020592,0.003922,0.065006,0.000000,0.529412
10001257,clean,2899,0.021176,0.003922,0.065834,0.000000,0.537255
10001258,clean,2807,0.021969,0.003922,0.067518,0.000000,0.533333
10001259,clean,2976,0.020847,0.003922,0.064765,0.000000,0.529412
10001260,clean,2885,0.021160,0.003922,0.065385,0.000000,0.537255
10001261,clean,2847,0.021239,0.003922,0.065515,0.000000,0.521569
10001262,clean,2836,0.021011,0.003922,0.064287,0.000000,0.513726
10001263,clean,2793,0.020009,0.003922,0.063641,0.000000,0.533333
10001264,clean,2890,0.021889,0.003922,0.067092,0.000000,0.521569
10001265,clean,2873,0.020490,0.003922,0.064524,0.000000,0.533333
10001266,clean,2896,0.020462,0.003922,0.065274,0.000000,0.545098
10001267,clean,2870,0.022067,0.003922,0.066798,0.000000,0.556863
10001268,clean,2886,0.022395,0.003922,0.069057,0.000000,0.533333
10001269,clean,2915,0.023243,0.003922,0.070223,0.000000,0.552941
10001270,clean,2756,0.023026,0.003922,0.069820,0.000000,0.670588
10001271,clean,2870,0.021081,0.003922,0.065566,0.000000,0.533333
10001272,clean,2856,0.020684,0.003922,0.065089,0.000000,0.537255
10001273,clean,2812,0.020703,0.003922,0.063905,0.000000,0.533333
10001274,clean,2865,0.022266,0.003922,0.069123,0.000000,0.505882
10001275,clean,2784,0.022711,0.003922,0.068967,0.000000,0.552941
10001276,clean,2866,0.020522,0.003922,0.064048,0.000000,0.525490
10001277,clean,2820,0.021510,0.003922,0.066005,0.000000,0.517647
10001278,clean,2804,0.023429,0.003922,0.071066,0.000000,0.533333
10001279,clean,2846,0.022204,0.003922,0.067544,0.000000,0.529412
10001280,clean,2874,0.022243,0.003922,0.067147,0.000000,0.533333
10001281,clean,2883,0.022094,0.003922,0.067813,0.000000,0.529412
10001282,clean,2933,0.021009,0.003922,0.065397,0.000000,0.560784
10001283,clean,2826,0.020557,0.003922,0.063421,0.000000,0.498039
10001284,clean,2853,0.020441,0.003922,0.062663,0.000000,0.513726
10001285,clean,2862,0.022610,0.003922,0.069579,0.000000,0.529412
10001286,clean,2860,0.020077,0.003922,0.062830,0.000000,0.549020
10001287,clean,2917,0.022598,0.003922,0.069023,0.000000,0.525490
10001288,clean,2894,0.019140,0.003922,0.059926,0.000000,0.513726
10001289,clean,2900,0.022356,0.003922,0.067871,0.000000,0.505882
10001290,clean,2888,0.020113,0.003922,0.063735,0.000000,0.521569
10001291,clean,2874,0.021574,0.003922,0.066532,0.000000,0.556863
10001292,clean,2918,0.021516,0.003922,0.066043,0.000000,0.533333
10001293,clean,2818,0.021613,0.003922,0.066280,0.000000,0.529412
10001294,clean,2913,0.021585,0.003922,0.065469,0.000000,0.513726
10001295,clean,2870,0.021019,0.003922,0.065730,0.000000,0.505882
10001296,clean,2831,0.021978,0.003922,0.065403,0.000000,0.513726
10001297,clean,2868,0.019669,0.003922,0.061690,0.000000,0.537255
10001298,clean,2892,0.021822,0.003922,0.068195,0.000000,0.556863
10001299,clean,2829,0.022387,0.003922,0.068315,0.000000,0.545098
10001300,clean,2822,0.022119,0.003922,0.067360,0.000000,0.521569
10001301,clean,2904,0.021768,0.003922,0.066740,0.000000,0.505882
10001302,clean,2859,0.022974,0.003922,0.070187,0.000000,0.529412
10001303,clean,2828,0.020762,0.003922,0.064491,0.000000,0.552941
10001304,clean,2857,0.022445,0.003922,0.068270,0.000000,0.517647
10001305,clean,2880,0.022496,0.003922,0.068381,0.000000,0.533333
10001306,clean,2818,0.023728,0.003922,0.071194,0.000000,0.541176
10001307,clean,2901,0.020541,0.003922,0.064203,0.000000,0.541176
10001308,clean,2920,0.020647,0.003922,0.063153,0.000000,0.556863
10001309,clean,2934,0.020713,0.003922,0.064000,0.000000,0.533333
10001310,clean,2847,0.022781,0.003922,0.069041,0.000000,0.517647
10001311,clean,2896,0.019801,0.003922,0.060542,0.000000,0.533333
10001312,clean,2820,0.022318,0.003922,0.067935,0.000000,0.517647
10001313,clean,2860,0.019340,0.003922,0.058952,0.000000,0.560784
10001314,clean,2872,0.020195,0.003922,0.064144,0.000000,0.521569
10001315,clean,2834,0.021952,0.003922,0.067971,0.000000,0.545098
10001316,clean,2786,0.021076,0.003922,0.064461,0.000000,0.549020
10001317,clean,2878,0.024036,0.003922,0.072448,0.000000,0.556863
10001318,clean,2875,0.021243,0.003922,0.066212,0.000000,0.521569
10001319,clean,2874,0.021439,0.003922,0.067132,0.000000,0.525490
10001320,clean,2794,0.021479,0.003922,0.065410,0.000000,0.549020
10001321,clean,2915,0.020009,0.003922,0.062687,0.000000,0.533333
10001322,clean,2832,0.021182,0.003922,0.065264,0.000000,0.533333
10001323,clean,2833,0.022138,0.003922,0.066762,0.000000,0.525490
10001324,clean,2873,0.021954,0.003922,0.068052,0.000000,0.525490
10001325,clean,2817,0.019812,0.003922,0.062080,0.000000,0.525490
10001326,clean,2817,0.022019,0.003922,0.067692,0.000000,0.509804
10001327,clean,2896,0.021134,0.003922,0.066143,0.000000,0.549020
10001328,clean,2877,0.021756,0.003922,0.067572,0.000000,0.513726
10001329,clean,2911,0.022507,0.003922,0.070311,0.000000,0.517647
10001330,clean,2849,0.020158,0.003922,0.063367,0.000000,0.533333
10001331,clean,2825,0.020981,0.003922,0.064423,0.000000,0.517647
10001332,clean,2894,0.020849,0.003922,0.064892,0.000000,0.537255
10001333,clean,2916,0.021444,0.003922,0.067454,0.000000,0.541176
10001334,clean,2842,0.022655,0.003922,0.068692,0.000000,0.541176
10001335,clean,2849,0.021872,0.003922,0.066867,0.000000,0.521569
10001336,clean,2853,0.020569,0.003922,0.064238,0.000000,0.529412
10001337,clean,2833,0.022220,0.003922,0.068375,0.000000,0.517647
10001338,clean,2858,0.021304,0.003922,0.065372,0.000000,0.517647
10001339,clean,2796,0.023179,0.003922,0.069098,0.000000,0.513726
10001340,clean,2847,0.020960,0.003922,0.065498,0.000000,0.533333
10001341,clean,2785,0.023003,0.003922,0.070479,0.000000,0.517647
10001342,clean,2742,0.021464,0.003922,0.065945,0.000000,0.537255
10001343,clean,2897,0.020518,0.003922,0.064967,0.000000,0.533333
10001344,clean,2833,0.021817,0.003922,0.067980,0.000000,0.533333
10001345,clean,2879,0.022327,0.003922,0.069033,0.000000,0.517647
10001346,clean,2892,0.021612,0.003922,0.068009,0.000000,0.529412
10001347,clean,2886,0.019742,0.003922,0.063752,0.000000,0.517647
10001348,clean,2815,0.021615,0.003922,0.067047,0.000000,0.533333
10001349,clean,2894,0.021035,0.003922,0.066200,0.000000,0.541176
10001350,clean,2836,0.021051,0.003922,0.064522,0.000000,0.501961
10001351,clean,2882,0.020831,0.003922,0.065961,0.000000,0.513726
10001352,clean,2910,0.021388,0.003922,0.066697,0.000000,0.529412
10001353,clean,2837,0.021397,0.003922,0.066026,0.000000,0.513726
10001354,clean,2889,0.020663,0.003922,0.064005,0.000000,0.537255
10001355,clean,2848,0.021279,0.003922,0.065107,0.000000,0.545098
10001356,clean,2807,0.021771,0.003922,0.067013,0.000000,0.537255
10001357,clean,2859,0.021490,0.003922,0.067423,0.000000,0.533333
10001358,clean,2894,0.021386,0.003922,0.066732,0.000000,0.521569
10001359,clean,2892,0.021593,0.003922,0.066397,0.000000,0.537255
10001360,clean,2781,0.022239,0.003922,0.066872,0.000000,0.529412
10001361,clean,2900,0.021083,0.003922,0.066074,0.000000,0.537255
10001362,clean,2885,0.021530,0.003922,0.066446,0.000000,0.517647
10001363,clean,2864,0.020544,0.003922,0.064359,0.000000,0.537255
10001364,clean,2871,0.022124,0.003922,0.067852,0.000000,0.521569
10001365,clean,2884,0.020296,0.003922,0.064864,0.000000,0.529412
10001366,clean,2826,0.021398,0.003922,0.065660,0.000000,0.513726
10001367,clean,2944,0.020783,0.003922,0.063827,0.000000,0.513726
10001368,clean,2822,0.021613,0.003922,0.065790,0.000000,0.517647
10001369,clean,2869,0.020346,0.003922,0.065098,0.000000,0.486275
10001370,clean,2915,0.021018,0.003922,0.065424,0.000000,0.533333
10001371,clean,2845,0.020740,0.003922,0.064911,0.000000,0.537255
10001372,clean,2862,0.022240,0.003922,0.067909,0.000000,0.501961
10001373,clean,2828,0.020691,0.003922,0.064430,0.000000,0.529412
10001374,clean,2824,0.022034,0.003922,0.068022,0.000000,0.521569
10001375,clean,2891,0.020236,0.003922,0.063482,0.000000,0.509804
10001376,clean,2831,0.020979,0.003922,0.064726,0.000000,0.525490
10001377,clean,2820,0.021413,0.003922,0.065978,0.000000,0.529412
10001378,clean,2887,0.021217,0.003922,0.065400,0.000000,0.498039
10001379,clean,2857,0.020629,0.003922,0.064783,0.000000,0.525490
10001380,clean,2846,0.020935,0.003922,0.065042,0.000000,0.513726
10001381,clean,2918,0.021507,0.003922,0.065869,0.000000,0.517647
10001382,clean,2856,0.021742,0.003922,0.065840,0.000000,0.525490
10001383,clean,2882,0.019963,0.003922,0.063315,0.000000,0.498039
10001384,clean,2841,0.022433,0.003922,0.068292,0.000000,0.560784
10001385,clean,2849,0.020884,0.003922,0.063755,0.000000,0.509804
10001386,clean,2846,0.021089,0.003922,0.065660,0.000000,0.572549
10001387,clean,2890,0.020930,0.003922,0.065591,0.000000,0.533333
10001388,clean,2875,0.022524,0.003922,0.068327,0.000000,0.529412
10001389,clean,2821,0.021505,0.003922,0.066945,0.000000,0.537255
10001390,clean,2870,0.020753,0.003922,0.064726,0.000000,0.541176
10001391,clean,2871,0.021022,0.003922,0.063657,0.000000,0.537255
10001392,clean,2874,0.021580,0.003922,0.066715,0.000000,0.494118
10001393,clean,2838,0.020032,0.003922,0.063310,0.000000,0.509804
10001394,clean,2895,0.020181,0.003922,0.062438,0.000000,0.529412
10001395,clean,2851,0.020990,0.003922,0.064374,0.000000,0.509804
10001396,clean,2820,0.020940,0.003922,0.065066,0.000000,0.501961
10001397,clean,2854,0.021615,0.003922,0.066504,0.000000,0.525490
10001398,clean,2852,0.021592,0.003922,0.066492,0.000000,0.517647
10001399,clean,2894,0.021567,0.003922,0.065737,0.000000,0.533333
10001400,clean,2875,0.021861,0.003922,0.065855,0.000000,0.505882
10001401,clean,2812,0.021138,0.003922,0.066296,0.000000,0.521569
10001402,clean,2855,0.020431,0.003922,0.063689,0.000000,0.501961
10001403,clean,2867,0.020679,0.003922,0.063448,0.000000,0.529412
10001404,clean,2869,0.022037,0.003922,0.067228,0.000000,0.513726
10001405,clean,2911,0.020333,0.003922,0.064120,0.000000,0.498039
10001406,clean,2827,0.022191,0.003922,0.068033,0.000000,0.517647
10001407,clean,2888,0.021368,0.003922,0.066464,0.000000,0.545098
10001408,clean,2850,0.021987,0.003922,0.067567,0.000000,0.533333
10001409,clean,2820,0.021449,0.003922,0.066347,0.000000,0.521569
10001410,clean,2868,0.021060,0.003922,0.066044,0.000000,0.509804
10001411,clean,2842,0.021489,0.003922,0.064901,0.000000,0.517647
10001412,clean,2892,0.020724,0.003922,0.064642,0.000000,0.545098
10001413,clean,2865,0.021426,0.003922,0.066207,0.000000,0.545098
10001414,clean,2817,0.023811,0.003922,0.071134,0.000000,0.549020
10001415,clean,2839,0.021645,0.003922,0.066325,0.000000,0.529412
10001416,clean,2884,0.021174,0.003922,0.066628,0.000000,0.537255
10001417,clean,2868,0.021384,0.003922,0.066114,0.000000,0.517647
10001418,clean,2820,0.022450,0.003922,0.068728,0.000000,0.549020
10001419,clean,2848,0.020663,0.003922,0.065291,0.000000,0.537255
10001420,clean,2845,0.021873,0.003922,0.067966,0.000000,0.560784
10001421,clean,2897,0.021385,0.003922,0.066013,0.000000,0.545098
10001422,clean,2860,0.021733,0.003922,0.067215,0.000000,0.521569
10001423,clean,2857,0.021377,0.003922,0.065566,0.000000,0.517647
10001424,clean,2861,0.020274,0.003922,0.063738,0.000000,0.533333
10001425,clean,2869,0.020629,0.003922,0.064189,0.000000,0.517647
10001426,clean,2845,0.021571,0.003922,0.066734,0.000000,0.533333
10001427,clean,2805,0.022795,0.003922,0.070205,0.000000,0.545098
10001428,clean,2820,0.022034,0.003922,0.067293,0.000000,0.517647
10001429,clean,2816,0.021133,0.003922,0.066117,0.000000,0.537255
10001430,clean,2882,0.020390,0.003922,0.063664,0.000000,0.509804
10001431,clean,2861,0.021541,0.003922,0.066594,0.000000,0.505882
10001432,clean,2796,0.021182,0.003922,0.065584,0.000000,0.533333
10001433,clean,2810,0.024103,0.003922,0.070782,0.000000,0.572549
10001434,clean,2819,0.023027,0.003922,0.070668,0.000000,0.541176
10001435,clean,2755,0.023991,0.003922,0.070202,0.000000,0.568627
10001436,clean,2926,0.021083,0.003922,0.068719,0.000000,0.572549
10001437,clean,2837,0.024352,0.003922,0.074260,0.000000,0.537255
10001438,clean,2908,0.020173,0.003922,0.065441,0.000000,0.568627
10001439,clean,2829,0.024051,0.003922,0.072812,0.000000,0.541176
10001440,clean,2857,0.024984,0.003922,0.072130,0.000000,0.545098
10001441,clean,2833,0.022530,0.003922,0.071494,0.000000,0.568627
10001442,clean,2832,0.023280,0.003922,0.070804,0.000000,0.560784
10001443,clean,2828,0.022158,0.003922,0.066774,0.000000,0.568627
10001444,clean,2819,0.019868,0.003922,0.064192,0.000000,0.568627
10001445,clean,2859,0.022427,0.003922,0.070221,0.000000,0.564706
10001446,clean,2891,0.020445,0.003922,0.067015,0.000000,0.560784
10001447,clean,2822,0.023183,0.003922,0.072440,0.000000,0.560784
10001448,clean,2830,0.020962,0.003922,0.066258,0.000000,0.537255
10001449,clean,2852,0.019186,0.003922,0.058907,0.000000,0.549020
10001450,clean,2837,0.022482,0.003922,0.070141,0.000000,0.572549
10001451,clean,2784,0.023389,0.003922,0.072233,0.000000,0.541176
10001452,clean,2830,0.019220,0.003922,0.058957,0.000000,0.556863
10001453,clean,2781,0.022153,0.003922,0.066690,0.000000,0.556863
10001454,clean,2801,0.026789,0.003922,0.079368,0.000000,0.580392
10001455,clean,2868,0.021745,0.003922,0.064637,0.000000,0.552941
10001456,clean,2845,0.020913,0.003922,0.064239,0.000000,0.498039
10001457,clean,2738,0.022637,0.003922,0.071823,0.000000,0.580392
10001458,clean,2820,0.025617,0.003922,0.075377,0.000000,0.588235
10001459,clean,2816,0.026631,0.003922,0.077140,0.000000,0.541176
10001460,clean,2869,0.020235,0.003922,0.067071,0.000000,0.552941
10001461,clean,2812,0.020836,0.003922,0.066202,0.000000,0.572549
10001462,clean,2825,0.022601,0.003922,0.069084,0.000000,0.568627
10001463,clean,2840,0.022897,0.003922,0.068187,0.000000,0.572549
10001464,clean,2815,0.024431,0.003922,0.070610,0.000000,0.556863
10001465,clean,2862,0.025063,0.003922,0.071864,0.000000,0.560784
10001466,clean,2822,0.023803,0.003922,0.071202,0.000000,0.549020
10001467,clean,2886,0.022842,0.003922,0.070049,0.000000,0.564706
10001468,clean,2868,0.021951,0.003922,0.068182,0.000000,0.560784
10001469,clean,2853,0.022977,0.003922,0.069650,0.000000,0.545098
10001470,clean,2855,0.021255,0.003922,0.065185,0.000000,0.537255
10001471,clean,2818,0.022546,0.003922,0.070518,0.000000,0.545098
10001472,clean,2782,0.024829,0.003922,0.073446,0.000000,0.549020
10001473,clean,2819,0.024328,0.003922,0.073474,0.000000,0.560784
10001474,clean,2924,0.022184,0.003922,0.068250,0.000000,0.568627
10001475,clean,2887,0.022960,0.003922,0.070361,0.000000,0.529412
10001476,clean,2886,0.023725,0.003922,0.072343,0.000000,0.596078
10001477,clean,2864,0.022704,0.003922,0.069791,0.000000,0.552941
10001478,clean,2828,0.024636,0.003922,0.073050,0.000000,0.592157
10001479,clean,2835,0.022838,0.003922,0.070423,0.000000,0.600000
10001480,clean,2821,0.023753,0.003922,0.070373,0.000000,0.525490
10001481,clean,2851,0.022545,0.003922,0.069554,0.000000,0.537255
10001482,clean,2864,0.022571,0.003922,0.066999,0.000000,0.541176
10001483,clean,2795,0.023492,0.003922,0.071223,0.000000,0.564706
10001484,clean,2827,0.022585,0.003922,0.068695,0.000000,0.545098
10001485,clean,2820,0.024069,0.003922,0.072306,0.000000,0.537255
10001486,clean,2831,0.023906,0.003922,0.073018,0.000000,0.541176
10001487,clean,2844,0.023681,0.003922,0.072791,0.000000,0.552941
10001488,clean,2766,0.024149,0.003922,0.072109,0.000000,0.572549
10001489,clean,2833,0.024021,0.003922,0.070780,0.000000,0.568627
10001490,clean,2834,0.024192,0.003922,0.071746,0.000000,0.568627
10001491,clean,2818,0.021594,0.003922,0.064844,0.000000,0.525490
10001492,clean,2804,0.023359,0.003922,0.069208,0.000000,0.525490
10001493,clean,2833,0.023709,0.003922,0.071577,0.000000,0.556863
10001494,clean,2861,0.023520,0.003922,0.070355,0.000000,0.545098
10001495,clean,2872,0.022791,0.003922,0.066492,0.000000,0.509804
10001496,clean,2823,0.020901,0.003922,0.062929,0.000000,0.513726
10001497,clean,2828,0.022078,0.003922,0.067748,0.000000,0.564706
10001498,clean,2850,0.023814,0.003922,0.070735,0.000000,0.541176
10001499,clean,2815,0.022135,0.003922,0.066565,0.000000,0.529412
10001500,clean,2803,0.023531,0.003922,0.070734,0.000000,0.564706
10001501,clean,2816,0.022379,0.003922,0.068756,0.000000,0.552941
10001502,clean,2844,0.022590,0.003922,0.070747,0.000000,0.560784
10001503,clean,2837,0.019996,0.003922,0.060903,0.000000,0.537255
10001504,clean,2808,0.022043,0.003922,0.068717,0.000000,0.533333
10001505,clean,2850,0.021503,0.003922,0.066743,0.000000,0.549020
10001506,clean,2840,0.021083,0.003922,0.064972,0.000000,0.568627
10001507,clean,2809,0.021395,0.003922,0.066485,0.000000,0.580392
10001508,clean,2829,0.022569,0.003922,0.068532,0.000000,0.541176
10001509,clean,2823,0.021900,0.003922,0.068373,0.000000,0.545098
10001510,clean,2857,0.019660,0.003922,0.061386,0.000000,0.552941
10001511,clean,2845,0.022060,0.003922,0.067309,0.000000,0.552941
10001512,clean,2781,0.025157,0.003922,0.076638,0.000000,0.549020
10001513,clean,2847,0.021164,0.003922,0.065865,0.000000,0.549020
10001514,clean,2817,0.022868,0.003922,0.069736,0.000000,0.552941
10001515,clean,2856,0.021880,0.003922,0.068368,0.000000,0.560784
10001516,clean,2870,0.020209,0.003922,0.062341,0.000000,0.501961
10001517,clean,2863,0.021715,0.003922,0.066090,0.000000,0.517647
10001518,clean,2849,0.020983,0.003922,0.063485,0.000000,0.505882
10001519,clean,2826,0.020797,0.003922,0.064154,0.000000,0.509804
10001520,clean,2855,0.022608,0.003922,0.070481,0.000000,0.549020
10001521,clean,2864,0.020820,0.003922,0.063577,0.000000,0.517647
10001522,clean,2836,0.022087,0.003922,0.067690,0.000000,0.576471
10001523,clean,2820,0.020794,0.003922,0.062920,0.000000,0.533333
10001524,clean,2822,0.023032,0.003922,0.070083,0.000000,0.556863
10001525,clean,2856,0.018461,0.003922,0.056530,0.000000,0.494118
10001526,clean,2843,0.021642,0.003922,0.066251,0.000000,0.533333
10001527,clean,2859,0.022199,0.003922,0.068581,0.000000,0.560784
10001528,clean,2858,0.022157,0.003922,0.068501,0.000000,0.533333
10001529,clean,2812,0.022054,0.003922,0.066334,0.000000,0.545098
10001530,clean,2847,0.021434,0.003922,0.066131,0.000000,0.533333
10001531,clean,2885,0.021443,0.003922,0.065720,0.000000,0.537255
10001532,clean,2875,0.022082,0.003922,0.067904,0.000000,0.556863
10001533,clean,2826,0.021642,0.003922,0.066345,0.000000,0.545098
10001534,clean,2864,0.021262,0.003922,0.066795,0.000000,0.533333
10001535,clean,2860,0.022166,0.003922,0.068346,0.000000,0.549020
10001536,clean,2821,0.022394,0.003922,0.068555,0.000000,0.545098
10001537,clean,2837,0.021691,0.003922,0.065991,0.000000,0.525490
10001538,clean,2855,0.022914,0.003922,0.070859,0.000000,0.541176
10001539,clean,2862,0.020497,0.003922,0.064432,0.000000,0.549020
10001540,clean,2831,0.020744,0.003922,0.064573,0.000000,0.521569
10001541,clean,2854,0.021328,0.003922,0.066820,0.000000,0.576471
10001542,clean,2852,0.021732,0.003922,0.067669,0.000000,0.537255
10001543,clean,2840,0.021603,0.003922,0.066059,0.000000,0.529412
10001544,clean,2877,0.021715,0.003922,0.066540,0.000000,0.529412
10001545,clean,2854,0.021151,0.003922,0.066705,0.000000,0.533333
10001546,clean,2801,0.021718,0.003922,0.065893,0.000000,0.529412
10001547,clean,2880,0.021039,0.003922,0.065410,0.000000,0.560784
10001548,clean,2867,0.021610,0.003922,0.066977,0.000000,0.545098
10001549,clean,2814,0.020990,0.003922,0.065563,0.000000,0.533333
10001550,clean,2849,0.021981,0.003922,0.067860,0.000000,0.541176
10001551,clean,2825,0.021666,0.003922,0.066538,0.000000,0.525490
10001552,clean,2859,0.022106,0.003922,0.067562,0.000000,0.537255
10001553,clean,2857,0.020979,0.003922,0.066256,0.000000,0.541176
10001554,clean,2870,0.021492,0.003922,0.066507,0.000000,0.533333
10001555,clean,2810,0.021059,0.003922,0.065366,0.000000,0.529412
10001556,clean,2851,0.021843,0.003922,0.067520,0.000000,0.549020
10001557,clean,2855,0.021775,0.003922,0.067125,0.000000,0.556863
10001558,clean,2881,0.021658,0.003922,0.067457,0.000000,0.549020
10001559,clean,2822,0.022275,0.003922,0.066900,0.000000,0.533333
10001560,clean,2837,0.021806,0.003922,0.066170,0.000000,0.537255
10001561,clean,2820,0.022098,0.003922,0.067462,0.000000,0.521569
10001562,clean,2839,0.022752,0.003922,0.069452,0.000000,0.545098
10001563,clean,2850,0.021408,0.003922,0.065631,0.000000,0.560784
10001564,clean,2872,0.022391,0.003922,0.068668,0.000000,0.529412
10001565,clean,2854,0.020864,0.003922,0.066125,0.000000,0.533333
10001566,clean,2823,0.020543,0.003922,0.063394,0.000000,0.560784
10001567,clean,2829,0.021173,0.003922,0.062975,0.000000,0.533333
10001568,clean,2841,0.021375,0.003922,0.064389,0.000000,0.529412
10001569,clean,2873,0.019769,0.003922,0.062160,0.000000,0.521569
10001570,clean,2884,0.020648,0.003922,0.064455,0.000000,0.517647
10001571,clean,2813,0.020448,0.003922,0.063774,0.000000,0.533333
10001572,clean,2809,0.020496,0.003922,0.063882,0.000000,0.541176
10001573,clean,2810,0.020726,0.003922,0.065417,0.000000,0.521569
10001574,clean,2874,0.021005,0.003922,0.065675,0.000000,0.521569
10001575,clean,2832,0.020379,0.003922,0.064663,0.000000,0.560784
10001576,clean,2835,0.020355,0.003922,0.064976,0.000000,0.533333
10001577,clean,2844,0.020543,0.003922,0.064519,0.000000,0.513726
10001578,clean,2857,0.020500,0.003922,0.063908,0.000000,0.572549
10001579,clean,2816,0.020743,0.003922,0.064196,0.000000,0.556863
10001580,clean,2833,0.019980,0.003922,0.063648,0.000000,0.564706
10001581,clean,2870,0.019814,0.003922,0.062057,0.000000,0.541176
10001582,clean,2871,0.021450,0.003922,0.066651,0.000000,0.549020
10001583,clean,2846,0.021592,0.003922,0.067340,0.000000,0.549020
10001584,clean,2804,0.021289,0.003922,0.066907,0.000000,0.521569
10001585,clean,2834,0.020781,0.003922,0.064644,0.000000,0.529412
10001586,clean,2859,0.021169,0.003922,0.065940,0.000000,0.541176
10001587,clean,2881,0.021092,0.003922,0.066026,0.000000,0.549020
10001588,clean,2858,0.020035,0.003922,0.063284,0.000000,0.552941
10001589,clean,2894,0.021326,0.003922,0.066995,0.000000,0.568627
10001590,clean,2854,0.020436,0.003922,0.065201,0.000000,0.549020
10001591,clean,2866,0.020530,0.003922,0.065517,0.000000,0.545098
10001592,clean,2839,0.019659,0.003922,0.061570,0.000000,0.545098
10001593,clean,2808,0.021143,0.003922,0.065774,0.000000,0.564706
10001594,clean,2835,0.020696,0.003922,0.065541,0.000000,0.600000
10001595,clean,2844,0.019844,0.003922,0.063103,0.000000,0.545098
10001596,clean,2816,0.020700,0.003922,0.064080,0.000000,0.556863
10001597,clean,2834,0.020864,0.003922,0.065459,0.000000,0.552941
10001598,clean,2888,0.019836,0.003922,0.062693,0.000000,0.552941
10001599,clean,2807,0.020128,0.003922,0.062006,0.000000,0.533333
10001600,clean,2846,0.021633,0.003922,0.066152,0.000000,0.549020
10001601,clean,2855,0.020681,0.003922,0.065447,0.000000,0.549020
10001602,clean,2841,0.021129,0.003922,0.065485,0.000000,0.545098
10001603,clean,2855,0.020498,0.003922,0.065022,0.000000,0.537255
10001604,clean,2791,0.020282,0.003922,0.064460,0.000000,0.541176
10001605,clean,2875,0.019900,0.003922,0.063089,0.000000,0.533333
10001606,clean,2892,0.018920,0.003922,0.060758,0.000000,0.537255
10001607,clean,2816,0.021140,0.003922,0.065994,0.000000,0.568627
10001608,clean,2833,0.020416,0.003922,0.064303,0.000000,0.572549
10001609,clean,2858,0.020456,0.003922,0.064894,0.000000,0.576471
10001610,clean,2829,0.020367,0.003922,0.064808,0.000000,0.537255
10001611,clean,2808,0.019796,0.003922,0.061240,0.000000,0.513726
10001612,clean,2801,0.019770,0.003922,0.062638,0.000000,0.545098
10001613,clean,2891,0.020838,0.003922,0.066282,0.000000,0.549020
10001614,clean,2869,0.021840,0.003922,0.067293,0.000000,0.552941
10001615,clean,2893,0.019430,0.003922,0.062309,0.000000,0.568627
10001616,clean,2833,0.020732,0.003922,0.064737,0.000000,0.545098
10001617,clean,2832,0.020561,0.003922,0.064885,0.000000,0.556863
10001618,clean,2846,0.020228,0.003922,0.063753,0.000000,0.576471
10001619,clean,2804,0.020269,0.003922,0.062587,0.000000,0.521569
10001620,clean,2818,0.020032,0.003922,0.062577,0.000000,0.533333
10001621,clean,2859,0.020034,0.003922,0.061643,0.000000,0.525490
10001622,clean,2814,0.020001,0.003922,0.062819,0.000000,0.513726
10001623,clean,2812,0.020514,0.003922,0.063491,0.000000,0.509804
10001624,clean,2816,0.020666,0.003922,0.063544,0.000000,0.513726
10001625,clean,2830,0.020267,0.003922,0.063385,0.000000,0.533333
10001626,clean,2860,0.019545,0.003922,0.060921,0.000000,0.525490
10001627,clean,2798,0.020527,0.003922,0.063591,0.000000,0.521569
10001628,clean,2845,0.019731,0.003922,0.062085,0.000000,0.560784
10001629,clean,2777,0.021374,0.003922,0.066142,0.000000,0.545098
10001630,clean,2811,0.020671,0.003922,0.065367,0.000000,0.556863
10001631,clean,2869,0.019775,0.003922,0.062888,0.000000,0.537255
10001632,clean,0,0.000000,0.000000,0.000000,0.000000,0.000000
10001633,clean,0,0.000000,0.000000,0.000000,0.000000,0.000000
10001634,clean,0,0.000000,0.000000,0.000000,0.000000,0.000000
10001635,clean,0,0.000000,0.000000,0.000000,0.000000,0.000000
10001636,clean,0,0.000000,0.000000,0.000000,0.000000,0.000000
10001637,clean,0,0.000000,0.000000,0.000000,0.000000,0.000000
10001638,clean,0,0.000000,0.000000,0.000000,0.000000,0.000000
10001639,clean,0,0.000000,0.000000,0.000000,0.000000,0.000000
10001640,clean,0,0.000000,0.000000,0.000000,0.000000,0.000000
10001641,clean,0,0.000000,0.000000,0.000000,0.000000,0.000000
10001642,clean,0,0.000000,0.000000,0.000000,0.000000,0.000000
10001643,clean,0,0.000000,0.000000,0.000000,0.000000,0.000000
10001644,clean,0,0.000000,0.000000,0.000000,0.000000,0.000000
10001645,clean,0,0.000000,0.000000,0.000000,0.000000,0.000000
10001646,clean,0,0.000000,0.000000,0.000000,0.000000,0.000000
10001647,clean,0,0.000000,0.000000,0.000000,0.000000,0.000000
10001648,clean,0,0.000000,0.000000,0.000000,0.000000,0.000000
10001649,clean,0,0.000000,0.000000,0.000000,0.000000,0.000000
10001650,clean,0,0.000000,0.000000,0.000000,0.000000,0.000000
10001651,clean,0,0.000000,0.000000,0.000000,0.000000,0.000000
10001652,clean,0,0.000000,0.000000,0.000000,0.000000,0.000000
10001653,clean,0,0.000000,0.000000,0.000000,0.000000,0.000000
10001654,clean,0,0.000000,0.000000,0.000000,0.000000,0.000000
10001655,clean,0,0.000000,0.000000,0.000000,0.000000,0.000000
10001656,clean,0,0.000000,0.000000,0.000000,0.000000,0.000000
10001657,clean,0,0.000000,0.000000,0.000000,0.000000,0.000000
10001658,clean,0,0.000000,0.000000,0.000000,0.000000,0.000000
10001659,clean,0,0.000000,0.000000,0.000000,0.000000,0.000000
10001660,clean,0,0.000000,0.000000,0.000000,0.000000,0.000000
10001661,clean,0,0.000000,0.000000,0.000000,0.000000,0.000000
10001662,clean,0,0.000000,0.000000,0.000000,0.000000,0.000000
10001663,clean,0,0.000000,0.000000,0.000000,0.000000,0.000000
10001664,clean,0,0.000000,0.000000,0.000000,0.000000,0.000000
10001665,clean,0,0.000000,0.000000,0.000000,0.000000,0.000000
10001666,clean,0,0.000000,0.000000,0.000000,0.000000,0.000000
10001667,clean,0,0.000000,0.000000,0.000000,0.000000,0.000000
10001668,clean,0,0.000000,0.000000,0.000000,0.000000,0.000000
10001669,clean,0,0.000000,0.000000,0.000000,0.000000,0.000000
10001670,clean,0,0.000000,0.000000,0.000000,0.000000,0.000000
10001671,clean,0,0.000000,0.000000,0.000000,0.000000,0.000000
10001672,clean,0,0.000000,0.000000,0.000000,0.000000,0.000000
10001673,clean,0,0.000000,0.000000,0.000000,0.000000,0.000000
10001674,clean,0,0.000000,0.000000,0.000000,0.000000,0.000000
10001675,clean,0,0.000000,0.000000,0.000000,0.000000,0.000000
10001676,clean,0,0.000000,0.000000,0.000000,0.000000,0.000000
10001677,clean,0,0.000000,0.000000,0.000000,0.000000,0.000000
10001678,clean,0,0.000000,0.000000,0.000000,0.000000,0.000000
10001679,clean,0,0.000000,0.000000,0.000000,0.000000,0.000000
10001680,clean,0,0.000000,0.000000,0.000000,0.000000,0.000000
10001681,clean,0,0.000000,0.000000,0.000000,0.000000,0.000000
10001682,clean,0,0.000000,0.000000,0.000000,0.000000,0.000000
10001683,clean,0,0.000000,0.000000,0.000000,0.000000,0.000000
10001684,clean,0,0.000000,0.000000,0.000000,0.000000,0.000000
10001685,clean,0,0.000000,0.000000,0.000000,0.000000,0.000000
10001686,clean,0,0.000000,0.000000,0.000000,0.000000,0.000000
10001687,clean,0,0.000000,0.000000,0.000000,0.000000,0.000000
10001688,clean,0,0.000000,0.000000,0.000000,0.000000,0.000000
10001689,clean,0,0.000000,0.000000,0.000000,0.000000,0.000000
10001690,clean,0,0.000000,0.000000,0.000000,0.000000,0.000000
10001691,clean,0,0.000000,0.000000,0.000000,0.000000,0.000000
10001692,clean,0,0.000000,0.000000,0.000000,0.000000,0.000000
10001693,clean,0,0.000000,0.000000,0.000000,0.000000,0.000000
10001694,clean,0,0.000000,0.000000,0.000000,0.000000,0.000000
10001695,clean,0,0.000000,0.000000,0.000000,0.000000,0.000000
10001696,clean,0,0.000000,0.000000,0.000000,0.000000,0.000000
10001697,clean,0,0.000000,0.000000,0.000000,0.000000,0.000000
10001698,clean,0,0.000000,0.000000,0.000000,0.000000,0.000000
10001699,clean,0,0.000000,0.000000,0.000000,0.000000,0.000000
10001700,clean,0,0.000000,0.000000,0.000000,0.000000,0.000000
10001701,clean,0,0.000000,0.000000,0.000000,0.000000,0.000000
10001702,clean,0,0.000000,0.000000,0.000000,0.000000,0.000000
10001703,clean,0,0.000000,0.000000,0.000000,0.000000,0.000000
10001704,clean,0,0.000000,0.000000,0.000000,0.000000,0.000000
10001705,clean,0,0.000000,0.000000,0.000000,0.000000,0.000000
10001706,clean,0,0.000000,0.000000,0.000000,0.000000,0.000000
10001707,clean,0,0.000000,0.000000,0.000000,0.000000,0.000000
10001708,clean,0,0.000000,0.000000,0.000000,0.000000,0.000000
10001709,clean,0,0.000000,0.000000,0.000000,0.000000,0.000000
10001710,clean,0,0.000000,0.000000,0.000000,0.000000,0.000000
10001711,clean,0,0.000000,0.000000,0.000000,0.000000,0.000000
10001712,clean,0,0.000000,0.000000,0.000000,0.000000,0.000000
10001713,clean,0,0.000000,0.000000,0.000000,0.000000,0.000000
10001714,clean,0,0.000000,0.000000,0.000000,0.000000,0.000000
10001715,clean,0,0.000000,0.000000,0.000000,0.000000,0.000000
10001716,clean,0,0.000000,0.000000,0.000000,0.000000,0.000000
10001717,clean,0,0.000000,0.000000,0.000000,0.000000,0.000000
10001718,clean,0,0.000000,0.000000,0.000000,0.000000,0.000000
10001719,clean,0,0.000000,0.000000,0.000000,0.000000,0.000000
10001720,clean,0,0.000000,0.000000,0.000000,0.000000,0.000000
10001721,clean,1,0.000000,0.000000,0.000000,0.000000,0.000000
10001722,clean,1,0.000000,0.000000,0.000000,0.000000,0.000000
10001723,clean,1,0.000000,0.000000,0.000000,0.000000,0.000000
10001724,clean,0,0.000000,0.000000,0.000000,0.000000,0.000000
10001725,clean,0,0.000000,0.000000,0.000000,0.000000,0.000000
10001726,clean,0,0.000000,0.000000,0.000000,0.000000,0.000000
10001727,clean,0,0.000000,0.000000,0.000000,0.000000,0.000000
10001728,clean,0,0.000000,0.000000,0.000000,0.000000,0.000000
10001729,clean,0,0.000000,0.000000,0.000000,0.000000,0.000000
10001730,clean,0,0.000000,0.000000,0.000000,0.000000,0.000000
10001731,clean,0,0.000000,0.000000,0.000000,0.000000,0.000000
10001732,clean,0,0.000000,0.000000,0.000000,0.000000,0.000000
10001733,clean,0,0.000000,0.000000,0.000000,0.000000,0.000000
10001734,clean,0,0.000000,0.000000,0.000000,0.000000,0.000000
10001735,clean,0,0.000000,0.000000,0.000000,0.000000,0.000000
10001736,clean,0,0.000000,0.000000,0.000000,0.000000,0.000000
10001737,clean,0,0.000000,0.000000,0.000000,0.000000,0.000000
10001738,clean,0,0.000000,0.000000,0.000000,0.000000,0.000000
10001739,clean,0,0.000000,0.000000,0.000000,0.000000,0.000000
10001740,clean,0,0.000000,0.000000,0.000000,0.000000,0.000000
10001741,clean,0,0.000000,0.000000,0.000000,0.000000,0.000000
10001742,clean,0,0.000000,0.000000,0.000000,0.000000,0.000000
10001743,clean,0,0.000000,0.000000,0.000000,0.000000,0.000000
10001744,clean,0,0.000000,0.000000,0.000000,0.000000,0.000000
10001745,clean,0,0.000000,0.000000,0.000000,0.000000,0.000000
10001746,clean,0,0.000000,0.000000,0.000000,0.000000,0.000000
10001747,clean,0,0.000000,0.000000,0.000000,0.000000,0.000000
10001748,clean,0,0.000000,0.000000,0.000000,0.000000,0.000000
10001749,clean,1,0.000000,0.000000,0.000000,0.000000,0.000000
10001750,clean,0,0.000000,0.000000,0.000000,0.000000,0.000000
10001751,clean,1,0.478431,0.478431,0.000000,0.478431,0.478431
10001752,clean,0,0.000000,0.000000,0.000000,0.000000,0.000000
10001753,clean,0,0.000000,0.000000,0.000000,0.000000,0.000000
10001754,clean,0,0.000000,0.000000,0.000000,0.000000,0.000000
10001755,clean,0,0.000000,0.000000,0.000000,0.000000,0.000000
10001756,clean,0,0.000000,0.000000,0.000000,0.000000,0.000000
10001757,clean,0,0.000000,0.000000,0.000000,0.000000,0.000000
10001758,clean,0,0.000000,0.000000,0.000000,0.000000,0.000000
10001759,clean,0,0.000000,0.000000,0.000000,0.000000,0.000000
10001760,clean,0,0.000000,0.000000,0.000000,0.000000,0.000000
10001761,clean,0,0.000000,0.000000,0.000000,0.000000,0.000000
10001762,clean,0,0.000000,0.000000,0.000000,0.000000,0.000000
10001763,clean,0,0.000000,0.000000,0.000000,0.000000,0.000000
10001764,clean,1,0.207843,0.207843,0.000000,0.207843,0.207843
10001765,clean,0,0.000000,0.000000,0.000000,0.000000,0.000000
10001766,clean,0,0.000000,0.000000,0.000000,0.000000,0.000000
10001767,clean,0,0.000000,0.000000,0.000000,0.000000,0.000000
10001768,clean,0,0.000000,0.000000,0.000000,0.000000,0.000000
10001769,clean,0,0.000000,0.000000,0.000000,0.000000,0.000000
10001770,clean,0,0.000000,0.000000,0.000000,0.000000,0.000000
10001771,clean,1,0.403922,0.403922,0.000000,0.403922,0.403922
10001772,clean,0,0.000000,0.000000,0.000000,0.000000,0.000000
10001773,clean,0,0.000000,0.000000,0.000000,0.000000,0.000000
10001774,clean,0,0.000000,0.000000,0.000000,0.000000,0.000000
10001775,clean,0,0.000000,0.000000,0.000000,0.000000,0.000000
10001776,clean,0,0.000000,0.000000,0.000000,0.000000,0.000000
10001777,clean,0,0.000000,0.000000,0.000000,0.000000,0.000000
10001778,clean,0,0.000000,0.000000,0.000000,0.000000,0.000000
10001779,clean,0,0.000000,0.000000,0.000000,0.000000,0.000000
10001780,clean,0,0.000000,0.000000,0.000000,0.000000,0.000000
10001781,clean,0,0.000000,0.000000,0.000000,0.000000,0.000000
10001782,clean,0,0.000000,0.000000,0.000000,0.000000,0.000000
10001783,clean,0,0.000000,0.000000,0.000000,0.000000,0.000000
10001784,clean,0,0.000000,0.000000,0.000000,0.000000,0.000000
10001785,clean,0,0.000000,0.000000,0.000000,0.000000,0.000000
10001786,clean,0,0.000000,0.000000,0.000000,0.000000,0.000000
10001787,clean,0,0.000000,0.000000,0.000000,0.000000,0.000000
10001788,clean,0,0.000000,0.000000,0.000000,0.000000,0.000000
10001789,clean,0,0.000000,0.000000,0.000000,0.000000,0.000000
10001790,clean,0,0.000000,0.000000,0.000000,0.000000,0.000000
10001791,clean,0,0.000000,0.000000,0.000000,0.000000,0.000000
10001792,clean,0,0.000000,0.000000,0.000000,0.000000,0.000000
10001793,clean,0,0.000000,0.000000,0.000000,0.000000,0.000000
10001794,clean,1,0.000000,0.000000,0.000000,0.000000,0.000000
10001795,clean,0,0.000000,0.000000,0.000000,0.000000,0.000000
10001796,clean,0,0.000000,0.000000,0.000000,0.000000,0.000000
10001797,clean,0,0.000000,0.000000,0.000000,0.000000,0.000000
10001798,clean,0,0.000000,0.000000,0.000000,0.000000,0.000000
10001799,clean,0,0.000000,0.000000,0.000000,0.000000,0.000000
10001800,clean,0,0.000000,0.000000,0.000000,0.000000,0.000000
10001801,clean,0,0.000000,0.000000,0.000000,0.000000,0.000000
10001802,clean,0,0.000000,0.000000,0.000000,0.000000,0.000000
10001803,clean,0,0.000000,0.000000,0.000000,0.000000,0.000000
10001804,clean,0,0.000000,0.000000,0.000000,0.000000,0.000000
10001805,clean,0,0.000000,0.000000,0.000000,0.000000,0.000000
10001806,clean,2,0.000000,0.000000,0.000000,0.000000,0.000000
10001807,clean,0,0.000000,0.000000,0.000000,0.000000,0.000000
10001808,clean,0,0.000000,0.000000,0.000000,0.000000,0.000000
10001809,clean,0,0.000000,0.000000,0.000000,0.000000,0.000000
10001810,clean,0,0.000000,0.000000,0.000000,0.000000,0.000000
10001811,clean,0,0.000000,0.000000,0.000000,0.000000,0.000000
10001812,clean,0,0.000000,0.000000,0.000000,0.000000,0.000000
10001813,clean,0,0.000000,0.000000,0.000000,0.000000,0.000000
10001814,clean,0,0.000000,0.000000,0.000000,0.000000,0.000000
10001815,clean,0,0.000000,0.000000,0.000000,0.000000,0.000000
10001816,clean,0,0.000000,0.000000,0.000000,0.000000,0.000000
10001817,clean,0,0.000000,0.000000,0.000000,0.000000,0.000000
10001818,clean,0,0.000000,0.000000,0.000000,0.000000,0.000000
10001819,clean,0,0.000000,0.000000,0.000000,0.000000,0.000000
10001820,clean,0,0.000000,0.000000,0.000000,0.000000,0.000000
10001821,clean,0,0.000000,0.000000,0.000000,0.000000,0.000000
10001822,clean,0,0.000000,0.000000,0.000000,0.000000,0.000000
10001823,clean,0,0.000000,0.000000,0.000000,0.000000,0.000000
10001824,clean,0,0.000000,0.000000,0.000000,0.000000,0.000000
10001825,clean,0,0.000000,0.000000,0.000000,0.000000,0.000000
10001826,clean,0,0.000000,0.000000,0.000000,0.000000,0.000000
10001827,clean,0,0.000000,0.000000,0.000000,0.000000,0.000000
10001828,clean,0,0.000000,0.000000,0.000000,0.000000,0.000000
10001829,clean,1,0.000000,0.000000,0.000000,0.000000,0.000000
10001830,clean,0,0.000000,0.000000,0.000000,0.000000,0.000000
10001831,clean,0,0.000000,0.000000,0.000000,0.000000,0.000000
10001832,clean,0,0.000000,0.000000,0.000000,0.000000,0.000000
10001833,clean,0,0.000000,0.000000,0.000000,0.000000,0.000000
10001834,clean,0,0.000000,0.000000,0.000000,0.000000,0.000000
10001835,clean,0,0.000000,0.000000,0.000000,0.000000,0.000000
10001836,clean,0,0.000000,0.000000,0.000000,0.000000,0.000000
10001837,clean,0,0.000000,0.000000,0.000000,0.000000,0.000000
10001838,clean,0,0.000000,0.000000,0.000000,0.000000,0.000000
10001839,clean,0,0.000000,0.000000,0.000000,0.000000,0.000000
10001840,clean,0,0.000000,0.000000,0.000000,0.000000,0.000000
10001841,clean,2,0.000000,0.000000,0.000000,0.000000,0.000000
10001842,clean,0,0.000000,0.000000,0.000000,0.000000,0.000000
10001843,clean,0,0.000000,0.000000,0.000000,0.000000,0.000000
10001844,clean,0,0.000000,0.000000,0.000000,0.000000,0.000000
10001845,clean,0,0.000000,0.000000,0.000000,0.000000,0.000000
10001846,clean,0,0.000000,0.000000,0.000000,0.000000,0.000000
10001847,clean,0,0.000000,0.000000,0.000000,0.000000,0.000000
10001848,clean,0,0.000000,0.000000,0.000000,0.000000,0.000000
10001849,clean,0,0.000000,0.000000,0.000000,0.000000,0.000000
10001850,clean,0,0.000000,0.000000,0.000000,0.000000,0.000000
10001851,clean,0,0.000000,0.000000,0.000000,0.000000,0.000000
10001852,clean,0,0.000000,0.000000,0.000000,0.000000,0.000000
10001853,clean,0,0.000000,0.000000,0.000000,0.000000,0.000000
10001854,clean,0,0.000000,0.000000,0.000000,0.000000,0.000000
10001855,clean,0,0.000000,0.000000,0.000000,0.000000,0.000000
10001856,clean,0,0.000000,0.000000,0.000000,0.000000,0.000000
10001857,clean,0,0.000000,0.000000,0.000000,0.000000,0.000000
10001858,clean,0,0.000000,0.000000,0.000000,0.000000,0.000000
10001859,clean,0,0.000000,0.000000,0.000000,0.000000,0.000000
10001860,clean,0,0.000000,0.000000,0.000000,0.000000,0.000000
10001861,clean,0,0.000000,0.000000,0.000000,0.000000,0.000000
10001862,clean,0,0.000000,0.000000,0.000000,0.000000,0.000000
10001863,clean,0,0.000000,0.000000,0.000000,0.000000,0.000000
10001864,clean,0,0.000000,0.000000,0.000000,0.000000,0.000000
10001865,clean,0,0.000000,0.000000,0.000000,0.000000,0.000000
10001866,clean,0,0.000000,0.000000,0.000000,0.000000,0.000000
10001867,clean,0,0.000000,0.000000,0.000000,0.000000,0.000000
10001868,clean,0,0.000000,0.000000,0.000000,0.000000,0.000000
10001869,clean,0,0.000000,0.000000,0.000000,0.000000,0.000000
10001870,clean,0,0.000000,0.000000,0.000000,0.000000,0.000000
10001871,clean,0,0.000000,0.000000,0.000000,0.000000,0.000000
10001872,clean,0,0.000000,0.000000,0.000000,0.000000,0.000000
10001873,clean,0,0.000000,0.000000,0.000000,0.000000,0.000000
10001874,clean,0,0.000000,0.000000,0.000000,0.000000,0.000000
10001875,clean,0,0.000000,0.000000,0.000000,0.000000,0.000000
10001876,clean,0,0.000000,0.000000,0.000000,0.000000,0.000000
10001877,clean,2,0.988235,0.988235,0.000000,0.988235,0.988235
10001878,clean,0,0.000000,0.000000,0.000000,0.000000,0.000000
10001879,clean,0,0.000000,0.000000,0.000000,0.000000,0.000000
10001880,clean,0,0.000000,0.000000,0.000000,0.000000,0.000000
10001881,clean,0,0.000000,0.000000,0.000000,0.000000,0.000000
10001882,clean,0,0.000000,0.000000,0.000000,0.000000,0.000000
10001883,clean,0,0.000000,0.000000,0.000000,0.000000,0.000000
10001884,clean,0,0.000000,0.000000,0.000000,0.000000,0.000000
10001885,clean,0,0.000000,0.000000,0.000000,0.000000,0.000000
10001886,clean,1,0.070588,0.070588,0.000000,0.070588,0.070588
10001887,clean,0,0.000000,0.000000,0.000000,0.000000,0.000000
10001888,clean,0,0.000000,0.000000,0.000000,0.000000,0.000000
10001889,clean,0,0.000000,0.000000,0.000000,0.000000,0.000000
10001890,clean,0,0.000000,0.000000,0.000000,0.000000,0.000000
10001891,clean,0,0.000000,0.000000,0.000000,0.000000,0.000000
10001892,clean,0,0.000000,0.000000,0.000000,0.000000,0.000000
10001893,clean,0,0.000000,0.000000,0.000000,0.000000,0.000000
10001894,clean,0,0.000000,0.000000,0.000000,0.000000,0.000000
10001895,clean,1,0.000000,0.000000,0.000000,0.000000,0.000000
10001896,clean,0,0.000000,0.000000,0.000000,0.000000,0.000000
10001897,clean,0,0.000000,0.000000,0.000000,0.000000,0.000000
10001898,clean,0,0.000000,0.000000,0.000000,0.000000,0.000000
10001899,clean,0,0.000000,0.000000,0.000000,0.000000,0.000000
10001900,clean,0,0.000000,0.000000,0.000000,0.000000,0.000000
10001901,clean,0,0.000000,0.000000,0.000000,0.000000,0.000000
10001902,clean,0,0.000000,0.000000,0.000000,0.000000,0.000000
10001903,clean,0,0.000000,0.000000,0.000000,0.000000,0.000000
10001904,clean,0,0.000000,0.000000,0.000000,0.000000,0.000000
10001905,clean,0,0.000000,0.000000,0.000000,0.000000,0.000000
10001906,clean,0,0.000000,0.000000,0.000000,0.000000,0.000000
10001907,clean,1,0.000000,0.000000,0.000000,0.000000,0.000000
10001908,clean,4,0.000000,0.000000,0.000000,0.000000,0.000000
10001909,clean,0,0.000000,0.000000,0.000000,0.000000,0.000000
10001910,clean,0,0.000000,0.000000,0.000000,0.000000,0.000000
10001911,clean,0,0.000000,0.000000,0.000000,0.000000,0.000000
10001912,clean,0,0.000000,0.000000,0.000000,0.000000,0.000000
10001913,clean,0,0.000000,0.000000,0.000000,0.000000,0.000000
10001914,clean,0,0.000000,0.000000,0.000000,0.000000,0.000000
10001915,clean,0,0.000000,0.000000,0.000000,0.000000,0.000000
10001916,clean,0,0.000000,0.000000,0.000000,0.000000,0.000000
10001917,clean,0,0.000000,0.000000,0.000000,0.000000,0.000000
10001918,clean,0,0.000000,0.000000,0.000000,0.000000,0.000000
10001919,clean,1,0.168627,0.168627,0.000000,0.168627,0.168627
10001920,clean,0,0.000000,0.000000,0.000000,0.000000,0.000000
10001921,clean,0,0.000000,0.000000,0.000000,0.000000,0.000000
10001922,clean,0,0.000000,0.000000,0.000000,0.000000,0.000000
10001923,clean,0,0.000000,0.000000,0.000000,0.000000,0.000000
10001924,clean,0,0.000000,0.000000,0.000000,0.000000,0.000000
10001925,clean,4,0.117647,0.115686,0.012087,0.105882,0.133333
10001926,clean,0,0.000000,0.000000,0.000000,0.000000,0.000000
10001927,clean,0,0.000000,0.000000,0.000000,0.000000,0.000000
10001928,clean,0,0.000000,0.000000,0.000000,0.000000,0.000000
10001929,clean,0,0.000000,0.000000,0.000000,0.000000,0.000000
10001930,clean,0,0.000000,0.000000,0.000000,0.000000,0.000000
10001931,clean,0,0.000000,0.000000,0.000000,0.000000,0.000000
10001932,clean,0,0.000000,0.000000,0.000000,0.000000,0.000000
10001933,clean,0,0.000000,0.000000,0.000000,0.000000,0.000000
10001934,clean,0,0.000000,0.000000,0.000000,0.000000,0.000000
10001935,clean,0,0.000000,0.000000,0.000000,0.000000,0.000000
10001936,clean,0,0.000000,0.000000,0.000000,0.000000,0.000000
10001937,clean,0,0.000000,0.000000,0.000000,0.000000,0.000000
10001938,clean,0,0.000000,0.000000,0.000000,0.000000,0.000000
10001939,clean,0,0.000000,0.000000,0.000000,0.000000,0.000000
10001940,clean,0,0.000000,0.000000,0.000000,0.000000,0.000000
10001941,clean,0,0.000000,0.000000,0.000000,0.000000,0.000000
10001942,clean,0,0.000000,0.000000,0.000000,0.000000,0.000000
10001943,clean,0,0.000000,0.000000,0.000000,0.000000,0.000000
10001944,clean,0,0.000000,0.000000,0.000000,0.000000,0.000000
10001945,clean,1,0.000000,0.000000,0.000000,0.000000,0.000000
10001946,clean,0,0.000000,0.000000,0.000000,0.000000,0.000000
10001947,clean,0,0.000000,0.000000,0.000000,0.000000,0.000000
10001948,clean,0,0.000000,0.000000,0.000000,0.000000,0.000000
10001949,clean,0,0.000000,0.000000,0.000000,0.000000,0.000000
10001950,clean,1,0.000000,0.000000,0.000000,0.000000,0.000000
10001951,clean,0,0.000000,0.000000,0.000000,0.000000,0.000000
10001952,clean,0,0.000000,0.000000,0.000000,0.000000,0.000000
10001953,clean,0,0.000000,0.000000,0.000000,0.000000,0.000000
10001954,clean,0,0.000000,0.000000,0.000000,0.000000,0.000000
10001955,clean,0,0.000000,0.000000,0.000000,0.000000,0.000000
10001956,clean,0,0.000000,0.000000,0.000000,0.000000,0.000000
10001957,clean,1,0.486275,0.486275,0.000000,0.486275,0.486275
10001958,clean,0,0.000000,0.000000,0.000000,0.000000,0.000000
10001959,clean,0,0.000000,0.000000,0.000000,0.000000,0.000000
10001960,clean,0,0.000000,0.000000,0.000000,0.000000,0.000000
10001961,clean,0,0.000000,0.000000,0.000000,0.000000,0.000000
10001962,clean,2,0.000000,0.000000,0.000000,0.000000,0.000000
10001963,clean,0,0.000000,0.000000,0.000000,0.000000,0.000000
10001964,clean,0,0.000000,0.000000,0.000000,0.000000,0.000000
10001965,clean,0,0.000000,0.000000,0.000000,0.000000,0.000000
10001966,clean,0,0.000000,0.000000,0.000000,0.000000,0.000000
10001967,clean,0,0.000000,0.000000,0.000000,0.000000,0.000000
10001968,clean,0,0.000000,0.000000,0.000000,0.000000,0.000000
10001969,clean,0,0.000000,0.000000,0.000000,0.000000,0.000000
10001970,clean,0,0.000000,0.000000,0.000000,0.000000,0.000000
10001971,clean,0,0.000000,0.000000,0.000000,0.000000,0.000000
10001972,clean,0,0.000000,0.000000,0.000000,0.000000,0.000000
10001973,clean,0,0.000000,0.000000,0.000000,0.000000,0.000000
10001974,clean,0,0.000000,0.000000,0.000000,0.000000,0.000000
10001975,clean,0,0.000000,0.000000,0.000000,0.000000,0.000000
10001976,clean,0,0.000000,0.000000,0.000000,0.000000,0.000000
10001977,clean,0,0.000000,0.000000,0.000000,0.000000,0.000000
10001978,clean,0,0.000000,0.000000,0.000000,0.000000,0.000000
10001979,clean,0,0.000000,0.000000,0.000000,0.000000,0.000000
10001980,clean,0,0.000000,0.000000,0.000000,0.000000,0.000000
10001981,clean,0,0.000000,0.000000,0.000000,0.000000,0.000000
10001982,clean,0,0.000000,0.000000,0.000000,0.000000,0.000000
10001983,clean,0,0.000000,0.000000,0.000000,0.000000,0.000000
10001984,clean,0,0.000000,0.000000,0.000000,0.000000,0.000000
10001985,clean,0,0.000000,0.000000,0.000000,0.000000,0.000000
10001986,clean,0,0.000000,0.000000,0.000000,0.000000,0.000000
10001987,clean,0,0.000000,0.000000,0.000000,0.000000,0.000000
10001988,clean,0,0.000000,0.000000,0.000000,0.000000,0.000000
10001989,clean,0,0.000000,0.000000,0.000000,0.000000,0.000000
10001990,clean,0,0.000000,0.000000,0.000000,0.000000,0.000000
10001991,clean,0,0.000000,0.000000,0.000000,0.000000,0.000000
10001992,clean,0,0.000000,0.000000,0.000000,0.000000,0.000000
10001993,clean,0,0.000000,0.000000,0.000000,0.000000,0.000000
10001994,clean,0,0.000000,0.000000,0.000000,0.000000,0.000000
10001995,clean,0,0.000000,0.000000,0.000000,0.000000,0.000000
10001996,clean,0,0.000000,0.000000,0.000000,0.000000,0.000000
10001997,clean,0,0.000000,0.000000,0.000000,0.000000,0.000000
10001998,clean,0,0.000000,0.000000,0.000000,0.000000,0.000000
10001999,clean,0,0.000000,0.000000,0.000000,0.000000,0.000000
10002000,clean,0,0.000000,0.000000,0.000000,0.000000,0.000000
10002001,clean,0,0.000000,0.000000,0.000000,0.000000,0.000000
10002002,clean,2,0.000000,0.000000,0.000000,0.000000,0.000000
10002003,clean,0,0.000000,0.000000,0.000000,0.000000,0.000000
10002004,clean,0,0.000000,0.000000,0.000000,0.000000,0.000000
10002005,clean,0,0.000000,0.000000,0.000000,0.000000,0.000000
10002006,clean,0,0.000000,0.000000,0.000000,0.000000,0.000000
10002007,clean,0,0.000000,0.000000,0.000000,0.000000,0.000000
10002008,clean,0,0.000000,0.000000,0.000000,0.000000,0.000000
10002009,clean,0,0.000000,0.000000,0.000000,0.000000,0.000000
10002010,clean,1,0.000000,0.000000,0.000000,0.000000,0.000000
10002011,clean,1,0.000000,0.000000,0.000000,0.000000,0.000000
10002012,clean,0,0.000000,0.000000,0.000000,0.000000,0.000000
10002013,clean,0,0.000000,0.000000,0.000000,0.000000,0.000000
10002014,clean,0,0.000000,0.000000,0.000000,0.000000,0.000000
10002015,clean,0,0.000000,0.000000,0.000000,0.000000,0.000000
10002016,clean,0,0.000000,0.000000,0.000000,0.000000,0.000000
10002017,clean,0,0.000000,0.000000,0.000000,0.000000,0.000000
10002018,clean,2,0.000000,0.000000,0.000000,0.000000,0.000000
10002019,clean,0,0.000000,0.000000,0.000000,0.000000,0.000000
10002020,clean,0,0.000000,0.000000,0.000000,0.000000,0.000000
10002021,clean,0,0.000000,0.000000,0.000000,0.000000,0.000000
10002022,clean,0,0.000000,0.000000,0.000000,0.000000,0.000000
10002023,clean,0,0.000000,0.000000,0.000000,0.000000,0.000000
10002024,clean,0,0.000000,0.000000,0.000000,0.000000,0.000000
10002025,clean,0,0.000000,0.000000,0.000000,0.000000,0.000000
10002026,clean,0,0.000000,0.000000,0.000000,0.000000,0.000000
10002027,clean,0,0.000000,0.000000,0.000000,0.000000,0.000000
10002028,clean,0,0.000000,0.000000,0.000000,0.000000,0.000000
10002029,clean,0,0.000000,0.000000,0.000000,0.000000,0.000000
10002030,clean,0,0.000000,0.000000,0.000000,0.000000,0.000000
10002031,clean,0,0.000000,0.000000,0.000000,0.000000,0.000000
10002032,clean,0,0.000000,0.000000,0.000000,0.000000,0.000000
10002033,clean,0,0.000000,0.000000,0.000000,0.000000,0.000000
10002034,clean,0,0.000000,0.000000,0.000000,0.000000,0.000000
10002035,clean,0,0.000000,0.000000,0.000000,0.000000,0.000000
10002036,clean,0,0.000000,0.000000,0.000000,0.000000,0.000000
10002037,clean,0,0.000000,0.000000,0.000000,0.000000,0.000000
10002038,clean,0,0.000000,0.000000,0.000000,0.000000,0.000000
10002039,clean,0,0.000000,0.000000,0.000000,0.000000,0.000000
10002040,clean,0,0.000000,0.000000,0.000000,0.000000,0.000000
10002041,clean,0,0.000000,0.000000,0.000000,0.000000,0.000000
10002042,clean,0,0.000000,0.000000,0.000000,0.000000,0.000000
10002043,clean,0,0.000000,0.000000,0.000000,0.000000,0.000000
10002044,clean,0,0.000000,0.000000,0.000000,0.000000,0.000000
10002045,clean,0,0.000000,0.000000,0.000000,0.000000,0.000000
10002046,clean,0,0.000000,0.000000,0.000000,0.000000,0.000000
10002047,clean,0,0.000000,0.000000,0.000000,0.000000,0.000000
10002048,clean,0,0.000000,0.000000,0.000000,0.000000,0.000000
10002049,clean,0,0.000000,0.000000,0.000000,0.000000,0.000000
10002050,clean,0,0.000000,0.000000,0.000000,0.000000,0.000000
10002051,clean,0,0.000000,0.000000,0.000000,0.000000,0.000000
10002052,clean,0,0.000000,0.000000,0.000000,0.000000,0.000000
10002053,clean,0,0.000000,0.000000,0.000000,0.000000,0.000000
10002054,clean,0,0.000000,0.000000,0.000000,0.000000,0.000000
10002055,clean,0,0.000000,0.000000,0.000000,0.000000,0.000000
10002056,clean,0,0.000000,0.000000,0.000000,0.000000,0.000000
10002057,clean,0,0.000000,0.000000,0.000000,0.000000,0.000000
10002058,clean,0,0.000000,0.000000,0.000000,0.000000,0.000000
10002059,clean,0,0.000000,0.000000,0.000000,0.000000,0.000000
10002060,clean,0,0.000000,0.000000,0.000000,0.000000,0.000000
10002061,clean,0,0.000000,0.000000,0.000000,0.000000,0.000000
10002062,clean,0,0.000000,0.000000,0.000000,0.000000,0.000000
10002063,clean,0,0.000000,0.000000,0.000000,0.000000,0.000000
10002064,clean,0,0.000000,0.000000,0.000000,0.000000,0.000000
10002065,clean,0,0.000000,0.000000,0.000000,0.000000,0.000000
10002066,clean,0,0.000000,0.000000,0.000000,0.000000,0.000000
10002067,clean,0,0.000000,0.000000,0.000000,0.000000,0.000000
10002068,clean,0,0.000000,0.000000,0.000000,0.000000,0.000000
10002069,clean,0,0.000000,0.000000,0.000000,0.000000,0.000000
10002070,clean,0,0.000000,0.000000,0.000000,0.000000,0.000000
10002071,clean,0,0.000000,0.000000,0.000000,0.000000,0.000000
10002072,clean,0,0.000000,0.000000,0.000000,0.000000,0.000000
10002073,clean,0,0.000000,0.000000,0.000000,0.000000,0.000000
10002074,clean,0,0.000000,0.000000,0.000000,0.000000,0.000000
10002075,clean,0,0.000000,0.000000,0.000000,0.000000,0.000000
10002076,clean,0,0.000000,0.000000,0.000000,0.000000,0.000000
10002077,clean,0,0.000000,0.000000,0.000000,0.000000,0.000000
10002078,clean,0,0.000000,0.000000,0.000000,0.000000,0.000000
10002079,clean,0,0.000000,0.000000,0.000000,0.000000,0.000000
10002080,clean,0,0.000000,0.000000,0.000000,0.000000,0.000000
10002081,clean,0,0.000000,0.000000,0.000000,0.000000,0.000000
10002082,clean,0,0.000000,0.000000,0.000000,0.000000,0.000000
10002083,clean,0,0.000000,0.000000,0.000000,0.000000,0.000000
10002084,clean,0,0.000000,0.000000,0.000000,0.000000,0.000000
10002085,clean,0,0.000000,0.000000,0.000000,0.000000,0.000000
10002086,clean,0,0.000000,0.000000,0.000000,0.000000,0.000000
10002087,clean,0,0.000000,0.000000,0.000000,0.000000,0.000000
10002088,clean,0,0.000000,0.000000,0.000000,0.000000,0.000000
10002089,clean,0,0.000000,0.000000,0.000000,0.000000,0.000000
10002090,clean,0,0.000000,0.000000,0.000000,0.000000,0.000000
10002091,clean,0,0.000000,0.000000,0.000000,0.000000,0.000000
10002092,clean,0,0.000000,0.000000,0.000000,0.000000,0.000000
10002093,clean,0,0.000000,0.000000,0.000000,0.000000,0.000000
10002094,clean,0,0.000000,0.000000,0.000000,0.000000,0.000000
10002095,clean,0,0.000000,0.000000,0.000000,0.000000,0.000000
10002096,clean,0,0.000000,0.000000,0.000000,0.000000,0.000000
10002097,clean,0,0.000000,0.000000,0.000000,0.000000,0.000000
10002098,clean,0,0.000000,0.000000,0.000000,0.000000,0.000000
10002099,clean,0,0.000000,0.000000,0.000000,0.000000,0.000000
10002100,clean,0,0.000000,0.000000,0.000000,0.000000,0.000000
10002101,clean,0,0.000000,0.000000,0.000000,0.000000,0.000000
10002102,clean,0,0.000000,0.000000,0.000000,0.000000,0.000000
10002103,clean,0,0.000000,0.000000,0.000000,0.000000,0.000000
10002104,clean,0,0.000000,0.000000,0.000000,0.000000,0.000000
10002105,clean,0,0.000000,0.000000,0.000000,0.000000,0.000000
10002106,clean,0,0.000000,0.000000,0.000000,0.000000,0.000000
10002107,clean,0,0.000000,0.000000,0.000000,0.000000,0.000000
10002108,clean,0,0.000000,0.000000,0.000000,0.000000,0.000000
10002109,clean,0,0.000000,0.000000,0.000000,0.000000,0.000000
10002110,clean,0,0.000000,0.000000,0.000000,0.000000,0.000000
10002111,clean,0,0.000000,0.000000,0.000000,0.000000,0.000000
10002112,clean,0,0.000000,0.000000,0.000000,0.000000,0.000000
10002113,clean,0,0.000000,0.000000,0.000000,0.000000,0.000000
10002114,clean,0,0.000000,0.000000,0.000000,0.000000,0.000000
10002115,clean,0,0.000000,0.000000,0.000000,0.000000,0.000000
10002116,clean,0,0.000000,0.000000,0.000000,0.000000,0.000000
10002117,clean,0,0.000000,0.000000,0.000000,0.000000,0.000000
10002118,clean,0,0.000000,0.000000,0.000000,0.000000,0.000000
10002119,clean,0,0.000000,0.000000,0.000000,0.000000,0.000000
10002120,clean,0,0.000000,0.000000,0.000000,0.000000,0.000000
10002121,clean,0,0.000000,0.000000,0.000000,0.000000,0.000000
10002122,clean,0,0.000000,0.000000,0.000000,0.000000,0.000000
10002123,clean,0,0.000000,0.000000,0.000000,0.000000,0.000000
10002124,clean,0,0.000000,0.000000,0.000000,0.000000,0.000000
10002125,clean,0,0.000000,0.000000,0.000000,0.000000,0.000000
10002126,clean,0,0.000000,0.000000,0.000000,0.000000,0.000000
10002127,clean,0,0.000000,0.000000,0.000000,0.000000,0.000000
10002128,clean,0,0.000000,0.000000,0.000000,0.000000,0.000000
10002129,clean,0,0.000000,0.000000,0.000000,0.000000,0.000000
10002130,clean,0,0.000000,0.000000,0.000000,0.000000,0.000000
10002131,clean,0,0.000000,0.000000,0.000000,0.000000,0.000000
10002132,clean,0,0.000000,0.000000,0.000000,0.000000,0.000000
10002133,clean,0,0.000000,0.000000,0.000000,0.000000,0.000000
10002134,clean,0,0.000000,0.000000,0.000000,0.000000,0.000000
10002135,clean,0,0.000000,0.000000,0.000000,0.000000,0.000000
10002136,clean,0,0.000000,0.000000,0.000000,0.000000,0.000000
10002137,clean,0,0.000000,0.000000,0.000000,0.000000,0.000000
10002138,clean,0,0.000000,0.000000,0.000000,0.000000,0.000000
10002139,clean,0,0.000000,0.000000,0.000000,0.000000,0.000000
10002140,clean,0,0.000000,0.000000,0.000000,0.000000,0.000000
10002141,clean,0,0.000000,0.000000,0.000000,0.000000,0.000000
10002142,clean,0,0.000000,0.000000,0.000000,0.000000,0.000000
10002143,clean,0,0.000000,0.000000,0.000000,0.000000,0.000000
10002144,clean,0,0.000000,0.000000,0.000000,0.000000,0.000000
10002145,clean,0,0.000000,0.000000,0.000000,0.000000,0.000000
10002146,clean,0,0.000000,0.000000,0.000000,0.000000,0.000000
10002147,clean,0,0.000000,0.000000,0.000000,0.000000,0.000000
10002148,clean,0,0.000000,0.000000,0.000000,0.000000,0.000000
10002149,clean,0,0.000000,0.000000,0.000000,0.000000,0.000000
10002150,clean,0,0.000000,0.000000,0.000000,0.000000,0.000000
10002151,clean,0,0.000000,0.000000,0.000000,0.000000,0.000000
10002152,clean,0,0.000000,0.000000,0.000000,0.000000,0.000000
10002153,clean,0,0.000000,0.000000,0.000000,0.000000,0.000000
10002154,clean,1,0.000000,0.000000,0.000000,0.000000,0.000000
10002155,clean,0,0.000000,0.000000,0.000000,0.000000,0.000000
10002156,clean,0,0.000000,0.000000,0.000000,0.000000,0.000000
10002157,clean,0,0.000000,0.000000,0.000000,0.000000,0.000000
10002158,clean,0,0.000000,0.000000,0.000000,0.000000,0.000000
10002159,clean,0,0.000000,0.000000,0.000000,0.000000,0.000000
10002160,clean,0,0.000000,0.000000,0.000000,0.000000,0.000000
10002161,clean,0,0.000000,0.000000,0.000000,0.000000,0.000000
10002162,clean,0,0.000000,0.000000,0.000000,0.000000,0.000000
10002163,clean,0,0.000000,0.000000,0.000000,0.000000,0.000000
10002164,clean,0,0.000000,0.000000,0.000000,0.000000,0.000000
10002165,clean,0,0.000000,0.000000,0.000000,0.000000,0.000000
10002166,clean,0,0.000000,0.000000,0.000000,0.000000,0.000000
10002167,clean,0,0.000000,0.000000,0.000000,0.000000,0.000000
10002168,clean,0,0.000000,0.000000,0.000000,0.000000,0.000000
10002169,clean,0,0.000000,0.000000,0.000000,0.000000,0.000000
10002170,clean,0,0.000000,0.000000,0.000000,0.000000,0.000000
10002171,clean,0,0.000000,0.000000,0.000000,0.000000,0.000000
10002172,clean,0,0.000000,0.000000,0.000000,0.000000,0.000000
10002173,clean,6,0.012418,0.013725,0.004185,0.003922,0.015686
10002174,clean,0,0.000000,0.000000,0.000000,0.000000,0.000000
10002175,clean,0,0.000000,0.000000,0.000000,0.000000,0.000000
10002176,clean,0,0.000000,0.000000,0.000000,0.000000,0.000000
10002177,clean,0,0.000000,0.000000,0.000000,0.000000,0.000000
10002178,clean,0,0.000000,0.000000,0.000000,0.000000,0.000000
10002179,clean,0,0.000000,0.000000,0.000000,0.000000,0.000000
10002180,clean,0,0.000000,0.000000,0.000000,0.000000,0.000000
10002181,clean,0,0.000000,0.000000,0.000000,0.000000,0.000000
10002182,clean,0,0.000000,0.000000,0.000000,0.000000,0.000000
10002183,clean,0,0.000000,0.000000,0.000000,0.000000,0.000000
10002184,clean,0,0.000000,0.000000,0.000000,0.000000,0.000000
10002185,clean,0,0.000000,0.000000,0.000000,0.000000,0.000000
10002186,clean,0,0.000000,0.000000,0.000000,0.000000,0.000000
10002187,clean,0,0.000000,0.000000,0.000000,0.000000,0.000000
10002188,clean,0,0.000000,0.000000,0.000000,0.000000,0.000000
10002189,clean,0,0.000000,0.000000,0.000000,0.000000,0.000000
10002190,clean,0,0.000000,0.000000,0.000000,0.000000,0.000000
10002191,clean,0,0.000000,0.000000,0.000000,0.000000,0.000000
10002192,clean,0,0.000000,0.000000,0.000000,0.000000,0.000000
10002193,clean,0,0.000000,0.000000,0.000000,0.000000,0.000000
10002194,clean,0,0.000000,0.000000,0.000000,0.000000,0.000000
10002195,clean,0,0.000000,0.000000,0.000000,0.000000,0.000000
10002196,clean,0,0.000000,0.000000,0.000000,0.000000,0.000000
10002197,clean,0,0.000000,0.000000,0.000000,0.000000,0.000000
10002198,clean,0,0.000000,0.000000,0.000000,0.000000,0.000000
10002199,clean,0,0.000000,0.000000,0.000000,0.000000,0.000000
10002200,clean,0,0.000000,0.000000,0.000000,0.000000,0.000000
10002201,clean,0,0.000000,0.000000,0.000000,0.000000,0.000000
10002202,clean,0,0.000000,0.000000,0.000000,0.000000,0.000000
10002203,clean,0,0.000000,0.000000,0.000000,0.000000,0.000000
10002204,clean,0,0.000000,0.000000,0.000000,0.000000,0.000000
10002205,clean,0,0.000000,0.000000,0.000000,0.000000,0.000000
10002206,clean,0,0.000000,0.000000,0.000000,0.000000,0.000000
10002207,clean,0,0.000000,0.000000,0.000000,0.000000,0.000000
10002208,clean,0,0.000000,0.000000,0.000000,0.000000,0.000000
10002209,clean,0,0.000000,0.000000,0.000000,0.000000,0.000000
10002210,clean,0,0.000000,0.000000,0.000000,0.000000,0.000000
10002211,clean,0,0.000000,0.000000,0.000000,0.000000,0.000000
10002212,clean,1,0.000000,0.000000,0.000000,0.000000,0.000000
10002213,clean,0,0.000000,0.000000,0.000000,0.000000,0.000000
10002214,clean,0,0.000000,0.000000,0.000000,0.000000,0.000000
10002215,clean,0,0.000000,0.000000,0.000000,0.000000,0.000000
10002216,clean,0,0.000000,0.000000,0.000000,0.000000,0.000000
10002217,clean,0,0.000000,0.000000,0.000000,0.000000,0.000000
10002218,clean,0,0.000000,0.000000,0.000000,0.000000,0.000000
10002219,clean,0,0.000000,0.000000,0.000000,0.000000,0.000000
10002220,clean,0,0.000000,0.000000,0.000000,0.000000,0.000000
10002221,clean,0,0.000000,0.000000,0.000000,0.000000,0.000000
10002222,clean,0,0.000000,0.000000,0.000000,0.000000,0.000000
10002223,clean,0,0.000000,0.000000,0.000000,0.000000,0.000000
10002224,clean,0,0.000000,0.000000,0.000000,0.000000,0.000000
10002225,clean,0,0.000000,0.000000,0.000000,0.000000,0.000000
10002226,clean,0,0.000000,0.000000,0.000000,0.000000,0.000000
10002227,clean,0,0.000000,0.000000,0.000000,0.000000,0.000000
10002228,clean,0,0.000000,0.000000,0.000000,0.000000,0.000000
10002229,clean,0,0.000000,0.000000,0.000000,0.000000,0.000000
10002230,clean,0,0.000000,0.000000,0.000000,0.000000,0.000000
10002231,clean,0,0.000000,0.000000,0.000000,0.000000,0.000000
10002232,clean,0,0.000000,0.000000,0.000000,0.000000,0.000000
10002233,clean,0,0.000000,0.000000,0.000000,0.000000,0.000000
10002234,clean,0,0.000000,0.000000,0.000000,0.000000,0.000000
10002235,clean,0,0.000000,0.000000,0.000000,0.000000,0.000000
10002236,clean,0,0.000000,0.000000,0.000000,0.000000,0.000000
10002237,clean,0,0.000000,0.000000,0.000000,0.000000,0.000000
10002238,clean,0,0.000000,0.000000,0.000000,0.000000,0.000000
10002239,clean,0,0.000000,0.000000,0.000000,0.000000,0.000000
10002240,clean,0,0.000000,0.000000,0.000000,0.000000,0.000000
10002241,clean,0,0.000000,0.000000,0.000000,0.000000,0.000000
10002242,clean,0,0.000000,0.000000,0.000000,0.000000,0.000000
10002243,clean,0,0.000000,0.000000,0.000000,0.000000,0.000000
10002244,clean,0,0.000000,0.000000,0.000000,0.000000,0.000000
10002245,clean,0,0.000000,0.000000,0.000000,0.000000,0.000000
10002246,clean,0,0.000000,0.000000,0.000000,0.000000,0.000000
10002247,clean,0,0.000000,0.000000,0.000000,0.000000,0.000000
10002248,clean,0,0.000000,0.000000,0.000000,0.000000,0.000000
10002249,clean,0,0.000000,0.000000,0.000000,0.000000,0.000000
10002250,clean,0,0.000000,0.000000,0.000000,0.000000,0.000000
10002251,clean,0,0.000000,0.000000,0.000000,0.000000,0.000000
10002252,clean,0,0.000000,0.000000,0.000000,0.000000,0.000000
10002253,clean,0,0.000000,0.000000,0.000000,0.000000,0.000000
10002254,clean,0,0.000000,0.000000,0.000000,0.000000,0.000000
10002255,clean,0,0.000000,0.000000,0.000000,0.000000,0.000000
10002256,clean,0,0.000000,0.000000,0.000000,0.000000,0.000000
10002257,clean,0,0.000000,0.000000,0.000000,0.000000,0.000000
10002258,clean,0,0.000000,0.000000,0.000000,0.000000,0.000000
10002259,clean,0,0.000000,0.000000,0.000000,0.000000,0.000000
10002260,clean,0,0.000000,0.000000,0.000000,0.000000,0.000000
10002261,clean,0,0.000000,0.000000,0.000000,0.000000,0.000000
10002262,clean,0,0.000000,0.000000,0.000000,0.000000,0.000000
10002263,clean,0,0.000000,0.000000,0.000000,0.000000,0.000000
10002264,clean,0,0.000000,0.000000,0.000000,0.000000,0.000000
10002265,clean,0,0.000000,0.000000,0.000000,0.000000,0.000000
10002266,clean,0,0.000000,0.000000,0.000000,0.000000,0.000000
10002267,clean,0,0.000000,0.000000,0.000000,0.000000,0.000000
10002268,clean,0,0.000000,0.000000,0.000000,0.000000,0.000000
10002269,clean,0,0.000000,0.000000,0.000000,0.000000,0.000000
10002270,clean,0,0.000000,0.000000,0.000000,0.000000,0.000000
10002271,clean,0,0.000000,0.000000,0.000000,0.000000,0.000000
10002272,clean,0,0.000000,0.000000,0.000000,0.000000,0.000000
10002273,clean,0,0.000000,0.000000,0.000000,0.000000,0.000000
10002274,clean,0,0.000000,0.000000,0.000000,0.000000,0.000000
10002275,clean,0,0.000000,0.000000,0.000000,0.000000,0.000000
10002276,clean,0,0.000000,0.000000,0.000000,0.000000,0.000000
10002277,clean,0,0.000000,0.000000,0.000000,0.000000,0.000000
10002278,clean,0,0.000000,0.000000,0.000000,0.000000,0.000000
10002279,clean,0,0.000000,0.000000,0.000000,0.000000,0.000000
10002280,clean,0,0.000000,0.000000,0.000000,0.000000,0.000000
10002281,clean,0,0.000000,0.000000,0.000000,0.000000,0.000000
10002282,clean,0,0.000000,0.000000,0.000000,0.000000,0.000000
10002283,clean,0,0.000000,0.000000,0.000000,0.000000,0.000000
10002284,clean,0,0.000000,0.000000,0.000000,0.000000,0.000000
10002285,clean,0,0.000000,0.000000,0.000000,0.000000,0.000000
10002286,clean,0,0.000000,0.000000,0.000000,0.000000,0.000000
10002287,clean,0,0.000000,0.000000,0.000000,0.000000,0.000000
10002288,clean,0,0.000000,0.000000,0.000000,0.000000,0.000000
10002289,clean,0,0.000000,0.000000,0.000000,0.000000,0.000000
10002290,clean,0,0.000000,0.000000,0.000000,0.000000,0.000000
10002291,clean,0,0.000000,0.000000,0.000000,0.000000,0.000000
10002292,clean,0,0.000000,0.000000,0.000000,0.000000,0.000000
10002293,clean,0,0.000000,0.000000,0.000000,0.000000,0.000000
10002294,clean,0,0.000000,0.000000,0.000000,0.000000,0.000000
10002295,clean,0,0.000000,0.000000,0.000000,0.000000,0.000000
10002296,clean,0,0.000000,0.000000,0.000000,0.000000,0.000000
10002297,clean,0,0.000000,0.000000,0.000000,0.000000,0.000000
10002298,clean,0,0.000000,0.000000,0.000000,0.000000,0.000000
10002299,clean,0,0.000000,0.000000,0.000000,0.000000,0.000000
10002300,clean,0,0.000000,0.000000,0.000000,0.000000,0.000000
10002301,clean,0,0.000000,0.000000,0.000000,0.000000,0.000000
10002302,clean,0,0.000000,0.000000,0.000000,0.000000,0.000000
10002303,clean,0,0.000000,0.000000,0.000000,0.000000,0.000000
10002304,clean,0,0.000000,0.000000,0.000000,0.000000,0.000000
10002305,clean,1,0.000000,0.000000,0.000000,0.000000,0.000000
10002306,clean,0,0.000000,0.000000,0.000000,0.000000,0.000000
10002307,clean,0,0.000000,0.000000,0.000000,0.000000,0.000000
10002308,clean,0,0.000000,0.000000,0.000000,0.000000,0.000000
10002309,clean,0,0.000000,0.000000,0.000000,0.000000,0.000000
10002310,clean,0,0.000000,0.000000,0.000000,0.000000,0.000000
10002311,clean,0,0.000000,0.000000,0.000000,0.000000,0.000000
10002312,clean,0,0.000000,0.000000,0.000000,0.000000,0.000000
10002313,clean,0,0.000000,0.000000,0.000000,0.000000,0.000000
10002314,clean,0,0.000000,0.000000,0.000000,0.000000,0.000000
10002315,clean,0,0.000000,0.000000,0.000000,0.000000,0.000000
10002316,clean,0,0.000000,0.000000,0.000000,0.000000,0.000000
10002317,clean,0,0.000000,0.000000,0.000000,0.000000,0.000000
10002318,clean,0,0.000000,0.000000,0.000000,0.000000,0.000000
10002319,clean,0,0.000000,0.000000,0.000000,0.000000,0.000000
10002320,clean,0,0.000000,0.000000,0.000000,0.000000,0.000000
10002321,clean,0,0.000000,0.000000,0.000000,0.000000,0.000000
10002322,clean,0,0.000000,0.000000,0.000000,0.000000,0.000000
10002323,clean,0,0.000000,0.000000,0.000000,0.000000,0.000000
10002324,clean,0,0.000000,0.000000,0.000000,0.000000,0.000000
10002325,clean,0,0.000000,0.000000,0.000000,0.000000,0.000000
10002326,clean,0,0.000000,0.000000,0.000000,0.000000,0.000000
10002327,clean,0,0.000000,0.000000,0.000000,0.000000,0.000000
10002328,clean,0,0.000000,0.000000,0.000000,0.000000,0.000000
10002329,clean,0,0.000000,0.000000,0.000000,0.000000,0.000000
10002330,clean,0,0.000000,0.000000,0.000000,0.000000,0.000000
10002331,clean,0,0.000000,0.000000,0.000000,0.000000,0.000000
10002332,clean,0,0.000000,0.000000,0.000000,0.000000,0.000000
10002333,clean,0,0.000000,0.000000,0.000000,0.000000,0.000000
10002334,clean,0,0.000000,0.000000,0.000000,0.000000,0.000000
10002335,clean,0,0.000000,0.000000,0.000000,0.000000,0.000000
10002336,clean,0,0.000000,0.000000,0.000000,0.000000,0.000000
10002337,clean,0,0.000000,0.000000,0.000000,0.000000,0.000000
10002338,clean,0,0.000000,0.000000,0.000000,0.000000,0.000000
10002339,clean,0,0.000000,0.000000,0.000000,0.000000,0.000000
10002340,clean,0,0.000000,0.000000,0.000000,0.000000,0.000000
10002341,clean,0,0.000000,0.000000,0.000000,0.000000,0.000000
10002342,clean,0,0.000000,0.000000,0.000000,0.000000,0.000000
10002343,clean,0,0.000000,0.000000,0.000000,0.000000,0.000000
10002344,clean,0,0.000000,0.000000,0.000000,0.000000,0.000000
10002345,clean,0,0.000000,0.000000,0.000000,0.000000,0.000000
10002346,clean,0,0.000000,0.000000,0.000000,0.000000,0.000000
10002347,clean,0,0.000000,0.000000,0.000000,0.000000,0.000000
10002348,clean,0,0.000000,0.000000,0.000000,0.000000,0.000000
10002349,clean,0,0.000000,0.000000,0.000000,0.000000,0.000000
10002350,clean,0,0.000000,0.000000,0.000000,0.000000,0.000000
10002351,clean,0,0.000000,0.000000,0.000000,0.000000,0.000000
10002352,clean,0,0.000000,0.000000,0.000000,0.000000,0.000000
10002353,clean,0,0.000000,0.000000,0.000000,0.000000,0.000000
10002354,clean,0,0.000000,0.000000,0.000000,0.000000,0.000000
10002355,clean,0,0.000000,0.000000,0.000000,0.000000,0.000000
10002356,clean,0,0.000000,0.000000,0.000000,0.000000,0.000000
10002357,clean,0,0.000000,0.000000,0.000000,0.000000,0.000000
10002358,clean,0,0.000000,0.000000,0.000000,0.000000,0.000000
10002359,clean,0,0.000000,0.000000,0.000000,0.000000,0.000000
10002360,clean,0,0.000000,0.000000,0.000000,0.000000,0.000000
10002361,clean,0,0.000000,0.000000,0.000000,0.000000,0.000000
10002362,clean,0,0.000000,0.000000,0.000000,0.000000,0.000000
10002363,clean,0,0.000000,0.000000,0.000000,0.000000,0.000000
10002364,clean,0,0.000000,0.000000,0.000000,0.000000,0.000000
10002365,clean,0,0.000000,0.000000,0.000000,0.000000,0.000000
10002366,clean,0,0.000000,0.000000,0.000000,0.000000,0.000000
10002367,clean,0,0.000000,0.000000,0.000000,0.000000,0.000000
10002368,clean,0,0.000000,0.000000,0.000000,0.000000,0.000000
10002369,clean,0,0.000000,0.000000,0.000000,0.000000,0.000000
10002370,clean,0,0.000000,0.000000,0.000000,0.000000,0.000000
10002371,clean,0,0.000000,0.000000,0.000000,0.000000,0.000000
10002372,clean,0,0.000000,0.000000,0.000000,0.000000,0.000000
10002373,clean,0,0.000000,0.000000,0.000000,0.000000,0.000000
10002374,clean,0,0.000000,0.000000,0.000000,0.000000,0.000000
10002375,clean,0,0.000000,0.000000,0.000000,0.000000,0.000000
10002376,clean,0,0.000000,0.000000,0.000000,0.000000,0.000000
10002377,clean,0,0.000000,0.000000,0.000000,0.000000,0.000000
10002378,clean,0,0.000000,0.000000,0.000000,0.000000,0.000000
10002379,clean,0,0.000000,0.000000,0.000000,0.000000,0.000000
10002380,clean,0,0.000000,0.000000,0.000000,0.000000,0.000000
10002381,clean,0,0.000000,0.000000,0.000000,0.000000,0.000000
10002382,clean,0,0.000000,0.000000,0.000000,0.000000,0.000000
10002383,clean,0,0.000000,0.000000,0.000000,0.000000,0.000000
10002384,clean,0,0.000000,0.000000,0.000000,0.000000,0.000000
10002385,clean,0,0.000000,0.000000,0.000000,0.000000,0.000000
10002386,clean,0,0.000000,0.000000,0.000000,0.000000,0.000000
10002387,clean,0,0.000000,0.000000,0.000000,0.000000,0.000000
10002388,clean,0,0.000000,0.000000,0.000000,0.000000,0.000000
10002389,clean,0,0.000000,0.000000,0.000000,0.000000,0.000000
10002390,clean,0,0.000000,0.000000,0.000000,0.000000,0.000000
10002391,clean,0,0.000000,0.000000,0.000000,0.000000,0.000000
10002392,clean,0,0.000000,0.000000,0.000000,0.000000,0.000000
10002393,clean,0,0.000000,0.000000,0.000000,0.000000,0.000000
10002394,clean,0,0.000000,0.000000,0.000000,0.000000,0.000000
10002395,clean,0,0.000000,0.000000,0.000000,0.000000,0.000000
10002396,clean,0,0.000000,0.000000,0.000000,0.000000,0.000000
10002397,clean,0,0.000000,0.000000,0.000000,0.000000,0.000000
10002398,clean,0,0.000000,0.000000,0.000000,0.000000,0.000000
10002399,clean,0,0.000000,0.000000,0.000000,0.000000,0.000000
10002400,clean,0,0.000000,0.000000,0.000000,0.000000,0.000000
10002401,clean,0,0.000000,0.000000,0.000000,0.000000,0.000000
10002402,clean,0,0.000000,0.000000,0.000000,0.000000,0.000000
10002403,clean,0,0.000000,0.000000,0.000000,0.000000,0.000000
10002404,clean,0,0.000000,0.000000,0.000000,0.000000,0.000000
10002405,clean,0,0.000000,0.000000,0.000000,0.000000,0.000000
10002406,clean,0,0.000000,0.000000,0.000000,0.000000,0.000000
10002407,clean,0,0.000000,0.000000,0.000000,0.000000,0.000000
10002408,clean,0,0.000000,0.000000,0.000000,0.000000,0.000000
10002409,clean,0,0.000000,0.000000,0.000000,0.000000,0.000000
10002410,clean,0,0.000000,0.000000,0.000000,0.000000,0.000000
10002411,clean,0,0.000000,0.000000,0.000000,0.000000,0.000000
10002412,clean,0,0.000000,0.000000,0.000000,0.000000,0.000000
10002413,clean,0,0.000000,0.000000,0.000000,0.000000,0.000000
10002414,clean,0,0.000000,0.000000,0.000000,0.000000,0.000000
10002415,clean,0,0.000000,0.000000,0.000000,0.000000,0.000000
10002416,clean,0,0.000000,0.000000,0.000000,0.000000,0.000000
10002417,clean,0,0.000000,0.000000,0.000000,0.000000,0.000000
10002418,clean,0,0.000000,0.000000,0.000000,0.000000,0.000000
10002419,clean,0,0.000000,0.000000,0.000000,0.000000,0.000000
10002420,clean,0,0.000000,0.000000,0.000000,0.000000,0.000000
10002421,clean,0,0.000000,0.000000,0.000000,0.000000,0.000000
10002422,clean,0,0.000000,0.000000,0.000000,0.000000,0.000000
10002423,clean,0,0.000000,0.000000,0.000000,0.000000,0.000000
10002424,clean,0,0.000000,0.000000,0.000000,0.000000,0.000000
10002425,clean,0,0.000000,0.000000,0.000000,0.000000,0.000000
10002426,clean,0,0.000000,0.000000,0.000000,0.000000,0.000000
10002427,clean,0,0.000000,0.000000,0.000000,0.000000,0.000000
10002428,clean,0,0.000000,0.000000,0.000000,0.000000,0.000000
10002429,clean,0,0.000000,0.000000,0.000000,0.000000,0.000000
10002430,clean,0,0.000000,0.000000,0.000000,0.000000,0.000000
10002431,clean,0,0.000000,0.000000,0.000000,0.000000,0.000000
10002432,clean,0,0.000000,0.000000,0.000000,0.000000,0.000000
10002433,clean,0,0.000000,0.000000,0.000000,0.000000,0.000000
10002434,clean,0,0.000000,0.000000,0.000000,0.000000,0.000000
10002435,clean,0,0.000000,0.000000,0.000000,0.000000,0.000000
10002436,clean,0,0.000000,0.000000,0.000000,0.000000,0.000000
10002437,clean,0,0.000000,0.000000,0.000000,0.000000,0.000000
10002438,clean,0,0.000000,0.000000,0.000000,0.000000,0.000000
10002439,clean,0,0.000000,0.000000,0.000000,0.000000,0.000000
10002440,clean,0,0.000000,0.000000,0.000000,0.000000,0.000000
10002441,clean,0,0.000000,0.000000,0.000000,0.000000,0.000000
10002442,clean,0,0.000000,0.000000,0.000000,0.000000,0.000000
10002443,clean,0,0.000000,0.000000,0.000000,0.000000,0.000000
10002444,clean,0,0.000000,0.000000,0.000000,0.000000,0.000000
10002445,clean,0,0.000000,0.000000,0.000000,0.000000,0.000000
10002446,clean,0,0.000000,0.000000,0.000000,0.000000,0.000000
10002447,clean,0,0.000000,0.000000,0.000000,0.000000,0.000000
10002448,clean,0,0.000000,0.000000,0.000000,0.000000,0.000000
10002449,clean,0,0.000000,0.000000,0.000000,0.000000,0.000000
10002450,clean,0,0.000000,0.000000,0.000000,0.000000,0.000000
10002451,clean,0,0.000000,0.000000,0.000000,0.000000,0.000000
10002452,clean,0,0.000000,0.000000,0.000000,0.000000,0.000000
10002453,clean,0,0.000000,0.000000,0.000000,0.000000,0.000000
10002454,clean,0,0.000000,0.000000,0.000000,0.000000,0.000000
10002455,clean,1,0.007843,0.007843,0.000000,0.007843,0.007843
10002456,clean,0,0.000000,0.000000,0.000000,0.000000,0.000000
10002457,clean,0,0.000000,0.000000,0.000000,0.000000,0.000000
10002458,clean,0,0.000000,0.000000,0.000000,0.000000,0.000000
10002459,clean,0,0.000000,0.000000,0.000000,0.000000,0.000000
10002460,clean,0,0.000000,0.000000,0.000000,0.000000,0.000000
10002461,clean,0,0.000000,0.000000,0.000000,0.000000,0.000000
10002462,clean,0,0.000000,0.000000,0.000000,0.000000,0.000000
10002463,clean,0,0.000000,0.000000,0.000000,0.000000,0.000000
10002464,clean,0,0.000000,0.000000,0.000000,0.000000,0.000000
10002465,clean,0,0.000000,0.000000,0.000000,0.000000,0.000000
10002466,clean,0,0.000000,0.000000,0.000000,0.000000,0.000000
10002467,clean,8,0.012255,0.011765,0.004130,0.007843,0.019608
10002468,clean,14,0.010084,0.011765,0.004852,0.003922,0.015686
10002469,clean,0,0.000000,0.000000,0.000000,0.000000,0.000000
10002470,clean,0,0.000000,0.000000,0.000000,0.000000,0.000000
10002471,clean,0,0.000000,0.000000,0.000000,0.000000,0.000000
10002472,clean,0,0.000000,0.000000,0.000000,0.000000,0.000000
10002473,clean,0,0.000000,0.000000,0.000000,0.000000,0.000000
10002474,clean,0,0.000000,0.000000,0.000000,0.000000,0.000000
10002475,clean,0,0.000000,0.000000,0.000000,0.000000,0.000000
10002476,clean,0,0.000000,0.000000,0.000000,0.000000,0.000000
10002477,clean,0,0.000000,0.000000,0.000000,0.000000,0.000000
10002478,clean,0,0.000000,0.000000,0.000000,0.000000,0.000000
10002479,clean,0,0.000000,0.000000,0.000000,0.000000,0.000000
10002480,clean,0,0.000000,0.000000,0.000000,0.000000,0.000000
10002481,clean,0,0.000000,0.000000,0.000000,0.000000,0.000000
10002482,clean,0,0.000000,0.000000,0.000000,0.000000,0.000000
10002483,clean,0,0.000000,0.000000,0.000000,0.000000,0.000000
10002484,clean,0,0.000000,0.000000,0.000000,0.000000,0.000000
10002485,clean,0,0.000000,0.000000,0.000000,0.000000,0.000000
10002486,clean,0,0.000000,0.000000,0.000000,0.000000,0.000000
10002487,clean,0,0.000000,0.000000,0.000000,0.000000,0.000000
10002488,clean,0,0.000000,0.000000,0.000000,0.000000,0.000000
10002489,clean,0,0.000000,0.000000,0.000000,0.000000,0.000000
10002490,clean,0,0.000000,0.000000,0.000000,0.000000,0.000000
10002491,clean,0,0.000000,0.000000,0.000000,0.000000,0.000000
10002492,clean,0,0.000000,0.000000,0.000000,0.000000,0.000000
10002493,clean,0,0.000000,0.000000,0.000000,0.000000,0.000000
10002494,clean,0,0.000000,0.000000,0.000000,0.000000,0.000000
10002495,clean,0,0.000000,0.000000,0.000000,0.000000,0.000000
10002496,clean,0,0.000000,0.000000,0.000000,0.000000,0.000000
10002497,clean,0,0.000000,0.000000,0.000000,0.000000,0.000000
10002498,clean,0,0.000000,0.000000,0.000000,0.000000,0.000000
10002499,clean,0,0.000000,0.000000,0.000000,0.000000,0.000000
10002500,clean,0,0.000000,0.000000,0.000000,0.000000,0.000000
10002501,clean,0,0.000000,0.000000,0.000000,0.000000,0.000000
10002502,clean,0,0.000000,0.000000,0.000000,0.000000,0.000000
10002503,clean,0,0.000000,0.000000,0.000000,0.000000,0.000000
10002504,clean,0,0.000000,0.000000,0.000000,0.000000,0.000000
10002505,clean,0,0.000000,0.000000,0.000000,0.000000,0.000000
10002506,clean,0,0.000000,0.000000,0.000000,0.000000,0.000000
10002507,clean,0,0.000000,0.000000,0.000000,0.000000,0.000000
10002508,clean,0,0.000000,0.000000,0.000000,0.000000,0.000000
10002509,clean,0,0.000000,0.000000,0.000000,0.000000,0.000000
10002510,clean,0,0.000000,0.000000,0.000000,0.000000,0.000000
10002511,clean,0,0.000000,0.000000,0.000000,0.000000,0.000000
10002512,clean,0,0.000000,0.000000,0.000000,0.000000,0.000000
10002513,clean,0,0.000000,0.000000,0.000000,0.000000,0.000000
10002514,clean,0,0.000000,0.000000,0.000000,0.000000,0.000000
10002515,clean,0,0.000000,0.000000,0.000000,0.000000,0.000000
10002516,clean,0,0.000000,0.000000,0.000000,0.000000,0.000000
10002517,clean,0,0.000000,0.000000,0.000000,0.000000,0.000000
10002518,clean,0,0.000000,0.000000,0.000000,0.000000,0.000000
10002519,clean,0,0.000000,0.000000,0.000000,0.000000,0.000000
10002520,clean,0,0.000000,0.000000,0.000000,0.000000,0.000000
10002521,clean,0,0.000000,0.000000,0.000000,0.000000,0.000000
10002522,clean,0,0.000000,0.000000,0.000000,0.000000,0.000000
10002523,clean,0,0.000000,0.000000,0.000000,0.000000,0.000000
10002524,clean,0,0.000000,0.000000,0.000000,0.000000,0.000000
10002525,clean,0,0.000000,0.000000,0.000000,0.000000,0.000000
10002526,clean,0,0.000000,0.000000,0.000000,0.000000,0.000000
10002527,clean,0,0.000000,0.000000,0.000000,0.000000,0.000000
10002528,clean,0,0.000000,0.000000,0.000000,0.000000,0.000000
10002529,clean,0,0.000000,0.000000,0.000000,0.000000,0.000000
10002530,clean,0,0.000000,0.000000,0.000000,0.000000,0.000000
10002531,clean,0,0.000000,0.000000,0.000000,0.000000,0.000000
10002532,clean,0,0.000000,0.000000,0.000000,0.000000,0.000000
10002533,clean,0,0.000000,0.000000,0.000000,0.000000,0.000000
10002534,clean,0,0.000000,0.000000,0.000000,0.000000,0.000000
10002535,clean,0,0.000000,0.000000,0.000000,0.000000,0.000000
10002536,clean,0,0.000000,0.000000,0.000000,0.000000,0.000000
10002537,clean,0,0.000000,0.000000,0.000000,0.000000,0.000000
10002538,clean,0,0.000000,0.000000,0.000000,0.000000,0.000000
10002539,clean,0,0.000000,0.000000,0.000000,0.000000,0.000000
10002540,clean,0,0.000000,0.000000,0.000000,0.000000,0.000000
10002541,clean,0,0.000000,0.000000,0.000000,0.000000,0.000000
10002542,clean,0,0.000000,0.000000,0.000000,0.000000,0.000000
10002543,clean,0,0.000000,0.000000,0.000000,0.000000,0.000000
10002544,clean,0,0.000000,0.000000,0.000000,0.000000,0.000000
10002545,clean,0,0.000000,0.000000,0.000000,0.000000,0.000000
10002546,clean,0,0.000000,0.000000,0.000000,0.000000,0.000000
10002547,clean,0,0.000000,0.000000,0.000000,0.000000,0.000000
10002548,clean,0,0.000000,0.000000,0.000000,0.000000,0.000000
10002549,clean,0,0.000000,0.000000,0.000000,0.000000,0.000000
10002550,clean,0,0.000000,0.000000,0.000000,0.000000,0.000000
10002551,clean,0,0.000000,0.000000,0.000000,0.000000,0.000000
10002552,clean,0,0.000000,0.000000,0.000000,0.000000,0.000000
10002553,clean,0,0.000000,0.000000,0.000000,0.000000,0.000000
10002554,clean,0,0.000000,0.000000,0.000000,0.000000,0.000000
10002555,clean,0,0.000000,0.000000,0.000000,0.000000,0.000000
10002556,clean,0,0.000000,0.000000,0.000000,0.000000,0.000000
10002557,clean,0,0.000000,0.000000,0.000000,0.000000,0.000000
10002558,clean,0,0.000000,0.000000,0.000000,0.000000,0.000000
10002559,clean,0,0.000000,0.000000,0.000000,0.000000,0.000000
10002560,clean,0,0.000000,0.000000,0.000000,0.000000,0.000000
10002561,clean,0,0.000000,0.000000,0.000000,0.000000,0.000000
10002562,clean,0,0.000000,0.000000,0.000000,0.000000,0.000000
10002563,clean,0,0.000000,0.000000,0.000000,0.000000,0.000000
10002564,clean,0,0.000000,0.000000,0.000000,0.000000,0.000000
10002565,clean,0,0.000000,0.000000,0.000000,0.000000,0.000000
10002566,clean,0,0.000000,0.000000,0.000000,0.000000,0.000000
10002567,clean,0,0.000000,0.000000,0.000000,0.000000,0.000000
10002568,clean,0,0.000000,0.000000,0.000000,0.000000,0.000000
10002569,clean,0,0.000000,0.000000,0.000000,0.000000,0.000000
10002570,clean,0,0.000000,0.000000,0.000000,0.000000,0.000000
10002571,clean,0,0.000000,0.000000,0.000000,0.000000,0.000000
10002572,clean,0,0.000000,0.000000,0.000000,0.000000,0.000000
10002573,clean,0,0.000000,0.000000,0.000000,0.000000,0.000000
10002574,clean,0,0.000000,0.000000,0.000000,0.000000,0.000000
10002575,clean,0,0.000000,0.000000,0.000000,0.000000,0.000000
10002576,clean,0,0.000000,0.000000,0.000000,0.000000,0.000000
10002577,clean,0,0.000000,0.000000,0.000000,0.000000,0.000000
10002578,clean,0,0.000000,0.000000,0.000000,0.000000,0.000000
10002579,clean,0,0.000000,0.000000,0.000000,0.000000,0.000000
10002580,clean,0,0.000000,0.000000,0.000000,0.000000,0.000000
10002581,clean,0,0.000000,0.000000,0.000000,0.000000,0.000000
10002582,clean,0,0.000000,0.000000,0.000000,0.000000,0.000000
10002583,clean,0,0.000000,0.000000,0.000000,0.000000,0.000000
10002584,clean,0,0.000000,0.000000,0.000000,0.000000,0.000000
10002585,clean,0,0.000000,0.000000,0.000000,0.000000,0.000000
10002586,clean,0,0.000000,0.000000,0.000000,0.000000,0.000000
10002587,clean,0,0.000000,0.000000,0.000000,0.000000,0.000000
10002588,clean,0,0.000000,0.000000,0.000000,0.000000,0.000000
10002589,clean,0,0.000000,0.000000,0.000000,0.000000,0.000000
10002590,clean,0,0.000000,0.000000,0.000000,0.000000,0.000000
10002591,clean,0,0.000000,0.000000,0.000000,0.000000,0.000000
10002592,clean,0,0.000000,0.000000,0.000000,0.000000,0.000000
10002593,clean,0,0.000000,0.000000,0.000000,0.000000,0.000000
10002594,clean,0,0.000000,0.000000,0.000000,0.000000,0.000000
10002595,clean,0,0.000000,0.000000,0.000000,0.000000,0.000000
10002596,clean,0,0.000000,0.000000,0.000000,0.000000,0.000000
10002597,clean,0,0.000000,0.000000,0.000000,0.000000,0.000000
10002598,clean,0,0.000000,0.000000,0.000000,0.000000,0.000000
10002599,clean,0,0.000000,0.000000,0.000000,0.000000,0.000000
10002600,clean,0,0.000000,0.000000,0.000000,0.000000,0.000000
10002601,clean,0,0.000000,0.000000,0.000000,0.000000,0.000000
10002602,clean,0,0.000000,0.000000,0.000000,0.000000,0.000000
10002603,clean,0,0.000000,0.000000,0.000000,0.000000,0.000000
10002604,clean,0,0.000000,0.000000,0.000000,0.000000,0.000000
10002605,clean,0,0.000000,0.000000,0.000000,0.000000,0.000000
10002606,clean,0,0.000000,0.000000,0.000000,0.000000,0.000000
10002607,clean,0,0.000000,0.000000,0.000000,0.000000,0.000000
10002608,clean,0,0.000000,0.000000,0.000000,0.000000,0.000000
10002609,clean,0,0.000000,0.000000,0.000000,0.000000,0.000000
10002610,clean,0,0.000000,0.000000,0.000000,0.000000,0.000000
10002611,clean,0,0.000000,0.000000,0.000000,0.000000,0.000000
10002612,clean,1,0.000000,0.000000,0.000000,0.000000,0.000000
10002613,clean,0,0.000000,0.000000,0.000000,0.000000,0.000000
10002614,clean,0,0.000000,0.000000,0.000000,0.000000,0.000000
10002615,clean,0,0.000000,0.000000,0.000000,0.000000,0.000000
10002616,clean,0,0.000000,0.000000,0.000000,0.000000,0.000000
10002617,clean,0,0.000000,0.000000,0.000000,0.000000,0.000000
10002618,clean,0,0.000000,0.000000,0.000000,0.000000,0.000000
10002619,clean,0,0.000000,0.000000,0.000000,0.000000,0.000000
10002620,clean,0,0.000000,0.000000,0.000000,0.000000,0.000000
10002621,clean,0,0.000000,0.000000,0.000000,0.000000,0.000000
10002622,clean,0,0.000000,0.000000,0.000000,0.000000,0.000000
10002623,clean,0,0.000000,0.000000,0.000000,0.000000,0.000000
10002624,clean,0,0.000000,0.000000,0.000000,0.000000,0.000000
10002625,clean,0,0.000000,0.000000,0.000000,0.000000,0.000000
10002626,clean,0,0.000000,0.000000,0.000000,0.000000,0.000000
10002627,clean,0,0.000000,0.000000,0.000000,0.000000,0.000000
10002628,clean,0,0.000000,0.000000,0.000000,0.000000,0.000000
10002629,clean,0,0.000000,0.000000,0.000000,0.000000,0.000000
10002630,clean,0,0.000000,0.000000,0.000000,0.000000,0.000000
10002631,clean,0,0.000000,0.000000,0.000000,0.000000,0.000000
10002632,clean,0,0.000000,0.000000,0.000000,0.000000,0.000000
10002633,clean,0,0.000000,0.000000,0.000000,0.000000,0.000000
10002634,clean,0,0.000000,0.000000,0.000000,0.000000,0.000000
10002635,clean,0,0.000000,0.000000,0.000000,0.000000,0.000000
10002636,clean,0,0.000000,0.000000,0.000000,0.000000,0.000000
10002637,clean,0,0.000000,0.000000,0.000000,0.000000,0.000000
10002638,clean,0,0.000000,0.000000,0.000000,0.000000,0.000000
10002639,clean,0,0.000000,0.000000,0.000000,0.000000,0.000000
10002640,clean,0,0.000000,0.000000,0.000000,0.000000,0.000000
10002641,clean,0,0.000000,0.000000,0.000000,0.000000,0.000000
10002642,clean,0,0.000000,0.000000,0.000000,0.000000,0.000000
10002643,clean,0,0.000000,0.000000,0.000000,0.000000,0.000000
10002644,clean,0,0.000000,0.000000,0.000000,0.000000,0.000000
10002645,clean,0,0.000000,0.000000,0.000000,0.000000,0.000000
10002646,clean,0,0.000000,0.000000,0.000000,0.000000,0.000000
10002647,clean,0,0.000000,0.000000,0.000000,0.000000,0.000000
10002648,clean,0,0.000000,0.000000,0.000000,0.000000,0.000000
10002649,clean,0,0.000000,0.000000,0.000000,0.000000,0.000000
10002650,clean,0,0.000000,0.000000,0.000000,0.000000,0.000000
10002651,clean,0,0.000000,0.000000,0.000000,0.000000,0.000000
10002652,clean,0,0.000000,0.000000,0.000000,0.000000,0.000000
10002653,clean,0,0.000000,0.000000,0.000000,0.000000,0.000000
10002654,clean,0,0.000000,0.000000,0.000000,0.000000,0.000000
10002655,clean,0,0.000000,0.000000,0.000000,0.000000,0.000000
10002656,clean,0,0.000000,0.000000,0.000000,0.000000,0.000000
10002657,clean,0,0.000000,0.000000,0.000000,0.000000,0.000000
10002658,clean,0,0.000000,0.000000,0.000000,0.000000,0.000000
10002659,clean,0,0.000000,0.000000,0.000000,0.000000,0.000000
10002660,clean,0,0.000000,0.000000,0.000000,0.000000,0.000000
10002661,clean,0,0.000000,0.000000,0.000000,0.000000,0.000000
10002662,clean,0,0.000000,0.000000,0.000000,0.000000,0.000000
10002663,clean,0,0.000000,0.000000,0.000000,0.000000,0.000000
10002664,clean,0,0.000000,0.000000,0.000000,0.000000,0.000000
10002665,clean,0,0.000000,0.000000,0.000000,0.000000,0.000000
10002666,clean,0,0.000000,0.000000,0.000000,0.000000,0.000000
10002667,clean,0,0.000000,0.000000,0.000000,0.000000,0.000000
10002668,clean,0,0.000000,0.000000,0.000000,0.000000,0.000000
10002669,clean,0,0.000000,0.000000,0.000000,0.000000,0.000000
10002670,clean,0,0.000000,0.000000,0.000000,0.000000,0.000000
10002671,clean,0,0.000000,0.000000,0.000000,0.000000,0.000000
10002672,clean,0,0.000000,0.000000,0.000000,0.000000,0.000000
10002673,clean,0,0.000000,0.000000,0.000000,0.000000,0.000000
10002674,clean,0,0.000000,0.000000,0.000000,0.000000,0.000000
10002675,clean,0,0.000000,0.000000,0.000000,0.000000,0.000000
10002676,clean,0,0.000000,0.000000,0.000000,0.000000,0.000000
10002677,clean,0,0.000000,0.000000,0.000000,0.000000,0.000000
10002678,clean,0,0.000000,0.000000,0.000000,0.000000,0.000000
10002679,clean,0,0.000000,0.000000,0.000000,0.000000,0.000000
10002680,clean,0,0.000000,0.000000,0.000000,0.000000,0.000000
10002681,clean,0,0.000000,0.000000,0.000000,0.000000,0.000000
10002682,clean,0,0.000000,0.000000,0.000000,0.000000,0.000000
10002683,clean,0,0.000000,0.000000,0.000000,0.000000,0.000000
10002684,clean,0,0.000000,0.000000,0.000000,0.000000,0.000000
10002685,clean,0,0.000000,0.000000,0.000000,0.000000,0.000000
10002686,clean,0,0.000000,0.000000,0.000000,0.000000,0.000000
10002687,clean,0,0.000000,0.000000,0.000000,0.000000,0.000000
10002688,clean,0,0.000000,0.000000,0.000000,0.000000,0.000000
10002689,clean,0,0.000000,0.000000,0.000000,0.000000,0.000000
10002690,clean,0,0.000000,0.000000,0.000000,0.000000,0.000000
10002691,clean,0,0.000000,0.000000,0.000000,0.000000,0.000000
10002692,clean,0,0.000000,0.000000,0.000000,0.000000,0.000000
10002693,clean,0,0.000000,0.000000,0.000000,0.000000,0.000000
10002694,clean,0,0.000000,0.000000,0.000000,0.000000,0.000000
10002695,clean,0,0.000000,0.000000,0.000000,0.000000,0.000000
10002696,clean,0,0.000000,0.000000,0.000000,0.000000,0.000000
10002697,clean,0,0.000000,0.000000,0.000000,0.000000,0.000000
10002698,clean,0,0.000000,0.000000,0.000000,0.000000,0.000000
10002699,clean,0,0.000000,0.000000,0.000000,0.000000,0.000000
10002700,clean,0,0.000000,0.000000,0.000000,0.000000,0.000000
10002701,clean,0,0.000000,0.000000,0.000000,0.000000,0.000000
10002702,clean,0,0.000000,0.000000,0.000000,0.000000,0.000000
10002703,clean,0,0.000000,0.000000,0.000000,0.000000,0.000000
10002704,clean,0,0.000000,0.000000,0.000000,0.000000,0.000000
10002705,clean,0,0.000000,0.000000,0.000000,0.000000,0.000000
10002706,clean,0,0.000000,0.000000,0.000000,0.000000,0.000000
10002707,clean,0,0.000000,0.000000,0.000000,0.000000,0.000000
10002708,clean,0,0.000000,0.000000,0.000000,0.000000,0.000000
10002709,clean,0,0.000000,0.000000,0.000000,0.000000,0.000000
10002710,clean,0,0.000000,0.000000,0.000000,0.000000,0.000000
10002711,clean,0,0.000000,0.000000,0.000000,0.000000,0.000000
10002712,clean,0,0.000000,0.000000,0.000000,0.000000,0.000000
10002713,clean,0,0.000000,0.000000,0.000000,0.000000,0.000000
10002714,clean,0,0.000000,0.000000,0.000000,0.000000,0.000000
10002715,clean,0,0.000000,0.000000,0.000000,0.000000,0.000000
10002716,clean,0,0.000000,0.000000,0.000000,0.000000,0.000000
10002717,clean,0,0.000000,0.000000,0.000000,0.000000,0.000000
10002718,clean,0,0.000000,0.000000,0.000000,0.000000,0.000000
10002719,clean,0,0.000000,0.000000,0.000000,0.000000,0.000000
10002720,clean,0,0.000000,0.000000,0.000000,0.000000,0.000000
10002721,clean,0,0.000000,0.000000,0.000000,0.000000,0.000000
10002722,clean,0,0.000000,0.000000,0.000000,0.000000,0.000000
10002723,clean,0,0.000000,0.000000,0.000000,0.000000,0.000000
10002724,clean,0,0.000000,0.000000,0.000000,0.000000,0.000000
10002725,clean,0,0.000000,0.000000,0.000000,0.000000,0.000000
10002726,clean,0,0.000000,0.000000,0.000000,0.000000,0.000000
10002727,clean,0,0.000000,0.000000,0.000000,0.000000,0.000000
10002728,clean,0,0.000000,0.000000,0.000000,0.000000,0.000000
10002729,clean,0,0.000000,0.000000,0.000000,0.000000,0.000000
10002730,clean,0,0.000000,0.000000,0.000000,0.000000,0.000000
10002731,clean,0,0.000000,0.000000,0.000000,0.000000,0.000000
10002732,clean,0,0.000000,0.000000,0.000000,0.000000,0.000000
10002733,clean,0,0.000000,0.000000,0.000000,0.000000,0.000000
10002734,clean,0,0.000000,0.000000,0.000000,0.000000,0.000000
10002735,clean,0,0.000000,0.000000,0.000000,0.000000,0.000000
10002736,clean,0,0.000000,0.000000,0.000000,0.000000,0.000000
10002737,clean,0,0.000000,0.000000,0.000000,0.000000,0.000000
10002738,clean,3,0.033987,0.031373,0.003697,0.031373,0.039216
10002739,clean,4,0.031373,0.031373,0.003922,0.027451,0.035294
10002740,clean,0,0.000000,0.000000,0.000000,0.000000,0.000000
10002741,clean,0,0.000000,0.000000,0.000000,0.000000,0.000000
10002742,clean,0,0.000000,0.000000,0.000000,0.000000,0.000000
10002743,clean,0,0.000000,0.000000,0.000000,0.000000,0.000000
10002744,clean,0,0.000000,0.000000,0.000000,0.000000,0.000000
10002745,clean,0,0.000000,0.000000,0.000000,0.000000,0.000000
10002746,clean,0,0.000000,0.000000,0.000000,0.000000,0.000000
10002747,clean,0,0.000000,0.000000,0.000000,0.000000,0.000000
10002748,clean,0,0.000000,0.000000,0.000000,0.000000,0.000000
10002749,clean,0,0.000000,0.000000,0.000000,0.000000,0.000000
10002750,clean,0,0.000000,0.000000,0.000000,0.000000,0.000000
10002751,clean,0,0.000000,0.000000,0.000000,0.000000,0.000000
10002752,clean,0,0.000000,0.000000,0.000000,0.000000,0.000000
10002753,clean,0,0.000000,0.000000,0.000000,0.000000,0.000000
10002754,clean,0,0.000000,0.000000,0.000000,0.000000,0.000000
10002755,clean,0,0.000000,0.000000,0.000000,0.000000,0.000000
10002756,clean,0,0.000000,0.000000,0.000000,0.000000,0.000000
10002757,clean,0,0.000000,0.000000,0.000000,0.000000,0.000000
10002758,clean,0,0.000000,0.000000,0.000000,0.000000,0.000000
10002759,clean,0,0.000000,0.000000,0.000000,0.000000,0.000000
10002760,clean,0,0.000000,0.000000,0.000000,0.000000,0.000000
10002761,clean,0,0.000000,0.000000,0.000000,0.000000,0.000000
10002762,clean,0,0.000000,0.000000,0.000000,0.000000,0.000000
10002763,clean,0,0.000000,0.000000,0.000000,0.000000,0.000000
10002764,clean,0,0.000000,0.000000,0.000000,0.000000,0.000000
10002765,clean,0,0.000000,0.000000,0.000000,0.000000,0.000000
10002766,clean,0,0.000000,0.000000,0.000000,0.000000,0.000000
10002767,clean,0,0.000000,0.000000,0.000000,0.000000,0.000000
10002768,clean,0,0.000000,0.000000,0.000000,0.000000,0.000000
10002769,clean,0,0.000000,0.000000,0.000000,0.000000,0.000000
10002770,clean,0,0.000000,0.000000,0.000000,0.000000,0.000000
10002771,clean,0,0.000000,0.000000,0.000000,0.000000,0.000000
10002772,clean,0,0.000000,0.000000,0.000000,0.000000,0.000000
10002773,clean,0,0.000000,0.000000,0.000000,0.000000,0.000000
10002774,clean,0,0.000000,0.000000,0.000000,0.000000,0.000000
10002775,clean,0,0.000000,0.000000,0.000000,0.000000,0.000000
10002776,clean,0,0.000000,0.000000,0.000000,0.000000,0.000000
10002777,clean,0,0.000000,0.000000,0.000000,0.000000,0.000000
10002778,clean,0,0.000000,0.000000,0.000000,0.000000,0.000000
10002779,clean,0,0.000000,0.000000,0.000000,0.000000,0.000000
10002780,clean,0,0.000000,0.000000,0.000000,0.000000,0.000000
10002781,clean,0,0.000000,0.000000,0.000000,0.000000,0.000000
10002782,clean,0,0.000000,0.000000,0.000000,0.000000,0.000000
10002783,clean,0,0.000000,0.000000,0.000000,0.000000,0.000000
10002784,clean,0,0.000000,0.000000,0.000000,0.000000,0.000000
10002785,clean,0,0.000000,0.000000,0.000000,0.000000,0.000000
10002786,clean,0,0.000000,0.000000,0.000000,0.000000,0.000000
10002787,clean,0,0.000000,0.000000,0.000000,0.000000,0.000000
10002788,clean,0,0.000000,0.000000,0.000000,0.000000,0.000000
10002789,clean,0,0.000000,0.000000,0.000000,0.000000,0.000000
10002790,clean,0,0.000000,0.000000,0.000000,0.000000,0.000000
10002791,clean,0,0.000000,0.000000,0.000000,0.000000,0.000000
10002792,clean,0,0.000000,0.000000,0.000000,0.000000,0.000000
10002793,clean,0,0.000000,0.000000,0.000000,0.000000,0.000000
10002794,clean,0,0.000000,0.000000,0.000000,0.000000,0.000000
10002795,clean,0,0.000000,0.000000,0.000000,0.000000,0.000000
10002796,clean,0,0.000000,0.000000,0.000000,0.000000,0.000000
10002797,clean,0,0.000000,0.000000,0.000000,0.000000,0.000000
10002798,clean,0,0.000000,0.000000,0.000000,0.000000,0.000000
10002799,clean,1,0.043137,0.043137,0.000000,0.043137,0.043137
10002800,clean,0,0.000000,0.000000,0.000000,0.000000,0.000000
10002801,clean,0,0.000000,0.000000,0.000000,0.000000,0.000000
10002802,clean,0,0.000000,0.000000,0.000000,0.000000,0.000000
10002803,clean,0,0.000000,0.000000,0.000000,0.000000,0.000000
10002804,clean,0,0.000000,0.000000,0.000000,0.000000,0.000000
10002805,clean,0,0.000000,0.000000,0.000000,0.000000,0.000000
10002806,clean,0,0.000000,0.000000,0.000000,0.000000,0.000000
10002807,clean,0,0.000000,0.000000,0.000000,0.000000,0.000000
10002808,clean,0,0.000000,0.000000,0.000000,0.000000,0.000000
10002809,clean,0,0.000000,0.000000,0.000000,0.000000,0.000000
10002810,clean,0,0.000000,0.000000,0.000000,0.000000,0.000000
10002811,clean,0,0.000000,0.000000,0.000000,0.000000,0.000000
10002812,clean,0,0.000000,0.000000,0.000000,0.000000,0.000000
10002813,clean,0,0.000000,0.000000,0.000000,0.000000,0.000000
10002814,clean,0,0.000000,0.000000,0.000000,0.000000,0.000000
10002815,clean,0,0.000000,0.000000,0.000000,0.000000,0.000000
10002816,clean,0,0.000000,0.000000,0.000000,0.000000,0.000000
10002817,clean,0,0.000000,0.000000,0.000000,0.000000,0.000000
10002818,clean,0,0.000000,0.000000,0.000000,0.000000,0.000000
10002819,clean,0,0.000000,0.000000,0.000000,0.000000,0.000000
10002820,clean,0,0.000000,0.000000,0.000000,0.000000,0.000000
10002821,clean,0,0.000000,0.000000,0.000000,0.000000,0.000000
10002822,clean,1,0.043137,0.043137,0.000000,0.043137,0.043137
10002823,clean,0,0.000000,0.000000,0.000000,0.000000,0.000000
10002824,clean,0,0.000000,0.000000,0.000000,0.000000,0.000000
10002825,clean,3,0.060131,0.078431,0.025881,0.023529,0.078431
10002826,clean,11,0.063815,0.066667,0.008207,0.050980,0.070588
10002827,clean,28,0.046359,0.045098,0.008388,0.031373,0.062745
10002828,clean,37,0.053948,0.050980,0.015158,0.027451,0.086275
10002829,clean,43,0.066028,0.066667,0.018353,0.027451,0.098039
10002830,clean,41,0.072597,0.078431,0.017921,0.035294,0.101961
10002831,clean,33,0.076173,0.074510,0.012954,0.047059,0.101961
10002832,clean,0,0.000000,0.000000,0.000000,0.000000,0.000000
10002833,clean,0,0.000000,0.000000,0.000000,0.000000,0.000000
10002834,clean,0,0.000000,0.000000,0.000000,0.000000,0.000000
10002835,clean,0,0.000000,0.000000,0.000000,0.000000,0.000000
10002836,clean,0,0.000000,0.000000,0.000000,0.000000,0.000000
10002837,clean,0,0.000000,0.000000,0.000000,0.000000,0.000000
10002838,clean,0,0.000000,0.000000,0.000000,0.000000,0.000000
10002839,clean,0,0.000000,0.000000,0.000000,0.000000,0.000000
10002840,clean,3,0.033987,0.035294,0.004891,0.027451,0.039216
10002841,clean,0,0.000000,0.000000,0.000000,0.000000,0.000000
10002842,clean,0,0.000000,0.000000,0.000000,0.000000,0.000000
10002843,clean,0,0.000000,0.000000,0.000000,0.000000,0.000000
10002844,clean,0,0.000000,0.000000,0.000000,0.000000,0.000000
10002845,clean,3,0.035294,0.035294,0.000000,0.035294,0.035294
10002846,clean,0,0.000000,0.000000,0.000000,0.000000,0.000000
10002847,clean,0,0.000000,0.000000,0.000000,0.000000,0.000000
10002848,clean,0,0.000000,0.000000,0.000000,0.000000,0.000000
10002849,clean,0,0.000000,0.000000,0.000000,0.000000,0.000000
10002850,clean,0,0.000000,0.000000,0.000000,0.000000,0.000000
10002851,clean,0,0.000000,0.000000,0.000000,0.000000,0.000000
10002852,clean,0,0.000000,0.000000,0.000000,0.000000,0.000000
10002853,clean,4,0.042157,0.043137,0.001698,0.039216,0.043137
10002854,clean,0,0.000000,0.000000,0.000000,0.000000,0.000000
10002855,clean,0,0.000000,0.000000,0.000000,0.000000,0.000000
10002856,clean,0,0.000000,0.000000,0.000000,0.000000,0.000000
10002857,clean,0,0.000000,0.000000,0.000000,0.000000,0.000000
10002858,clean,1,0.035294,0.035294,0.000000,0.035294,0.035294
10002859,clean,0,0.000000,0.000000,0.000000,0.000000,0.000000
10002860,clean,0,0.000000,0.000000,0.000000,0.000000,0.000000
10002861,clean,0,0.000000,0.000000,0.000000,0.000000,0.000000
10002862,clean,1,0.007843,0.007843,0.000000,0.007843,0.007843
10002863,clean,0,0.000000,0.000000,0.000000,0.000000,0.000000
10002864,clean,0,0.000000,0.000000,0.000000,0.000000,0.000000
10002865,clean,0,0.000000,0.000000,0.000000,0.000000,0.000000
10002866,clean,0,0.000000,0.000000,0.000000,0.000000,0.000000
10002867,clean,0,0.000000,0.000000,0.000000,0.000000,0.000000
10002868,clean,0,0.000000,0.000000,0.000000,0.000000,0.000000
10002869,clean,0,0.000000,0.000000,0.000000,0.000000,0.000000
10002870,clean,0,0.000000,0.000000,0.000000,0.000000,0.000000
10002871,clean,0,0.000000,0.000000,0.000000,0.000000,0.000000
10002872,clean,0,0.000000,0.000000,0.000000,0.000000,0.000000
10002873,clean,0,0.000000,0.000000,0.000000,0.000000,0.000000
10002874,clean,0,0.000000,0.000000,0.000000,0.000000,0.000000
10002875,clean,0,0.000000,0.000000,0.000000,0.000000,0.000000
10002876,clean,0,0.000000,0.000000,0.000000,0.000000,0.000000
10002877,clean,0,0.000000,0.000000,0.000000,0.000000,0.000000
10002878,clean,0,0.000000,0.000000,0.000000,0.000000,0.000000
10002879,clean,0,0.000000,0.000000,0.000000,0.000000,0.000000
10002880,clean,0,0.000000,0.000000,0.000000,0.000000,0.000000
10002881,clean,0,0.000000,0.000000,0.000000,0.000000,0.000000
10002882,clean,0,0.000000,0.000000,0.000000,0.000000,0.000000
10002883,clean,0,0.000000,0.000000,0.000000,0.000000,0.000000
10002884,clean,0,0.000000,0.000000,0.000000,0.000000,0.000000
10002885,clean,0,0.000000,0.000000,0.000000,0.000000,0.000000
10002886,clean,0,0.000000,0.000000,0.000000,0.000000,0.000000
10002887,clean,0,0.000000,0.000000,0.000000,0.000000,0.000000
10002888,clean,0,0.000000,0.000000,0.000000,0.000000,0.000000
10002889,clean,0,0.000000,0.000000,0.000000,0.000000,0.000000
10002890,clean,0,0.000000,0.000000,0.000000,0.000000,0.000000
10002891,clean,0,0.000000,0.000000,0.000000,0.000000,0.000000
10002892,clean,0,0.000000,0.000000,0.000000,0.000000,0.000000
10002893,clean,0,0.000000,0.000000,0.000000,0.000000,0.000000
10002894,clean,0,0.000000,0.000000,0.000000,0.000000,0.000000
10002895,clean,0,0.000000,0.000000,0.000000,0.000000,0.000000
10002896,clean,0,0.000000,0.000000,0.000000,0.000000,0.000000
10002897,clean,0,0.000000,0.000000,0.000000,0.000000,0.000000
10002898,clean,0,0.000000,0.000000,0.000000,0.000000,0.000000
10002899,clean,0,0.000000,0.000000,0.000000,0.000000,0.000000
10002900,clean,0,0.000000,0.000000,0.000000,0.000000,0.000000
10002901,clean,0,0.000000,0.000000,0.000000,0.000000,0.000000
10002902,clean,0,0.000000,0.000000,0.000000,0.000000,0.000000
10002903,clean,0,0.000000,0.000000,0.000000,0.000000,0.000000
10002904,clean,0,0.000000,0.000000,0.000000,0.000000,0.000000
10002905,clean,0,0.000000,0.000000,0.000000,0.000000,0.000000
10002906,clean,0,0.000000,0.000000,0.000000,0.000000,0.000000
10002907,clean,0,0.000000,0.000000,0.000000,0.000000,0.000000
10002908,clean,0,0.000000,0.000000,0.000000,0.000000,0.000000
10002909,clean,0,0.000000,0.000000,0.000000,0.000000,0.000000
10002910,clean,0,0.000000,0.000000,0.000000,0.000000,0.000000
10002911,clean,0,0.000000,0.000000,0.000000,0.000000,0.000000
10002912,clean,0,0.000000,0.000000,0.000000,0.000000,0.000000
10002913,clean,0,0.000000,0.000000,0.000000,0.000000,0.000000
10002914,clean,0,0.000000,0.000000,0.000000,0.000000,0.000000
10002915,clean,0,0.000000,0.000000,0.000000,0.000000,0.000000
10002916,clean,0,0.000000,0.000000,0.000000,0.000000,0.000000
10002917,clean,0,0.000000,0.000000,0.000000,0.000000,0.000000
10002918,clean,0,0.000000,0.000000,0.000000,0.000000,0.000000
10002919,clean,0,0.000000,0.000000,0.000000,0.000000,0.000000
10002920,clean,0,0.000000,0.000000,0.000000,0.000000,0.000000
10002921,clean,0,0.000000,0.000000,0.000000,0.000000,0.000000
10002922,clean,0,0.000000,0.000000,0.000000,0.000000,0.000000
10002923,clean,0,0.000000,0.000000,0.000000,0.000000,0.000000
10002924,clean,0,0.000000,0.000000,0.000000,0.000000,0.000000
10002925,clean,0,0.000000,0.000000,0.000000,0.000000,0.000000
10002926,clean,0,0.000000,0.000000,0.000000,0.000000,0.000000
10002927,clean,0,0.000000,0.000000,0.000000,0.000000,0.000000
10002928,clean,0,0.000000,0.000000,0.000000,0.000000,0.000000
10002929,clean,0,0.000000,0.000000,0.000000,0.000000,0.000000
10002930,clean,0,0.000000,0.000000,0.000000,0.000000,0.000000
10002931,clean,0,0.000000,0.000000,0.000000,0.000000,0.000000
10002932,clean,0,0.000000,0.000000,0.000000,0.000000,0.000000
10002933,clean,0,0.000000,0.000000,0.000000,0.000000,0.000000
10002934,clean,0,0.000000,0.000000,0.000000,0.000000,0.000000
10002935,clean,0,0.000000,0.000000,0.000000,0.000000,0.000000
10002936,clean,0,0.000000,0.000000,0.000000,0.000000,0.000000
10002937,clean,0,0.000000,0.000000,0.000000,0.000000,0.000000
10002938,clean,0,0.000000,0.000000,0.000000,0.000000,0.000000
10002939,clean,0,0.000000,0.000000,0.000000,0.000000,0.000000
10002940,clean,0,0.000000,0.000000,0.000000,0.000000,0.000000
10002941,clean,0,0.000000,0.000000,0.000000,0.000000,0.000000
10002942,clean,0,0.000000,0.000000,0.000000,0.000000,0.000000
10002943,clean,0,0.000000,0.000000,0.000000,0.000000,0.000000
10002944,clean,0,0.000000,0.000000,0.000000,0.000000,0.000000
10002945,clean,0,0.000000,0.000000,0.000000,0.000000,0.000000
10002946,clean,0,0.000000,0.000000,0.000000,0.000000,0.000000
10002947,clean,1,0.003922,0.003922,0.000000,0.003922,0.003922
10002948,clean,0,0.000000,0.000000,0.000000,0.000000,0.000000
10002949,clean,0,0.000000,0.000000,0.000000,0.000000,0.000000
10002950,clean,0,0.000000,0.000000,0.000000,0.000000,0.000000
10002951,clean,0,0.000000,0.000000,0.000000,0.000000,0.000000
10002952,clean,0,0.000000,0.000000,0.000000,0.000000,0.000000
10002953,clean,0,0.000000,0.000000,0.000000,0.000000,0.000000
10002954,clean,0,0.000000,0.000000,0.000000,0.000000,0.000000
10002955,clean,0,0.000000,0.000000,0.000000,0.000000,0.000000
10002956,clean,0,0.000000,0.000000,0.000000,0.000000,0.000000
10002957,clean,0,0.000000,0.000000,0.000000,0.000000,0.000000
10002958,clean,0,0.000000,0.000000,0.000000,0.000000,0.000000
10002959,clean,0,0.000000,0.000000,0.000000,0.000000,0.000000
10002960,clean,0,0.000000,0.000000,0.000000,0.000000,0.000000
10002961,clean,0,0.000000,0.000000,0.000000,0.000000,0.000000
10002962,clean,0,0.000000,0.000000,0.000000,0.000000,0.000000
10002963,clean,0,0.000000,0.000000,0.000000,0.000000,0.000000
10002964,clean,0,0.000000,0.000000,0.000000,0.000000,0.000000
10002965,clean,0,0.000000,0.000000,0.000000,0.000000,0.000000
10002966,clean,0,0.000000,0.000000,0.000000,0.000000,0.000000
10002967,clean,0,0.000000,0.000000,0.000000,0.000000,0.000000
10002968,clean,0,0.000000,0.000000,0.000000,0.000000,0.000000
10002969,clean,0,0.000000,0.000000,0.000000,0.000000,0.000000
10002970,clean,0,0.000000,0.000000,0.000000,0.000000,0.000000
10002971,clean,0,0.000000,0.000000,0.000000,0.000000,0.000000
10002972,clean,0,0.000000,0.000000,0.000000,0.000000,0.000000
10002973,clean,0,0.000000,0.000000,0.000000,0.000000,0.000000
10002974,clean,0,0.000000,0.000000,0.000000,0.000000,0.000000
10002975,clean,0,0.000000,0.000000,0.000000,0.000000,0.000000
10002976,clean,0,0.000000,0.000000,0.000000,0.000000,0.000000
10002977,clean,0,0.000000,0.000000,0.000000,0.000000,0.000000
10002978,clean,0,0.000000,0.000000,0.000000,0.000000,0.000000
10002979,clean,0,0.000000,0.000000,0.000000,0.000000,0.000000
10002980,clean,0,0.000000,0.000000,0.000000,0.000000,0.000000
10002981,clean,0,0.000000,0.000000,0.000000,0.000000,0.000000
10002982,clean,0,0.000000,0.000000,0.000000,0.000000,0.000000
10002983,clean,0,0.000000,0.000000,0.000000,0.000000,0.000000
10002984,clean,0,0.000000,0.000000,0.000000,0.000000,0.000000
10002985,clean,0,0.000000,0.000000,0.000000,0.000000,0.000000
10002986,clean,0,0.000000,0.000000,0.000000,0.000000,0.000000
10002987,clean,0,0.000000,0.000000,0.000000,0.000000,0.000000
10002988,clean,0,0.000000,0.000000,0.000000,0.000000,0.000000
10002989,clean,0,0.000000,0.000000,0.000000,0.000000,0.000000
10002990,clean,0,0.000000,0.000000,0.000000,0.000000,0.000000
10002991,clean,0,0.000000,0.000000,0.000000,0.000000,0.000000
10002992,clean,0,0.000000,0.000000,0.000000,0.000000,0.000000
10002993,clean,0,0.000000,0.000000,0.000000,0.000000,0.000000
10002994,clean,0,0.000000,0.000000,0.000000,0.000000,0.000000
10002995,clean,0,0.000000,0.000000,0.000000,0.000000,0.000000
10002996,clean,0,0.000000,0.000000,0.000000,0.000000,0.000000
10002997,clean,0,0.000000,0.000000,0.000000,0.000000,0.000000
10002998,clean,0,0.000000,0.000000,0.000000,0.000000,0.000000
10002999,clean,0,0.000000,0.000000,0.000000,0.000000,0.000000
10003000,clean,0,0.000000,0.000000,0.000000,0.000000,0.000000
10003001,clean,0,0.000000,0.000000,0.000000,0.000000,0.000000
10003002,clean,0,0.000000,0.000000,0.000000,0.000000,0.000000
10003003,clean,0,0.000000,0.000000,0.000000,0.000000,0.000000
10003004,clean,0,0.000000,0.000000,0.000000,0.000000,0.000000
10003005,clean,0,0.000000,0.000000,0.000000,0.000000,0.000000
10003006,clean,0,0.000000,0.000000,0.000000,0.000000,0.000000
10003007,clean,0,0.000000,0.000000,0.000000,0.000000,0.000000
10003008,clean,0,0.000000,0.000000,0.000000,0.000000,0.000000
10003009,clean,0,0.000000,0.000000,0.000000,0.000000,0.000000
10003010,clean,0,0.000000,0.000000,0.000000,0.000000,0.000000
10003011,clean,0,0.000000,0.000000,0.000000,0.000000,0.000000
10003012,clean,0,0.000000,0.000000,0.000000,0.000000,0.000000
10003013,clean,0,0.000000,0.000000,0.000000,0.000000,0.000000
10003014,clean,0,0.000000,0.000000,0.000000,0.000000,0.000000
10003015,clean,0,0.000000,0.000000,0.000000,0.000000,0.000000
10003016,clean,0,0.000000,0.000000,0.000000,0.000000,0.000000
10003017,clean,0,0.000000,0.000000,0.000000,0.000000,0.000000
10003018,clean,0,0.000000,0.000000,0.000000,0.000000,0.000000
10003019,clean,0,0.000000,0.000000,0.000000,0.000000,0.000000
10003020,clean,0,0.000000,0.000000,0.000000,0.000000,0.000000
10003021,clean,0,0.000000,0.000000,0.000000,0.000000,0.000000
10003022,clean,0,0.000000,0.000000,0.000000,0.000000,0.000000
10003023,clean,0,0.000000,0.000000,0.000000,0.000000,0.000000
10003024,clean,0,0.000000,0.000000,0.000000,0.000000,0.000000
10003025,clean,0,0.000000,0.000000,0.000000,0.000000,0.000000
10003026,clean,0,0.000000,0.000000,0.000000,0.000000,0.000000
10003027,clean,0,0.000000,0.000000,0.000000,0.000000,0.000000
10003028,clean,0,0.000000,0.000000,0.000000,0.000000,0.000000
10003029,clean,0,0.000000,0.000000,0.000000,0.000000,0.000000
10003030,clean,0,0.000000,0.000000,0.000000,0.000000,0.000000
10003031,clean,0,0.000000,0.000000,0.000000,0.000000,0.000000
10003032,clean,0,0.000000,0.000000,0.000000,0.000000,0.000000
10003033,clean,0,0.000000,0.000000,0.000000,0.000000,0.000000
10003034,clean,0,0.000000,0.000000,0.000000,0.000000,0.000000
10003035,clean,0,0.000000,0.000000,0.000000,0.000000,0.000000
10003036,clean,0,0.000000,0.000000,0.000000,0.000000,0.000000
10003037,clean,0,0.000000,0.000000,0.000000,0.000000,0.000000
10003038,clean,0,0.000000,0.000000,0.000000,0.000000,0.000000
10003039,clean,0,0.000000,0.000000,0.000000,0.000000,0.000000
10003040,clean,0,0.000000,0.000000,0.000000,0.000000,0.000000
10003041,clean,0,0.000000,0.000000,0.000000,0.000000,0.000000
10003042,clean,0,0.000000,0.000000,0.000000,0.000000,0.000000
10003043,clean,0,0.000000,0.000000,0.000000,0.000000,0.000000
10003044,clean,0,0.000000,0.000000,0.000000,0.000000,0.000000
10003045,clean,0,0.000000,0.000000,0.000000,0.000000,0.000000
10003046,clean,0,0.000000,0.000000,0.000000,0.000000,0.000000
10003047,clean,0,0.000000,0.000000,0.000000,0.000000,0.000000
10003048,clean,0,0.000000,0.000000,0.000000,0.000000,0.000000
10003049,clean,0,0.000000,0.000000,0.000000,0.000000,0.000000
10003050,clean,0,0.000000,0.000000,0.000000,0.000000,0.000000
10003051,clean,0,0.000000,0.000000,0.000000,0.000000,0.000000
10003052,clean,0,0.000000,0.000000,0.000000,0.000000,0.000000
10003053,clean,0,0.000000,0.000000,0.000000,0.000000,0.000000
10003054,clean,0,0.000000,0.000000,0.000000,0.000000,0.000000
10003055,clean,0,0.000000,0.000000,0.000000,0.000000,0.000000
10003056,clean,0,0.000000,0.000000,0.000000,0.000000,0.000000
10003057,clean,0,0.000000,0.000000,0.000000,0.000000,0.000000
10003058,clean,0,0.000000,0.000000,0.000000,0.000000,0.000000
10003059,clean,0,0.000000,0.000000,0.000000,0.000000,0.000000
10003060,clean,0,0.000000,0.000000,0.000000,0.000000,0.000000
10003061,clean,0,0.000000,0.000000,0.000000,0.000000,0.000000
10003062,clean,0,0.000000,0.000000,0.000000,0.000000,0.000000
10003063,clean,0,0.000000,0.000000,0.000000,0.000000,0.000000
10003064,clean,0,0.000000,0.000000,0.000000,0.000000,0.000000
10003065,clean,0,0.000000,0.000000,0.000000,0.000000,0.000000
10003066,clean,0,0.000000,0.000000,0.000000,0.000000,0.000000
10003067,clean,0,0.000000,0.000000,0.000000,0.000000,0.000000
10003068,clean,0,0.000000,0.000000,0.000000,0.000000,0.000000
10003069,clean,0,0.000000,0.000000,0.000000,0.000000,0.000000
10003070,clean,0,0.000000,0.000000,0.000000,0.000000,0.000000
10003071,clean,0,0.000000,0.000000,0.000000,0.000000,0.000000
10003072,clean,0,0.000000,0.000000,0.000000,0.000000,0.000000
10003073,clean,0,0.000000,0.000000,0.000000,0.000000,0.000000
10003074,clean,0,0.000000,0.000000,0.000000,0.000000,0.000000
10003075,clean,0,0.000000,0.000000,0.000000,0.000000,0.000000
10003076,clean,0,0.000000,0.000000,0.000000,0.000000,0.000000
10003077,clean,0,0.000000,0.000000,0.000000,0.000000,0.000000
10003078,clean,0,0.000000,0.000000,0.000000,0.000000,0.000000
10003079,clean,0,0.000000,0.000000,0.000000,0.000000,0.000000
10003080,clean,0,0.000000,0.000000,0.000000,0.000000,0.000000
10003081,clean,0,0.000000,0.000000,0.000000,0.000000,0.000000
10003082,clean,0,0.000000,0.000000,0.000000,0.000000,0.000000
10003083,clean,0,0.000000,0.000000,0.000000,0.000000,0.000000
10003084,clean,0,0.000000,0.000000,0.000000,0.000000,0.000000
10003085,clean,0,0.000000,0.000000,0.000000,0.000000,0.000000
10003086,clean,0,0.000000,0.000000,0.000000,0.000000,0.000000
10003087,clean,0,0.000000,0.000000,0.000000,0.000000,0.000000
10003088,clean,0,0.000000,0.000000,0.000000,0.000000,0.000000
10003089,clean,0,0.000000,0.000000,0.000000,0.000000,0.000000
10003090,clean,0,0.000000,0.000000,0.000000,0.000000,0.000000
10003091,clean,0,0.000000,0.000000,0.000000,0.000000,0.000000
10003092,clean,0,0.000000,0.000000,0.000000,0.000000,0.000000
10003093,clean,0,0.000000,0.000000,0.000000,0.000000,0.000000
10003094,clean,0,0.000000,0.000000,0.000000,0.000000,0.000000
10003095,clean,0,0.000000,0.000000,0.000000,0.000000,0.000000
10003096,clean,0,0.000000,0.000000,0.000000,0.000000,0.000000
10003097,clean,0,0.000000,0.000000,0.000000,0.000000,0.000000
10003098,clean,0,0.000000,0.000000,0.000000,0.000000,0.000000
10003099,clean,0,0.000000,0.000000,0.000000,0.000000,0.000000
10003100,clean,0,0.000000,0.000000,0.000000,0.000000,0.000000
10003101,clean,0,0.000000,0.000000,0.000000,0.000000,0.000000
10003102,clean,0,0.000000,0.000000,0.000000,0.000000,0.000000
10003103,clean,0,0.000000,0.000000,0.000000,0.000000,0.000000
10003104,clean,0,0.000000,0.000000,0.000000,0.000000,0.000000
10003105,clean,0,0.000000,0.000000,0.000000,0.000000,0.000000
10003106,clean,0,0.000000,0.000000,0.000000,0.000000,0.000000
10003107,clean,0,0.000000,0.000000,0.000000,0.000000,0.000000
10003108,clean,0,0.000000,0.000000,0.000000,0.000000,0.000000
10003109,clean,0,0.000000,0.000000,0.000000,0.000000,0.000000
10003110,clean,0,0.000000,0.000000,0.000000,0.000000,0.000000
10003111,clean,0,0.000000,0.000000,0.000000,0.000000,0.000000
10003112,clean,0,0.000000,0.000000,0.000000,0.000000,0.000000
10003113,clean,0,0.000000,0.000000,0.000000,0.000000,0.000000
10003114,clean,0,0.000000,0.000000,0.000000,0.000000,0.000000
10003115,clean,0,0.000000,0.000000,0.000000,0.000000,0.000000
10003116,clean,0,0.000000,0.000000,0.000000,0.000000,0.000000
10003117,clean,0,0.000000,0.000000,0.000000,0.000000,0.000000
10003118,clean,0,0.000000,0.000000,0.000000,0.000000,0.000000
10003119,clean,0,0.000000,0.000000,0.000000,0.000000,0.000000
10003120,clean,0,0.000000,0.000000,0.000000,0.000000,0.000000
10003121,clean,0,0.000000,0.000000,0.000000,0.000000,0.000000
10003122,clean,0,0.000000,0.000000,0.000000,0.000000,0.000000
10003123,clean,0,0.000000,0.000000,0.000000,0.000000,0.000000
10003124,clean,0,0.000000,0.000000,0.000000,0.000000,0.000000
10003125,clean,0,0.000000,0.000000,0.000000,0.000000,0.000000
10003126,clean,0,0.000000,0.000000,0.000000,0.000000,0.000000
10003127,clean,0,0.000000,0.000000,0.000000,0.000000,0.000000
10003128,clean,0,0.000000,0.000000,0.000000,0.000000,0.000000
10003129,clean,0,0.000000,0.000000,0.000000,0.000000,0.000000
10003130,clean,0,0.000000,0.000000,0.000000,0.000000,0.000000
10003131,clean,0,0.000000,0.000000,0.000000,0.000000,0.000000
10003132,clean,0,0.000000,0.000000,0.000000,0.000000,0.000000
10003133,clean,0,0.000000,0.000000,0.000000,0.000000,0.000000
10003134,clean,0,0.000000,0.000000,0.000000,0.000000,0.000000
10003135,clean,0,0.000000,0.000000,0.000000,0.000000,0.000000
10003136,clean,0,0.000000,0.000000,0.000000,0.000000,0.000000
10003137,clean,0,0.000000,0.000000,0.000000,0.000000,0.000000
10003138,clean,0,0.000000,0.000000,0.000000,0.000000,0.000000
10003139,clean,0,0.000000,0.000000,0.000000,0.000000,0.000000
10003140,clean,0,0.000000,0.000000,0.000000,0.000000,0.000000
10003141,clean,0,0.000000,0.000000,0.000000,0.000000,0.000000
10003142,clean,0,0.000000,0.000000,0.000000,0.000000,0.000000
10003143,clean,0,0.000000,0.000000,0.000000,0.000000,0.000000
10003144,clean,0,0.000000,0.000000,0.000000,0.000000,0.000000
10003145,clean,0,0.000000,0.000000,0.000000,0.000000,0.000000
10003146,clean,0,0.000000,0.000000,0.000000,0.000000,0.000000
10003147,clean,0,0.000000,0.000000,0.000000,0.000000,0.000000
10003148,clean,0,0.000000,0.000000,0.000000,0.000000,0.000000
10003149,clean,0,0.000000,0.000000,0.000000,0.000000,0.000000
10003150,clean,0,0.000000,0.000000,0.000000,0.000000,0.000000
10003151,clean,0,0.000000,0.000000,0.000000,0.000000,0.000000
10003152,clean,0,0.000000,0.000000,0.000000,0.000000,0.000000
10003153,clean,0,0.000000,0.000000,0.000000,0.000000,0.000000
10003154,clean,0,0.000000,0.000000,0.000000,0.000000,0.000000
10003155,clean,0,0.000000,0.000000,0.000000,0.000000,0.000000
10003156,clean,0,0.000000,0.000000,0.000000,0.000000,0.000000
10003157,clean,0,0.000000,0.000000,0.000000,0.000000,0.000000
10003158,clean,0,0.000000,0.000000,0.000000,0.000000,0.000000
10003159,clean,0,0.000000,0.000000,0.000000,0.000000,0.000000
10003160,clean,0,0.000000,0.000000,0.000000,0.000000,0.000000
10003161,clean,0,0.000000,0.000000,0.000000,0.000000,0.000000
10003162,clean,0,0.000000,0.000000,0.000000,0.000000,0.000000
10003163,clean,0,0.000000,0.000000,0.000000,0.000000,0.000000
10003164,clean,0,0.000000,0.000000,0.000000,0.000000,0.000000
10003165,clean,0,0.000000,0.000000,0.000000,0.000000,0.000000
10003166,clean,0,0.000000,0.000000,0.000000,0.000000,0.000000
10003167,clean,0,0.000000,0.000000,0.000000,0.000000,0.000000
10003168,clean,0,0.000000,0.000000,0.000000,0.000000,0.000000
10003169,clean,0,0.000000,0.000000,0.000000,0.000000,0.000000
10003170,clean,0,0.000000,0.000000,0.000000,0.000000,0.000000
10003171,clean,0,0.000000,0.000000,0.000000,0.000000,0.000000
10003172,clean,0,0.000000,0.000000,0.000000,0.000000,0.000000
10003173,clean,0,0.000000,0.000000,0.000000,0.000000,0.000000
10003174,clean,0,0.000000,0.000000,0.000000,0.000000,0.000000
10003175,clean,0,0.000000,0.000000,0.000000,0.000000,0.000000
10003176,clean,0,0.000000,0.000000,0.000000,0.000000,0.000000
10003177,clean,0,0.000000,0.000000,0.000000,0.000000,0.000000
10003178,clean,0,0.000000,0.000000,0.000000,0.000000,0.000000
10003179,clean,0,0.000000,0.000000,0.000000,0.000000,0.000000
10003180,clean,0,0.000000,0.000000,0.000000,0.000000,0.000000
10003181,clean,0,0.000000,0.000000,0.000000,0.000000,0.000000
10003182,clean,0,0.000000,0.000000,0.000000,0.000000,0.000000
10003183,clean,0,0.000000,0.000000,0.000000,0.000000,0.000000
10003184,clean,0,0.000000,0.000000,0.000000,0.000000,0.000000
10003185,clean,0,0.000000,0.000000,0.000000,0.000000,0.000000
10003186,clean,0,0.000000,0.000000,0.000000,0.000000,0.000000
10003187,clean,0,0.000000,0.000000,0.000000,0.000000,0.000000
10003188,clean,0,0.000000,0.000000,0.000000,0.000000,0.000000
10003189,clean,0,0.000000,0.000000,0.000000,0.000000,0.000000
10003190,clean,0,0.000000,0.000000,0.000000,0.000000,0.000000
10003191,clean,0,0.000000,0.000000,0.000000,0.000000,0.000000
10003192,clean,0,0.000000,0.000000,0.000000,0.000000,0.000000
10003193,clean,0,0.000000,0.000000,0.000000,0.000000,0.000000
10003194,clean,0,0.000000,0.000000,0.000000,0.000000,0.000000
10003195,clean,0,0.000000,0.000000,0.000000,0.000000,0.000000
10003196,clean,0,0.000000,0.000000,0.000000,0.000000,0.000000
10003197,clean,0,0.000000,0.000000,0.000000,0.000000,0.000000
10003198,clean,0,0.000000,0.000000,0.000000,0.000000,0.000000
10003199,clean,0,0.000000,0.000000,0.000000,0.000000,0.000000
10003200,clean,0,0.000000,0.000000,0.000000,0.000000,0.000000
10003201,clean,0,0.000000,0.000000,0.000000,0.000000,0.000000
10003202,clean,0,0.000000,0.000000,0.000000,0.000000,0.000000
10003203,clean,0,0.000000,0.000000,0.000000,0.000000,0.000000
10003204,clean,0,0.000000,0.000000,0.000000,0.000000,0.000000
10003205,clean,0,0.000000,0.000000,0.000000,0.000000,0.000000
10003206,clean,0,0.000000,0.000000,0.000000,0.000000,0.000000
10003207,clean,0,0.000000,0.000000,0.000000,0.000000,0.000000
10003208,clean,0,0.000000,0.000000,0.000000,0.000000,0.000000
10003209,clean,0,0.000000,0.000000,0.000000,0.000000,0.000000
10003210,clean,0,0.000000,0.000000,0.000000,0.000000,0.000000
10003211,clean,0,0.000000,0.000000,0.000000,0.000000,0.000000
10003212,clean,0,0.000000,0.000000,0.000000,0.000000,0.000000
10003213,clean,0,0.000000,0.000000,0.000000,0.000000,0.000000
10003214,clean,0,0.000000,0.000000,0.000000,0.000000,0.000000
10003215,clean,0,0.000000,0.000000,0.000000,0.000000,0.000000
10003216,clean,0,0.000000,0.000000,0.000000,0.000000,0.000000
10003217,clean,0,0.000000,0.000000,0.000000,0.000000,0.000000
10003218,clean,0,0.000000,0.000000,0.000000,0.000000,0.000000
10003219,clean,0,0.000000,0.000000,0.000000,0.000000,0.000000
10003220,clean,0,0.000000,0.000000,0.000000,0.000000,0.000000
10003221,clean,0,0.000000,0.000000,0.000000,0.000000,0.000000
10003222,clean,0,0.000000,0.000000,0.000000,0.000000,0.000000
10003223,clean,0,0.000000,0.000000,0.000000,0.000000,0.000000
10003224,clean,0,0.000000,0.000000,0.000000,0.000000,0.000000
10003225,clean,0,0.000000,0.000000,0.000000,0.000000,0.000000
10003226,clean,0,0.000000,0.000000,0.000000,0.000000,0.000000
10003227,clean,0,0.000000,0.000000,0.000000,0.000000,0.000000
10003228,clean,0,0.000000,0.000000,0.000000,0.000000,0.000000
10003229,clean,0,0.000000,0.000000,0.000000,0.000000,0.000000
10003230,clean,0,0.000000,0.000000,0.000000,0.000000,0.000000
10003231,clean,0,0.000000,0.000000,0.000000,0.000000,0.000000
10003232,clean,0,0.000000,0.000000,0.000000,0.000000,0.000000
10003233,clean,0,0.000000,0.000000,0.000000,0.000000,0.000000
10003234,clean,0,0.000000,0.000000,0.000000,0.000000,0.000000
10003235,clean,3,0.050980,0.054902,0.005546,0.043137,0.054902
10003236,clean,3,0.036601,0.035294,0.001849,0.035294,0.039216
10003237,clean,7,0.036975,0.035294,0.001941,0.035294,0.039216
10003238,clean,17,0.041292,0.039216,0.008413,0.027451,0.058824
10003239,clean,18,0.039434,0.039216,0.008316,0.027451,0.062745
10003240,clean,11,0.038859,0.039216,0.004248,0.027451,0.043137
10003241,clean,36,0.046405,0.049020,0.010230,0.027451,0.062745
10003242,clean,41,0.043520,0.043137,0.010168,0.027451,0.066667
10003243,clean,27,0.038054,0.039216,0.006020,0.023529,0.047059
10003244,clean,20,0.036078,0.039216,0.005764,0.023529,0.043137
10003245,clean,7,0.038655,0.035294,0.003881,0.035294,0.043137
10003246,clean,7,0.035854,0.039216,0.009239,0.023529,0.050980
10003247,clean,2,0.027451,0.027451,0.000000,0.027451,0.027451
10003248,clean,0,0.000000,0.000000,0.000000,0.000000,0.000000
10003249,clean,0,0.000000,0.000000,0.000000,0.000000,0.000000
10003250,clean,0,0.000000,0.000000,0.000000,0.000000,0.000000
10003251,clean,0,0.000000,0.000000,0.000000,0.000000,0.000000
10003252,clean,0,0.000000,0.000000,0.000000,0.000000,0.000000
10003253,clean,0,0.000000,0.000000,0.000000,0.000000,0.000000
10003254,clean,0,0.000000,0.000000,0.000000,0.000000,0.000000
10003255,clean,0,0.000000,0.000000,0.000000,0.000000,0.000000
10003256,clean,0,0.000000,0.000000,0.000000,0.000000,0.000000
10003257,clean,0,0.000000,0.000000,0.000000,0.000000,0.000000
10003258,clean,0,0.000000,0.000000,0.000000,0.000000,0.000000
10003259,clean,0,0.000000,0.000000,0.000000,0.000000,0.000000
10003260,clean,0,0.000000,0.000000,0.000000,0.000000,0.000000
10003261,clean,0,0.000000,0.000000,0.000000,0.000000,0.000000
10003262,clean,0,0.000000,0.000000,0.000000,0.000000,0.000000
10003263,clean,0,0.000000,0.000000,0.000000,0.000000,0.000000
10003264,clean,0,0.000000,0.000000,0.000000,0.000000,0.000000
10003265,clean,0,0.000000,0.000000,0.000000,0.000000,0.000000
10003266,clean,0,0.000000,0.000000,0.000000,0.000000,0.000000
10003267,clean,0,0.000000,0.000000,0.000000,0.000000,0.000000
10003268,clean,0,0.000000,0.000000,0.000000,0.000000,0.000000
10003269,clean,0,0.000000,0.000000,0.000000,0.000000,0.000000
10003270,clean,0,0.000000,0.000000,0.000000,0.000000,0.000000
10003271,clean,0,0.000000,0.000000,0.000000,0.000000,0.000000
10003272,clean,0,0.000000,0.000000,0.000000,0.000000,0.000000
10003273,clean,2,0.039216,0.039216,0.000000,0.039216,0.039216
10003274,clean,6,0.035294,0.035294,0.003202,0.031373,0.039216
10003275,clean,0,0.000000,0.000000,0.000000,0.000000,0.000000
10003276,clean,7,0.029132,0.027451,0.001941,0.027451,0.031373
10003277,clean,0,0.000000,0.000000,0.000000,0.000000,0.000000
10003278,clean,3,0.027451,0.027451,0.000000,0.027451,0.027451
10003279,clean,2,0.033333,0.033333,0.005882,0.027451,0.039216
10003280,clean,3,0.036601,0.039216,0.003697,0.031373,0.039216
10003281,clean,0,0.000000,0.000000,0.000000,0.000000,0.000000
10003282,clean,0,0.000000,0.000000,0.000000,0.000000,0.000000
10003283,clean,0,0.000000,0.000000,0.000000,0.000000,0.000000
10003284,clean,0,0.000000,0.000000,0.000000,0.000000,0.000000
10003285,clean,0,0.000000,0.000000,0.000000,0.000000,0.000000
10003286,clean,0,0.000000,0.000000,0.000000,0.000000,0.000000
10003287,clean,0,0.000000,0.000000,0.000000,0.000000,0.000000
10003288,clean,0,0.000000,0.000000,0.000000,0.000000,0.000000
10003289,clean,0,0.000000,0.000000,0.000000,0.000000,0.000000
10003290,clean,6,0.028758,0.027451,0.005390,0.023529,0.039216
10003291,clean,0,0.000000,0.000000,0.000000,0.000000,0.000000
10003292,clean,0,0.000000,0.000000,0.000000,0.000000,0.000000
10003293,clean,2,0.027451,0.027451,0.000000,0.027451,0.027451
10003294,clean,0,0.000000,0.000000,0.000000,0.000000,0.000000
10003295,clean,0,0.000000,0.000000,0.000000,0.000000,0.000000
10003296,clean,0,0.000000,0.000000,0.000000,0.000000,0.000000
10003297,clean,0,0.000000,0.000000,0.000000,0.000000,0.000000
10003298,clean,0,0.000000,0.000000,0.000000,0.000000,0.000000
10003299,clean,0,0.000000,0.000000,0.000000,0.000000,0.000000
10003300,clean,0,0.000000,0.000000,0.000000,0.000000,0.000000
10003301,clean,0,0.000000,0.000000,0.000000,0.000000,0.000000
10003302,clean,0,0.000000,0.000000,0.000000,0.000000,0.000000
10003303,clean,0,0.000000,0.000000,0.000000,0.000000,0.000000
10003304,clean,0,0.000000,0.000000,0.000000,0.000000,0.000000
10003305,clean,0,0.000000,0.000000,0.000000,0.000000,0.000000
10003306,clean,0,0.000000,0.000000,0.000000,0.000000,0.000000
10003307,clean,0,0.000000,0.000000,0.000000,0.000000,0.000000
10003308,clean,0,0.000000,0.000000,0.000000,0.000000,0.000000
10003309,clean,0,0.000000,0.000000,0.000000,0.000000,0.000000
10003310,clean,0,0.000000,0.000000,0.000000,0.000000,0.000000
10003311,clean,0,0.000000,0.000000,0.000000,0.000000,0.000000
10003312,clean,0,0.000000,0.000000,0.000000,0.000000,0.000000
10003313,clean,0,0.000000,0.000000,0.000000,0.000000,0.000000
10003314,clean,0,0.000000,0.000000,0.000000,0.000000,0.000000
10003315,clean,0,0.000000,0.000000,0.000000,0.000000,0.000000
10003316,clean,0,0.000000,0.000000,0.000000,0.000000,0.000000
10003317,clean,0,0.000000,0.000000,0.000000,0.000000,0.000000
10003318,clean,0,0.000000,0.000000,0.000000,0.000000,0.000000
10003319,clean,0,0.000000,0.000000,0.000000,0.000000,0.000000
10003320,clean,0,0.000000,0.000000,0.000000,0.000000,0.000000
10003321,clean,0,0.000000,0.000000,0.000000,0.000000,0.000000
10003322,clean,0,0.000000,0.000000,0.000000,0.000000,0.000000
10003323,clean,0,0.000000,0.000000,0.000000,0.000000,0.000000
10003324,clean,0,0.000000,0.000000,0.000000,0.000000,0.000000
10003325,clean,0,0.000000,0.000000,0.000000,0.000000,0.000000
10003326,clean,0,0.000000,0.000000,0.000000,0.000000,0.000000
10003327,clean,0,0.000000,0.000000,0.000000,0.000000,0.000000
10003328,clean,0,0.000000,0.000000,0.000000,0.000000,0.000000
10003329,clean,0,0.000000,0.000000,0.000000,0.000000,0.000000
10003330,clean,0,0.000000,0.000000,0.000000,0.000000,0.000000
10003331,clean,4,0.039216,0.041176,0.008319,0.027451,0.047059
10003332,clean,23,0.043649,0.043137,0.008677,0.031373,0.062745
10003333,clean,32,0.048652,0.047059,0.009599,0.027451,0.066667
10003334,clean,39,0.039115,0.039216,0.005923,0.027451,0.054902
10003335,clean,15,0.034771,0.035294,0.005332,0.027451,0.043137
10003336,clean,23,0.047570,0.043137,0.012090,0.035294,0.078431
10003337,clean,20,0.043725,0.043137,0.006935,0.031373,0.054902
10003338,clean,28,0.047479,0.049020,0.013517,0.015686,0.066667
10003339,clean,3,0.028758,0.023529,0.007395,0.023529,0.039216
10003340,clean,4,0.026471,0.027451,0.001698,0.023529,0.027451
10003341,clean,0,0.000000,0.000000,0.000000,0.000000,0.000000
10003342,clean,0,0.000000,0.000000,0.000000,0.000000,0.000000
10003343,clean,0,0.000000,0.000000,0.000000,0.000000,0.000000
10003344,clean,0,0.000000,0.000000,0.000000,0.000000,0.000000
10003345,clean,0,0.000000,0.000000,0.000000,0.000000,0.000000
10003346,clean,0,0.000000,0.000000,0.000000,0.000000,0.000000
10003347,clean,0,0.000000,0.000000,0.000000,0.000000,0.000000
10003348,clean,0,0.000000,0.000000,0.000000,0.000000,0.000000
10003349,clean,0,0.000000,0.000000,0.000000,0.000000,0.000000
10003350,clean,0,0.000000,0.000000,0.000000,0.000000,0.000000
10003351,clean,0,0.000000,0.000000,0.000000,0.000000,0.000000
10003352,clean,0,0.000000,0.000000,0.000000,0.000000,0.000000
10003353,clean,0,0.000000,0.000000,0.000000,0.000000,0.000000
10003354,clean,0,0.000000,0.000000,0.000000,0.000000,0.000000
10003355,clean,0,0.000000,0.000000,0.000000,0.000000,0.000000
10003356,clean,0,0.000000,0.000000,0.000000,0.000000,0.000000
10003357,clean,0,0.000000,0.000000,0.000000,0.000000,0.000000
10003358,clean,0,0.000000,0.000000,0.000000,0.000000,0.000000
10003359,clean,0,0.000000,0.000000,0.000000,0.000000,0.000000
10003360,clean,0,0.000000,0.000000,0.000000,0.000000,0.000000
10003361,clean,0,0.000000,0.000000,0.000000,0.000000,0.000000
10003362,clean,0,0.000000,0.000000,0.000000,0.000000,0.000000
10003363,clean,0,0.000000,0.000000,0.000000,0.000000,0.000000
10003364,clean,0,0.000000,0.000000,0.000000,0.000000,0.000000
10003365,clean,0,0.000000,0.000000,0.000000,0.000000,0.000000
10003366,clean,0,0.000000,0.000000,0.000000,0.000000,0.000000
10003367,clean,0,0.000000,0.000000,0.000000,0.000000,0.000000
10003368,clean,0,0.000000,0.000000,0.000000,0.000000,0.000000
10003369,clean,0,0.000000,0.000000,0.000000,0.000000,0.000000
10003370,clean,0,0.000000,0.000000,0.000000,0.000000,0.000000
10003371,clean,0,0.000000,0.000000,0.000000,0.000000,0.000000
10003372,clean,0,0.000000,0.000000,0.000000,0.000000,0.000000
10003373,clean,0,0.000000,0.000000,0.000000,0.000000,0.000000
10003374,clean,0,0.000000,0.000000,0.000000,0.000000,0.000000
10003375,clean,0,0.000000,0.000000,0.000000,0.000000,0.000000
10003376,clean,0,0.000000,0.000000,0.000000,0.000000,0.000000
10003377,clean,0,0.000000,0.000000,0.000000,0.000000,0.000000
10003378,clean,0,0.000000,0.000000,0.000000,0.000000,0.000000
10003379,clean,0,0.000000,0.000000,0.000000,0.000000,0.000000
10003380,clean,0,0.000000,0.000000,0.000000,0.000000,0.000000
10003381,clean,0,0.000000,0.000000,0.000000,0.000000,0.000000
10003382,clean,0,0.000000,0.000000,0.000000,0.000000,0.000000
10003383,clean,0,0.000000,0.000000,0.000000,0.000000,0.000000
10003384,clean,0,0.000000,0.000000,0.000000,0.000000,0.000000
10003385,clean,0,0.000000,0.000000,0.000000,0.000000,0.000000
10003386,clean,0,0.000000,0.000000,0.000000,0.000000,0.000000
10003387,clean,0,0.000000,0.000000,0.000000,0.000000,0.000000
10003388,clean,0,0.000000,0.000000,0.000000,0.000000,0.000000
10003389,clean,0,0.000000,0.000000,0.000000,0.000000,0.000000
10003390,clean,0,0.000000,0.000000,0.000000,0.000000,0.000000
10003391,clean,0,0.000000,0.000000,0.000000,0.000000,0.000000
10003392,clean,0,0.000000,0.000000,0.000000,0.000000,0.000000
10003393,clean,0,0.000000,0.000000,0.000000,0.000000,0.000000
10003394,clean,0,0.000000,0.000000,0.000000,0.000000,0.000000
10003395,clean,0,0.000000,0.000000,0.000000,0.000000,0.000000
10003396,clean,0,0.000000,0.000000,0.000000,0.000000,0.000000
10003397,clean,0,0.000000,0.000000,0.000000,0.000000,0.000000
10003398,clean,0,0.000000,0.000000,0.000000,0.000000,0.000000
10003399,clean,0,0.000000,0.000000,0.000000,0.000000,0.000000
10003400,clean,0,0.000000,0.000000,0.000000,0.000000,0.000000
10003401,clean,0,0.000000,0.000000,0.000000,0.000000,0.000000
10003402,clean,0,0.000000,0.000000,0.000000,0.000000,0.000000
10003403,clean,0,0.000000,0.000000,0.000000,0.000000,0.000000
10003404,clean,0,0.000000,0.000000,0.000000,0.000000,0.000000
10003405,clean,0,0.000000,0.000000,0.000000,0.000000,0.000000
10003406,clean,0,0.000000,0.000000,0.000000,0.000000,0.000000
10003407,clean,0,0.000000,0.000000,0.000000,0.000000,0.000000
10003408,clean,0,0.000000,0.000000,0.000000,0.000000,0.000000
10003409,clean,0,0.000000,0.000000,0.000000,0.000000,0.000000
10003410,clean,0,0.000000,0.000000,0.000000,0.000000,0.000000
10003411,clean,0,0.000000,0.000000,0.000000,0.000000,0.000000
10003412,clean,0,0.000000,0.000000,0.000000,0.000000,0.000000
10003413,clean,0,0.000000,0.000000,0.000000,0.000000,0.000000
10003414,clean,0,0.000000,0.000000,0.000000,0.000000,0.000000
10003415,clean,0,0.000000,0.000000,0.000000,0.000000,0.000000
10003416,clean,0,0.000000,0.000000,0.000000,0.000000,0.000000
10003417,clean,0,0.000000,0.000000,0.000000,0.000000,0.000000
10003418,clean,0,0.000000,0.000000,0.000000,0.000000,0.000000
10003419,clean,0,0.000000,0.000000,0.000000,0.000000,0.000000
10003420,clean,0,0.000000,0.000000,0.000000,0.000000,0.000000
10003421,clean,0,0.000000,0.000000,0.000000,0.000000,0.000000
10003422,clean,0,0.000000,0.000000,0.000000,0.000000,0.000000
10003423,clean,0,0.000000,0.000000,0.000000,0.000000,0.000000
10003424,clean,0,0.000000,0.000000,0.000000,0.000000,0.000000
10003425,clean,0,0.000000,0.000000,0.000000,0.000000,0.000000
10003426,clean,0,0.000000,0.000000,0.000000,0.000000,0.000000
10003427,clean,0,0.000000,0.000000,0.000000,0.000000,0.000000
10003428,clean,0,0.000000,0.000000,0.000000,0.000000,0.000000
10003429,clean,0,0.000000,0.000000,0.000000,0.000000,0.000000
10003430,clean,0,0.000000,0.000000,0.000000,0.000000,0.000000
10003431,clean,0,0.000000,0.000000,0.000000,0.000000,0.000000
10003432,clean,0,0.000000,0.000000,0.000000,0.000000,0.000000
10003433,clean,0,0.000000,0.000000,0.000000,0.000000,0.000000
10003434,clean,1,0.007843,0.007843,0.000000,0.007843,0.007843
10003435,clean,0,0.000000,0.000000,0.000000,0.000000,0.000000
10003436,clean,0,0.000000,0.000000,0.000000,0.000000,0.000000
10003437,clean,0,0.000000,0.000000,0.000000,0.000000,0.000000
10003438,clean,0,0.000000,0.000000,0.000000,0.000000,0.000000
10003439,clean,0,0.000000,0.000000,0.000000,0.000000,0.000000
10003440,clean,0,0.000000,0.000000,0.000000,0.000000,0.000000
10003441,clean,0,0.000000,0.000000,0.000000,0.000000,0.000000
10003442,clean,0,0.000000,0.000000,0.000000,0.000000,0.000000
10003443,clean,0,0.000000,0.000000,0.000000,0.000000,0.000000
10003444,clean,0,0.000000,0.000000,0.000000,0.000000,0.000000
10003445,clean,0,0.000000,0.000000,0.000000,0.000000,0.000000
10003446,clean,0,0.000000,0.000000,0.000000,0.000000,0.000000
10003447,clean,0,0.000000,0.000000,0.000000,0.000000,0.000000
10003448,clean,0,0.000000,0.000000,0.000000,0.000000,0.000000
10003449,clean,0,0.000000,0.000000,0.000000,0.000000,0.000000
10003450,clean,0,0.000000,0.000000,0.000000,0.000000,0.000000
10003451,clean,0,0.000000,0.000000,0.000000,0.000000,0.000000
10003452,clean,0,0.000000,0.000000,0.000000,0.000000,0.000000
10003453,clean,0,0.000000,0.000000,0.000000,0.000000,0.000000
10003454,clean,0,0.000000,0.000000,0.000000,0.000000,0.000000
10003455,clean,0,0.000000,0.000000,0.000000,0.000000,0.000000
10003456,clean,0,0.000000,0.000000,0.000000,0.000000,0.000000
10003457,clean,0,0.000000,0.000000,0.000000,0.000000,0.000000
10003458,clean,0,0.000000,0.000000,0.000000,0.000000,0.000000
10003459,clean,0,0.000000,0.000000,0.000000,0.000000,0.000000
10003460,clean,0,0.000000,0.000000,0.000000,0.000000,0.000000
10003461,clean,0,0.000000,0.000000,0.000000,0.000000,0.000000
10003462,clean,0,0.000000,0.000000,0.000000,0.000000,0.000000
10003463,clean,0,0.000000,0.000000,0.000000,0.000000,0.000000
10003464,clean,0,0.000000,0.000000,0.000000,0.000000,0.000000
10003465,clean,0,0.000000,0.000000,0.000000,0.000000,0.000000
10003466,clean,0,0.000000,0.000000,0.000000,0.000000,0.000000
10003467,clean,0,0.000000,0.000000,0.000000,0.000000,0.000000
10003468,clean,0,0.000000,0.000000,0.000000,0.000000,0.000000
10003469,clean,0,0.000000,0.000000,0.000000,0.000000,0.000000
10003470,clean,0,0.000000,0.000000,0.000000,0.000000,0.000000
10003471,clean,0,0.000000,0.000000,0.000000,0.000000,0.000000
10003472,clean,0,0.000000,0.000000,0.000000,0.000000,0.000000
10003473,clean,0,0.000000,0.000000,0.000000,0.000000,0.000000
10003474,clean,0,0.000000,0.000000,0.000000,0.000000,0.000000
10003475,clean,0,0.000000,0.000000,0.000000,0.000000,0.000000
10003476,clean,0,0.000000,0.000000,0.000000,0.000000,0.000000
10003477,clean,0,0.000000,0.000000,0.000000,0.000000,0.000000
10003478,clean,0,0.000000,0.000000,0.000000,0.000000,0.000000
10003479,clean,0,0.000000,0.000000,0.000000,0.000000,0.000000
10003480,clean,0,0.000000,0.000000,0.000000,0.000000,0.000000
10003481,clean,0,0.000000,0.000000,0.000000,0.000000,0.000000
10003482,clean,0,0.000000,0.000000,0.000000,0.000000,0.000000
10003483,clean,0,0.000000,0.000000,0.000000,0.000000,0.000000
10003484,clean,0,0.000000,0.000000,0.000000,0.000000,0.000000
10003485,clean,0,0.000000,0.000000,0.000000,0.000000,0.000000
10003486,clean,0,0.000000,0.000000,0.000000,0.000000,0.000000
10003487,clean,0,0.000000,0.000000,0.000000,0.000000,0.000000
10003488,clean,0,0.000000,0.000000,0.000000,0.000000,0.000000
10003489,clean,0,0.000000,0.000000,0.000000,0.000000,0.000000
10003490,clean,0,0.000000,0.000000,0.000000,0.000000,0.000000
10003491,clean,0,0.000000,0.000000,0.000000,0.000000,0.000000
10003492,clean,0,0.000000,0.000000,0.000000,0.000000,0.000000
10003493,clean,0,0.000000,0.000000,0.000000,0.000000,0.000000
10003494,clean,0,0.000000,0.000000,0.000000,0.000000,0.000000
10003495,clean,0,0.000000,0.000000,0.000000,0.000000,0.000000
10003496,clean,0,0.000000,0.000000,0.000000,0.000000,0.000000
10003497,clean,0,0.000000,0.000000,0.000000,0.000000,0.000000
10003498,clean,0,0.000000,0.000000,0.000000,0.000000,0.000000
10003499,clean,0,0.000000,0.000000,0.000000,0.000000,0.000000
10003500,clean,0,0.000000,0.000000,0.000000,0.000000,0.000000
10003501,clean,0,0.000000,0.000000,0.000000,0.000000,0.000000
10003502,clean,0,0.000000,0.000000,0.000000,0.000000,0.000000
10003503,clean,0,0.000000,0.000000,0.000000,0.000000,0.000000
10003504,clean,0,0.000000,0.000000,0.000000,0.000000,0.000000
10003505,clean,0,0.000000,0.000000,0.000000,0.000000,0.000000
10003506,clean,0,0.000000,0.000000,0.000000,0.000000,0.000000
10003507,clean,0,0.000000,0.000000,0.000000,0.000000,0.000000
10003508,clean,0,0.000000,0.000000,0.000000,0.000000,0.000000
10003509,clean,0,0.000000,0.000000,0.000000,0.000000,0.000000
10003510,clean,0,0.000000,0.000000,0.000000,0.000000,0.000000
10003511,clean,0,0.000000,0.000000,0.000000,0.000000,0.000000
10003512,clean,0,0.000000,0.000000,0.000000,0.000000,0.000000
10003513,clean,0,0.000000,0.000000,0.000000,0.000000,0.000000
10003514,clean,0,0.000000,0.000000,0.000000,0.000000,0.000000
10003515,clean,0,0.000000,0.000000,0.000000,0.000000,0.000000
10003516,clean,1,0.062745,0.062745,0.000000,0.062745,0.062745
10003517,clean,0,0.000000,0.000000,0.000000,0.000000,0.000000
10003518,clean,0,0.000000,0.000000,0.000000,0.000000,0.000000
10003519,clean,0,0.000000,0.000000,0.000000,0.000000,0.000000
10003520,clean,0,0.000000,0.000000,0.000000,0.000000,0.000000
10003521,clean,0,0.000000,0.000000,0.000000,0.000000,0.000000
10003522,clean,0,0.000000,0.000000,0.000000,0.000000,0.000000
10003523,clean,0,0.000000,0.000000,0.000000,0.000000,0.000000
10003524,clean,0,0.000000,0.000000,0.000000,0.000000,0.000000
10003525,clean,0,0.000000,0.000000,0.000000,0.000000,0.000000
10003526,clean,0,0.000000,0.000000,0.000000,0.000000,0.000000
10003527,clean,0,0.000000,0.000000,0.000000,0.000000,0.000000
10003528,clean,0,0.000000,0.000000,0.000000,0.000000,0.000000
10003529,clean,0,0.000000,0.000000,0.000000,0.000000,0.000000
10003530,clean,0,0.000000,0.000000,0.000000,0.000000,0.000000
10003531,clean,0,0.000000,0.000000,0.000000,0.000000,0.000000
10003532,clean,0,0.000000,0.000000,0.000000,0.000000,0.000000
10003533,clean,0,0.000000,0.000000,0.000000,0.000000,0.000000
10003534,clean,0,0.000000,0.000000,0.000000,0.000000,0.000000
10003535,clean,0,0.000000,0.000000,0.000000,0.000000,0.000000
10003536,clean,0,0.000000,0.000000,0.000000,0.000000,0.000000
10003537,clean,0,0.000000,0.000000,0.000000,0.000000,0.000000
10003538,clean,0,0.000000,0.000000,0.000000,0.000000,0.000000
10003539,clean,0,0.000000,0.000000,0.000000,0.000000,0.000000
10003540,clean,0,0.000000,0.000000,0.000000,0.000000,0.000000
10003541,clean,0,0.000000,0.000000,0.000000,0.000000,0.000000
10003542,clean,0,0.000000,0.000000,0.000000,0.000000,0.000000
10003543,clean,0,0.000000,0.000000,0.000000,0.000000,0.000000
10003544,clean,0,0.000000,0.000000,0.000000,0.000000,0.000000
10003545,clean,0,0.000000,0.000000,0.000000,0.000000,0.000000
10003546,clean,0,0.000000,0.000000,0.000000,0.000000,0.000000
10003547,clean,0,0.000000,0.000000,0.000000,0.000000,0.000000
10003548,clean,0,0.000000,0.000000,0.000000,0.000000,0.000000
10003549,clean,0,0.000000,0.000000,0.000000,0.000000,0.000000
10003550,clean,0,0.000000,0.000000,0.000000,0.000000,0.000000
10003551,clean,0,0.000000,0.000000,0.000000,0.000000,0.000000
10003552,clean,0,0.000000,0.000000,0.000000,0.000000,0.000000
10003553,clean,0,0.000000,0.000000,0.000000,0.000000,0.000000
10003554,clean,0,0.000000,0.000000,0.000000,0.000000,0.000000
10003555,clean,0,0.000000,0.000000,0.000000,0.000000,0.000000
10003556,clean,0,0.000000,0.000000,0.000000,0.000000,0.000000
10003557,clean,0,0.000000,0.000000,0.000000,0.000000,0.000000
10003558,clean,0,0.000000,0.000000,0.000000,0.000000,0.000000
10003559,clean,0,0.000000,0.000000,0.000000,0.000000,0.000000
10003560,clean,1,0.000000,0.000000,0.000000,0.000000,0.000000
10003561,clean,0,0.000000,0.000000,0.000000,0.000000,0.000000
10003562,clean,0,0.000000,0.000000,0.000000,0.000000,0.000000
10003563,clean,0,0.000000,0.000000,0.000000,0.000000,0.000000
10003564,clean,0,0.000000,0.000000,0.000000,0.000000,0.000000
10003565,clean,0,0.000000,0.000000,0.000000,0.000000,0.000000
10003566,clean,0,0.000000,0.000000,0.000000,0.000000,0.000000
10003567,clean,0,0.000000,0.000000,0.000000,0.000000,0.000000
10003568,clean,0,0.000000,0.000000,0.000000,0.000000,0.000000
10003569,clean,0,0.000000,0.000000,0.000000,0.000000,0.000000
10003570,clean,0,0.000000,0.000000,0.000000,0.000000,0.000000
10003571,clean,0,0.000000,0.000000,0.000000,0.000000,0.000000
10003572,clean,0,0.000000,0.000000,0.000000,0.000000,0.000000
10003573,clean,0,0.000000,0.000000,0.000000,0.000000,0.000000
10003574,clean,0,0.000000,0.000000,0.000000,0.000000,0.000000
10003575,clean,0,0.000000,0.000000,0.000000,0.000000,0.000000
10003576,clean,0,0.000000,0.000000,0.000000,0.000000,0.000000
10003577,clean,0,0.000000,0.000000,0.000000,0.000000,0.000000
10003578,clean,0,0.000000,0.000000,0.000000,0.000000,0.000000
10003579,clean,0,0.000000,0.000000,0.000000,0.000000,0.000000
10003580,clean,0,0.000000,0.000000,0.000000,0.000000,0.000000
10003581,clean,0,0.000000,0.000000,0.000000,0.000000,0.000000
10003582,clean,0,0.000000,0.000000,0.000000,0.000000,0.000000
10003583,clean,0,0.000000,0.000000,0.000000,0.000000,0.000000
10003584,clean,0,0.000000,0.000000,0.000000,0.000000,0.000000
10003585,clean,0,0.000000,0.000000,0.000000,0.000000,0.000000
10003586,clean,0,0.000000,0.000000,0.000000,0.000000,0.000000
10003587,clean,0,0.000000,0.000000,0.000000,0.000000,0.000000
10003588,clean,0,0.000000,0.000000,0.000000,0.000000,0.000000
10003589,clean,0,0.000000,0.000000,0.000000,0.000000,0.000000
10003590,clean,0,0.000000,0.000000,0.000000,0.000000,0.000000
10003591,clean,0,0.000000,0.000000,0.000000,0.000000,0.000000
10003592,clean,0,0.000000,0.000000,0.000000,0.000000,0.000000
10003593,clean,0,0.000000,0.000000,0.000000,0.000000,0.000000
10003594,clean,0,0.000000,0.000000,0.000000,0.000000,0.000000
10003595,clean,0,0.000000,0.000000,0.000000,0.000000,0.000000
10003596,clean,0,0.000000,0.000000,0.000000,0.000000,0.000000
10003597,clean,0,0.000000,0.000000,0.000000,0.000000,0.000000
10003598,clean,0,0.000000,0.000000,0.000000,0.000000,0.000000
10003599,clean,0,0.000000,0.000000,0.000000,0.000000,0.000000
10003600,clean,0,0.000000,0.000000,0.000000,0.000000,0.000000
10003601,clean,0,0.000000,0.000000,0.000000,0.000000,0.000000
10003602,clean,0,0.000000,0.000000,0.000000,0.000000,0.000000
10003603,clean,0,0.000000,0.000000,0.000000,0.000000,0.000000
10003604,clean,0,0.000000,0.000000,0.000000,0.000000,0.000000
10003605,clean,0,0.000000,0.000000,0.000000,0.000000,0.000000
10003606,clean,0,0.000000,0.000000,0.000000,0.000000,0.000000
10003607,clean,0,0.000000,0.000000,0.000000,0.000000,0.000000
10003608,clean,0,0.000000,0.000000,0.000000,0.000000,0.000000
10003609,clean,0,0.000000,0.000000,0.000000,0.000000,0.000000
10003610,clean,0,0.000000,0.000000,0.000000,0.000000,0.000000
10003611,clean,0,0.000000,0.000000,0.000000,0.000000,0.000000
10003612,clean,0,0.000000,0.000000,0.000000,0.000000,0.000000
10003613,clean,0,0.000000,0.000000,0.000000,0.000000,0.000000
10003614,clean,0,0.000000,0.000000,0.000000,0.000000,0.000000
10003615,clean,0,0.000000,0.000000,0.000000,0.000000,0.000000
10003616,clean,0,0.000000,0.000000,0.000000,0.000000,0.000000
10003617,clean,0,0.000000,0.000000,0.000000,0.000000,0.000000
10003618,clean,0,0.000000,0.000000,0.000000,0.000000,0.000000
10003619,clean,0,0.000000,0.000000,0.000000,0.000000,0.000000
10003620,clean,0,0.000000,0.000000,0.000000,0.000000,0.000000
10003621,clean,0,0.000000,0.000000,0.000000,0.000000,0.000000
10003622,clean,0,0.000000,0.000000,0.000000,0.000000,0.000000
10003623,clean,3,0.483660,0.443137,0.071622,0.423529,0.584314
10003624,clean,8,0.462255,0.435294,0.079537,0.396078,0.662745
10003625,clean,1,0.003922,0.003922,0.000000,0.003922,0.003922
10003626,clean,0,0.000000,0.000000,0.000000,0.000000,0.000000
10003627,clean,0,0.000000,0.000000,0.000000,0.000000,0.000000
10003628,clean,0,0.000000,0.000000,0.000000,0.000000,0.000000
10003629,clean,0,0.000000,0.000000,0.000000,0.000000,0.000000
10003630,clean,0,0.000000,0.000000,0.000000,0.000000,0.000000
10003631,clean,0,0.000000,0.000000,0.000000,0.000000,0.000000
10003632,clean,0,0.000000,0.000000,0.000000,0.000000,0.000000
10003633,clean,0,0.000000,0.000000,0.000000,0.000000,0.000000
10003634,clean,0,0.000000,0.000000,0.000000,0.000000,0.000000
10003635,clean,0,0.000000,0.000000,0.000000,0.000000,0.000000
10003636,clean,0,0.000000,0.000000,0.000000,0.000000,0.000000
10003637,clean,0,0.000000,0.000000,0.000000,0.000000,0.000000
10003638,clean,0,0.000000,0.000000,0.000000,0.000000,0.000000
10003639,clean,0,0.000000,0.000000,0.000000,0.000000,0.000000
10003640,clean,0,0.000000,0.000000,0.000000,0.000000,0.000000
10003641,clean,0,0.000000,0.000000,0.000000,0.000000,0.000000
10003642,clean,0,0.000000,0.000000,0.000000,0.000000,0.000000
10003643,clean,0,0.000000,0.000000,0.000000,0.000000,0.000000
10003644,clean,0,0.000000,0.000000,0.000000,0.000000,0.000000
10003645,clean,0,0.000000,0.000000,0.000000,0.000000,0.000000
10003646,clean,0,0.000000,0.000000,0.000000,0.000000,0.000000
10003647,clean,0,0.000000,0.000000,0.000000,0.000000,0.000000
10003648,clean,0,0.000000,0.000000,0.000000,0.000000,0.000000
10003649,clean,0,0.000000,0.000000,0.000000,0.000000,0.000000
10003650,clean,0,0.000000,0.000000,0.000000,0.000000,0.000000
10003651,clean,0,0.000000,0.000000,0.000000,0.000000,0.000000
10003652,clean,0,0.000000,0.000000,0.000000,0.000000,0.000000
10003653,clean,0,0.000000,0.000000,0.000000,0.000000,0.000000
10003654,clean,0,0.000000,0.000000,0.000000,0.000000,0.000000
10003655,clean,0,0.000000,0.000000,0.000000,0.000000,0.000000
10003656,clean,0,0.000000,0.000000,0.000000,0.000000,0.000000
10003657,clean,0,0.000000,0.000000,0.000000,0.000000,0.000000
10003658,clean,0,0.000000,0.000000,0.000000,0.000000,0.000000
10003659,clean,0,0.000000,0.000000,0.000000,0.000000,0.000000
10003660,clean,0,0.000000,0.000000,0.000000,0.000000,0.000000
10003661,clean,0,0.000000,0.000000,0.000000,0.000000,0.000000
10003662,clean,0,0.000000,0.000000,0.000000,0.000000,0.000000
10003663,clean,0,0.000000,0.000000,0.000000,0.000000,0.000000
10003664,clean,0,0.000000,0.000000,0.000000,0.000000,0.000000
10003665,clean,0,0.000000,0.000000,0.000000,0.000000,0.000000
10003666,clean,0,0.000000,0.000000,0.000000,0.000000,0.000000
10003667,clean,0,0.000000,0.000000,0.000000,0.000000,0.000000
10003668,clean,0,0.000000,0.000000,0.000000,0.000000,0.000000
10003669,clean,0,0.000000,0.000000,0.000000,0.000000,0.000000
10003670,clean,0,0.000000,0.000000,0.000000,0.000000,0.000000
10003671,clean,0,0.000000,0.000000,0.000000,0.000000,0.000000
10003672,clean,0,0.000000,0.000000,0.000000,0.000000,0.000000
10003673,clean,0,0.000000,0.000000,0.000000,0.000000,0.000000
10003674,clean,0,0.000000,0.000000,0.000000,0.000000,0.000000
10003675,clean,0,0.000000,0.000000,0.000000,0.000000,0.000000
10003676,clean,0,0.000000,0.000000,0.000000,0.000000,0.000000
10003677,clean,0,0.000000,0.000000,0.000000,0.000000,0.000000
10003678,clean,0,0.000000,0.000000,0.000000,0.000000,0.000000
10003679,clean,0,0.000000,0.000000,0.000000,0.000000,0.000000
10003680,clean,0,0.000000,0.000000,0.000000,0.000000,0.000000
10003681,clean,0,0.000000,0.000000,0.000000,0.000000,0.000000
10003682,clean,0,0.000000,0.000000,0.000000,0.000000,0.000000
10003683,clean,0,0.000000,0.000000,0.000000,0.000000,0.000000
10003684,clean,0,0.000000,0.000000,0.000000,0.000000,0.000000
10003685,clean,0,0.000000,0.000000,0.000000,0.000000,0.000000
10003686,clean,0,0.000000,0.000000,0.000000,0.000000,0.000000
10003687,clean,0,0.000000,0.000000,0.000000,0.000000,0.000000
10003688,clean,0,0.000000,0.000000,0.000000,0.000000,0.000000
10003689,clean,0,0.000000,0.000000,0.000000,0.000000,0.000000
10003690,clean,0,0.000000,0.000000,0.000000,0.000000,0.000000
10003691,clean,0,0.000000,0.000000,0.000000,0.000000,0.000000
10003692,clean,0,0.000000,0.000000,0.000000,0.000000,0.000000
10003693,clean,0,0.000000,0.000000,0.000000,0.000000,0.000000
10003694,clean,0,0.000000,0.000000,0.000000,0.000000,0.000000
10003695,clean,0,0.000000,0.000000,0.000000,0.000000,0.000000
10003696,clean,0,0.000000,0.000000,0.000000,0.000000,0.000000
10003697,clean,0,0.000000,0.000000,0.000000,0.000000,0.000000
10003698,clean,0,0.000000,0.000000,0.000000,0.000000,0.000000
10003699,clean,0,0.000000,0.000000,0.000000,0.000000,0.000000
10003700,clean,0,0.000000,0.000000,0.000000,0.000000,0.000000
10003701,clean,0,0.000000,0.000000,0.000000,0.000000,0.000000
10003702,clean,0,0.000000,0.000000,0.000000,0.000000,0.000000
10003703,clean,0,0.000000,0.000000,0.000000,0.000000,0.000000
10003704,clean,0,0.000000,0.000000,0.000000,0.000000,0.000000
10003705,clean,0,0.000000,0.000000,0.000000,0.000000,0.000000
10003706,clean,0,0.000000,0.000000,0.000000,0.000000,0.000000
10003707,clean,0,0.000000,0.000000,0.000000,0.000000,0.000000
10003708,clean,0,0.000000,0.000000,0.000000,0.000000,0.000000
10003709,clean,0,0.000000,0.000000,0.000000,0.000000,0.000000
10003710,clean,0,0.000000,0.000000,0.000000,0.000000,0.000000
10003711,clean,0,0.000000,0.000000,0.000000,0.000000,0.000000
10003712,clean,0,0.000000,0.000000,0.000000,0.000000,0.000000
10003713,clean,0,0.000000,0.000000,0.000000,0.000000,0.000000
10003714,clean,0,0.000000,0.000000,0.000000,0.000000,0.000000
10003715,clean,0,0.000000,0.000000,0.000000,0.000000,0.000000
10003716,clean,0,0.000000,0.000000,0.000000,0.000000,0.000000
10003717,clean,0,0.000000,0.000000,0.000000,0.000000,0.000000
10003718,clean,0,0.000000,0.000000,0.000000,0.000000,0.000000
10003719,clean,0,0.000000,0.000000,0.000000,0.000000,0.000000
10003720,clean,0,0.000000,0.000000,0.000000,0.000000,0.000000
10003721,clean,0,0.000000,0.000000,0.000000,0.000000,0.000000
10003722,clean,0,0.000000,0.000000,0.000000,0.000000,0.000000
10003723,clean,0,0.000000,0.000000,0.000000,0.000000,0.000000
10003724,clean,0,0.000000,0.000000,0.000000,0.000000,0.000000
10003725,clean,0,0.000000,0.000000,0.000000,0.000000,0.000000
10003726,clean,0,0.000000,0.000000,0.000000,0.000000,0.000000
10003727,clean,0,0.000000,0.000000,0.000000,0.000000,0.000000
10003728,clean,0,0.000000,0.000000,0.000000,0.000000,0.000000
10003729,clean,0,0.000000,0.000000,0.000000,0.000000,0.000000
10003730,clean,0,0.000000,0.000000,0.000000,0.000000,0.000000
10003731,clean,0,0.000000,0.000000,0.000000,0.000000,0.000000
10003732,clean,0,0.000000,0.000000,0.000000,0.000000,0.000000
10003733,clean,0,0.000000,0.000000,0.000000,0.000000,0.000000
10003734,clean,0,0.000000,0.000000,0.000000,0.000000,0.000000
10003735,clean,0,0.000000,0.000000,0.000000,0.000000,0.000000
10003736,clean,0,0.000000,0.000000,0.000000,0.000000,0.000000
10003737,clean,0,0.000000,0.000000,0.000000,0.000000,0.000000
10003738,clean,0,0.000000,0.000000,0.000000,0.000000,0.000000
10003739,clean,0,0.000000,0.000000,0.000000,0.000000,0.000000
10003740,clean,0,0.000000,0.000000,0.000000,0.000000,0.000000
10003741,clean,0,0.000000,0.000000,0.000000,0.000000,0.000000
10003742,clean,0,0.000000,0.000000,0.000000,0.000000,0.000000
10003743,clean,0,0.000000,0.000000,0.000000,0.000000,0.000000
10003744,clean,0,0.000000,0.000000,0.000000,0.000000,0.000000
10003745,clean,0,0.000000,0.000000,0.000000,0.000000,0.000000
10003746,clean,0,0.000000,0.000000,0.000000,0.000000,0.000000
10003747,clean,0,0.000000,0.000000,0.000000,0.000000,0.000000
10003748,clean,0,0.000000,0.000000,0.000000,0.000000,0.000000
10003749,clean,0,0.000000,0.000000,0.000000,0.000000,0.000000
10003750,clean,0,0.000000,0.000000,0.000000,0.000000,0.000000
10003751,clean,0,0.000000,0.000000,0.000000,0.000000,0.000000
10003752,clean,0,0.000000,0.000000,0.000000,0.000000,0.000000
10003753,clean,0,0.000000,0.000000,0.000000,0.000000,0.000000
10003754,clean,0,0.000000,0.000000,0.000000,0.000000,0.000000
10003755,clean,0,0.000000,0.000000,0.000000,0.000000,0.000000
10003756,clean,0,0.000000,0.000000,0.000000,0.000000,0.000000
10003757,clean,0,0.000000,0.000000,0.000000,0.000000,0.000000
10003758,clean,0,0.000000,0.000000,0.000000,0.000000,0.000000
10003759,clean,0,0.000000,0.000000,0.000000,0.000000,0.000000
10003760,clean,0,0.000000,0.000000,0.000000,0.000000,0.000000
10003761,clean,0,0.000000,0.000000,0.000000,0.000000,0.000000
10003762,clean,0,0.000000,0.000000,0.000000,0.000000,0.000000
10003763,clean,0,0.000000,0.000000,0.000000,0.000000,0.000000
10003764,clean,0,0.000000,0.000000,0.000000,0.000000,0.000000
10003765,clean,0,0.000000,0.000000,0.000000,0.000000,0.000000
10003766,clean,0,0.000000,0.000000,0.000000,0.000000,0.000000
10003767,clean,0,0.000000,0.000000,0.000000,0.000000,0.000000
10003768,clean,0,0.000000,0.000000,0.000000,0.000000,0.000000
10003769,clean,0,0.000000,0.000000,0.000000,0.000000,0.000000
10003770,clean,0,0.000000,0.000000,0.000000,0.000000,0.000000
10003771,clean,0,0.000000,0.000000,0.000000,0.000000,0.000000
10003772,clean,1,0.423529,0.423529,0.000000,0.423529,0.423529
10003773,clean,0,0.000000,0.000000,0.000000,0.000000,0.000000
10003774,clean,0,0.000000,0.000000,0.000000,0.000000,0.000000
10003775,clean,0,0.000000,0.000000,0.000000,0.000000,0.000000
10003776,clean,0,0.000000,0.000000,0.000000,0.000000,0.000000
10003777,clean,0,0.000000,0.000000,0.000000,0.000000,0.000000
10003778,clean,0,0.000000,0.000000,0.000000,0.000000,0.000000
10003779,clean,0,0.000000,0.000000,0.000000,0.000000,0.000000
10003780,clean,0,0.000000,0.000000,0.000000,0.000000,0.000000
10003781,clean,0,0.000000,0.000000,0.000000,0.000000,0.000000
10003782,clean,0,0.000000,0.000000,0.000000,0.000000,0.000000
10003783,clean,0,0.000000,0.000000,0.000000,0.000000,0.000000
10003784,clean,0,0.000000,0.000000,0.000000,0.000000,0.000000
10003785,clean,0,0.000000,0.000000,0.000000,0.000000,0.000000
10003786,clean,0,0.000000,0.000000,0.000000,0.000000,0.000000
10003787,clean,0,0.000000,0.000000,0.000000,0.000000,0.000000
10003788,clean,0,0.000000,0.000000,0.000000,0.000000,0.000000
10003789,clean,0,0.000000,0.000000,0.000000,0.000000,0.000000
10003790,clean,0,0.000000,0.000000,0.000000,0.000000,0.000000
10003791,clean,0,0.000000,0.000000,0.000000,0.000000,0.000000
10003792,clean,0,0.000000,0.000000,0.000000,0.000000,0.000000
10003793,clean,0,0.000000,0.000000,0.000000,0.000000,0.000000
10003794,clean,0,0.000000,0.000000,0.000000,0.000000,0.000000
10003795,clean,0,0.000000,0.000000,0.000000,0.000000,0.000000
10003796,clean,0,0.000000,0.000000,0.000000,0.000000,0.000000
10003797,clean,0,0.000000,0.000000,0.000000,0.000000,0.000000
10003798,clean,0,0.000000,0.000000,0.000000,0.000000,0.000000
10003799,clean,0,0.000000,0.000000,0.000000,0.000000,0.000000
10003800,clean,0,0.000000,0.000000,0.000000,0.000000,0.000000
10003801,clean,0,0.000000,0.000000,0.000000,0.000000,0.000000
10003802,clean,0,0.000000,0.000000,0.000000,0.000000,0.000000
10003803,clean,0,0.000000,0.000000,0.000000,0.000000,0.000000
10003804,clean,0,0.000000,0.000000,0.000000,0.000000,0.000000
10003805,clean,0,0.000000,0.000000,0.000000,0.000000,0.000000
10003806,clean,0,0.000000,0.000000,0.000000,0.000000,0.000000
10003807,clean,0,0.000000,0.000000,0.000000,0.000000,0.000000
10003808,clean,0,0.000000,0.000000,0.000000,0.000000,0.000000
10003809,clean,0,0.000000,0.000000,0.000000,0.000000,0.000000
10003810,clean,0,0.000000,0.000000,0.000000,0.000000,0.000000
10003811,clean,0,0.000000,0.000000,0.000000,0.000000,0.000000
10003812,clean,0,0.000000,0.000000,0.000000,0.000000,0.000000
10003813,clean,0,0.000000,0.000000,0.000000,0.000000,0.000000
10003814,clean,0,0.000000,0.000000,0.000000,0.000000,0.000000
10003815,clean,0,0.000000,0.000000,0.000000,0.000000,0.000000
10003816,clean,0,0.000000,0.000000,0.000000,0.000000,0.000000
10003817,clean,0,0.000000,0.000000,0.000000,0.000000,0.000000
10003818,clean,0,0.000000,0.000000,0.000000,0.000000,0.000000
10003819,clean,0,0.000000,0.000000,0.000000,0.000000,0.000000
10003820,clean,0,0.000000,0.000000,0.000000,0.000000,0.000000
10003821,clean,0,0.000000,0.000000,0.000000,0.000000,0.000000
10003822,clean,0,0.000000,0.000000,0.000000,0.000000,0.000000
10003823,clean,0,0.000000,0.000000,0.000000,0.000000,0.000000
10003824,clean,0,0.000000,0.000000,0.000000,0.000000,0.000000
10003825,clean,0,0.000000,0.000000,0.000000,0.000000,0.000000
10003826,clean,0,0.000000,0.000000,0.000000,0.000000,0.000000
10003827,clean,0,0.000000,0.000000,0.000000,0.000000,0.000000
10003828,clean,0,0.000000,0.000000,0.000000,0.000000,0.000000
10003829,clean,0,0.000000,0.000000,0.000000,0.000000,0.000000
10003830,clean,0,0.000000,0.000000,0.000000,0.000000,0.000000
10003831,clean,0,0.000000,0.000000,0.000000,0.000000,0.000000
10003832,clean,1,0.000000,0.000000,0.000000,0.000000,0.000000
10003833,clean,0,0.000000,0.000000,0.000000,0.000000,0.000000
10003834,clean,0,0.000000,0.000000,0.000000,0.000000,0.000000
10003835,clean,0,0.000000,0.000000,0.000000,0.000000,0.000000
10003836,clean,0,0.000000,0.000000,0.000000,0.000000,0.000000
10003837,clean,0,0.000000,0.000000,0.000000,0.000000,0.000000
10003838,clean,0,0.000000,0.000000,0.000000,0.000000,0.000000
10003839,clean,0,0.000000,0.000000,0.000000,0.000000,0.000000
10003840,clean,2,0.003922,0.003922,0.000000,0.003922,0.003922
10003841,clean,0,0.000000,0.000000,0.000000,0.000000,0.000000
10003842,clean,0,0.000000,0.000000,0.000000,0.000000,0.000000
10003843,clean,0,0.000000,0.000000,0.000000,0.000000,0.000000
10003844,clean,0,0.000000,0.000000,0.000000,0.000000,0.000000
10003845,clean,0,0.000000,0.000000,0.000000,0.000000,0.000000
10003846,clean,0,0.000000,0.000000,0.000000,0.000000,0.000000
10003847,clean,0,0.000000,0.000000,0.000000,0.000000,0.000000
10003848,clean,0,0.000000,0.000000,0.000000,0.000000,0.000000
10003849,clean,0,0.000000,0.000000,0.000000,0.000000,0.000000
10003850,clean,0,0.000000,0.000000,0.000000,0.000000,0.000000
10003851,clean,0,0.000000,0.000000,0.000000,0.000000,0.000000
10003852,clean,0,0.000000,0.000000,0.000000,0.000000,0.000000
10003853,clean,0,0.000000,0.000000,0.000000,0.000000,0.000000
10003854,clean,0,0.000000,0.000000,0.000000,0.000000,0.000000
10003855,clean,0,0.000000,0.000000,0.000000,0.000000,0.000000
10003856,clean,0,0.000000,0.000000,0.000000,0.000000,0.000000
10003857,clean,0,0.000000,0.000000,0.000000,0.000000,0.000000
10003858,clean,0,0.000000,0.000000,0.000000,0.000000,0.000000
10003859,clean,0,0.000000,0.000000,0.000000,0.000000,0.000000
10003860,clean,0,0.000000,0.000000,0.000000,0.000000,0.000000
10003861,clean,0,0.000000,0.000000,0.000000,0.000000,0.000000
10003862,clean,0,0.000000,0.000000,0.000000,0.000000,0.000000
10003863,clean,0,0.000000,0.000000,0.000000,0.000000,0.000000
10003864,clean,0,0.000000,0.000000,0.000000,0.000000,0.000000
10003865,clean,0,0.000000,0.000000,0.000000,0.000000,0.000000
10003866,clean,0,0.000000,0.000000,0.000000,0.000000,0.000000
10003867,clean,0,0.000000,0.000000,0.000000,0.000000,0.000000
10003868,clean,0,0.000000,0.000000,0.000000,0.000000,0.000000
10003869,clean,0,0.000000,0.000000,0.000000,0.000000,0.000000
10003870,clean,0,0.000000,0.000000,0.000000,0.000000,0.000000
10003871,clean,0,0.000000,0.000000,0.000000,0.000000,0.000000
10003872,clean,0,0.000000,0.000000,0.000000,0.000000,0.000000
10003873,clean,0,0.000000,0.000000,0.000000,0.000000,0.000000
10003874,clean,0,0.000000,0.000000,0.000000,0.000000,0.000000
10003875,clean,0,0.000000,0.000000,0.000000,0.000000,0.000000
10003876,clean,0,0.000000,0.000000,0.000000,0.000000,0.000000
10003877,clean,0,0.000000,0.000000,0.000000,0.000000,0.000000
10003878,clean,0,0.000000,0.000000,0.000000,0.000000,0.000000
10003879,clean,1,0.039216,0.039216,0.000000,0.039216,0.039216
10003880,clean,0,0.000000,0.000000,0.000000,0.000000,0.000000
10003881,clean,0,0.000000,0.000000,0.000000,0.000000,0.000000
10003882,clean,0,0.000000,0.000000,0.000000,0.000000,0.000000
10003883,clean,0,0.000000,0.000000,0.000000,0.000000,0.000000
10003884,clean,0,0.000000,0.000000,0.000000,0.000000,0.000000
10003885,clean,0,0.000000,0.000000,0.000000,0.000000,0.000000
10003886,clean,0,0.000000,0.000000,0.000000,0.000000,0.000000
10003887,clean,0,0.000000,0.000000,0.000000,0.000000,0.000000
10003888,clean,0,0.000000,0.000000,0.000000,0.000000,0.000000
10003889,clean,0,0.000000,0.000000,0.000000,0.000000,0.000000
10003890,clean,0,0.000000,0.000000,0.000000,0.000000,0.000000
10003891,clean,0,0.000000,0.000000,0.000000,0.000000,0.000000
10003892,clean,0,0.000000,0.000000,0.000000,0.000000,0.000000
10003893,clean,0,0.000000,0.000000,0.000000,0.000000,0.000000
10003894,clean,0,0.000000,0.000000,0.000000,0.000000,0.000000
10003895,clean,0,0.000000,0.000000,0.000000,0.000000,0.000000
10003896,clean,0,0.000000,0.000000,0.000000,0.000000,0.000000
10003897,clean,0,0.000000,0.000000,0.000000,0.000000,0.000000
10003898,clean,0,0.000000,0.000000,0.000000,0.000000,0.000000
10003899,clean,0,0.000000,0.000000,0.000000,0.000000,0.000000
10003900,clean,0,0.000000,0.000000,0.000000,0.000000,0.000000
10003901,clean,0,0.000000,0.000000,0.000000,0.000000,0.000000
10003902,clean,0,0.000000,0.000000,0.000000,0.000000,0.000000
10003903,clean,0,0.000000,0.000000,0.000000,0.000000,0.000000
10003904,clean,0,0.000000,0.000000,0.000000,0.000000,0.000000
10003905,clean,0,0.000000,0.000000,0.000000,0.000000,0.000000
10003906,clean,0,0.000000,0.000000,0.000000,0.000000,0.000000
10003907,clean,0,0.000000,0.000000,0.000000,0.000000,0.000000
10003908,clean,0,0.000000,0.000000,0.000000,0.000000,0.000000
10003909,clean,0,0.000000,0.000000,0.000000,0.000000,0.000000
10003910,clean,0,0.000000,0.000000,0.000000,0.000000,0.000000
10003911,clean,0,0.000000,0.000000,0.000000,0.000000,0.000000
10003912,clean,0,0.000000,0.000000,0.000000,0.000000,0.000000
10003913,clean,0,0.000000,0.000000,0.000000,0.000000,0.000000
10003914,clean,0,0.000000,0.000000,0.000000,0.000000,0.000000
10003915,clean,0,0.000000,0.000000,0.000000,0.000000,0.000000
10003916,clean,0,0.000000,0.000000,0.000000,0.000000,0.000000
10003917,clean,0,0.000000,0.000000,0.000000,0.000000,0.000000
10003918,clean,0,0.000000,0.000000,0.000000,0.000000,0.000000
10003919,clean,0,0.000000,0.000000,0.000000,0.000000,0.000000
10003920,clean,0,0.000000,0.000000,0.000000,0.000000,0.000000
10003921,clean,0,0.000000,0.000000,0.000000,0.000000,0.000000
10003922,clean,0,0.000000,0.000000,0.000000,0.000000,0.000000
10003923,clean,0,0.000000,0.000000,0.000000,0.000000,0.000000
10003924,clean,0,0.000000,0.000000,0.000000,0.000000,0.000000
10003925,clean,0,0.000000,0.000000,0.000000,0.000000,0.000000
10003926,clean,0,0.000000,0.000000,0.000000,0.000000,0.000000
10003927,clean,0,0.000000,0.000000,0.000000,0.000000,0.000000
10003928,clean,0,0.000000,0.000000,0.000000,0.000000,0.000000
10003929,clean,0,0.000000,0.000000,0.000000,0.000000,0.000000
10003930,clean,0,0.000000,0.000000,0.000000,0.000000,0.000000
10003931,clean,0,0.000000,0.000000,0.000000,0.000000,0.000000
10003932,clean,0,0.000000,0.000000,0.000000,0.000000,0.000000
10003933,clean,0,0.000000,0.000000,0.000000,0.000000,0.000000
10003934,clean,0,0.000000,0.000000,0.000000,0.000000,0.000000
10003935,clean,0,0.000000,0.000000,0.000000,0.000000,0.000000
10003936,clean,0,0.000000,0.000000,0.000000,0.000000,0.000000
10003937,clean,0,0.000000,0.000000,0.000000,0.000000,0.000000
10003938,clean,0,0.000000,0.000000,0.000000,0.000000,0.000000
10003939,clean,0,0.000000,0.000000,0.000000,0.000000,0.000000
10003940,clean,0,0.000000,0.000000,0.000000,0.000000,0.000000
10003941,clean,0,0.000000,0.000000,0.000000,0.000000,0.000000
10003942,clean,0,0.000000,0.000000,0.000000,0.000000,0.000000
10003943,clean,0,0.000000,0.000000,0.000000,0.000000,0.000000
10003944,clean,0,0.000000,0.000000,0.000000,0.000000,0.000000
10003945,clean,0,0.000000,0.000000,0.000000,0.000000,0.000000
10003946,clean,0,0.000000,0.000000,0.000000,0.000000,0.000000
10003947,clean,0,0.000000,0.000000,0.000000,0.000000,0.000000
10003948,clean,0,0.000000,0.000000,0.000000,0.000000,0.000000
10003949,clean,0,0.000000,0.000000,0.000000,0.000000,0.000000
10003950,clean,0,0.000000,0.000000,0.000000,0.000000,0.000000
10003951,clean,0,0.000000,0.000000,0.000000,0.000000,0.000000
10003952,clean,0,0.000000,0.000000,0.000000,0.000000,0.000000
10003953,clean,0,0.000000,0.000000,0.000000,0.000000,0.000000
10003954,clean,0,0.000000,0.000000,0.000000,0.000000,0.000000
10003955,clean,0,0.000000,0.000000,0.000000,0.000000,0.000000
10003956,clean,0,0.000000,0.000000,0.000000,0.000000,0.000000
10003957,clean,0,0.000000,0.000000,0.000000,0.000000,0.000000
10003958,clean,0,0.000000,0.000000,0.000000,0.000000,0.000000
10003959,clean,0,0.000000,0.000000,0.000000,0.000000,0.000000
10003960,clean,0,0.000000,0.000000,0.000000,0.000000,0.000000
10003961,clean,0,0.000000,0.000000,0.000000,0.000000,0.000000
10003962,clean,0,0.000000,0.000000,0.000000,0.000000,0.000000
10003963,clean,0,0.000000,0.000000,0.000000,0.000000,0.000000
10003964,clean,0,0.000000,0.000000,0.000000,0.000000,0.000000
10003965,clean,0,0.000000,0.000000,0.000000,0.000000,0.000000
10003966,clean,0,0.000000,0.000000,0.000000,0.000000,0.000000
10003967,clean,0,0.000000,0.000000,0.000000,0.000000,0.000000
10003968,clean,0,0.000000,0.000000,0.000000,0.000000,0.000000
10003969,clean,0,0.000000,0.000000,0.000000,0.000000,0.000000
10003970,clean,0,0.000000,0.000000,0.000000,0.000000,0.000000
10003971,clean,0,0.000000,0.000000,0.000000,0.000000,0.000000
10003972,clean,0,0.000000,0.000000,0.000000,0.000000,0.000000
10003973,clean,0,0.000000,0.000000,0.000000,0.000000,0.000000
10003974,clean,0,0.000000,0.000000,0.000000,0.000000,0.000000
10003975,clean,0,0.000000,0.000000,0.000000,0.000000,0.000000
10003976,clean,0,0.000000,0.000000,0.000000,0.000000,0.000000
10003977,clean,0,0.000000,0.000000,0.000000,0.000000,0.000000
10003978,clean,0,0.000000,0.000000,0.000000,0.000000,0.000000
10003979,clean,0,0.000000,0.000000,0.000000,0.000000,0.000000
10003980,clean,0,0.000000,0.000000,0.000000,0.000000,0.000000
10003981,clean,0,0.000000,0.000000,0.000000,0.000000,0.000000
10003982,clean,0,0.000000,0.000000,0.000000,0.000000,0.000000
10003983,clean,0,0.000000,0.000000,0.000000,0.000000,0.000000
10003984,clean,0,0.000000,0.000000,0.000000,0.000000,0.000000
10003985,clean,0,0.000000,0.000000,0.000000,0.000000,0.000000
10003986,clean,0,0.000000,0.000000,0.000000,0.000000,0.000000
10003987,clean,0,0.000000,0.000000,0.000000,0.000000,0.000000
10003988,clean,0,0.000000,0.000000,0.000000,0.000000,0.000000
10003989,clean,0,0.000000,0.000000,0.000000,0.000000,0.000000
10003990,clean,0,0.000000,0.000000,0.000000,0.000000,0.000000
10003991,clean,0,0.000000,0.000000,0.000000,0.000000,0.000000
10003992,clean,0,0.000000,0.000000,0.000000,0.000000,0.000000
10003993,clean,0,0.000000,0.000000,0.000000,0.000000,0.000000
10003994,clean,0,0.000000,0.000000,0.000000,0.000000,0.000000
10003995,clean,0,0.000000,0.000000,0.000000,0.000000,0.000000
10003996,clean,0,0.000000,0.000000,0.000000,0.000000,0.000000
10003997,clean,0,0.000000,0.000000,0.000000,0.000000,0.000000
10003998,clean,0,0.000000,0.000000,0.000000,0.000000,0.000000
10003999,clean,0,0.000000,0.000000,0.000000,0.000000,0.000000
10004000,clean,0,0.000000,0.000000,0.000000,0.000000,0.000000
10004001,clean,0,0.000000,0.000000,0.000000,0.000000,0.000000
10004002,clean,0,0.000000,0.000000,0.000000,0.000000,0.000000
10004003,clean,0,0.000000,0.000000,0.000000,0.000000,0.000000
10004004,clean,0,0.000000,0.000000,0.000000,0.000000,0.000000
10004005,clean,0,0.000000,0.000000,0.000000,0.000000,0.000000
10004006,clean,0,0.000000,0.000000,0.000000,0.000000,0.000000
10004007,clean,0,0.000000,0.000000,0.000000,0.000000,0.000000
10004008,clean,0,0.000000,0.000000,0.000000,0.000000,0.000000
10004009,clean,0,0.000000,0.000000,0.000000,0.000000,0.000000
10004010,clean,0,0.000000,0.000000,0.000000,0.000000,0.000000
10004011,clean,0,0.000000,0.000000,0.000000,0.000000,0.000000
10004012,clean,0,0.000000,0.000000,0.000000,0.000000,0.000000
10004013,clean,0,0.000000,0.000000,0.000000,0.000000,0.000000
10004014,clean,0,0.000000,0.000000,0.000000,0.000000,0.000000
10004015,clean,0,0.000000,0.000000,0.000000,0.000000,0.000000
10004016,clean,0,0.000000,0.000000,0.000000,0.000000,0.000000
10004017,clean,0,0.000000,0.000000,0.000000,0.000000,0.000000
10004018,clean,0,0.000000,0.000000,0.000000,0.000000,0.000000
10004019,clean,0,0.000000,0.000000,0.000000,0.000000,0.000000
10004020,clean,0,0.000000,0.000000,0.000000,0.000000,0.000000
10004021,clean,0,0.000000,0.000000,0.000000,0.000000,0.000000
10004022,clean,0,0.000000,0.000000,0.000000,0.000000,0.000000
10004023,clean,0,0.000000,0.000000,0.000000,0.000000,0.000000
10004024,clean,0,0.000000,0.000000,0.000000,0.000000,0.000000
10004025,clean,0,0.000000,0.000000,0.000000,0.000000,0.000000
10004026,clean,0,0.000000,0.000000,0.000000,0.000000,0.000000
10004027,clean,0,0.000000,0.000000,0.000000,0.000000,0.000000
10004028,clean,0,0.000000,0.000000,0.000000,0.000000,0.000000
10004029,clean,0,0.000000,0.000000,0.000000,0.000000,0.000000
10004030,clean,0,0.000000,0.000000,0.000000,0.000000,0.000000
10004031,clean,0,0.000000,0.000000,0.000000,0.000000,0.000000
10004032,clean,43,0.000000,0.000000,0.000000,0.000000,0.000000
10004033,clean,38,0.000000,0.000000,0.000000,0.000000,0.000000
10004034,clean,43,0.000000,0.000000,0.000000,0.000000,0.000000
10004035,clean,28,0.000000,0.000000,0.000000,0.000000,0.000000
10004036,clean,32,0.000000,0.000000,0.000000,0.000000,0.000000
10004037,clean,39,0.000000,0.000000,0.000000,0.000000,0.000000
10004038,clean,32,0.000000,0.000000,0.000000,0.000000,0.000000
10004039,clean,33,0.000000,0.000000,0.000000,0.000000,0.000000
10004040,clean,40,0.000000,0.000000,0.000000,0.000000,0.000000
10004041,clean,29,0.000000,0.000000,0.000000,0.000000,0.000000
10004042,clean,43,0.000638,0.000000,0.004137,0.000000,0.027451
10004043,clean,36,0.000000,0.000000,0.000000,0.000000,0.000000
10004044,clean,34,0.000000,0.000000,0.000000,0.000000,0.000000
10004045,clean,37,0.000000,0.000000,0.000000,0.000000,0.000000
10004046,clean,39,0.000000,0.000000,0.000000,0.000000,0.000000
10004047,clean,37,0.000000,0.000000,0.000000,0.000000,0.000000
10004048,clean,41,0.000000,0.000000,0.000000,0.000000,0.000000
10004049,clean,43,0.000000,0.000000,0.000000,0.000000,0.000000
10004050,clean,45,0.000000,0.000000,0.000000,0.000000,0.000000
10004051,clean,30,0.000000,0.000000,0.000000,0.000000,0.000000
10004052,clean,35,0.000000,0.000000,0.000000,0.000000,0.000000
10004053,clean,41,0.000000,0.000000,0.000000,0.000000,0.000000
10004054,clean,41,0.000000,0.000000,0.000000,0.000000,0.000000
10004055,clean,37,0.000000,0.000000,0.000000,0.000000,0.000000
10004056,clean,24,0.000000,0.000000,0.000000,0.000000,0.000000
10004057,clean,35,0.000000,0.000000,0.000000,0.000000,0.000000
10004058,clean,31,0.000000,0.000000,0.000000,0.000000,0.000000
10004059,clean,37,0.000000,0.000000,0.000000,0.000000,0.000000
10004060,clean,38,0.000000,0.000000,0.000000,0.000000,0.000000
10004061,clean,49,0.000000,0.000000,0.000000,0.000000,0.000000
10004062,clean,44,0.000000,0.000000,0.000000,0.000000,0.000000
10004063,clean,32,0.000000,0.000000,0.000000,0.000000,0.000000
10004064,clean,36,0.000000,0.000000,0.000000,0.000000,0.000000
10004065,clean,36,0.000000,0.000000,0.000000,0.000000,0.000000
10004066,clean,57,0.000000,0.000000,0.000000,0.000000,0.000000
10004067,clean,32,0.000000,0.000000,0.000000,0.000000,0.000000
10004068,clean,38,0.000000,0.000000,0.000000,0.000000,0.000000
10004069,clean,40,0.000000,0.000000,0.000000,0.000000,0.000000
10004070,clean,35,0.000000,0.000000,0.000000,0.000000,0.000000
10004071,clean,47,0.000000,0.000000,0.000000,0.000000,0.000000
10004072,clean,43,0.000000,0.000000,0.000000,0.000000,0.000000
10004073,clean,28,0.000000,0.000000,0.000000,0.000000,0.000000
10004074,clean,31,0.000000,0.000000,0.000000,0.000000,0.000000
10004075,clean,33,0.000000,0.000000,0.000000,0.000000,0.000000
10004076,clean,38,0.000000,0.000000,0.000000,0.000000,0.000000
10004077,clean,41,0.000000,0.000000,0.000000,0.000000,0.000000
10004078,clean,40,0.000000,0.000000,0.000000,0.000000,0.000000
10004079,clean,36,0.000000,0.000000,0.000000,0.000000,0.000000
10004080,clean,36,0.000000,0.000000,0.000000,0.000000,0.000000
10004081,clean,51,0.000000,0.000000,0.000000,0.000000,0.000000
10004082,clean,47,0.000000,0.000000,0.000000,0.000000,0.000000
10004083,clean,45,0.000000,0.000000,0.000000,0.000000,0.000000
10004084,clean,45,0.000000,0.000000,0.000000,0.000000,0.000000
10004085,clean,28,0.000000,0.000000,0.000000,0.000000,0.000000
10004086,clean,41,0.000000,0.000000,0.000000,0.000000,0.000000
10004087,clean,35,0.000000,0.000000,0.000000,0.000000,0.000000
10004088,clean,55,0.000000,0.000000,0.000000,0.000000,0.000000
10004089,clean,42,0.000000,0.000000,0.000000,0.000000,0.000000
10004090,clean,42,0.000000,0.000000,0.000000,0.000000,0.000000
10004091,clean,39,0.000000,0.000000,0.000000,0.000000,0.000000
10004092,clean,50,0.000000,0.000000,0.000000,0.000000,0.000000
10004093,clean,30,0.000000,0.000000,0.000000,0.000000,0.000000
10004094,clean,36,0.000000,0.000000,0.000000,0.000000,0.000000
10004095,clean,34,0.000000,0.000000,0.000000,0.000000,0.000000
10004096,clean,32,0.000000,0.000000,0.000000,0.000000,0.000000
10004097,clean,37,0.000000,0.000000,0.000000,0.000000,0.000000
10004098,clean,43,0.000000,0.000000,0.000000,0.000000,0.000000
10004099,clean,47,0.000000,0.000000,0.000000,0.000000,0.000000
10004100,clean,42,0.000000,0.000000,0.000000,0.000000,0.000000
10004101,clean,33,0.000000,0.000000,0.000000,0.000000,0.000000
10004102,clean,33,0.000000,0.000000,0.000000,0.000000,0.000000
10004103,clean,34,0.000000,0.000000,0.000000,0.000000,0.000000
10004104,clean,34,0.000000,0.000000,0.000000,0.000000,0.000000
10004105,clean,45,0.000000,0.000000,0.000000,0.000000,0.000000
10004106,clean,26,0.000000,0.000000,0.000000,0.000000,0.000000
10004107,clean,54,0.000000,0.000000,0.000000,0.000000,0.000000
10004108,clean,35,0.000000,0.000000,0.000000,0.000000,0.000000
10004109,clean,35,0.000000,0.000000,0.000000,0.000000,0.000000
10004110,clean,38,0.000000,0.000000,0.000000,0.000000,0.000000
10004111,clean,21,0.000000,0.000000,0.000000,0.000000,0.000000
10004112,clean,38,0.000000,0.000000,0.000000,0.000000,0.000000
10004113,clean,45,0.000000,0.000000,0.000000,0.000000,0.000000
10004114,clean,30,0.000000,0.000000,0.000000,0.000000,0.000000
10004115,clean,55,0.000000,0.000000,0.000000,0.000000,0.000000
10004116,clean,51,0.000000,0.000000,0.000000,0.000000,0.000000
10004117,clean,35,0.000000,0.000000,0.000000,0.000000,0.000000
10004118,clean,47,0.000000,0.000000,0.000000,0.000000,0.000000
10004119,clean,40,0.000000,0.000000,0.000000,0.000000,0.000000
10004120,clean,27,0.000000,0.000000,0.000000,0.000000,0.000000
10004121,clean,45,0.000000,0.000000,0.000000,0.000000,0.000000
10004122,clean,33,0.000000,0.000000,0.000000,0.000000,0.000000
10004123,clean,35,0.000000,0.000000,0.000000,0.000000,0.000000
10004124,clean,46,0.000000,0.000000,0.000000,0.000000,0.000000
10004125,clean,35,0.000000,0.000000,0.000000,0.000000,0.000000
10004126,clean,46,0.000000,0.000000,0.000000,0.000000,0.000000
10004127,clean,43,0.000000,0.000000,0.000000,0.000000,0.000000
10004128,clean,32,0.000000,0.000000,0.000000,0.000000,0.000000
10004129,clean,31,0.000000,0.000000,0.000000,0.000000,0.000000
10004130,clean,32,0.000000,0.000000,0.000000,0.000000,0.000000
10004131,clean,39,0.000000,0.000000,0.000000,0.000000,0.000000
10004132,clean,40,0.000000,0.000000,0.000000,0.000000,0.000000
10004133,clean,39,0.000000,0.000000,0.000000,0.000000,0.000000
10004134,clean,38,0.000000,0.000000,0.000000,0.000000,0.000000
10004135,clean,44,0.000000,0.000000,0.000000,0.000000,0.000000
10004136,clean,43,0.000000,0.000000,0.000000,0.000000,0.000000
10004137,clean,39,0.000000,0.000000,0.000000,0.000000,0.000000
10004138,clean,31,0.000000,0.000000,0.000000,0.000000,0.000000
10004139,clean,34,0.000000,0.000000,0.000000,0.000000,0.000000
10004140,clean,35,0.000000,0.000000,0.000000,0.000000,0.000000
10004141,clean,45,0.000000,0.000000,0.000000,0.000000,0.000000
10004142,clean,36,0.000000,0.000000,0.000000,0.000000,0.000000
10004143,clean,42,0.000000,0.000000,0.000000,0.000000,0.000000
10004144,clean,25,0.000000,0.000000,0.000000,0.000000,0.000000
10004145,clean,26,0.000000,0.000000,0.000000,0.000000,0.000000
10004146,clean,38,0.000000,0.000000,0.000000,0.000000,0.000000
10004147,clean,49,0.000000,0.000000,0.000000,0.000000,0.000000
10004148,clean,34,0.000000,0.000000,0.000000,0.000000,0.000000
10004149,clean,32,0.000000,0.000000,0.000000,0.000000,0.000000
10004150,clean,42,0.000000,0.000000,0.000000,0.000000,0.000000
10004151,clean,32,0.000000,0.000000,0.000000,0.000000,0.000000
10004152,clean,31,0.000000,0.000000,0.000000,0.000000,0.000000
10004153,clean,51,0.000000,0.000000,0.000000,0.000000,0.000000
10004154,clean,53,0.000000,0.000000,0.000000,0.000000,0.000000
10004155,clean,39,0.000000,0.000000,0.000000,0.000000,0.000000
10004156,clean,33,0.000000,0.000000,0.000000,0.000000,0.000000
10004157,clean,35,0.000000,0.000000,0.000000,0.000000,0.000000
10004158,clean,51,0.000000,0.000000,0.000000,0.000000,0.000000
10004159,clean,46,0.000000,0.000000,0.000000,0.000000,0.000000
10004160,clean,47,0.000000,0.000000,0.000000,0.000000,0.000000
10004161,clean,33,0.000000,0.000000,0.000000,0.000000,0.000000
10004162,clean,43,0.000000,0.000000,0.000000,0.000000,0.000000
10004163,clean,25,0.000000,0.000000,0.000000,0.000000,0.000000
10004164,clean,28,0.000000,0.000000,0.000000,0.000000,0.000000
10004165,clean,35,0.000000,0.000000,0.000000,0.000000,0.000000
10004166,clean,39,0.000000,0.000000,0.000000,0.000000,0.000000
10004167,clean,44,0.000000,0.000000,0.000000,0.000000,0.000000
10004168,clean,39,0.000000,0.000000,0.000000,0.000000,0.000000
10004169,clean,40,0.000000,0.000000,0.000000,0.000000,0.000000
10004170,clean,45,0.000000,0.000000,0.000000,0.000000,0.000000
10004171,clean,38,0.000000,0.000000,0.000000,0.000000,0.000000
10004172,clean,45,0.000000,0.000000,0.000000,0.000000,0.000000
10004173,clean,44,0.000000,0.000000,0.000000,0.000000,0.000000
10004174,clean,31,0.000000,0.000000,0.000000,0.000000,0.000000
10004175,clean,38,0.000000,0.000000,0.000000,0.000000,0.000000
10004176,clean,37,0.000000,0.000000,0.000000,0.000000,0.000000
10004177,clean,42,0.000000,0.000000,0.000000,0.000000,0.000000
10004178,clean,37,0.000000,0.000000,0.000000,0.000000,0.000000
10004179,clean,29,0.000000,0.000000,0.000000,0.000000,0.000000
10004180,clean,28,0.000000,0.000000,0.000000,0.000000,0.000000
10004181,clean,45,0.000000,0.000000,0.000000,0.000000,0.000000
10004182,clean,41,0.000000,0.000000,0.000000,0.000000,0.000000
10004183,clean,31,0.000000,0.000000,0.000000,0.000000,0.000000
10004184,clean,40,0.000000,0.000000,0.000000,0.000000,0.000000
10004185,clean,45,0.000000,0.000000,0.000000,0.000000,0.000000
10004186,clean,42,0.000000,0.000000,0.000000,0.000000,0.000000
10004187,clean,39,0.000000,0.000000,0.000000,0.000000,0.000000
10004188,clean,36,0.000000,0.000000,0.000000,0.000000,0.000000
10004189,clean,48,0.000000,0.000000,0.000000,0.000000,0.000000
10004190,clean,48,0.000000,0.000000,0.000000,0.000000,0.000000
10004191,clean,34,0.000000,0.000000,0.000000,0.000000,0.000000
10004192,clean,35,0.000000,0.000000,0.000000,0.000000,0.000000
10004193,clean,30,0.000000,0.000000,0.000000,0.000000,0.000000
10004194,clean,40,0.000000,0.000000,0.000000,0.000000,0.000000
10004195,clean,47,0.000000,0.000000,0.000000,0.000000,0.000000
10004196,clean,33,0.000000,0.000000,0.000000,0.000000,0.000000
10004197,clean,37,0.000000,0.000000,0.000000,0.000000,0.000000
10004198,clean,40,0.000000,0.000000,0.000000,0.000000,0.000000
10004199,clean,33,0.000000,0.000000,0.000000,0.000000,0.000000
10004200,clean,38,0.000000,0.000000,0.000000,0.000000,0.000000
10004201,clean,36,0.000000,0.000000,0.000000,0.000000,0.000000
10004202,clean,46,0.000000,0.000000,0.000000,0.000000,0.000000
10004203,clean,39,0.000000,0.000000,0.000000,0.000000,0.000000
10004204,clean,43,0.000000,0.000000,0.000000,0.000000,0.000000
10004205,clean,39,0.000000,0.000000,0.000000,0.000000,0.000000
10004206,clean,31,0.000000,0.000000,0.000000,0.000000,0.000000
10004207,clean,42,0.000000,0.000000,0.000000,0.000000,0.000000
10004208,clean,37,0.000000,0.000000,0.000000,0.000000,0.000000
10004209,clean,45,0.000000,0.000000,0.000000,0.000000,0.000000
10004210,clean,40,0.000000,0.000000,0.000000,0.000000,0.000000
10004211,clean,36,0.000000,0.000000,0.000000,0.000000,0.000000
10004212,clean,34,0.000000,0.000000,0.000000,0.000000,0.000000
10004213,clean,25,0.000000,0.000000,0.000000,0.000000,0.000000
10004214,clean,31,0.000000,0.000000,0.000000,0.000000,0.000000
10004215,clean,30,0.000000,0.000000,0.000000,0.000000,0.000000
10004216,clean,37,0.000000,0.000000,0.000000,0.000000,0.000000
10004217,clean,37,0.000000,0.000000,0.000000,0.000000,0.000000
10004218,clean,43,0.000000,0.000000,0.000000,0.000000,0.000000
10004219,clean,32,0.000000,0.000000,0.000000,0.000000,0.000000
10004220,clean,38,0.000000,0.000000,0.000000,0.000000,0.000000
10004221,clean,44,0.000000,0.000000,0.000000,0.000000,0.000000
10004222,clean,43,0.000000,0.000000,0.000000,0.000000,0.000000
10004223,clean,47,0.000000,0.000000,0.000000,0.000000,0.000000
10004224,clean,52,0.000000,0.000000,0.000000,0.000000,0.000000
10004225,clean,33,0.000000,0.000000,0.000000,0.000000,0.000000
10004226,clean,31,0.000000,0.000000,0.000000,0.000000,0.000000
10004227,clean,34,0.000000,0.000000,0.000000,0.000000,0.000000
10004228,clean,27,0.000000,0.000000,0.000000,0.000000,0.000000
10004229,clean,46,0.000000,0.000000,0.000000,0.000000,0.000000
10004230,clean,48,0.000000,0.000000,0.000000,0.000000,0.000000
10004231,clean,39,0.000000,0.000000,0.000000,0.000000,0.000000
10004232,clean,35,0.000000,0.000000,0.000000,0.000000,0.000000
10004233,clean,31,0.000000,0.000000,0.000000,0.000000,0.000000
10004234,clean,38,0.000000,0.000000,0.000000,0.000000,0.000000
10004235,clean,40,0.000000,0.000000,0.000000,0.000000,0.000000
10004236,clean,36,0.000000,0.000000,0.000000,0.000000,0.000000
10004237,clean,51,0.000000,0.000000,0.000000,0.000000,0.000000
10004238,clean,27,0.000000,0.000000,0.000000,0.000000,0.000000
10004239,clean,34,0.000000,0.000000,0.000000,0.000000,0.000000
10004240,clean,28,0.000000,0.000000,0.000000,0.000000,0.000000
10004241,clean,42,0.000000,0.000000,0.000000,0.000000,0.000000
10004242,clean,42,0.000000,0.000000,0.000000,0.000000,0.000000
10004243,clean,33,0.000000,0.000000,0.000000,0.000000,0.000000
10004244,clean,41,0.000000,0.000000,0.000000,0.000000,0.000000
10004245,clean,34,0.000000,0.000000,0.000000,0.000000,0.000000
10004246,clean,33,0.000000,0.000000,0.000000,0.000000,0.000000
10004247,clean,40,0.000000,0.000000,0.000000,0.000000,0.000000
10004248,clean,38,0.000000,0.000000,0.000000,0.000000,0.000000
10004249,clean,44,0.000000,0.000000,0.000000,0.000000,0.000000
10004250,clean,33,0.000000,0.000000,0.000000,0.000000,0.000000
10004251,clean,43,0.000000,0.000000,0.000000,0.000000,0.000000
10004252,clean,35,0.000000,0.000000,0.000000,0.000000,0.000000
10004253,clean,33,0.000000,0.000000,0.000000,0.000000,0.000000
10004254,clean,42,0.000000,0.000000,0.000000,0.000000,0.000000
10004255,clean,33,0.000000,0.000000,0.000000,0.000000,0.000000
10004256,clean,40,0.000000,0.000000,0.000000,0.000000,0.000000
10004257,clean,38,0.000000,0.000000,0.000000,0.000000,0.000000
10004258,clean,35,0.000000,0.000000,0.000000,0.000000,0.000000
10004259,clean,41,0.000000,0.000000,0.000000,0.000000,0.000000
10004260,clean,34,0.000000,0.000000,0.000000,0.000000,0.000000
10004261,clean,42,0.000000,0.000000,0.000000,0.000000,0.000000
10004262,clean,30,0.000000,0.000000,0.000000,0.000000,0.000000
10004263,clean,35,0.000000,0.000000,0.000000,0.000000,0.000000
10004264,clean,44,0.000000,0.000000,0.000000,0.000000,0.000000
10004265,clean,33,0.000000,0.000000,0.000000,0.000000,0.000000
10004266,clean,35,0.000000,0.000000,0.000000,0.000000,0.000000
10004267,clean,32,0.000000,0.000000,0.000000,0.000000,0.000000
10004268,clean,32,0.000000,0.000000,0.000000,0.000000,0.000000
10004269,clean,35,0.000000,0.000000,0.000000,0.000000,0.000000
10004270,clean,33,0.000000,0.000000,0.000000,0.000000,0.000000
10004271,clean,37,0.000000,0.000000,0.000000,0.000000,0.000000
10004272,clean,44,0.000000,0.000000,0.000000,0.000000,0.000000
10004273,clean,41,0.000000,0.000000,0.000000,0.000000,0.000000
10004274,clean,34,0.000000,0.000000,0.000000,0.000000,0.000000
10004275,clean,47,0.000000,0.000000,0.000000,0.000000,0.000000
10004276,clean,33,0.000000,0.000000,0.000000,0.000000,0.000000
10004277,clean,40,0.000000,0.000000,0.000000,0.000000,0.000000
10004278,clean,55,0.000000,0.000000,0.000000,0.000000,0.000000
10004279,clean,32,0.000000,0.000000,0.000000,0.000000,0.000000
10004280,clean,29,0.000000,0.000000,0.000000,0.000000,0.000000
10004281,clean,30,0.000000,0.000000,0.000000,0.000000,0.000000
10004282,clean,33,0.000000,0.000000,0.000000,0.000000,0.000000
10004283,clean,41,0.000000,0.000000,0.000000,0.000000,0.000000
10004284,clean,35,0.000000,0.000000,0.000000,0.000000,0.000000
10004285,clean,24,0.000000,0.000000,0.000000,0.000000,0.000000
10004286,clean,40,0.000000,0.000000,0.000000,0.000000,0.000000
10004287,clean,44,0.000000,0.000000,0.000000,0.000000,0.000000
10004288,clean,36,0.000000,0.000000,0.000000,0.000000,0.000000
10004289,clean,58,0.000000,0.000000,0.000000,0.000000,0.000000
10004290,clean,33,0.000000,0.000000,0.000000,0.000000,0.000000
10004291,clean,31,0.000000,0.000000,0.000000,0.000000,0.000000
10004292,clean,26,0.000000,0.000000,0.000000,0.000000,0.000000
10004293,clean,27,0.000000,0.000000,0.000000,0.000000,0.000000
10004294,clean,40,0.000000,0.000000,0.000000,0.000000,0.000000
10004295,clean,24,0.000000,0.000000,0.000000,0.000000,0.000000
10004296,clean,24,0.000000,0.000000,0.000000,0.000000,0.000000
10004297,clean,29,0.000000,0.000000,0.000000,0.000000,0.000000
10004298,clean,37,0.000000,0.000000,0.000000,0.000000,0.000000
10004299,clean,28,0.000000,0.000000,0.000000,0.000000,0.000000
10004300,clean,34,0.000000,0.000000,0.000000,0.000000,0.000000
10004301,clean,35,0.000000,0.000000,0.000000,0.000000,0.000000
10004302,clean,33,0.000000,0.000000,0.000000,0.000000,0.000000
10004303,clean,43,0.000000,0.000000,0.000000,0.000000,0.000000
10004304,clean,36,0.000000,0.000000,0.000000,0.000000,0.000000
10004305,clean,41,0.000000,0.000000,0.000000,0.000000,0.000000
10004306,clean,27,0.000000,0.000000,0.000000,0.000000,0.000000
10004307,clean,34,0.000000,0.000000,0.000000,0.000000,0.000000
10004308,clean,36,0.000000,0.000000,0.000000,0.000000,0.000000
10004309,clean,34,0.000000,0.000000,0.000000,0.000000,0.000000
10004310,clean,33,0.000000,0.000000,0.000000,0.000000,0.000000
10004311,clean,44,0.000000,0.000000,0.000000,0.000000,0.000000
10004312,clean,32,0.000000,0.000000,0.000000,0.000000,0.000000
10004313,clean,40,0.000000,0.000000,0.000000,0.000000,0.000000
10004314,clean,37,0.000000,0.000000,0.000000,0.000000,0.000000
10004315,clean,34,0.000000,0.000000,0.000000,0.000000,0.000000
10004316,clean,33,0.000000,0.000000,0.000000,0.000000,0.000000
10004317,clean,42,0.000000,0.000000,0.000000,0.000000,0.000000
10004318,clean,38,0.000000,0.000000,0.000000,0.000000,0.000000
10004319,clean,31,0.000000,0.000000,0.000000,0.000000,0.000000
10004320,clean,35,0.000000,0.000000,0.000000,0.000000,0.000000
10004321,clean,31,0.000000,0.000000,0.000000,0.000000,0.000000
10004322,clean,41,0.000000,0.000000,0.000000,0.000000,0.000000
10004323,clean,28,0.000000,0.000000,0.000000,0.000000,0.000000
10004324,clean,34,0.000000,0.000000,0.000000,0.000000,0.000000
10004325,clean,37,0.000000,0.000000,0.000000,0.000000,0.000000
10004326,clean,29,0.000000,0.000000,0.000000,0.000000,0.000000
10004327,clean,43,0.000000,0.000000,0.000000,0.000000,0.000000
10004328,clean,35,0.000000,0.000000,0.000000,0.000000,0.000000
10004329,clean,44,0.000000,0.000000,0.000000,0.000000,0.000000
10004330,clean,36,0.000000,0.000000,0.000000,0.000000,0.000000
10004331,clean,37,0.000000,0.000000,0.000000,0.000000,0.000000
10004332,clean,41,0.000000,0.000000,0.000000,0.000000,0.000000
10004333,clean,32,0.000000,0.000000,0.000000,0.000000,0.000000
10004334,clean,36,0.000000,0.000000,0.000000,0.000000,0.000000
10004335,clean,28,0.000000,0.000000,0.000000,0.000000,0.000000
10004336,clean,29,0.000000,0.000000,0.000000,0.000000,0.000000
10004337,clean,46,0.000000,0.000000,0.000000,0.000000,0.000000
10004338,clean,29,0.000000,0.000000,0.000000,0.000000,0.000000
10004339,clean,28,0.000000,0.000000,0.000000,0.000000,0.000000
10004340,clean,34,0.000000,0.000000,0.000000,0.000000,0.000000
10004341,clean,26,0.000000,0.000000,0.000000,0.000000,0.000000
10004342,clean,28,0.000000,0.000000,0.000000,0.000000,0.000000
10004343,clean,37,0.000000,0.000000,0.000000,0.000000,0.000000
10004344,clean,29,0.000000,0.000000,0.000000,0.000000,0.000000
10004345,clean,38,0.000000,0.000000,0.000000,0.000000,0.000000
10004346,clean,39,0.000000,0.000000,0.000000,0.000000,0.000000
10004347,clean,36,0.000000,0.000000,0.000000,0.000000,0.000000
10004348,clean,25,0.000000,0.000000,0.000000,0.000000,0.000000
10004349,clean,39,0.000000,0.000000,0.000000,0.000000,0.000000
10004350,clean,42,0.000000,0.000000,0.000000,0.000000,0.000000
10004351,clean,34,0.000000,0.000000,0.000000,0.000000,0.000000
10004352,clean,30,0.000000,0.000000,0.000000,0.000000,0.000000
10004353,clean,43,0.000000,0.000000,0.000000,0.000000,0.000000
10004354,clean,26,0.000000,0.000000,0.000000,0.000000,0.000000
10004355,clean,32,0.000000,0.000000,0.000000,0.000000,0.000000
10004356,clean,32,0.000000,0.000000,0.000000,0.000000,0.000000
10004357,clean,36,0.000000,0.000000,0.000000,0.000000,0.000000
10004358,clean,33,0.000000,0.000000,0.000000,0.000000,0.000000
10004359,clean,31,0.000000,0.000000,0.000000,0.000000,0.000000
10004360,clean,33,0.000000,0.000000,0.000000,0.000000,0.000000
10004361,clean,18,0.000000,0.000000,0.000000,0.000000,0.000000
10004362,clean,49,0.000000,0.000000,0.000000,0.000000,0.000000
10004363,clean,39,0.000000,0.000000,0.000000,0.000000,0.000000
10004364,clean,32,0.000000,0.000000,0.000000,0.000000,0.000000
10004365,clean,28,0.000000,0.000000,0.000000,0.000000,0.000000
10004366,clean,33,0.000000,0.000000,0.000000,0.000000,0.000000
10004367,clean,34,0.000000,0.000000,0.000000,0.000000,0.000000
10004368,clean,43,0.000000,0.000000,0.000000,0.000000,0.000000
10004369,clean,40,0.000000,0.000000,0.000000,0.000000,0.000000
10004370,clean,27,0.000000,0.000000,0.000000,0.000000,0.000000
10004371,clean,42,0.000000,0.000000,0.000000,0.000000,0.000000
10004372,clean,34,0.000000,0.000000,0.000000,0.000000,0.000000
10004373,clean,28,0.000000,0.000000,0.000000,0.000000,0.000000
10004374,clean,46,0.000000,0.000000,0.000000,0.000000,0.000000
10004375,clean,34,0.000000,0.000000,0.000000,0.000000,0.000000
10004376,clean,35,0.000000,0.000000,0.000000,0.000000,0.000000
10004377,clean,29,0.000000,0.000000,0.000000,0.000000,0.000000
10004378,clean,30,0.000000,0.000000,0.000000,0.000000,0.000000
10004379,clean,42,0.000000,0.000000,0.000000,0.000000,0.000000
10004380,clean,31,0.000000,0.000000,0.000000,0.000000,0.000000
10004381,clean,34,0.000000,0.000000,0.000000,0.000000,0.000000
10004382,clean,25,0.000000,0.000000,0.000000,0.000000,0.000000
10004383,clean,28,0.000000,0.000000,0.000000,0.000000,0.000000
10004384,clean,23,0.000000,0.000000,0.000000,0.000000,0.000000
10004385,clean,35,0.000000,0.000000,0.000000,0.000000,0.000000
10004386,clean,37,0.000000,0.000000,0.000000,0.000000,0.000000
10004387,clean,25,0.000000,0.000000,0.000000,0.000000,0.000000
10004388,clean,44,0.000000,0.000000,0.000000,0.000000,0.000000
10004389,clean,39,0.000000,0.000000,0.000000,0.000000,0.000000
10004390,clean,41,0.000000,0.000000,0.000000,0.000000,0.000000
10004391,clean,35,0.000000,0.000000,0.000000,0.000000,0.000000
10004392,clean,34,0.000000,0.000000,0.000000,0.000000,0.000000
10004393,clean,29,0.000000,0.000000,0.000000,0.000000,0.000000
10004394,clean,23,0.000000,0.000000,0.000000,0.000000,0.000000
10004395,clean,31,0.000000,0.000000,0.000000,0.000000,0.000000
10004396,clean,28,0.000000,0.000000,0.000000,0.000000,0.000000
10004397,clean,29,0.000000,0.000000,0.000000,0.000000,0.000000
10004398,clean,28,0.000000,0.000000,0.000000,0.000000,0.000000
10004399,clean,31,0.000000,0.000000,0.000000,0.000000,0.000000
10004400,clean,40,0.000000,0.000000,0.000000,0.000000,0.000000
10004401,clean,35,0.000000,0.000000,0.000000,0.000000,0.000000
10004402,clean,34,0.000000,0.000000,0.000000,0.000000,0.000000
10004403,clean,31,0.000000,0.000000,0.000000,0.000000,0.000000
10004404,clean,27,0.000000,0.000000,0.000000,0.000000,0.000000
10004405,clean,34,0.000000,0.000000,0.000000,0.000000,0.000000
10004406,clean,30,0.000000,0.000000,0.000000,0.000000,0.000000
10004407,clean,31,0.000000,0.000000,0.000000,0.000000,0.000000
10004408,clean,42,0.000000,0.000000,0.000000,0.000000,0.000000
10004409,clean,36,0.000000,0.000000,0.000000,0.000000,0.000000
10004410,clean,27,0.000000,0.000000,0.000000,0.000000,0.000000
10004411,clean,22,0.000000,0.000000,0.000000,0.000000,0.000000
10004412,clean,33,0.000000,0.000000,0.000000,0.000000,0.000000
10004413,clean,31,0.000000,0.000000,0.000000,0.000000,0.000000
10004414,clean,47,0.000000,0.000000,0.000000,0.000000,0.000000
10004415,clean,30,0.000000,0.000000,0.000000,0.000000,0.000000
10004416,clean,22,0.000000,0.000000,0.000000,0.000000,0.000000
10004417,clean,34,0.000000,0.000000,0.000000,0.000000,0.000000
10004418,clean,25,0.000000,0.000000,0.000000,0.000000,0.000000
10004419,clean,28,0.000000,0.000000,0.000000,0.000000,0.000000
10004420,clean,35,0.000000,0.000000,0.000000,0.000000,0.000000
10004421,clean,37,0.000000,0.000000,0.000000,0.000000,0.000000
10004422,clean,38,0.000000,0.000000,0.000000,0.000000,0.000000
10004423,clean,34,0.000000,0.000000,0.000000,0.000000,0.000000
10004424,clean,26,0.000000,0.000000,0.000000,0.000000,0.000000
10004425,clean,42,0.000000,0.000000,0.000000,0.000000,0.000000
10004426,clean,39,0.000000,0.000000,0.000000,0.000000,0.000000
10004427,clean,50,0.000000,0.000000,0.000000,0.000000,0.000000
10004428,clean,47,0.000000,0.000000,0.000000,0.000000,0.000000
10004429,clean,37,0.000000,0.000000,0.000000,0.000000,0.000000
10004430,clean,30,0.000000,0.000000,0.000000,0.000000,0.000000
10004431,clean,39,0.000000,0.000000,0.000000,0.000000,0.000000
10004432,clean,30,0.000000,0.000000,0.000000,0.000000,0.000000
10004433,clean,31,0.000000,0.000000,0.000000,0.000000,0.000000
10004434,clean,35,0.000000,0.000000,0.000000,0.000000,0.000000
10004435,clean,38,0.000000,0.000000,0.000000,0.000000,0.000000
10004436,clean,24,0.000000,0.000000,0.000000,0.000000,0.000000
10004437,clean,31,0.000000,0.000000,0.000000,0.000000,0.000000
10004438,clean,42,0.000000,0.000000,0.000000,0.000000,0.000000
10004439,clean,27,0.000000,0.000000,0.000000,0.000000,0.000000
10004440,clean,26,0.000000,0.000000,0.000000,0.000000,0.000000
10004441,clean,40,0.000000,0.000000,0.000000,0.000000,0.000000
10004442,clean,37,0.000000,0.000000,0.000000,0.000000,0.000000
10004443,clean,35,0.000000,0.000000,0.000000,0.000000,0.000000
10004444,clean,32,0.000000,0.000000,0.000000,0.000000,0.000000
10004445,clean,33,0.000000,0.000000,0.000000,0.000000,0.000000
10004446,clean,33,0.000000,0.000000,0.000000,0.000000,0.000000
10004447,clean,37,0.000000,0.000000,0.000000,0.000000,0.000000
10004448,clean,35,0.000000,0.000000,0.000000,0.000000,0.000000
10004449,clean,46,0.000000,0.000000,0.000000,0.000000,0.000000
10004450,clean,47,0.000000,0.000000,0.000000,0.000000,0.000000
10004451,clean,37,0.000000,0.000000,0.000000,0.000000,0.000000
10004452,clean,41,0.000000,0.000000,0.000000,0.000000,0.000000
10004453,clean,34,0.000000,0.000000,0.000000,0.000000,0.000000
10004454,clean,40,0.000000,0.000000,0.000000,0.000000,0.000000
10004455,clean,35,0.000000,0.000000,0.000000,0.000000,0.000000
10004456,clean,44,0.000000,0.000000,0.000000,0.000000,0.000000
10004457,clean,38,0.000000,0.000000,0.000000,0.000000,0.000000
10004458,clean,35,0.000000,0.000000,0.000000,0.000000,0.000000
10004459,clean,44,0.000000,0.000000,0.000000,0.000000,0.000000
10004460,clean,34,0.000000,0.000000,0.000000,0.000000,0.000000
10004461,clean,28,0.000000,0.000000,0.000000,0.000000,0.000000
10004462,clean,21,0.000000,0.000000,0.000000,0.000000,0.000000
10004463,clean,37,0.000000,0.000000,0.000000,0.000000,0.000000
10004464,clean,29,0.000000,0.000000,0.000000,0.000000,0.000000
10004465,clean,54,0.000000,0.000000,0.000000,0.000000,0.000000
10004466,clean,36,0.000000,0.000000,0.000000,0.000000,0.000000
10004467,clean,21,0.000000,0.000000,0.000000,0.000000,0.000000
10004468,clean,32,0.000000,0.000000,0.000000,0.000000,0.000000
10004469,clean,33,0.000000,0.000000,0.000000,0.000000,0.000000
10004470,clean,38,0.000000,0.000000,0.000000,0.000000,0.000000
10004471,clean,30,0.000000,0.000000,0.000000,0.000000,0.000000
10004472,clean,37,0.000000,0.000000,0.000000,0.000000,0.000000
10004473,clean,42,0.000000,0.000000,0.000000,0.000000,0.000000
10004474,clean,24,0.000000,0.000000,0.000000,0.000000,0.000000
10004475,clean,29,0.000000,0.000000,0.000000,0.000000,0.000000
10004476,clean,38,0.000000,0.000000,0.000000,0.000000,0.000000
10004477,clean,33,0.000000,0.000000,0.000000,0.000000,0.000000
10004478,clean,34,0.000000,0.000000,0.000000,0.000000,0.000000
10004479,clean,34,0.000000,0.000000,0.000000,0.000000,0.000000
10004480,clean,39,0.000000,0.000000,0.000000,0.000000,0.000000
10004481,clean,31,0.000000,0.000000,0.000000,0.000000,0.000000
10004482,clean,31,0.000000,0.000000,0.000000,0.000000,0.000000
10004483,clean,42,0.000000,0.000000,0.000000,0.000000,0.000000
10004484,clean,49,0.000000,0.000000,0.000000,0.000000,0.000000
10004485,clean,40,0.000000,0.000000,0.000000,0.000000,0.000000
10004486,clean,31,0.000000,0.000000,0.000000,0.000000,0.000000
10004487,clean,36,0.000000,0.000000,0.000000,0.000000,0.000000
10004488,clean,30,0.000000,0.000000,0.000000,0.000000,0.000000
10004489,clean,38,0.000000,0.000000,0.000000,0.000000,0.000000
10004490,clean,33,0.000000,0.000000,0.000000,0.000000,0.000000
10004491,clean,24,0.000000,0.000000,0.000000,0.000000,0.000000
10004492,clean,26,0.000000,0.000000,0.000000,0.000000,0.000000
10004493,clean,36,0.000000,0.000000,0.000000,0.000000,0.000000
10004494,clean,23,0.000000,0.000000,0.000000,0.000000,0.000000
10004495,clean,33,0.000000,0.000000,0.000000,0.000000,0.000000
10004496,clean,32,0.000000,0.000000,0.000000,0.000000,0.000000
10004497,clean,31,0.000000,0.000000,0.000000,0.000000,0.000000
10004498,clean,35,0.000000,0.000000,0.000000,0.000000,0.000000
10004499,clean,35,0.000000,0.000000,0.000000,0.000000,0.000000
10004500,clean,46,0.000000,0.000000,0.000000,0.000000,0.000000
10004501,clean,36,0.000000,0.000000,0.000000,0.000000,0.000000
10004502,clean,45,0.000000,0.000000,0.000000,0.000000,0.000000
10004503,clean,46,0.000000,0.000000,0.000000,0.000000,0.000000
10004504,clean,42,0.000000,0.000000,0.000000,0.000000,0.000000
10004505,clean,33,0.000000,0.000000,0.000000,0.000000,0.000000
10004506,clean,33,0.000000,0.000000,0.000000,0.000000,0.000000
10004507,clean,26,0.000000,0.000000,0.000000,0.000000,0.000000
10004508,clean,30,0.000000,0.000000,0.000000,0.000000,0.000000
10004509,clean,30,0.000000,0.000000,0.000000,0.000000,0.000000
10004510,clean,34,0.000000,0.000000,0.000000,0.000000,0.000000
10004511,clean,37,0.000000,0.000000,0.000000,0.000000,0.000000
10004512,clean,37,0.000000,0.000000,0.000000,0.000000,0.000000
10004513,clean,34,0.000000,0.000000,0.000000,0.000000,0.000000
10004514,clean,44,0.000000,0.000000,0.000000,0.000000,0.000000
10004515,clean,31,0.000000,0.000000,0.000000,0.000000,0.000000
10004516,clean,30,0.000000,0.000000,0.000000,0.000000,0.000000
10004517,clean,38,0.000000,0.000000,0.000000,0.000000,0.000000
10004518,clean,28,0.000000,0.000000,0.000000,0.000000,0.000000
10004519,clean,38,0.000000,0.000000,0.000000,0.000000,0.000000
10004520,clean,45,0.000000,0.000000,0.000000,0.000000,0.000000
10004521,clean,31,0.000000,0.000000,0.000000,0.000000,0.000000
10004522,clean,43,0.000000,0.000000,0.000000,0.000000,0.000000
10004523,clean,27,0.000000,0.000000,0.000000,0.000000,0.000000
10004524,clean,42,0.000000,0.000000,0.000000,0.000000,0.000000
10004525,clean,25,0.000000,0.000000,0.000000,0.000000,0.000000
10004526,clean,30,0.000000,0.000000,0.000000,0.000000,0.000000
10004527,clean,36,0.000000,0.000000,0.000000,0.000000,0.000000
10004528,clean,23,0.000000,0.000000,0.000000,0.000000,0.000000
10004529,clean,24,0.000000,0.000000,0.000000,0.000000,0.000000
10004530,clean,39,0.000000,0.000000,0.000000,0.000000,0.000000
10004531,clean,40,0.000000,0.000000,0.000000,0.000000,0.000000
10004532,clean,39,0.000000,0.000000,0.000000,0.000000,0.000000
10004533,clean,24,0.000000,0.000000,0.000000,0.000000,0.000000
10004534,clean,49,0.000000,0.000000,0.000000,0.000000,0.000000
10004535,clean,37,0.000000,0.000000,0.000000,0.000000,0.000000
10004536,clean,34,0.000000,0.000000,0.000000,0.000000,0.000000
10004537,clean,21,0.000000,0.000000,0.000000,0.000000,0.000000
10004538,clean,33,0.000000,0.000000,0.000000,0.000000,0.000000
10004539,clean,45,0.000000,0.000000,0.000000,0.000000,0.000000
10004540,clean,27,0.000000,0.000000,0.000000,0.000000,0.000000
10004541,clean,38,0.000000,0.000000,0.000000,0.000000,0.000000
10004542,clean,32,0.000000,0.000000,0.000000,0.000000,0.000000
10004543,clean,41,0.000000,0.000000,0.000000,0.000000,0.000000
10004544,clean,26,0.000000,0.000000,0.000000,0.000000,0.000000
10004545,clean,43,0.000000,0.000000,0.000000,0.000000,0.000000
10004546,clean,35,0.000000,0.000000,0.000000,0.000000,0.000000
10004547,clean,38,0.000000,0.000000,0.000000,0.000000,0.000000
10004548,clean,28,0.000000,0.000000,0.000000,0.000000,0.000000
10004549,clean,30,0.000000,0.000000,0.000000,0.000000,0.000000
10004550,clean,47,0.000000,0.000000,0.000000,0.000000,0.000000
10004551,clean,39,0.000000,0.000000,0.000000,0.000000,0.000000
10004552,clean,38,0.000000,0.000000,0.000000,0.000000,0.000000
10004553,clean,45,0.000000,0.000000,0.000000,0.000000,0.000000
10004554,clean,29,0.000000,0.000000,0.000000,0.000000,0.000000
10004555,clean,26,0.000000,0.000000,0.000000,0.000000,0.000000
10004556,clean,44,0.000000,0.000000,0.000000,0.000000,0.000000
10004557,clean,21,0.000000,0.000000,0.000000,0.000000,0.000000
10004558,clean,32,0.000000,0.000000,0.000000,0.000000,0.000000
10004559,clean,21,0.000000,0.000000,0.000000,0.000000,0.000000
10004560,clean,31,0.000000,0.000000,0.000000,0.000000,0.000000
10004561,clean,33,0.000000,0.000000,0.000000,0.000000,0.000000
10004562,clean,28,0.000000,0.000000,0.000000,0.000000,0.000000
10004563,clean,24,0.000000,0.000000,0.000000,0.000000,0.000000
10004564,clean,33,0.000000,0.000000,0.000000,0.000000,0.000000
10004565,clean,35,0.000000,0.000000,0.000000,0.000000,0.000000
10004566,clean,30,0.000000,0.000000,0.000000,0.000000,0.000000
10004567,clean,31,0.000000,0.000000,0.000000,0.000000,0.000000
10004568,clean,25,0.000000,0.000000,0.000000,0.000000,0.000000
10004569,clean,41,0.000000,0.000000,0.000000,0.000000,0.000000
10004570,clean,39,0.000000,0.000000,0.000000,0.000000,0.000000
10004571,clean,45,0.000000,0.000000,0.000000,0.000000,0.000000
10004572,clean,29,0.000000,0.000000,0.000000,0.000000,0.000000
10004573,clean,29,0.000000,0.000000,0.000000,0.000000,0.000000
10004574,clean,36,0.000000,0.000000,0.000000,0.000000,0.000000
10004575,clean,35,0.000000,0.000000,0.000000,0.000000,0.000000
10004576,clean,34,0.000000,0.000000,0.000000,0.000000,0.000000
10004577,clean,35,0.000000,0.000000,0.000000,0.000000,0.000000
10004578,clean,35,0.000000,0.000000,0.000000,0.000000,0.000000
10004579,clean,42,0.000000,0.000000,0.000000,0.000000,0.000000
10004580,clean,32,0.000000,0.000000,0.000000,0.000000,0.000000
10004581,clean,39,0.000000,0.000000,0.000000,0.000000,0.000000
10004582,clean,39,0.000000,0.000000,0.000000,0.000000,0.000000
10004583,clean,41,0.000000,0.000000,0.000000,0.000000,0.000000
10004584,clean,31,0.000000,0.000000,0.000000,0.000000,0.000000
10004585,clean,39,0.000000,0.000000,0.000000,0.000000,0.000000
10004586,clean,28,0.000000,0.000000,0.000000,0.000000,0.000000
10004587,clean,37,0.000000,0.000000,0.000000,0.000000,0.000000
10004588,clean,32,0.000000,0.000000,0.000000,0.000000,0.000000
10004589,clean,32,0.000000,0.000000,0.000000,0.000000,0.000000
10004590,clean,25,0.000000,0.000000,0.000000,0.000000,0.000000
10004591,clean,34,0.000000,0.000000,0.000000,0.000000,0.000000
10004592,clean,32,0.000000,0.000000,0.000000,0.000000,0.000000
10004593,clean,20,0.000000,0.000000,0.000000,0.000000,0.000000
10004594,clean,38,0.000000,0.000000,0.000000,0.000000,0.000000
10004595,clean,29,0.000000,0.000000,0.000000,0.000000,0.000000
10004596,clean,32,0.000000,0.000000,0.000000,0.000000,0.000000
10004597,clean,42,0.000000,0.000000,0.000000,0.000000,0.000000
10004598,clean,46,0.000000,0.000000,0.000000,0.000000,0.000000
10004599,clean,33,0.000000,0.000000,0.000000,0.000000,0.000000
10004600,clean,35,0.000000,0.000000,0.000000,0.000000,0.000000
10004601,clean,28,0.000000,0.000000,0.000000,0.000000,0.000000
10004602,clean,31,0.000000,0.000000,0.000000,0.000000,0.000000
10004603,clean,35,0.000000,0.000000,0.000000,0.000000,0.000000
10004604,clean,47,0.000000,0.000000,0.000000,0.000000,0.000000
10004605,clean,29,0.000000,0.000000,0.000000,0.000000,0.000000
10004606,clean,31,0.000000,0.000000,0.000000,0.000000,0.000000
10004607,clean,32,0.000000,0.000000,0.000000,0.000000,0.000000
10004608,clean,34,0.000000,0.000000,0.000000,0.000000,0.000000
10004609,clean,32,0.000000,0.000000,0.000000,0.000000,0.000000
10004610,clean,38,0.000000,0.000000,0.000000,0.000000,0.000000
10004611,clean,39,0.000000,0.000000,0.000000,0.000000,0.000000
10004612,clean,28,0.000000,0.000000,0.000000,0.000000,0.000000
10004613,clean,29,0.000000,0.000000,0.000000,0.000000,0.000000
10004614,clean,27,0.000000,0.000000,0.000000,0.000000,0.000000
10004615,clean,25,0.000000,0.000000,0.000000,0.000000,0.000000
10004616,clean,36,0.000000,0.000000,0.000000,0.000000,0.000000
10004617,clean,35,0.000000,0.000000,0.000000,0.000000,0.000000
10004618,clean,29,0.000000,0.000000,0.000000,0.000000,0.000000
10004619,clean,25,0.000000,0.000000,0.000000,0.000000,0.000000
10004620,clean,36,0.000000,0.000000,0.000000,0.000000,0.000000
10004621,clean,35,0.000000,0.000000,0.000000,0.000000,0.000000
10004622,clean,34,0.000000,0.000000,0.000000,0.000000,0.000000
10004623,clean,43,0.000000,0.000000,0.000000,0.000000,0.000000
10004624,clean,38,0.000000,0.000000,0.000000,0.000000,0.000000
10004625,clean,34,0.000000,0.000000,0.000000,0.000000,0.000000
10004626,clean,29,0.000000,0.000000,0.000000,0.000000,0.000000
10004627,clean,33,0.000000,0.000000,0.000000,0.000000,0.000000
10004628,clean,35,0.000000,0.000000,0.000000,0.000000,0.000000
10004629,clean,29,0.000000,0.000000,0.000000,0.000000,0.000000
10004630,clean,28,0.000000,0.000000,0.000000,0.000000,0.000000
10004631,clean,29,0.000000,0.000000,0.000000,0.000000,0.000000
10004632,clean,27,0.000000,0.000000,0.000000,0.000000,0.000000
10004633,clean,25,0.000000,0.000000,0.000000,0.000000,0.000000
10004634,clean,33,0.000000,0.000000,0.000000,0.000000,0.000000
10004635,clean,36,0.000000,0.000000,0.000000,0.000000,0.000000
10004636,clean,35,0.000000,0.000000,0.000000,0.000000,0.000000
10004637,clean,35,0.000000,0.000000,0.000000,0.000000,0.000000
10004638,clean,33,0.000000,0.000000,0.000000,0.000000,0.000000
10004639,clean,37,0.000000,0.000000,0.000000,0.000000,0.000000
10004640,clean,38,0.000000,0.000000,0.000000,0.000000,0.000000
10004641,clean,43,0.000000,0.000000,0.000000,0.000000,0.000000
10004642,clean,27,0.000000,0.000000,0.000000,0.000000,0.000000
10004643,clean,42,0.000000,0.000000,0.000000,0.000000,0.000000
10004644,clean,35,0.000000,0.000000,0.000000,0.000000,0.000000
10004645,clean,27,0.000000,0.000000,0.000000,0.000000,0.000000
10004646,clean,16,0.000000,0.000000,0.000000,0.000000,0.000000
10004647,clean,35,0.000000,0.000000,0.000000,0.000000,0.000000
10004648,clean,21,0.000000,0.000000,0.000000,0.000000,0.000000
10004649,clean,40,0.000000,0.000000,0.000000,0.000000,0.000000
10004650,clean,25,0.000000,0.000000,0.000000,0.000000,0.000000
10004651,clean,34,0.000000,0.000000,0.000000,0.000000,0.000000
10004652,clean,34,0.000000,0.000000,0.000000,0.000000,0.000000
10004653,clean,29,0.000000,0.000000,0.000000,0.000000,0.000000
10004654,clean,31,0.000000,0.000000,0.000000,0.000000,0.000000
10004655,clean,33,0.000000,0.000000,0.000000,0.000000,0.000000
10004656,clean,25,0.000000,0.000000,0.000000,0.000000,0.000000
10004657,clean,39,0.000000,0.000000,0.000000,0.000000,0.000000
10004658,clean,29,0.000000,0.000000,0.000000,0.000000,0.000000
10004659,clean,40,0.000000,0.000000,0.000000,0.000000,0.000000
10004660,clean,35,0.000000,0.000000,0.000000,0.000000,0.000000
10004661,clean,48,0.000000,0.000000,0.000000,0.000000,0.000000
10004662,clean,32,0.000000,0.000000,0.000000,0.000000,0.000000
10004663,clean,27,0.000000,0.000000,0.000000,0.000000,0.000000
10004664,clean,23,0.000000,0.000000,0.000000,0.000000,0.000000
10004665,clean,33,0.000000,0.000000,0.000000,0.000000,0.000000
10004666,clean,36,0.000000,0.000000,0.000000,0.000000,0.000000
10004667,clean,39,0.000000,0.000000,0.000000,0.000000,0.000000
10004668,clean,35,0.000000,0.000000,0.000000,0.000000,0.000000
10004669,clean,32,0.000000,0.000000,0.000000,0.000000,0.000000
10004670,clean,33,0.000000,0.000000,0.000000,0.000000,0.000000
10004671,clean,40,0.000000,0.000000,0.000000,0.000000,0.000000
10004672,clean,27,0.000000,0.000000,0.000000,0.000000,0.000000
10004673,clean,20,0.000000,0.000000,0.000000,0.000000,0.000000
10004674,clean,32,0.000000,0.000000,0.000000,0.000000,0.000000
10004675,clean,26,0.000000,0.000000,0.000000,0.000000,0.000000
10004676,clean,28,0.000000,0.000000,0.000000,0.000000,0.000000
10004677,clean,31,0.000000,0.000000,0.000000,0.000000,0.000000
10004678,clean,26,0.000000,0.000000,0.000000,0.000000,0.000000
10004679,clean,30,0.000000,0.000000,0.000000,0.000000,0.000000
10004680,clean,18,0.000000,0.000000,0.000000,0.000000,0.000000
10004681,clean,39,0.000000,0.000000,0.000000,0.000000,0.000000
10004682,clean,25,0.000000,0.000000,0.000000,0.000000,0.000000
10004683,clean,41,0.000000,0.000000,0.000000,0.000000,0.000000
10004684,clean,28,0.000000,0.000000,0.000000,0.000000,0.000000
10004685,clean,31,0.000000,0.000000,0.000000,0.000000,0.000000
10004686,clean,31,0.000000,0.000000,0.000000,0.000000,0.000000
10004687,clean,32,0.000000,0.000000,0.000000,0.000000,0.000000
10004688,clean,35,0.000000,0.000000,0.000000,0.000000,0.000000
10004689,clean,31,0.000000,0.000000,0.000000,0.000000,0.000000
10004690,clean,39,0.000000,0.000000,0.000000,0.000000,0.000000
10004691,clean,36,0.000000,0.000000,0.000000,0.000000,0.000000
10004692,clean,29,0.000000,0.000000,0.000000,0.000000,0.000000
10004693,clean,39,0.000000,0.000000,0.000000,0.000000,0.000000
10004694,clean,39,0.000000,0.000000,0.000000,0.000000,0.000000
10004695,clean,31,0.000000,0.000000,0.000000,0.000000,0.000000
10004696,clean,35,0.000000,0.000000,0.000000,0.000000,0.000000
10004697,clean,26,0.000000,0.000000,0.000000,0.000000,0.000000
10004698,clean,32,0.000000,0.000000,0.000000,0.000000,0.000000
10004699,clean,34,0.000000,0.000000,0.000000,0.000000,0.000000
10004700,clean,39,0.000000,0.000000,0.000000,0.000000,0.000000
10004701,clean,34,0.000000,0.000000,0.000000,0.000000,0.000000
10004702,clean,27,0.000000,0.000000,0.000000,0.000000,0.000000
10004703,clean,49,0.000000,0.000000,0.000000,0.000000,0.000000
10004704,clean,31,0.000000,0.000000,0.000000,0.000000,0.000000
10004705,clean,26,0.000000,0.000000,0.000000,0.000000,0.000000
10004706,clean,36,0.000000,0.000000,0.000000,0.000000,0.000000
10004707,clean,20,0.000000,0.000000,0.000000,0.000000,0.000000
10004708,clean,47,0.000000,0.000000,0.000000,0.000000,0.000000
10004709,clean,37,0.000000,0.000000,0.000000,0.000000,0.000000
10004710,clean,30,0.000000,0.000000,0.000000,0.000000,0.000000
10004711,clean,38,0.000000,0.000000,0.000000,0.000000,0.000000
10004712,clean,31,0.000000,0.000000,0.000000,0.000000,0.000000
10004713,clean,28,0.000000,0.000000,0.000000,0.000000,0.000000
10004714,clean,29,0.000000,0.000000,0.000000,0.000000,0.000000
10004715,clean,41,0.000000,0.000000,0.000000,0.000000,0.000000
10004716,clean,38,0.000000,0.000000,0.000000,0.000000,0.000000
10004717,clean,29,0.000000,0.000000,0.000000,0.000000,0.000000
10004718,clean,32,0.000000,0.000000,0.000000,0.000000,0.000000
10004719,clean,32,0.000000,0.000000,0.000000,0.000000,0.000000
10004720,clean,32,0.000000,0.000000,0.000000,0.000000,0.000000
10004721,clean,28,0.000000,0.000000,0.000000,0.000000,0.000000
10004722,clean,36,0.000000,0.000000,0.000000,0.000000,0.000000
10004723,clean,36,0.000000,0.000000,0.000000,0.000000,0.000000
10004724,clean,41,0.000000,0.000000,0.000000,0.000000,0.000000
10004725,clean,41,0.000000,0.000000,0.000000,0.000000,0.000000
10004726,clean,29,0.000000,0.000000,0.000000,0.000000,0.000000
10004727,clean,39,0.000000,0.000000,0.000000,0.000000,0.000000
10004728,clean,25,0.000000,0.000000,0.000000,0.000000,0.000000
10004729,clean,31,0.000000,0.000000,0.000000,0.000000,0.000000
10004730,clean,35,0.000000,0.000000,0.000000,0.000000,0.000000
10004731,clean,36,0.000000,0.000000,0.000000,0.000000,0.000000
10004732,clean,30,0.000000,0.000000,0.000000,0.000000,0.000000
10004733,clean,32,0.000000,0.000000,0.000000,0.000000,0.000000
10004734,clean,26,0.000000,0.000000,0.000000,0.000000,0.000000
10004735,clean,46,0.000000,0.000000,0.000000,0.000000,0.000000
10004736,clean,30,0.000000,0.000000,0.000000,0.000000,0.000000
10004737,clean,36,0.000000,0.000000,0.000000,0.000000,0.000000
10004738,clean,39,0.000000,0.000000,0.000000,0.000000,0.000000
10004739,clean,42,0.000000,0.000000,0.000000,0.000000,0.000000
10004740,clean,26,0.000000,0.000000,0.000000,0.000000,0.000000
10004741,clean,35,0.000000,0.000000,0.000000,0.000000,0.000000
10004742,clean,35,0.000000,0.000000,0.000000,0.000000,0.000000
10004743,clean,35,0.000000,0.000000,0.000000,0.000000,0.000000
10004744,clean,21,0.000000,0.000000,0.000000,0.000000,0.000000
10004745,clean,43,0.000000,0.000000,0.000000,0.000000,0.000000
10004746,clean,33,0.000000,0.000000,0.000000,0.000000,0.000000
10004747,clean,28,0.000000,0.000000,0.000000,0.000000,0.000000
10004748,clean,36,0.000000,0.000000,0.000000,0.000000,0.000000
10004749,clean,33,0.000000,0.000000,0.000000,0.000000,0.000000
10004750,clean,22,0.000000,0.000000,0.000000,0.000000,0.000000
10004751,clean,36,0.000000,0.000000,0.000000,0.000000,0.000000
10004752,clean,32,0.000000,0.000000,0.000000,0.000000,0.000000
10004753,clean,25,0.000000,0.000000,0.000000,0.000000,0.000000
10004754,clean,22,0.000000,0.000000,0.000000,0.000000,0.000000
10004755,clean,40,0.000000,0.000000,0.000000,0.000000,0.000000
10004756,clean,31,0.000000,0.000000,0.000000,0.000000,0.000000
10004757,clean,37,0.000000,0.000000,0.000000,0.000000,0.000000
10004758,clean,41,0.000000,0.000000,0.000000,0.000000,0.000000
10004759,clean,34,0.000000,0.000000,0.000000,0.000000,0.000000
10004760,clean,29,0.000000,0.000000,0.000000,0.000000,0.000000
10004761,clean,29,0.000000,0.000000,0.000000,0.000000,0.000000
10004762,clean,22,0.000000,0.000000,0.000000,0.000000,0.000000
10004763,clean,30,0.000000,0.000000,0.000000,0.000000,0.000000
10004764,clean,36,0.000000,0.000000,0.000000,0.000000,0.000000
10004765,clean,38,0.000000,0.000000,0.000000,0.000000,0.000000
10004766,clean,32,0.000000,0.000000,0.000000,0.000000,0.000000
10004767,clean,34,0.000000,0.000000,0.000000,0.000000,0.000000
10004768,clean,22,0.000000,0.000000,0.000000,0.000000,0.000000
10004769,clean,38,0.000000,0.000000,0.000000,0.000000,0.000000
10004770,clean,29,0.000000,0.000000,0.000000,0.000000,0.000000
10004771,clean,32,0.000000,0.000000,0.000000,0.000000,0.000000
10004772,clean,36,0.000000,0.000000,0.000000,0.000000,0.000000
10004773,clean,43,0.000000,0.000000,0.000000,0.000000,0.000000
10004774,clean,32,0.000000,0.000000,0.000000,0.000000,0.000000
10004775,clean,41,0.000000,0.000000,0.000000,0.000000,0.000000
10004776,clean,27,0.000000,0.000000,0.000000,0.000000,0.000000
10004777,clean,42,0.000000,0.000000,0.000000,0.000000,0.000000
10004778,clean,25,0.000000,0.000000,0.000000,0.000000,0.000000
10004779,clean,36,0.000000,0.000000,0.000000,0.000000,0.000000
10004780,clean,34,0.000000,0.000000,0.000000,0.000000,0.000000
10004781,clean,35,0.000000,0.000000,0.000000,0.000000,0.000000
10004782,clean,38,0.000000,0.000000,0.000000,0.000000,0.000000
10004783,clean,34,0.000000,0.000000,0.000000,0.000000,0.000000
10004784,clean,25,0.000000,0.000000,0.000000,0.000000,0.000000
10004785,clean,26,0.000000,0.000000,0.000000,0.000000,0.000000
10004786,clean,28,0.000000,0.000000,0.000000,0.000000,0.000000
10004787,clean,34,0.000000,0.000000,0.000000,0.000000,0.000000
10004788,clean,34,0.000000,0.000000,0.000000,0.000000,0.000000
10004789,clean,16,0.000000,0.000000,0.000000,0.000000,0.000000
10004790,clean,41,0.000000,0.000000,0.000000,0.000000,0.000000
10004791,clean,48,0.000000,0.000000,0.000000,0.000000,0.000000
10004792,clean,30,0.000000,0.000000,0.000000,0.000000,0.000000
10004793,clean,27,0.000000,0.000000,0.000000,0.000000,0.000000
10004794,clean,38,0.000000,0.000000,0.000000,0.000000,0.000000
10004795,clean,32,0.000000,0.000000,0.000000,0.000000,0.000000
10004796,clean,40,0.000000,0.000000,0.000000,0.000000,0.000000
10004797,clean,29,0.000000,0.000000,0.000000,0.000000,0.000000
10004798,clean,19,0.000000,0.000000,0.000000,0.000000,0.000000
10004799,clean,26,0.000000,0.000000,0.000000,0.000000,0.000000
10004800,clean,40,0.000000,0.000000,0.000000,0.000000,0.000000
10004801,clean,41,0.000000,0.000000,0.000000,0.000000,0.000000
10004802,clean,38,0.000000,0.000000,0.000000,0.000000,0.000000
10004803,clean,28,0.000000,0.000000,0.000000,0.000000,0.000000
10004804,clean,23,0.000000,0.000000,0.000000,0.000000,0.000000
10004805,clean,24,0.000000,0.000000,0.000000,0.000000,0.000000
10004806,clean,27,0.000000,0.000000,0.000000,0.000000,0.000000
10004807,clean,25,0.000000,0.000000,0.000000,0.000000,0.000000
10004808,clean,48,0.000000,0.000000,0.000000,0.000000,0.000000
10004809,clean,25,0.000000,0.000000,0.000000,0.000000,0.000000
10004810,clean,22,0.000000,0.000000,0.000000,0.000000,0.000000
10004811,clean,41,0.000000,0.000000,0.000000,0.000000,0.000000
10004812,clean,44,0.000000,0.000000,0.000000,0.000000,0.000000
10004813,clean,35,0.000000,0.000000,0.000000,0.000000,0.000000
10004814,clean,45,0.000000,0.000000,0.000000,0.000000,0.000000
10004815,clean,30,0.000000,0.000000,0.000000,0.000000,0.000000
10004816,clean,49,0.000000,0.000000,0.000000,0.000000,0.000000
10004817,clean,35,0.000000,0.000000,0.000000,0.000000,0.000000
10004818,clean,42,0.000000,0.000000,0.000000,0.000000,0.000000
10004819,clean,42,0.000000,0.000000,0.000000,0.000000,0.000000
10004820,clean,38,0.000000,0.000000,0.000000,0.000000,0.000000
10004821,clean,31,0.000000,0.000000,0.000000,0.000000,0.000000
10004822,clean,37,0.000000,0.000000,0.000000,0.000000,0.000000
10004823,clean,24,0.000000,0.000000,0.000000,0.000000,0.000000
10004824,clean,33,0.000000,0.000000,0.000000,0.000000,0.000000
10004825,clean,36,0.000000,0.000000,0.000000,0.000000,0.000000
10004826,clean,26,0.000000,0.000000,0.000000,0.000000,0.000000
10004827,clean,50,0.000000,0.000000,0.000000,0.000000,0.000000
10004828,clean,35,0.000000,0.000000,0.000000,0.000000,0.000000
10004829,clean,31,0.000000,0.000000,0.000000,0.000000,0.000000
10004830,clean,33,0.000000,0.000000,0.000000,0.000000,0.000000
10004831,clean,37,0.000000,0.000000,0.000000,0.000000,0.000000
10004832,clean,29,0.000000,0.000000,0.000000,0.000000,0.000000
10004833,clean,27,0.000000,0.000000,0.000000,0.000000,0.000000
10004834,clean,47,0.000000,0.000000,0.000000,0.000000,0.000000
10004835,clean,40,0.000000,0.000000,0.000000,0.000000,0.000000
10004836,clean,34,0.000000,0.000000,0.000000,0.000000,0.000000
10004837,clean,31,0.000000,0.000000,0.000000,0.000000,0.000000
10004838,clean,28,0.000000,0.000000,0.000000,0.000000,0.000000
10004839,clean,34,0.000000,0.000000,0.000000,0.000000,0.000000
10004840,clean,29,0.000000,0.000000,0.000000,0.000000,0.000000
10004841,clean,30,0.000000,0.000000,0.000000,0.000000,0.000000
10004842,clean,28,0.000000,0.000000,0.000000,0.000000,0.000000
10004843,clean,29,0.000000,0.000000,0.000000,0.000000,0.000000
10004844,clean,32,0.000000,0.000000,0.000000,0.000000,0.000000
10004845,clean,32,0.000000,0.000000,0.000000,0.000000,0.000000
10004846,clean,35,0.000000,0.000000,0.000000,0.000000,0.000000
10004847,clean,23,0.000000,0.000000,0.000000,0.000000,0.000000
10004848,clean,30,0.000000,0.000000,0.000000,0.000000,0.000000
10004849,clean,30,0.000000,0.000000,0.000000,0.000000,0.000000
10004850,clean,30,0.000000,0.000000,0.000000,0.000000,0.000000
10004851,clean,39,0.000000,0.000000,0.000000,0.000000,0.000000
10004852,clean,31,0.000000,0.000000,0.000000,0.000000,0.000000
10004853,clean,39,0.000000,0.000000,0.000000,0.000000,0.000000
10004854,clean,37,0.000000,0.000000,0.000000,0.000000,0.000000
10004855,clean,35,0.000000,0.000000,0.000000,0.000000,0.000000
10004856,clean,42,0.000000,0.000000,0.000000,0.000000,0.000000
10004857,clean,29,0.000000,0.000000,0.000000,0.000000,0.000000
10004858,clean,21,0.000000,0.000000,0.000000,0.000000,0.000000
10004859,clean,24,0.000000,0.000000,0.000000,0.000000,0.000000
10004860,clean,22,0.000000,0.000000,0.000000,0.000000,0.000000
10004861,clean,37,0.000000,0.000000,0.000000,0.000000,0.000000
10004862,clean,40,0.000000,0.000000,0.000000,0.000000,0.000000
10004863,clean,33,0.000000,0.000000,0.000000,0.000000,0.000000
10004864,clean,18,0.000000,0.000000,0.000000,0.000000,0.000000
10004865,clean,39,0.000000,0.000000,0.000000,0.000000,0.000000
10004866,clean,28,0.000000,0.000000,0.000000,0.000000,0.000000
10004867,clean,37,0.000000,0.000000,0.000000,0.000000,0.000000
10004868,clean,39,0.000000,0.000000,0.000000,0.000000,0.000000
10004869,clean,40,0.000000,0.000000,0.000000,0.000000,0.000000
10004870,clean,34,0.000000,0.000000,0.000000,0.000000,0.000000
10004871,clean,30,0.000000,0.000000,0.000000,0.000000,0.000000
10004872,clean,32,0.000000,0.000000,0.000000,0.000000,0.000000
10004873,clean,31,0.000000,0.000000,0.000000,0.000000,0.000000
10004874,clean,32,0.000000,0.000000,0.000000,0.000000,0.000000
10004875,clean,35,0.000000,0.000000,0.000000,0.000000,0.000000
10004876,clean,36,0.000000,0.000000,0.000000,0.000000,0.000000
10004877,clean,34,0.000000,0.000000,0.000000,0.000000,0.000000
10004878,clean,36,0.000000,0.000000,0.000000,0.000000,0.000000
10004879,clean,25,0.000000,0.000000,0.000000,0.000000,0.000000
10004880,clean,27,0.000000,0.000000,0.000000,0.000000,0.000000
10004881,clean,25,0.000000,0.000000,0.000000,0.000000,0.000000
10004882,clean,27,0.000000,0.000000,0.000000,0.000000,0.000000
10004883,clean,29,0.000000,0.000000,0.000000,0.000000,0.000000
10004884,clean,33,0.000000,0.000000,0.000000,0.000000,0.000000
10004885,clean,24,0.000000,0.000000,0.000000,0.000000,0.000000
10004886,clean,40,0.000000,0.000000,0.000000,0.000000,0.000000
10004887,clean,33,0.000000,0.000000,0.000000,0.000000,0.000000
10004888,clean,33,0.000000,0.000000,0.000000,0.000000,0.000000
10004889,clean,47,0.000000,0.000000,0.000000,0.000000,0.000000
10004890,clean,38,0.000000,0.000000,0.000000,0.000000,0.000000
10004891,clean,22,0.000000,0.000000,0.000000,0.000000,0.000000
10004892,clean,35,0.000000,0.000000,0.000000,0.000000,0.000000
10004893,clean,22,0.000000,0.000000,0.000000,0.000000,0.000000
10004894,clean,15,0.000000,0.000000,0.000000,0.000000,0.000000
10004895,clean,29,0.000000,0.000000,0.000000,0.000000,0.000000
10004896,clean,32,0.000000,0.000000,0.000000,0.000000,0.000000
10004897,clean,23,0.000000,0.000000,0.000000,0.000000,0.000000
10004898,clean,29,0.000000,0.000000,0.000000,0.000000,0.000000
10004899,clean,37,0.000000,0.000000,0.000000,0.000000,0.000000
10004900,clean,42,0.000000,0.000000,0.000000,0.000000,0.000000
10004901,clean,30,0.000000,0.000000,0.000000,0.000000,0.000000
10004902,clean,29,0.000000,0.000000,0.000000,0.000000,0.000000
10004903,clean,44,0.000000,0.000000,0.000000,0.000000,0.000000
10004904,clean,35,0.000000,0.000000,0.000000,0.000000,0.000000
10004905,clean,37,0.000000,0.000000,0.000000,0.000000,0.000000
10004906,clean,25,0.000000,0.000000,0.000000,0.000000,0.000000
10004907,clean,37,0.000000,0.000000,0.000000,0.000000,0.000000
10004908,clean,25,0.000000,0.000000,0.000000,0.000000,0.000000
10004909,clean,27,0.000000,0.000000,0.000000,0.000000,0.000000
10004910,clean,27,0.000000,0.000000,0.000000,0.000000,0.000000
10004911,clean,33,0.000000,0.000000,0.000000,0.000000,0.000000
10004912,clean,27,0.000000,0.000000,0.000000,0.000000,0.000000
10004913,clean,23,0.000000,0.000000,0.000000,0.000000,0.000000
10004914,clean,39,0.000000,0.000000,0.000000,0.000000,0.000000
10004915,clean,30,0.000000,0.000000,0.000000,0.000000,0.000000
10004916,clean,27,0.000000,0.000000,0.000000,0.000000,0.000000
10004917,clean,28,0.000000,0.000000,0.000000,0.000000,0.000000
10004918,clean,26,0.000000,0.000000,0.000000,0.000000,0.000000
10004919,clean,26,0.000000,0.000000,0.000000,0.000000,0.000000
10004920,clean,38,0.000000,0.000000,0.000000,0.000000,0.000000
10004921,clean,29,0.000000,0.000000,0.000000,0.000000,0.000000
10004922,clean,31,0.000000,0.000000,0.000000,0.000000,0.000000
10004923,clean,29,0.000000,0.000000,0.000000,0.000000,0.000000
10004924,clean,31,0.000000,0.000000,0.000000,0.000000,0.000000
10004925,clean,40,0.000000,0.000000,0.000000,0.000000,0.000000
10004926,clean,36,0.000000,0.000000,0.000000,0.000000,0.000000
10004927,clean,36,0.000000,0.000000,0.000000,0.000000,0.000000
10004928,clean,35,0.000000,0.000000,0.000000,0.000000,0.000000
10004929,clean,37,0.000000,0.000000,0.000000,0.000000,0.000000
10004930,clean,36,0.000000,0.000000,0.000000,0.000000,0.000000
10004931,clean,29,0.000000,0.000000,0.000000,0.000000,0.000000
10004932,clean,34,0.000000,0.000000,0.000000,0.000000,0.000000
10004933,clean,33,0.000000,0.000000,0.000000,0.000000,0.000000
10004934,clean,27,0.000000,0.000000,0.000000,0.000000,0.000000
10004935,clean,42,0.000000,0.000000,0.000000,0.000000,0.000000
10004936,clean,26,0.000000,0.000000,0.000000,0.000000,0.000000
10004937,clean,36,0.000000,0.000000,0.000000,0.000000,0.000000
10004938,clean,28,0.000000,0.000000,0.000000,0.000000,0.000000
10004939,clean,26,0.000000,0.000000,0.000000,0.000000,0.000000
10004940,clean,22,0.000000,0.000000,0.000000,0.000000,0.000000
10004941,clean,42,0.000000,0.000000,0.000000,0.000000,0.000000
10004942,clean,37,0.000000,0.000000,0.000000,0.000000,0.000000
10004943,clean,34,0.000000,0.000000,0.000000,0.000000,0.000000
10004944,clean,39,0.000000,0.000000,0.000000,0.000000,0.000000
10004945,clean,35,0.000000,0.000000,0.000000,0.000000,0.000000
10004946,clean,32,0.000000,0.000000,0.000000,0.000000,0.000000
10004947,clean,32,0.000000,0.000000,0.000000,0.000000,0.000000
10004948,clean,37,0.000000,0.000000,0.000000,0.000000,0.000000
10004949,clean,30,0.000000,0.000000,0.000000,0.000000,0.000000
10004950,clean,29,0.000000,0.000000,0.000000,0.000000,0.000000
10004951,clean,30,0.000000,0.000000,0.000000,0.000000,0.000000
10004952,clean,27,0.000000,0.000000,0.000000,0.000000,0.000000
10004953,clean,30,0.000000,0.000000,0.000000,0.000000,0.000000
10004954,clean,39,0.000000,0.000000,0.000000,0.000000,0.000000
10004955,clean,36,0.000000,0.000000,0.000000,0.000000,0.000000
10004956,clean,36,0.000000,0.000000,0.000000,0.000000,0.000000
10004957,clean,24,0.000000,0.000000,0.000000,0.000000,0.000000
10004958,clean,37,0.000000,0.000000,0.000000,0.000000,0.000000
10004959,clean,34,0.000000,0.000000,0.000000,0.000000,0.000000
10004960,clean,27,0.000000,0.000000,0.000000,0.000000,0.000000
10004961,clean,38,0.000000,0.000000,0.000000,0.000000,0.000000
10004962,clean,26,0.000000,0.000000,0.000000,0.000000,0.000000
10004963,clean,22,0.000000,0.000000,0.000000,0.000000,0.000000
10004964,clean,31,0.000000,0.000000,0.000000,0.000000,0.000000
10004965,clean,28,0.000000,0.000000,0.000000,0.000000,0.000000
10004966,clean,27,0.000000,0.000000,0.000000,0.000000,0.000000
10004967,clean,34,0.000000,0.000000,0.000000,0.000000,0.000000
10004968,clean,34,0.000000,0.000000,0.000000,0.000000,0.000000
10004969,clean,25,0.000000,0.000000,0.000000,0.000000,0.000000
10004970,clean,29,0.000000,0.000000,0.000000,0.000000,0.000000
10004971,clean,37,0.000000,0.000000,0.000000,0.000000,0.000000
10004972,clean,30,0.000000,0.000000,0.000000,0.000000,0.000000
10004973,clean,28,0.000000,0.000000,0.000000,0.000000,0.000000
10004974,clean,42,0.000000,0.000000,0.000000,0.000000,0.000000
10004975,clean,30,0.000000,0.000000,0.000000,0.000000,0.000000
10004976,clean,40,0.000000,0.000000,0.000000,0.000000,0.000000
10004977,clean,43,0.000000,0.000000,0.000000,0.000000,0.000000
10004978,clean,32,0.000000,0.000000,0.000000,0.000000,0.000000
10004979,clean,27,0.000000,0.000000,0.000000,0.000000,0.000000
10004980,clean,25,0.000000,0.000000,0.000000,0.000000,0.000000
10004981,clean,36,0.000000,0.000000,0.000000,0.000000,0.000000
10004982,clean,35,0.000000,0.000000,0.000000,0.000000,0.000000
10004983,clean,28,0.000000,0.000000,0.000000,0.000000,0.000000
10004984,clean,36,0.000000,0.000000,0.000000,0.000000,0.000000
10004985,clean,24,0.000000,0.000000,0.000000,0.000000,0.000000
10004986,clean,26,0.000000,0.000000,0.000000,0.000000,0.000000
10004987,clean,36,0.000000,0.000000,0.000000,0.000000,0.000000
10004988,clean,36,0.000000,0.000000,0.000000,0.000000,0.000000
10004989,clean,25,0.000000,0.000000,0.000000,0.000000,0.000000
10004990,clean,28,0.000000,0.000000,0.000000,0.000000,0.000000
10004991,clean,31,0.000000,0.000000,0.000000,0.000000,0.000000
10004992,clean,34,0.000000,0.000000,0.000000,0.000000,0.000000
10004993,clean,43,0.000000,0.000000,0.000000,0.000000,0.000000
10004994,clean,28,0.000000,0.000000,0.000000,0.000000,0.000000
10004995,clean,38,0.000000,0.000000,0.000000,0.000000,0.000000
10004996,clean,27,0.000000,0.000000,0.000000,0.000000,0.000000
10004997,clean,35,0.000000,0.000000,0.000000,0.000000,0.000000
10004998,clean,35,0.000000,0.000000,0.000000,0.000000,0.000000
10004999,clean,41,0.000000,0.000000,0.000000,0.000000,0.000000
10005000,clean,28,0.000000,0.000000,0.000000,0.000000,0.000000
10005001,clean,37,0.000000,0.000000,0.000000,0.000000,0.000000
10005002,clean,31,0.000000,0.000000,0.000000,0.000000,0.000000
10005003,clean,31,0.000000,0.000000,0.000000,0.000000,0.000000
10005004,clean,24,0.000000,0.000000,0.000000,0.000000,0.000000
10005005,clean,26,0.000000,0.000000,0.000000,0.000000,0.000000
10005006,clean,31,0.000000,0.000000,0.000000,0.000000,0.000000
10005007,clean,32,0.000000,0.000000,0.000000,0.000000,0.000000
10005008,clean,35,0.000000,0.000000,0.000000,0.000000,0.000000
10005009,clean,33,0.000000,0.000000,0.000000,0.000000,0.000000
10005010,clean,25,0.000000,0.000000,0.000000,0.000000,0.000000
10005011,clean,39,0.000000,0.000000,0.000000,0.000000,0.000000
10005012,clean,41,0.000000,0.000000,0.000000,0.000000,0.000000
10005013,clean,40,0.000000,0.000000,0.000000,0.000000,0.000000
10005014,clean,38,0.000000,0.000000,0.000000,0.000000,0.000000
10005015,clean,28,0.000000,0.000000,0.000000,0.000000,0.000000
10005016,clean,30,0.000000,0.000000,0.000000,0.000000,0.000000
10005017,clean,39,0.000000,0.000000,0.000000,0.000000,0.000000
10005018,clean,30,0.000000,0.000000,0.000000,0.000000,0.000000
10005019,clean,32,0.000000,0.000000,0.000000,0.000000,0.000000
10005020,clean,36,0.000000,0.000000,0.000000,0.000000,0.000000
10005021,clean,29,0.000000,0.000000,0.000000,0.000000,0.000000
10005022,clean,40,0.000000,0.000000,0.000000,0.000000,0.000000
10005023,clean,34,0.000000,0.000000,0.000000,0.000000,0.000000
10005024,clean,22,0.000000,0.000000,0.000000,0.000000,0.000000
10005025,clean,31,0.000000,0.000000,0.000000,0.000000,0.000000
10005026,clean,23,0.000000,0.000000,0.000000,0.000000,0.000000
10005027,clean,34,0.000000,0.000000,0.000000,0.000000,0.000000
10005028,clean,32,0.000000,0.000000,0.000000,0.000000,0.000000
10005029,clean,29,0.000000,0.000000,0.000000,0.000000,0.000000
10005030,clean,28,0.000000,0.000000,0.000000,0.000000,0.000000
10005031,clean,39,0.000000,0.000000,0.000000,0.000000,0.000000
10005032,clean,51,0.000000,0.000000,0.000000,0.000000,0.000000
10005033,clean,70,0.000000,0.000000,0.000000,0.000000,0.000000
10005034,clean,78,0.000000,0.000000,0.000000,0.000000,0.000000
10005035,clean,71,0.000000,0.000000,0.000000,0.000000,0.000000
10005036,clean,59,0.000000,0.000000,0.000000,0.000000,0.000000
10005037,clean,82,0.000000,0.000000,0.000000,0.000000,0.000000
10005038,clean,52,0.000000,0.000000,0.000000,0.000000,0.000000
10005039,clean,73,0.000000,0.000000,0.000000,0.000000,0.000000
10005040,clean,66,0.000000,0.000000,0.000000,0.000000,0.000000
10005041,clean,49,0.000000,0.000000,0.000000,0.000000,0.000000
10005042,clean,68,0.000000,0.000000,0.000000,0.000000,0.000000
10005043,clean,73,0.000000,0.000000,0.000000,0.000000,0.000000
10005044,clean,71,0.000000,0.000000,0.000000,0.000000,0.000000
10005045,clean,66,0.000000,0.000000,0.000000,0.000000,0.000000
10005046,clean,70,0.000000,0.000000,0.000000,0.000000,0.000000
10005047,clean,70,0.000000,0.000000,0.000000,0.000000,0.000000
10005048,clean,67,0.000000,0.000000,0.000000,0.000000,0.000000
10005049,clean,59,0.000000,0.000000,0.000000,0.000000,0.000000
10005050,clean,80,0.000000,0.000000,0.000000,0.000000,0.000000
10005051,clean,75,0.000000,0.000000,0.000000,0.000000,0.000000
10005052,clean,60,0.000000,0.000000,0.000000,0.000000,0.000000
10005053,clean,80,0.000000,0.000000,0.000000,0.000000,0.000000
10005054,clean,86,0.000000,0.000000,0.000000,0.000000,0.000000
10005055,clean,69,0.000000,0.000000,0.000000,0.000000,0.000000
10005056,clean,78,0.000000,0.000000,0.000000,0.000000,0.000000
10005057,clean,63,0.000000,0.000000,0.000000,0.000000,0.000000
10005058,clean,56,0.000000,0.000000,0.000000,0.000000,0.000000
10005059,clean,66,0.000000,0.000000,0.000000,0.000000,0.000000
10005060,clean,70,0.000000,0.000000,0.000000,0.000000,0.000000
10005061,clean,76,0.000000,0.000000,0.000000,0.000000,0.000000
10005062,clean,88,0.000000,0.000000,0.000000,0.000000,0.000000
10005063,clean,67,0.000000,0.000000,0.000000,0.000000,0.000000
10005064,clean,74,0.000000,0.000000,0.000000,0.000000,0.000000
10005065,clean,82,0.000000,0.000000,0.000000,0.000000,0.000000
10005066,clean,65,0.000000,0.000000,0.000000,0.000000,0.000000
10005067,clean,94,0.000000,0.000000,0.000000,0.000000,0.000000
10005068,clean,66,0.000000,0.000000,0.000000,0.000000,0.000000
10005069,clean,70,0.000000,0.000000,0.000000,0.000000,0.000000
10005070,clean,82,0.000000,0.000000,0.000000,0.000000,0.000000
10005071,clean,66,0.000000,0.000000,0.000000,0.000000,0.000000
10005072,clean,81,0.000000,0.000000,0.000000,0.000000,0.000000
10005073,clean,66,0.000000,0.000000,0.000000,0.000000,0.000000
10005074,clean,90,0.000000,0.000000,0.000000,0.000000,0.000000
10005075,clean,71,0.000000,0.000000,0.000000,0.000000,0.000000
10005076,clean,68,0.000000,0.000000,0.000000,0.000000,0.000000
10005077,clean,80,0.000000,0.000000,0.000000,0.000000,0.000000
10005078,clean,71,0.000000,0.000000,0.000000,0.000000,0.000000
10005079,clean,86,0.000000,0.000000,0.000000,0.000000,0.000000
10005080,clean,86,0.000000,0.000000,0.000000,0.000000,0.000000
10005081,clean,85,0.000000,0.000000,0.000000,0.000000,0.000000
10005082,clean,86,0.000000,0.000000,0.000000,0.000000,0.000000
10005083,clean,71,0.000000,0.000000,0.000000,0.000000,0.000000
10005084,clean,71,0.000000,0.000000,0.000000,0.000000,0.000000
10005085,clean,64,0.000000,0.000000,0.000000,0.000000,0.000000
10005086,clean,93,0.000000,0.000000,0.000000,0.000000,0.000000
10005087,clean,86,0.000000,0.000000,0.000000,0.000000,0.000000
10005088,clean,81,0.000000,0.000000,0.000000,0.000000,0.000000
10005089,clean,90,0.000000,0.000000,0.000000,0.000000,0.000000
10005090,clean,91,0.000000,0.000000,0.000000,0.000000,0.000000
10005091,clean,95,0.000000,0.000000,0.000000,0.000000,0.000000
10005092,clean,93,0.000000,0.000000,0.000000,0.000000,0.000000
10005093,clean,90,0.000000,0.000000,0.000000,0.000000,0.000000
10005094,clean,92,0.000000,0.000000,0.000000,0.000000,0.000000
10005095,clean,93,0.000000,0.000000,0.000000,0.000000,0.000000
10005096,clean,108,0.000000,0.000000,0.000000,0.000000,0.000000
10005097,clean,91,0.000000,0.000000,0.000000,0.000000,0.000000
10005098,clean,99,0.000000,0.000000,0.000000,0.000000,0.000000
10005099,clean,101,0.000000,0.000000,0.000000,0.000000,0.000000
10005100,clean,76,0.000000,0.000000,0.000000,0.000000,0.000000
10005101,clean,93,0.000000,0.000000,0.000000,0.000000,0.000000
10005102,clean,109,0.000000,0.000000,0.000000,0.000000,0.000000
10005103,clean,104,0.000000,0.000000,0.000000,0.000000,0.000000
10005104,clean,95,0.000000,0.000000,0.000000,0.000000,0.000000
10005105,clean,85,0.000000,0.000000,0.000000,0.000000,0.000000
10005106,clean,99,0.000000,0.000000,0.000000,0.000000,0.000000
10005107,clean,79,0.000000,0.000000,0.000000,0.000000,0.000000
10005108,clean,92,0.000000,0.000000,0.000000,0.000000,0.000000
10005109,clean,95,0.000000,0.000000,0.000000,0.000000,0.000000
10005110,clean,114,0.000000,0.000000,0.000000,0.000000,0.000000
10005111,clean,97,0.000000,0.000000,0.000000,0.000000,0.000000
10005112,clean,85,0.000000,0.000000,0.000000,0.000000,0.000000
10005113,clean,100,0.000000,0.000000,0.000000,0.000000,0.000000
10005114,clean,109,0.000000,0.000000,0.000000,0.000000,0.000000
10005115,clean,95,0.000000,0.000000,0.000000,0.000000,0.000000
10005116,clean,78,0.000000,0.000000,0.000000,0.000000,0.000000
10005117,clean,101,0.000000,0.000000,0.000000,0.000000,0.000000
10005118,clean,106,0.000000,0.000000,0.000000,0.000000,0.000000
10005119,clean,108,0.000000,0.000000,0.000000,0.000000,0.000000
10005120,clean,104,0.000000,0.000000,0.000000,0.000000,0.000000
10005121,clean,100,0.000000,0.000000,0.000000,0.000000,0.000000
10005122,clean,102,0.000000,0.000000,0.000000,0.000000,0.000000
10005123,clean,107,0.000000,0.000000,0.000000,0.000000,0.000000
10005124,clean,98,0.000000,0.000000,0.000000,0.000000,0.000000
10005125,clean,122,0.000000,0.000000,0.000000,0.000000,0.000000
10005126,clean,93,0.000000,0.000000,0.000000,0.000000,0.000000
10005127,clean,97,0.000000,0.000000,0.000000,0.000000,0.000000
10005128,clean,94,0.000000,0.000000,0.000000,0.000000,0.000000
10005129,clean,117,0.000000,0.000000,0.000000,0.000000,0.000000
10005130,clean,118,0.000000,0.000000,0.000000,0.000000,0.000000
10005131,clean,113,0.000000,0.000000,0.000000,0.000000,0.000000
10005132,clean,87,0.000000,0.000000,0.000000,0.000000,0.000000
10005133,clean,113,0.000000,0.000000,0.000000,0.000000,0.000000
10005134,clean,102,0.000000,0.000000,0.000000,0.000000,0.000000
10005135,clean,106,0.000000,0.000000,0.000000,0.000000,0.000000
10005136,clean,97,0.000000,0.000000,0.000000,0.000000,0.000000
10005137,clean,93,0.000000,0.000000,0.000000,0.000000,0.000000
10005138,clean,95,0.000000,0.000000,0.000000,0.000000,0.000000
10005139,clean,89,0.000000,0.000000,0.000000,0.000000,0.000000
10005140,clean,92,0.000000,0.000000,0.000000,0.000000,0.000000
10005141,clean,93,0.000000,0.000000,0.000000,0.000000,0.000000
10005142,clean,102,0.000000,0.000000,0.000000,0.000000,0.000000
10005143,clean,105,0.000000,0.000000,0.000000,0.000000,0.000000
10005144,clean,95,0.000000,0.000000,0.000000,0.000000,0.000000
10005145,clean,104,0.000000,0.000000,0.000000,0.000000,0.000000
10005146,clean,92,0.000000,0.000000,0.000000,0.000000,0.000000
10005147,clean,103,0.000000,0.000000,0.000000,0.000000,0.000000
10005148,clean,117,0.000000,0.000000,0.000000,0.000000,0.000000
10005149,clean,130,0.000000,0.000000,0.000000,0.000000,0.000000
10005150,clean,107,0.000000,0.000000,0.000000,0.000000,0.000000
10005151,clean,115,0.000000,0.000000,0.000000,0.000000,0.000000
10005152,clean,115,0.000000,0.000000,0.000000,0.000000,0.000000
10005153,clean,114,0.000000,0.000000,0.000000,0.000000,0.000000
10005154,clean,90,0.000000,0.000000,0.000000,0.000000,0.000000
10005155,clean,111,0.000000,0.000000,0.000000,0.000000,0.000000
10005156,clean,108,0.000000,0.000000,0.000000,0.000000,0.000000
10005157,clean,104,0.000000,0.000000,0.000000,0.000000,0.000000
10005158,clean,109,0.000000,0.000000,0.000000,0.000000,0.000000
10005159,clean,104,0.000000,0.000000,0.000000,0.000000,0.000000
10005160,clean,128,0.000000,0.000000,0.000000,0.000000,0.000000
10005161,clean,117,0.000000,0.000000,0.000000,0.000000,0.000000
10005162,clean,96,0.000000,0.000000,0.000000,0.000000,0.000000
10005163,clean,102,0.000000,0.000000,0.000000,0.000000,0.000000
10005164,clean,110,0.000000,0.000000,0.000000,0.000000,0.000000
10005165,clean,101,0.000000,0.000000,0.000000,0.000000,0.000000
10005166,clean,106,0.000000,0.000000,0.000000,0.000000,0.000000
10005167,clean,95,0.000000,0.000000,0.000000,0.000000,0.000000
10005168,clean,107,0.000000,0.000000,0.000000,0.000000,0.000000
10005169,clean,84,0.000000,0.000000,0.000000,0.000000,0.000000
10005170,clean,123,0.000000,0.000000,0.000000,0.000000,0.000000
10005171,clean,126,0.000000,0.000000,0.000000,0.000000,0.000000
10005172,clean,126,0.000000,0.000000,0.000000,0.000000,0.000000
10005173,clean,99,0.000000,0.000000,0.000000,0.000000,0.000000
10005174,clean,110,0.000000,0.000000,0.000000,0.000000,0.000000
10005175,clean,95,0.000000,0.000000,0.000000,0.000000,0.000000
10005176,clean,98,0.000000,0.000000,0.000000,0.000000,0.000000
10005177,clean,103,0.000000,0.000000,0.000000,0.000000,0.000000
10005178,clean,99,0.000000,0.000000,0.000000,0.000000,0.000000
10005179,clean,105,0.000000,0.000000,0.000000,0.000000,0.000000
10005180,clean,104,0.000000,0.000000,0.000000,0.000000,0.000000
10005181,clean,106,0.000000,0.000000,0.000000,0.000000,0.000000
10005182,clean,110,0.000000,0.000000,0.000000,0.000000,0.000000
10005183,clean,95,0.000000,0.000000,0.000000,0.000000,0.000000
10005184,clean,101,0.000000,0.000000,0.000000,0.000000,0.000000
10005185,clean,101,0.000000,0.000000,0.000000,0.000000,0.000000
10005186,clean,117,0.000000,0.000000,0.000000,0.000000,0.000000
10005187,clean,96,0.000000,0.000000,0.000000,0.000000,0.000000
10005188,clean,100,0.000000,0.000000,0.000000,0.000000,0.000000
10005189,clean,105,0.000000,0.000000,0.000000,0.000000,0.000000
10005190,clean,96,0.000000,0.000000,0.000000,0.000000,0.000000
10005191,clean,90,0.000000,0.000000,0.000000,0.000000,0.000000
10005192,clean,90,0.000000,0.000000,0.000000,0.000000,0.000000
10005193,clean,87,0.000000,0.000000,0.000000,0.000000,0.000000
10005194,clean,98,0.000000,0.000000,0.000000,0.000000,0.000000
10005195,clean,97,0.000000,0.000000,0.000000,0.000000,0.000000
10005196,clean,93,0.000000,0.000000,0.000000,0.000000,0.000000
10005197,clean,96,0.000000,0.000000,0.000000,0.000000,0.000000
10005198,clean,76,0.000000,0.000000,0.000000,0.000000,0.000000
10005199,clean,92,0.000000,0.000000,0.000000,0.000000,0.000000
10005200,clean,91,0.000000,0.000000,0.000000,0.000000,0.000000
10005201,clean,112,0.000000,0.000000,0.000000,0.000000,0.000000
10005202,clean,83,0.000000,0.000000,0.000000,0.000000,0.000000
10005203,clean,76,0.000000,0.000000,0.000000,0.000000,0.000000
10005204,clean,87,0.000000,0.000000,0.000000,0.000000,0.000000
10005205,clean,78,0.000000,0.000000,0.000000,0.000000,0.000000
10005206,clean,98,0.000000,0.000000,0.000000,0.000000,0.000000
10005207,clean,81,0.000000,0.000000,0.000000,0.000000,0.000000
10005208,clean,86,0.000000,0.000000,0.000000,0.000000,0.000000
10005209,clean,88,0.000000,0.000000,0.000000,0.000000,0.000000
10005210,clean,94,0.000000,0.000000,0.000000,0.000000,0.000000
10005211,clean,71,0.000000,0.000000,0.000000,0.000000,0.000000
10005212,clean,93,0.000000,0.000000,0.000000,0.000000,0.000000
10005213,clean,73,0.000000,0.000000,0.000000,0.000000,0.000000
10005214,clean,80,0.000000,0.000000,0.000000,0.000000,0.000000
10005215,clean,78,0.000000,0.000000,0.000000,0.000000,0.000000
10005216,clean,68,0.000000,0.000000,0.000000,0.000000,0.000000
10005217,clean,72,0.000000,0.000000,0.000000,0.000000,0.000000
10005218,clean,88,0.000000,0.000000,0.000000,0.000000,0.000000
10005219,clean,96,0.000000,0.000000,0.000000,0.000000,0.000000
10005220,clean,80,0.000000,0.000000,0.000000,0.000000,0.000000
10005221,clean,71,0.000000,0.000000,0.000000,0.000000,0.000000
10005222,clean,74,0.000000,0.000000,0.000000,0.000000,0.000000
10005223,clean,67,0.000000,0.000000,0.000000,0.000000,0.000000
10005224,clean,67,0.000000,0.000000,0.000000,0.000000,0.000000
10005225,clean,74,0.000000,0.000000,0.000000,0.000000,0.000000
10005226,clean,59,0.000000,0.000000,0.000000,0.000000,0.000000
10005227,clean,69,0.000000,0.000000,0.000000,0.000000,0.000000
10005228,clean,75,0.000000,0.000000,0.000000,0.000000,0.000000
10005229,clean,79,0.000000,0.000000,0.000000,0.000000,0.000000
10005230,clean,58,0.000000,0.000000,0.000000,0.000000,0.000000
10005231,clean,72,0.000000,0.000000,0.000000,0.000000,0.000000
10005232,clean,55,0.000000,0.000000,0.000000,0.000000,0.000000
10005233,clean,65,0.000000,0.000000,0.000000,0.000000,0.000000
10005234,clean,68,0.000000,0.000000,0.000000,0.000000,0.000000
10005235,clean,61,0.000000,0.000000,0.000000,0.000000,0.000000
10005236,clean,82,0.000000,0.000000,0.000000,0.000000,0.000000
10005237,clean,56,0.000000,0.000000,0.000000,0.000000,0.000000
10005238,clean,76,0.000000,0.000000,0.000000,0.000000,0.000000
10005239,clean,64,0.000000,0.000000,0.000000,0.000000,0.000000
10005240,clean,52,0.000000,0.000000,0.000000,0.000000,0.000000
10005241,clean,69,0.000000,0.000000,0.000000,0.000000,0.000000
10005242,clean,70,0.000000,0.000000,0.000000,0.000000,0.000000
10005243,clean,57,0.000000,0.000000,0.000000,0.000000,0.000000
10005244,clean,59,0.000000,0.000000,0.000000,0.000000,0.000000
10005245,clean,57,0.000000,0.000000,0.000000,0.000000,0.000000
10005246,clean,56,0.000000,0.000000,0.000000,0.000000,0.000000
10005247,clean,45,0.000000,0.000000,0.000000,0.000000,0.000000
10005248,clean,53,0.000000,0.000000,0.000000,0.000000,0.000000
10005249,clean,54,0.000000,0.000000,0.000000,0.000000,0.000000
10005250,clean,48,0.000000,0.000000,0.000000,0.000000,0.000000
10005251,clean,49,0.000000,0.000000,0.000000,0.000000,0.000000
10005252,clean,56,0.000000,0.000000,0.000000,0.000000,0.000000
10005253,clean,50,0.000000,0.000000,0.000000,0.000000,0.000000
10005254,clean,52,0.000000,0.000000,0.000000,0.000000,0.000000
10005255,clean,39,0.000000,0.000000,0.000000,0.000000,0.000000
10005256,clean,60,0.000000,0.000000,0.000000,0.000000,0.000000
10005257,clean,38,0.000000,0.000000,0.000000,0.000000,0.000000
10005258,clean,41,0.000000,0.000000,0.000000,0.000000,0.000000
10005259,clean,49,0.000000,0.000000,0.000000,0.000000,0.000000
10005260,clean,59,0.000000,0.000000,0.000000,0.000000,0.000000
10005261,clean,49,0.000000,0.000000,0.000000,0.000000,0.000000
10005262,clean,50,0.000000,0.000000,0.000000,0.000000,0.000000
10005263,clean,33,0.000000,0.000000,0.000000,0.000000,0.000000
10005264,clean,37,0.000000,0.000000,0.000000,0.000000,0.000000
10005265,clean,43,0.000000,0.000000,0.000000,0.000000,0.000000
10005266,clean,46,0.000000,0.000000,0.000000,0.000000,0.000000
10005267,clean,53,0.000000,0.000000,0.000000,0.000000,0.000000
10005268,clean,46,0.000000,0.000000,0.000000,0.000000,0.000000
10005269,clean,46,0.000000,0.000000,0.000000,0.000000,0.000000
10005270,clean,48,0.000000,0.000000,0.000000,0.000000,0.000000
10005271,clean,39,0.000000,0.000000,0.000000,0.000000,0.000000
10005272,clean,45,0.000000,0.000000,0.000000,0.000000,0.000000
10005273,clean,57,0.000000,0.000000,0.000000,0.000000,0.000000
10005274,clean,31,0.000000,0.000000,0.000000,0.000000,0.000000
10005275,clean,46,0.000000,0.000000,0.000000,0.000000,0.000000
10005276,clean,41,0.000000,0.000000,0.000000,0.000000,0.000000
10005277,clean,43,0.000000,0.000000,0.000000,0.000000,0.000000
10005278,clean,44,0.000000,0.000000,0.000000,0.000000,0.000000
10005279,clean,44,0.000000,0.000000,0.000000,0.000000,0.000000
10005280,clean,40,0.000000,0.000000,0.000000,0.000000,0.000000
10005281,clean,36,0.000000,0.000000,0.000000,0.000000,0.000000
10005282,clean,50,0.000000,0.000000,0.000000,0.000000,0.000000
10005283,clean,42,0.000000,0.000000,0.000000,0.000000,0.000000
10005284,clean,39,0.000000,0.000000,0.000000,0.000000,0.000000
10005285,clean,42,0.000000,0.000000,0.000000,0.000000,0.000000
10005286,clean,26,0.000000,0.000000,0.000000,0.000000,0.000000
10005287,clean,43,0.000000,0.000000,0.000000,0.000000,0.000000
10005288,clean,34,0.000000,0.000000,0.000000,0.000000,0.000000
10005289,clean,26,0.000000,0.000000,0.000000,0.000000,0.000000
10005290,clean,39,0.000000,0.000000,0.000000,0.000000,0.000000
10005291,clean,43,0.000000,0.000000,0.000000,0.000000,0.000000
10005292,clean,42,0.000000,0.000000,0.000000,0.000000,0.000000
10005293,clean,39,0.000000,0.000000,0.000000,0.000000,0.000000
10005294,clean,31,0.000000,0.000000,0.000000,0.000000,0.000000
10005295,clean,34,0.000000,0.000000,0.000000,0.000000,0.000000
10005296,clean,31,0.000000,0.000000,0.000000,0.000000,0.000000
10005297,clean,28,0.000000,0.000000,0.000000,0.000000,0.000000
10005298,clean,37,0.000000,0.000000,0.000000,0.000000,0.000000
10005299,clean,48,0.000000,0.000000,0.000000,0.000000,0.000000
10005300,clean,27,0.000000,0.000000,0.000000,0.000000,0.000000
10005301,clean,54,0.000000,0.000000,0.000000,0.000000,0.000000
10005302,clean,33,0.000000,0.000000,0.000000,0.000000,0.000000
10005303,clean,33,0.000000,0.000000,0.000000,0.000000,0.000000
10005304,clean,34,0.000000,0.000000,0.000000,0.000000,0.000000
10005305,clean,31,0.000000,0.000000,0.000000,0.000000,0.000000
10005306,clean,26,0.000000,0.000000,0.000000,0.000000,0.000000
10005307,clean,27,0.000000,0.000000,0.000000,0.000000,0.000000
10005308,clean,43,0.000000,0.000000,0.000000,0.000000,0.000000
10005309,clean,41,0.000000,0.000000,0.000000,0.000000,0.000000
10005310,clean,33,0.000000,0.000000,0.000000,0.000000,0.000000
10005311,clean,22,0.000000,0.000000,0.000000,0.000000,0.000000
10005312,clean,40,0.000000,0.000000,0.000000,0.000000,0.000000
10005313,clean,35,0.000000,0.000000,0.000000,0.000000,0.000000
10005314,clean,27,0.000000,0.000000,0.000000,0.000000,0.000000
10005315,clean,34,0.000000,0.000000,0.000000,0.000000,0.000000
10005316,clean,36,0.000000,0.000000,0.000000,0.000000,0.000000
10005317,clean,32,0.000000,0.000000,0.000000,0.000000,0.000000
10005318,clean,39,0.000000,0.000000,0.000000,0.000000,0.000000
10005319,clean,36,0.000000,0.000000,0.000000,0.000000,0.000000
10005320,clean,31,0.000000,0.000000,0.000000,0.000000,0.000000
10005321,clean,37,0.000000,0.000000,0.000000,0.000000,0.000000
10005322,clean,32,0.000000,0.000000,0.000000,0.000000,0.000000
10005323,clean,37,0.000000,0.000000,0.000000,0.000000,0.000000
10005324,clean,33,0.000000,0.000000,0.000000,0.000000,0.000000
10005325,clean,24,0.000000,0.000000,0.000000,0.000000,0.000000
10005326,clean,41,0.000000,0.000000,0.000000,0.000000,0.000000
10005327,clean,36,0.000000,0.000000,0.000000,0.000000,0.000000
10005328,clean,33,0.000000,0.000000,0.000000,0.000000,0.000000
10005329,clean,34,0.000000,0.000000,0.000000,0.000000,0.000000
10005330,clean,41,0.000000,0.000000,0.000000,0.000000,0.000000
10005331,clean,36,0.000000,0.000000,0.000000,0.000000,0.000000
10005332,clean,32,0.000000,0.000000,0.000000,0.000000,0.000000
10005333,clean,32,0.000000,0.000000,0.000000,0.000000,0.000000
10005334,clean,22,0.000000,0.000000,0.000000,0.000000,0.000000
10005335,clean,27,0.000000,0.000000,0.000000,0.000000,0.000000
10005336,clean,21,0.000000,0.000000,0.000000,0.000000,0.000000
10005337,clean,30,0.000000,0.000000,0.000000,0.000000,0.000000
10005338,clean,13,0.000000,0.000000,0.000000,0.000000,0.000000
10005339,clean,42,0.000000,0.000000,0.000000,0.000000,0.000000
10005340,clean,18,0.000000,0.000000,0.000000,0.000000,0.000000
10005341,clean,31,0.000000,0.000000,0.000000,0.000000,0.000000
10005342,clean,32,0.000000,0.000000,0.000000,0.000000,0.000000
10005343,clean,39,0.000000,0.000000,0.000000,0.000000,0.000000
10005344,clean,31,0.000000,0.000000,0.000000,0.000000,0.000000
10005345,clean,33,0.000000,0.000000,0.000000,0.000000,0.000000
10005346,clean,27,0.000000,0.000000,0.000000,0.000000,0.000000
10005347,clean,30,0.000000,0.000000,0.000000,0.000000,0.000000
10005348,clean,34,0.000000,0.000000,0.000000,0.000000,0.000000
10005349,clean,34,0.000000,0.000000,0.000000,0.000000,0.000000
10005350,clean,35,0.000000,0.000000,0.000000,0.000000,0.000000
10005351,clean,24,0.000000,0.000000,0.000000,0.000000,0.000000
10005352,clean,24,0.000000,0.000000,0.000000,0.000000,0.000000
10005353,clean,35,0.000000,0.000000,0.000000,0.000000,0.000000
10005354,clean,39,0.000000,0.000000,0.000000,0.000000,0.000000
10005355,clean,26,0.000000,0.000000,0.000000,0.000000,0.000000
10005356,clean,27,0.000000,0.000000,0.000000,0.000000,0.000000
10005357,clean,17,0.000000,0.000000,0.000000,0.000000,0.000000
10005358,clean,17,0.000000,0.000000,0.000000,0.000000,0.000000
10005359,clean,37,0.000000,0.000000,0.000000,0.000000,0.000000
10005360,clean,32,0.000000,0.000000,0.000000,0.000000,0.000000
10005361,clean,31,0.000000,0.000000,0.000000,0.000000,0.000000
10005362,clean,26,0.000000,0.000000,0.000000,0.000000,0.000000
10005363,clean,36,0.000000,0.000000,0.000000,0.000000,0.000000
10005364,clean,28,0.000000,0.000000,0.000000,0.000000,0.000000
10005365,clean,26,0.000000,0.000000,0.000000,0.000000,0.000000
10005366,clean,37,0.000000,0.000000,0.000000,0.000000,0.000000
10005367,clean,25,0.000000,0.000000,0.000000,0.000000,0.000000
10005368,clean,24,0.000000,0.000000,0.000000,0.000000,0.000000
10005369,clean,24,0.000000,0.000000,0.000000,0.000000,0.000000
10005370,clean,25,0.000000,0.000000,0.000000,0.000000,0.000000
10005371,clean,30,0.000000,0.000000,0.000000,0.000000,0.000000
10005372,clean,20,0.000000,0.000000,0.000000,0.000000,0.000000
10005373,clean,32,0.000000,0.000000,0.000000,0.000000,0.000000
10005374,clean,21,0.000000,0.000000,0.000000,0.000000,0.000000
10005375,clean,36,0.000000,0.000000,0.000000,0.000000,0.000000
10005376,clean,19,0.000000,0.000000,0.000000,0.000000,0.000000
10005377,clean,20,0.000000,0.000000,0.000000,0.000000,0.000000
10005378,clean,28,0.000000,0.000000,0.000000,0.000000,0.000000
10005379,clean,24,0.000000,0.000000,0.000000,0.000000,0.000000
10005380,clean,18,0.000000,0.000000,0.000000,0.000000,0.000000
10005381,clean,32,0.000000,0.000000,0.000000,0.000000,0.000000
10005382,clean,32,0.000000,0.000000,0.000000,0.000000,0.000000
10005383,clean,27,0.000000,0.000000,0.000000,0.000000,0.000000
10005384,clean,24,0.000000,0.000000,0.000000,0.000000,0.000000
10005385,clean,19,0.000000,0.000000,0.000000,0.000000,0.000000
10005386,clean,14,0.000000,0.000000,0.000000,0.000000,0.000000
10005387,clean,17,0.000000,0.000000,0.000000,0.000000,0.000000
10005388,clean,25,0.000000,0.000000,0.000000,0.000000,0.000000
10005389,clean,25,0.000000,0.000000,0.000000,0.000000,0.000000
10005390,clean,26,0.000000,0.000000,0.000000,0.000000,0.000000
10005391,clean,28,0.000000,0.000000,0.000000,0.000000,0.000000
10005392,clean,16,0.000000,0.000000,0.000000,0.000000,0.000000
10005393,clean,22,0.000000,0.000000,0.000000,0.000000,0.000000
10005394,clean,23,0.000000,0.000000,0.000000,0.000000,0.000000
10005395,clean,32,0.000000,0.000000,0.000000,0.000000,0.000000
10005396,clean,26,0.000000,0.000000,0.000000,0.000000,0.000000
10005397,clean,24,0.000000,0.000000,0.000000,0.000000,0.000000
10005398,clean,27,0.000000,0.000000,0.000000,0.000000,0.000000
10005399,clean,17,0.000000,0.000000,0.000000,0.000000,0.000000
10005400,clean,16,0.000000,0.000000,0.000000,0.000000,0.000000
10005401,clean,22,0.000000,0.000000,0.000000,0.000000,0.000000
10005402,clean,22,0.000000,0.000000,0.000000,0.000000,0.000000
10005403,clean,24,0.000000,0.000000,0.000000,0.000000,0.000000
10005404,clean,30,0.000000,0.000000,0.000000,0.000000,0.000000
10005405,clean,41,0.000000,0.000000,0.000000,0.000000,0.000000
10005406,clean,27,0.000000,0.000000,0.000000,0.000000,0.000000
10005407,clean,26,0.000000,0.000000,0.000000,0.000000,0.000000
10005408,clean,29,0.000000,0.000000,0.000000,0.000000,0.000000
10005409,clean,31,0.000000,0.000000,0.000000,0.000000,0.000000
10005410,clean,18,0.000000,0.000000,0.000000,0.000000,0.000000
10005411,clean,24,0.000000,0.000000,0.000000,0.000000,0.000000
10005412,clean,18,0.000000,0.000000,0.000000,0.000000,0.000000
10005413,clean,22,0.000000,0.000000,0.000000,0.000000,0.000000
10005414,clean,22,0.000000,0.000000,0.000000,0.000000,0.000000
10005415,clean,16,0.000000,0.000000,0.000000,0.000000,0.000000
10005416,clean,19,0.000000,0.000000,0.000000,0.000000,0.000000
10005417,clean,25,0.000000,0.000000,0.000000,0.000000,0.000000
10005418,clean,20,0.000000,0.000000,0.000000,0.000000,0.000000
10005419,clean,27,0.000000,0.000000,0.000000,0.000000,0.000000
10005420,clean,25,0.000000,0.000000,0.000000,0.000000,0.000000
10005421,clean,14,0.000000,0.000000,0.000000,0.000000,0.000000
10005422,clean,22,0.000000,0.000000,0.000000,0.000000,0.000000
10005423,clean,26,0.000000,0.000000,0.000000,0.000000,0.000000
10005424,clean,27,0.000000,0.000000,0.000000,0.000000,0.000000
10005425,clean,21,0.000000,0.000000,0.000000,0.000000,0.000000
10005426,clean,34,0.000000,0.000000,0.000000,0.000000,0.000000
10005427,clean,19,0.000000,0.000000,0.000000,0.000000,0.000000
10005428,clean,19,0.000000,0.000000,0.000000,0.000000,0.000000
10005429,clean,24,0.000000,0.000000,0.000000,0.000000,0.000000
10005430,clean,24,0.000000,0.000000,0.000000,0.000000,0.000000
10005431,clean,32,0.000000,0.000000,0.000000,0.000000,0.000000
10005432,clean,24,0.000000,0.000000,0.000000,0.000000,0.000000
10005433,clean,26,0.000000,0.000000,0.000000,0.000000,0.000000
10005434,clean,19,0.000000,0.000000,0.000000,0.000000,0.000000
10005435,clean,22,0.000000,0.000000,0.000000,0.000000,0.000000
10005436,clean,29,0.000000,0.000000,0.000000,0.000000,0.000000
10005437,clean,20,0.000000,0.000000,0.000000,0.000000,0.000000
10005438,clean,26,0.000000,0.000000,0.000000,0.000000,0.000000
10005439,clean,30,0.000000,0.000000,0.000000,0.000000,0.000000
10005440,clean,25,0.000000,0.000000,0.000000,0.000000,0.000000
10005441,clean,29,0.000000,0.000000,0.000000,0.000000,0.000000
10005442,clean,33,0.000000,0.000000,0.000000,0.000000,0.000000
10005443,clean,25,0.000000,0.000000,0.000000,0.000000,0.000000
10005444,clean,25,0.000000,0.000000,0.000000,0.000000,0.000000
10005445,clean,22,0.000000,0.000000,0.000000,0.000000,0.000000
10005446,clean,22,0.000000,0.000000,0.000000,0.000000,0.000000
10005447,clean,28,0.000000,0.000000,0.000000,0.000000,0.000000
10005448,clean,25,0.000000,0.000000,0.000000,0.000000,0.000000
10005449,clean,23,0.000000,0.000000,0.000000,0.000000,0.000000
10005450,clean,26,0.000000,0.000000,0.000000,0.000000,0.000000
10005451,clean,25,0.000000,0.000000,0.000000,0.000000,0.000000
10005452,clean,31,0.000000,0.000000,0.000000,0.000000,0.000000
10005453,clean,21,0.000000,0.000000,0.000000,0.000000,0.000000
10005454,clean,24,0.000000,0.000000,0.000000,0.000000,0.000000
10005455,clean,33,0.000000,0.000000,0.000000,0.000000,0.000000
10005456,clean,27,0.000000,0.000000,0.000000,0.000000,0.000000
10005457,clean,17,0.000000,0.000000,0.000000,0.000000,0.000000
10005458,clean,28,0.000000,0.000000,0.000000,0.000000,0.000000
10005459,clean,22,0.000000,0.000000,0.000000,0.000000,0.000000
10005460,clean,27,0.000000,0.000000,0.000000,0.000000,0.000000
10005461,clean,31,0.000000,0.000000,0.000000,0.000000,0.000000
10005462,clean,32,0.000000,0.000000,0.000000,0.000000,0.000000
10005463,clean,24,0.000000,0.000000,0.000000,0.000000,0.000000
10005464,clean,14,0.000000,0.000000,0.000000,0.000000,0.000000
10005465,clean,24,0.000000,0.000000,0.000000,0.000000,0.000000
10005466,clean,29,0.000000,0.000000,0.000000,0.000000,0.000000
10005467,clean,22,0.000000,0.000000,0.000000,0.000000,0.000000
10005468,clean,31,0.000000,0.000000,0.000000,0.000000,0.000000
10005469,clean,28,0.000000,0.000000,0.000000,0.000000,0.000000
10005470,clean,23,0.000000,0.000000,0.000000,0.000000,0.000000
10005471,clean,27,0.000000,0.000000,0.000000,0.000000,0.000000
10005472,clean,25,0.000000,0.000000,0.000000,0.000000,0.000000
10005473,clean,28,0.000000,0.000000,0.000000,0.000000,0.000000
10005474,clean,25,0.000000,0.000000,0.000000,0.000000,0.000000
10005475,clean,11,0.000000,0.000000,0.000000,0.000000,0.000000
10005476,clean,20,0.000000,0.000000,0.000000,0.000000,0.000000
10005477,clean,19,0.000000,0.000000,0.000000,0.000000,0.000000
10005478,clean,28,0.000000,0.000000,0.000000,0.000000,0.000000
10005479,clean,16,0.000000,0.000000,0.000000,0.000000,0.000000
10005480,clean,29,0.000000,0.000000,0.000000,0.000000,0.000000
10005481,clean,33,0.000000,0.000000,0.000000,0.000000,0.000000
10005482,clean,20,0.000000,0.000000,0.000000,0.000000,0.000000
10005483,clean,21,0.000000,0.000000,0.000000,0.000000,0.000000
10005484,clean,21,0.000000,0.000000,0.000000,0.000000,0.000000
10005485,clean,37,0.000000,0.000000,0.000000,0.000000,0.000000
10005486,clean,35,0.000000,0.000000,0.000000,0.000000,0.000000
10005487,clean,16,0.000000,0.000000,0.000000,0.000000,0.000000
10005488,clean,24,0.000000,0.000000,0.000000,0.000000,0.000000
10005489,clean,28,0.000000,0.000000,0.000000,0.000000,0.000000
10005490,clean,32,0.000000,0.000000,0.000000,0.000000,0.000000
10005491,clean,34,0.000000,0.000000,0.000000,0.000000,0.000000
10005492,clean,32,0.000000,0.000000,0.000000,0.000000,0.000000
10005493,clean,31,0.000000,0.000000,0.000000,0.000000,0.000000
10005494,clean,37,0.000000,0.000000,0.000000,0.000000,0.000000
10005495,clean,32,0.000000,0.000000,0.000000,0.000000,0.000000
10005496,clean,37,0.000000,0.000000,0.000000,0.000000,0.000000
10005497,clean,26,0.000000,0.000000,0.000000,0.000000,0.000000
10005498,clean,25,0.000000,0.000000,0.000000,0.000000,0.000000
10005499,clean,38,0.000000,0.000000,0.000000,0.000000,0.000000
10005500,clean,30,0.000000,0.000000,0.000000,0.000000,0.000000
10005501,clean,36,0.000000,0.000000,0.000000,0.000000,0.000000
10005502,clean,34,0.000000,0.000000,0.000000,0.000000,0.000000
10005503,clean,35,0.000000,0.000000,0.000000,0.000000,0.000000
10005504,clean,27,0.000000,0.000000,0.000000,0.000000,0.000000
10005505,clean,31,0.000000,0.000000,0.000000,0.000000,0.000000
10005506,clean,42,0.000000,0.000000,0.000000,0.000000,0.000000
10005507,clean,36,0.000000,0.000000,0.000000,0.000000,0.000000
10005508,clean,27,0.000000,0.000000,0.000000,0.000000,0.000000
10005509,clean,34,0.000000,0.000000,0.000000,0.000000,0.000000
10005510,clean,45,0.000000,0.000000,0.000000,0.000000,0.000000
10005511,clean,41,0.000000,0.000000,0.000000,0.000000,0.000000
10005512,clean,35,0.000000,0.000000,0.000000,0.000000,0.000000
10005513,clean,43,0.000000,0.000000,0.000000,0.000000,0.000000
10005514,clean,26,0.000000,0.000000,0.000000,0.000000,0.000000
10005515,clean,40,0.000000,0.000000,0.000000,0.000000,0.000000
10005516,clean,32,0.000000,0.000000,0.000000,0.000000,0.000000
10005517,clean,25,0.000000,0.000000,0.000000,0.000000,0.000000
10005518,clean,53,0.000000,0.000000,0.000000,0.000000,0.000000
10005519,clean,42,0.000000,0.000000,0.000000,0.000000,0.000000
10005520,clean,36,0.000000,0.000000,0.000000,0.000000,0.000000
10005521,clean,31,0.000000,0.000000,0.000000,0.000000,0.000000
10005522,clean,33,0.000000,0.000000,0.000000,0.000000,0.000000
10005523,clean,41,0.000000,0.000000,0.000000,0.000000,0.000000
10005524,clean,39,0.000000,0.000000,0.000000,0.000000,0.000000
10005525,clean,34,0.000000,0.000000,0.000000,0.000000,0.000000
10005526,clean,37,0.000000,0.000000,0.000000,0.000000,0.000000
10005527,clean,42,0.000000,0.000000,0.000000,0.000000,0.000000
10005528,clean,28,0.000000,0.000000,0.000000,0.000000,0.000000
10005529,clean,38,0.000000,0.000000,0.000000,0.000000,0.000000
10005530,clean,38,0.000000,0.000000,0.000000,0.000000,0.000000
10005531,clean,46,0.000000,0.000000,0.000000,0.000000,0.000000
10005532,clean,41,0.000000,0.000000,0.000000,0.000000,0.000000
10005533,clean,35,0.000000,0.000000,0.000000,0.000000,0.000000
10005534,clean,48,0.000000,0.000000,0.000000,0.000000,0.000000
10005535,clean,37,0.000000,0.000000,0.000000,0.000000,0.000000
10005536,clean,53,0.000000,0.000000,0.000000,0.000000,0.000000
10005537,clean,49,0.000000,0.000000,0.000000,0.000000,0.000000
10005538,clean,43,0.000000,0.000000,0.000000,0.000000,0.000000
10005539,clean,34,0.000000,0.000000,0.000000,0.000000,0.000000
10005540,clean,42,0.000000,0.000000,0.000000,0.000000,0.000000
10005541,clean,47,0.000000,0.000000,0.000000,0.000000,0.000000
10005542,clean,56,0.000000,0.000000,0.000000,0.000000,0.000000
10005543,clean,48,0.000000,0.000000,0.000000,0.000000,0.000000
10005544,clean,39,0.000000,0.000000,0.000000,0.000000,0.000000
10005545,clean,40,0.000000,0.000000,0.000000,0.000000,0.000000
10005546,clean,38,0.000000,0.000000,0.000000,0.000000,0.000000
10005547,clean,32,0.000000,0.000000,0.000000,0.000000,0.000000
10005548,clean,38,0.000000,0.000000,0.000000,0.000000,0.000000
10005549,clean,42,0.000000,0.000000,0.000000,0.000000,0.000000
10005550,clean,49,0.000000,0.000000,0.000000,0.000000,0.000000
10005551,clean,37,0.000000,0.000000,0.000000,0.000000,0.000000
10005552,clean,44,0.000000,0.000000,0.000000,0.000000,0.000000
10005553,clean,58,0.000000,0.000000,0.000000,0.000000,0.000000
10005554,clean,37,0.000000,0.000000,0.000000,0.000000,0.000000
10005555,clean,37,0.000000,0.000000,0.000000,0.000000,0.000000
10005556,clean,40,0.000000,0.000000,0.000000,0.000000,0.000000
10005557,clean,36,0.000000,0.000000,0.000000,0.000000,0.000000
10005558,clean,50,0.000000,0.000000,0.000000,0.000000,0.000000
10005559,clean,35,0.000000,0.000000,0.000000,0.000000,0.000000
10005560,clean,52,0.000000,0.000000,0.000000,0.000000,0.000000
10005561,clean,48,0.000000,0.000000,0.000000,0.000000,0.000000
10005562,clean,32,0.000000,0.000000,0.000000,0.000000,0.000000
10005563,clean,40,0.000000,0.000000,0.000000,0.000000,0.000000
10005564,clean,37,0.000000,0.000000,0.000000,0.000000,0.000000
10005565,clean,38,0.000000,0.000000,0.000000,0.000000,0.000000
10005566,clean,39,0.000000,0.000000,0.000000,0.000000,0.000000
10005567,clean,38,0.000000,0.000000,0.000000,0.000000,0.000000
10005568,clean,35,0.000000,0.000000,0.000000,0.000000,0.000000
10005569,clean,44,0.000000,0.000000,0.000000,0.000000,0.000000
10005570,clean,37,0.000000,0.000000,0.000000,0.000000,0.000000
10005571,clean,46,0.000000,0.000000,0.000000,0.000000,0.000000
10005572,clean,59,0.000000,0.000000,0.000000,0.000000,0.000000
10005573,clean,37,0.000000,0.000000,0.000000,0.000000,0.000000
10005574,clean,40,0.000000,0.000000,0.000000,0.000000,0.000000
10005575,clean,40,0.000000,0.000000,0.000000,0.000000,0.000000
10005576,clean,48,0.000000,0.000000,0.000000,0.000000,0.000000
10005577,clean,44,0.000000,0.000000,0.000000,0.000000,0.000000
10005578,clean,43,0.000000,0.000000,0.000000,0.000000,0.000000
10005579,clean,36,0.000000,0.000000,0.000000,0.000000,0.000000
10005580,clean,33,0.000000,0.000000,0.000000,0.000000,0.000000
10005581,clean,26,0.000000,0.000000,0.000000,0.000000,0.000000
10005582,clean,42,0.000000,0.000000,0.000000,0.000000,0.000000
10005583,clean,43,0.000000,0.000000,0.000000,0.000000,0.000000
10005584,clean,40,0.000000,0.000000,0.000000,0.000000,0.000000
10005585,clean,40,0.000000,0.000000,0.000000,0.000000,0.000000
10005586,clean,36,0.000000,0.000000,0.000000,0.000000,0.000000
10005587,clean,27,0.000000,0.000000,0.000000,0.000000,0.000000
10005588,clean,49,0.000000,0.000000,0.000000,0.000000,0.000000
10005589,clean,44,0.000000,0.000000,0.000000,0.000000,0.000000
10005590,clean,37,0.000000,0.000000,0.000000,0.000000,0.000000
10005591,clean,46,0.000000,0.000000,0.000000,0.000000,0.000000
10005592,clean,33,0.000000,0.000000,0.000000,0.000000,0.000000
10005593,clean,25,0.000000,0.000000,0.000000,0.000000,0.000000
10005594,clean,39,0.000000,0.000000,0.000000,0.000000,0.000000
10005595,clean,46,0.000000,0.000000,0.000000,0.000000,0.000000
10005596,clean,36,0.000000,0.000000,0.000000,0.000000,0.000000
10005597,clean,37,0.000000,0.000000,0.000000,0.000000,0.000000
10005598,clean,40,0.000000,0.000000,0.000000,0.000000,0.000000
10005599,clean,31,0.000000,0.000000,0.000000,0.000000,0.000000
10005600,clean,34,0.000000,0.000000,0.000000,0.000000,0.000000
10005601,clean,42,0.000000,0.000000,0.000000,0.000000,0.000000
10005602,clean,44,0.000000,0.000000,0.000000,0.000000,0.000000
10005603,clean,38,0.000000,0.000000,0.000000,0.000000,0.000000
10005604,clean,43,0.000000,0.000000,0.000000,0.000000,0.000000
10005605,clean,38,0.000000,0.000000,0.000000,0.000000,0.000000
10005606,clean,27,0.000000,0.000000,0.000000,0.000000,0.000000
10005607,clean,53,0.000000,0.000000,0.000000,0.000000,0.000000
10005608,clean,33,0.000000,0.000000,0.000000,0.000000,0.000000
10005609,clean,44,0.000000,0.000000,0.000000,0.000000,0.000000
10005610,clean,36,0.000000,0.000000,0.000000,0.000000,0.000000
10005611,clean,20,0.000000,0.000000,0.000000,0.000000,0.000000
10005612,clean,56,0.000000,0.000000,0.000000,0.000000,0.000000
10005613,clean,42,0.000000,0.000000,0.000000,0.000000,0.000000
10005614,clean,40,0.000000,0.000000,0.000000,0.000000,0.000000
10005615,clean,48,0.000000,0.000000,0.000000,0.000000,0.000000
10005616,clean,30,0.000000,0.000000,0.000000,0.000000,0.000000
10005617,clean,30,0.000000,0.000000,0.000000,0.000000,0.000000
10005618,clean,32,0.000000,0.000000,0.000000,0.000000,0.000000
10005619,clean,37,0.000000,0.000000,0.000000,0.000000,0.000000
10005620,clean,24,0.000000,0.000000,0.000000,0.000000,0.000000
10005621,clean,46,0.000000,0.000000,0.000000,0.000000,0.000000
10005622,clean,40,0.000000,0.000000,0.000000,0.000000,0.000000
10005623,clean,40,0.000000,0.000000,0.000000,0.000000,0.000000
10005624,clean,40,0.000000,0.000000,0.000000,0.000000,0.000000
10005625,clean,38,0.000000,0.000000,0.000000,0.000000,0.000000
10005626,clean,35,0.000000,0.000000,0.000000,0.000000,0.000000
10005627,clean,29,0.000000,0.000000,0.000000,0.000000,0.000000
10005628,clean,45,0.000000,0.000000,0.000000,0.000000,0.000000
10005629,clean,41,0.000000,0.000000,0.000000,0.000000,0.000000
10005630,clean,35,0.000000,0.000000,0.000000,0.000000,0.000000
10005631,clean,44,0.000000,0.000000,0.000000,0.000000,0.000000
10005632,clean,38,0.000000,0.000000,0.000000,0.000000,0.000000
10005633,clean,42,0.000000,0.000000,0.000000,0.000000,0.000000
10005634,clean,52,0.000000,0.000000,0.000000,0.000000,0.000000
10005635,clean,40,0.000000,0.000000,0.000000,0.000000,0.000000
10005636,clean,43,0.000000,0.000000,0.000000,0.000000,0.000000
10005637,clean,35,0.000000,0.000000,0.000000,0.000000,0.000000
10005638,clean,39,0.000000,0.000000,0.000000,0.000000,0.000000
10005639,clean,33,0.000000,0.000000,0.000000,0.000000,0.000000
10005640,clean,28,0.000000,0.000000,0.000000,0.000000,0.000000
10005641,clean,33,0.000000,0.000000,0.000000,0.000000,0.000000
10005642,clean,37,0.000000,0.000000,0.000000,0.000000,0.000000
10005643,clean,39,0.000000,0.000000,0.000000,0.000000,0.000000
10005644,clean,34,0.000000,0.000000,0.000000,0.000000,0.000000
10005645,clean,22,0.000000,0.000000,0.000000,0.000000,0.000000
10005646,clean,35,0.000000,0.000000,0.000000,0.000000,0.000000
10005647,clean,28,0.000000,0.000000,0.000000,0.000000,0.000000
10005648,clean,29,0.000000,0.000000,0.000000,0.000000,0.000000
10005649,clean,41,0.000000,0.000000,0.000000,0.000000,0.000000
10005650,clean,40,0.000000,0.000000,0.000000,0.000000,0.000000
10005651,clean,36,0.000000,0.000000,0.000000,0.000000,0.000000
10005652,clean,24,0.000000,0.000000,0.000000,0.000000,0.000000
10005653,clean,34,0.000000,0.000000,0.000000,0.000000,0.000000
10005654,clean,38,0.000000,0.000000,0.000000,0.000000,0.000000
10005655,clean,31,0.000000,0.000000,0.000000,0.000000,0.000000
10005656,clean,32,0.000000,0.000000,0.000000,0.000000,0.000000
10005657,clean,33,0.000000,0.000000,0.000000,0.000000,0.000000
10005658,clean,34,0.000000,0.000000,0.000000,0.000000,0.000000
10005659,clean,38,0.000000,0.000000,0.000000,0.000000,0.000000
10005660,clean,25,0.000000,0.000000,0.000000,0.000000,0.000000
10005661,clean,33,0.000000,0.000000,0.000000,0.000000,0.000000
10005662,clean,36,0.000000,0.000000,0.000000,0.000000,0.000000
10005663,clean,30,0.000000,0.000000,0.000000,0.000000,0.000000
10005664,clean,22,0.000000,0.000000,0.000000,0.000000,0.000000
10005665,clean,34,0.000000,0.000000,0.000000,0.000000,0.000000
10005666,clean,43,0.000000,0.000000,0.000000,0.000000,0.000000
10005667,clean,32,0.000000,0.000000,0.000000,0.000000,0.000000
10005668,clean,26,0.000000,0.000000,0.000000,0.000000,0.000000
10005669,clean,17,0.000000,0.000000,0.000000,0.000000,0.000000
10005670,clean,29,0.000000,0.000000,0.000000,0.000000,0.000000
10005671,clean,33,0.000000,0.000000,0.000000,0.000000,0.000000
10005672,clean,25,0.000000,0.000000,0.000000,0.000000,0.000000
10005673,clean,25,0.000000,0.000000,0.000000,0.000000,0.000000
10005674,clean,38,0.000000,0.000000,0.000000,0.000000,0.000000
10005675,clean,24,0.000000,0.000000,0.000000,0.000000,0.000000
10005676,clean,29,0.000000,0.000000,0.000000,0.000000,0.000000
10005677,clean,30,0.000000,0.000000,0.000000,0.000000,0.000000
10005678,clean,30,0.000000,0.000000,0.000000,0.000000,0.000000
10005679,clean,36,0.000000,0.000000,0.000000,0.000000,0.000000
10005680,clean,34,0.000000,0.000000,0.000000,0.000000,0.000000
10005681,clean,23,0.000000,0.000000,0.000000,0.000000,0.000000
10005682,clean,25,0.000000,0.000000,0.000000,0.000000,0.000000
10005683,clean,21,0.000000,0.000000,0.000000,0.000000,0.000000
10005684,clean,29,0.000000,0.000000,0.000000,0.000000,0.000000
10005685,clean,29,0.000000,0.000000,0.000000,0.000000,0.000000
10005686,clean,33,0.000000,0.000000,0.000000,0.000000,0.000000
10005687,clean,20,0.000000,0.000000,0.000000,0.000000,0.000000
10005688,clean,28,0.000000,0.000000,0.000000,0.000000,0.000000
10005689,clean,34,0.000000,0.000000,0.000000,0.000000,0.000000
10005690,clean,29,0.000000,0.000000,0.000000,0.000000,0.000000
10005691,clean,33,0.000000,0.000000,0.000000,0.000000,0.000000
10005692,clean,28,0.000000,0.000000,0.000000,0.000000,0.000000
10005693,clean,35,0.000000,0.000000,0.000000,0.000000,0.000000
10005694,clean,30,0.000000,0.000000,0.000000,0.000000,0.000000
10005695,clean,19,0.000000,0.000000,0.000000,0.000000,0.000000
10005696,clean,43,0.000000,0.000000,0.000000,0.000000,0.000000
10005697,clean,26,0.000000,0.000000,0.000000,0.000000,0.000000
10005698,clean,32,0.000000,0.000000,0.000000,0.000000,0.000000
10005699,clean,14,0.000000,0.000000,0.000000,0.000000,0.000000
10005700,clean,33,0.000000,0.000000,0.000000,0.000000,0.000000
10005701,clean,21,0.000000,0.000000,0.000000,0.000000,0.000000
10005702,clean,29,0.000000,0.000000,0.000000,0.000000,0.000000
10005703,clean,28,0.000000,0.000000,0.000000,0.000000,0.000000
10005704,clean,33,0.000000,0.000000,0.000000,0.000000,0.000000
10005705,clean,22,0.000000,0.000000,0.000000,0.000000,0.000000
10005706,clean,28,0.000000,0.000000,0.000000,0.000000,0.000000
10005707,clean,22,0.000000,0.000000,0.000000,0.000000,0.000000
10005708,clean,18,0.000000,0.000000,0.000000,0.000000,0.000000
10005709,clean,26,0.000000,0.000000,0.000000,0.000000,0.000000
10005710,clean,24,0.000000,0.000000,0.000000,0.000000,0.000000
10005711,clean,24,0.000000,0.000000,0.000000,0.000000,0.000000
10005712,clean,34,0.000000,0.000000,0.000000,0.000000,0.000000
10005713,clean,24,0.000000,0.000000,0.000000,0.000000,0.000000
10005714,clean,29,0.000000,0.000000,0.000000,0.000000,0.000000
10005715,clean,29,0.000000,0.000000,0.000000,0.000000,0.000000
10005716,clean,20,0.000000,0.000000,0.000000,0.000000,0.000000
10005717,clean,29,0.000000,0.000000,0.000000,0.000000,0.000000
10005718,clean,17,0.000000,0.000000,0.000000,0.000000,0.000000
10005719,clean,28,0.000000,0.000000,0.000000,0.000000,0.000000
10005720,clean,25,0.000000,0.000000,0.000000,0.000000,0.000000
10005721,clean,15,0.000000,0.000000,0.000000,0.000000,0.000000
10005722,clean,26,0.000000,0.000000,0.000000,0.000000,0.000000
10005723,clean,36,0.000000,0.000000,0.000000,0.000000,0.000000
10005724,clean,24,0.000000,0.000000,0.000000,0.000000,0.000000
10005725,clean,28,0.000000,0.000000,0.000000,0.000000,0.000000
10005726,clean,34,0.000000,0.000000,0.000000,0.000000,0.000000
10005727,clean,25,0.000000,0.000000,0.000000,0.000000,0.000000
10005728,clean,24,0.000000,0.000000,0.000000,0.000000,0.000000
10005729,clean,24,0.000000,0.000000,0.000000,0.000000,0.000000
10005730,clean,35,0.000000,0.000000,0.000000,0.000000,0.000000
10005731,clean,21,0.000000,0.000000,0.000000,0.000000,0.000000
10005732,clean,19,0.000000,0.000000,0.000000,0.000000,0.000000
10005733,clean,25,0.000000,0.000000,0.000000,0.000000,0.000000
10005734,clean,36,0.000000,0.000000,0.000000,0.000000,0.000000
10005735,clean,29,0.000000,0.000000,0.000000,0.000000,0.000000
10005736,clean,27,0.000000,0.000000,0.000000,0.000000,0.000000
10005737,clean,36,0.000000,0.000000,0.000000,0.000000,0.000000
10005738,clean,31,0.000000,0.000000,0.000000,0.000000,0.000000
10005739,clean,28,0.000000,0.000000,0.000000,0.000000,0.000000
10005740,clean,35,0.000000,0.000000,0.000000,0.000000,0.000000
10005741,clean,34,0.000000,0.000000,0.000000,0.000000,0.000000
10005742,clean,20,0.000000,0.000000,0.000000,0.000000,0.000000
10005743,clean,40,0.000000,0.000000,0.000000,0.000000,0.000000
10005744,clean,28,0.000000,0.000000,0.000000,0.000000,0.000000
10005745,clean,21,0.000000,0.000000,0.000000,0.000000,0.000000
10005746,clean,38,0.000000,0.000000,0.000000,0.000000,0.000000
10005747,clean,25,0.000000,0.000000,0.000000,0.000000,0.000000
10005748,clean,32,0.000000,0.000000,0.000000,0.000000,0.000000
10005749,clean,30,0.000000,0.000000,0.000000,0.000000,0.000000
10005750,clean,41,0.000000,0.000000,0.000000,0.000000,0.000000
10005751,clean,38,0.000000,0.000000,0.000000,0.000000,0.000000
10005752,clean,30,0.000000,0.000000,0.000000,0.000000,0.000000
10005753,clean,27,0.000000,0.000000,0.000000,0.000000,0.000000
10005754,clean,23,0.000000,0.000000,0.000000,0.000000,0.000000
10005755,clean,29,0.000000,0.000000,0.000000,0.000000,0.000000
10005756,clean,25,0.000000,0.000000,0.000000,0.000000,0.000000
10005757,clean,30,0.000000,0.000000,0.000000,0.000000,0.000000
10005758,clean,37,0.000000,0.000000,0.000000,0.000000,0.000000
10005759,clean,36,0.000000,0.000000,0.000000,0.000000,0.000000
10005760,clean,30,0.000000,0.000000,0.000000,0.000000,0.000000
10005761,clean,33,0.000000,0.000000,0.000000,0.000000,0.000000
10005762,clean,25,0.000000,0.000000,0.000000,0.000000,0.000000
10005763,clean,24,0.000000,0.000000,0.000000,0.000000,0.000000
10005764,clean,33,0.000000,0.000000,0.000000,0.000000,0.000000
10005765,clean,28,0.000000,0.000000,0.000000,0.000000,0.000000
10005766,clean,38,0.000000,0.000000,0.000000,0.000000,0.000000
10005767,clean,31,0.000000,0.000000,0.000000,0.000000,0.000000
10005768,clean,23,0.000000,0.000000,0.000000,0.000000,0.000000
10005769,clean,33,0.000000,0.000000,0.000000,0.000000,0.000000
10005770,clean,25,0.000000,0.000000,0.000000,0.000000,0.000000
10005771,clean,31,0.000000,0.000000,0.000000,0.000000,0.000000
10005772,clean,27,0.000000,0.000000,0.000000,0.000000,0.000000
10005773,clean,38,0.000000,0.000000,0.000000,0.000000,0.000000
10005774,clean,36,0.000000,0.000000,0.000000,0.000000,0.000000
10005775,clean,15,0.000000,0.000000,0.000000,0.000000,0.000000
10005776,clean,25,0.000000,0.000000,0.000000,0.000000,0.000000
10005777,clean,38,0.000000,0.000000,0.000000,0.000000,0.000000
10005778,clean,28,0.000000,0.000000,0.000000,0.000000,0.000000
10005779,clean,27,0.000000,0.000000,0.000000,0.000000,0.000000
10005780,clean,29,0.000000,0.000000,0.000000,0.000000,0.000000
10005781,clean,27,0.000000,0.000000,0.000000,0.000000,0.000000
10005782,clean,35,0.000000,0.000000,0.000000,0.000000,0.000000
10005783,clean,25,0.000000,0.000000,0.000000,0.000000,0.000000
10005784,clean,26,0.000000,0.000000,0.000000,0.000000,0.000000
10005785,clean,24,0.000000,0.000000,0.000000,0.000000,0.000000
10005786,clean,25,0.000000,0.000000,0.000000,0.000000,0.000000
10005787,clean,21,0.000000,0.000000,0.000000,0.000000,0.000000
10005788,clean,29,0.000000,0.000000,0.000000,0.000000,0.000000
10005789,clean,19,0.000000,0.000000,0.000000,0.000000,0.000000
10005790,clean,29,0.000000,0.000000,0.000000,0.000000,0.000000
10005791,clean,24,0.000000,0.000000,0.000000,0.000000,0.000000
10005792,clean,30,0.000000,0.000000,0.000000,0.000000,0.000000
10005793,clean,30,0.000000,0.000000,0.000000,0.000000,0.000000
10005794,clean,26,0.000000,0.000000,0.000000,0.000000,0.000000
10005795,clean,41,0.000000,0.000000,0.000000,0.000000,0.000000
10005796,clean,23,0.000000,0.000000,0.000000,0.000000,0.000000
10005797,clean,26,0.000000,0.000000,0.000000,0.000000,0.000000
10005798,clean,29,0.000000,0.000000,0.000000,0.000000,0.000000
10005799,clean,29,0.000000,0.000000,0.000000,0.000000,0.000000
10005800,clean,28,0.000000,0.000000,0.000000,0.000000,0.000000
10005801,clean,24,0.000000,0.000000,0.000000,0.000000,0.000000
10005802,clean,19,0.000000,0.000000,0.000000,0.000000,0.000000
10005803,clean,24,0.000000,0.000000,0.000000,0.000000,0.000000
10005804,clean,29,0.000000,0.000000,0.000000,0.000000,0.000000
10005805,clean,28,0.000000,0.000000,0.000000,0.000000,0.000000
10005806,clean,24,0.000000,0.000000,0.000000,0.000000,0.000000
10005807,clean,28,0.000000,0.000000,0.000000,0.000000,0.000000
10005808,clean,29,0.000000,0.000000,0.000000,0.000000,0.000000
10005809,clean,22,0.000000,0.000000,0.000000,0.000000,0.000000
10005810,clean,30,0.000000,0.000000,0.000000,0.000000,0.000000
10005811,clean,25,0.000000,0.000000,0.000000,0.000000,0.000000
10005812,clean,34,0.000000,0.000000,0.000000,0.000000,0.000000
10005813,clean,33,0.000000,0.000000,0.000000,0.000000,0.000000
10005814,clean,31,0.000000,0.000000,0.000000,0.000000,0.000000
10005815,clean,25,0.000000,0.000000,0.000000,0.000000,0.000000
10005816,clean,25,0.000000,0.000000,0.000000,0.000000,0.000000
10005817,clean,24,0.000000,0.000000,0.000000,0.000000,0.000000
10005818,clean,29,0.000000,0.000000,0.000000,0.000000,0.000000
10005819,clean,37,0.000000,0.000000,0.000000,0.000000,0.000000
10005820,clean,33,0.000000,0.000000,0.000000,0.000000,0.000000
10005821,clean,29,0.000000,0.000000,0.000000,0.000000,0.000000
10005822,clean,22,0.000000,0.000000,0.000000,0.000000,0.000000
10005823,clean,20,0.000000,0.000000,0.000000,0.000000,0.000000
10005824,clean,32,0.000000,0.000000,0.000000,0.000000,0.000000
10005825,clean,22,0.000000,0.000000,0.000000,0.000000,0.000000
10005826,clean,29,0.000000,0.000000,0.000000,0.000000,0.000000
10005827,clean,36,0.000000,0.000000,0.000000,0.000000,0.000000
10005828,clean,25,0.000000,0.000000,0.000000,0.000000,0.000000
10005829,clean,24,0.000000,0.000000,0.000000,0.000000,0.000000
10005830,clean,23,0.000000,0.000000,0.000000,0.000000,0.000000
10005831,clean,26,0.000000,0.000000,0.000000,0.000000,0.000000
10005832,clean,24,0.000000,0.000000,0.000000,0.000000,0.000000
10005833,clean,28,0.000000,0.000000,0.000000,0.000000,0.000000
10005834,clean,21,0.000000,0.000000,0.000000,0.000000,0.000000
10005835,clean,26,0.000000,0.000000,0.000000,0.000000,0.000000
10005836,clean,28,0.000000,0.000000,0.000000,0.000000,0.000000
10005837,clean,15,0.000000,0.000000,0.000000,0.000000,0.000000
10005838,clean,29,0.000000,0.000000,0.000000,0.000000,0.000000
10005839,clean,27,0.000000,0.000000,0.000000,0.000000,0.000000
10005840,clean,15,0.000000,0.000000,0.000000,0.000000,0.000000
10005841,clean,25,0.000000,0.000000,0.000000,0.000000,0.000000
10005842,clean,23,0.000000,0.000000,0.000000,0.000000,0.000000
10005843,clean,19,0.000000,0.000000,0.000000,0.000000,0.000000
10005844,clean,20,0.000000,0.000000,0.000000,0.000000,0.000000
10005845,clean,23,0.000000,0.000000,0.000000,0.000000,0.000000
10005846,clean,22,0.000000,0.000000,0.000000,0.000000,0.000000
10005847,clean,17,0.000000,0.000000,0.000000,0.000000,0.000000
10005848,clean,11,0.000000,0.000000,0.000000,0.000000,0.000000
10005849,clean,18,0.000000,0.000000,0.000000,0.000000,0.000000
10005850,clean,22,0.000000,0.000000,0.000000,0.000000,0.000000
10005851,clean,13,0.000000,0.000000,0.000000,0.000000,0.000000
10005852,clean,18,0.000000,0.000000,0.000000,0.000000,0.000000
10005853,clean,24,0.000000,0.000000,0.000000,0.000000,0.000000
10005854,clean,12,0.000000,0.000000,0.000000,0.000000,0.000000
10005855,clean,11,0.000000,0.000000,0.000000,0.000000,0.000000
10005856,clean,8,0.000000,0.000000,0.000000,0.000000,0.000000
10005857,clean,11,0.000000,0.000000,0.000000,0.000000,0.000000
10005858,clean,11,0.000000,0.000000,0.000000,0.000000,0.000000
10005859,clean,5,0.000000,0.000000,0.000000,0.000000,0.000000
10005860,clean,7,0.000000,0.000000,0.000000,0.000000,0.000000
10005861,clean,10,0.000000,0.000000,0.000000,0.000000,0.000000
10005862,clean,17,0.000000,0.000000,0.000000,0.000000,0.000000
10005863,clean,9,0.000000,0.000000,0.000000,0.000000,0.000000
10005864,clean,7,0.000000,0.000000,0.000000,0.000000,0.000000
10005865,clean,10,0.000000,0.000000,0.000000,0.000000,0.000000
10005866,clean,10,0.000000,0.000000,0.000000,0.000000,0.000000
10005867,clean,7,0.000000,0.000000,0.000000,0.000000,0.000000
10005868,clean,7,0.000000,0.000000,0.000000,0.000000,0.000000
10005869,clean,13,0.000000,0.000000,0.000000,0.000000,0.000000
10005870,clean,9,0.000000,0.000000,0.000000,0.000000,0.000000
10005871,clean,8,0.000000,0.000000,0.000000,0.000000,0.000000
10005872,clean,3,0.000000,0.000000,0.000000,0.000000,0.000000
10005873,clean,16,0.000000,0.000000,0.000000,0.000000,0.000000
10005874,clean,12,0.000000,0.000000,0.000000,0.000000,0.000000
10005875,clean,5,0.000000,0.000000,0.000000,0.000000,0.000000
10005876,clean,11,0.000000,0.000000,0.000000,0.000000,0.000000
10005877,clean,13,0.000000,0.000000,0.000000,0.000000,0.000000
10005878,clean,15,0.000000,0.000000,0.000000,0.000000,0.000000
10005879,clean,20,0.000000,0.000000,0.000000,0.000000,0.000000
10005880,clean,13,0.000000,0.000000,0.000000,0.000000,0.000000
10005881,clean,17,0.000000,0.000000,0.000000,0.000000,0.000000
10005882,clean,16,0.000000,0.000000,0.000000,0.000000,0.000000
10005883,clean,17,0.000000,0.000000,0.000000,0.000000,0.000000
10005884,clean,15,0.000000,0.000000,0.000000,0.000000,0.000000
10005885,clean,27,0.000000,0.000000,0.000000,0.000000,0.000000
10005886,clean,31,0.000000,0.000000,0.000000,0.000000,0.000000
10005887,clean,15,0.000000,0.000000,0.000000,0.000000,0.000000
10005888,clean,23,0.000000,0.000000,0.000000,0.000000,0.000000
10005889,clean,33,0.000000,0.000000,0.000000,0.000000,0.000000
10005890,clean,29,0.000000,0.000000,0.000000,0.000000,0.000000
10005891,clean,27,0.000000,0.000000,0.000000,0.000000,0.000000
10005892,clean,29,0.000000,0.000000,0.000000,0.000000,0.000000
10005893,clean,23,0.000000,0.000000,0.000000,0.000000,0.000000
10005894,clean,31,0.000000,0.000000,0.000000,0.000000,0.000000
10005895,clean,16,0.000000,0.000000,0.000000,0.000000,0.000000
10005896,clean,26,0.000000,0.000000,0.000000,0.000000,0.000000
10005897,clean,26,0.000000,0.000000,0.000000,0.000000,0.000000
10005898,clean,43,0.000000,0.000000,0.000000,0.000000,0.000000
10005899,clean,25,0.000000,0.000000,0.000000,0.000000,0.000000
10005900,clean,50,0.000000,0.000000,0.000000,0.000000,0.000000
10005901,clean,58,0.000000,0.000000,0.000000,0.000000,0.000000
10005902,clean,44,0.000000,0.000000,0.000000,0.000000,0.000000
10005903,clean,33,0.000000,0.000000,0.000000,0.000000,0.000000
10005904,clean,52,0.000000,0.000000,0.000000,0.000000,0.000000
10005905,clean,46,0.000000,0.000000,0.000000,0.000000,0.000000
10005906,clean,51,0.000000,0.000000,0.000000,0.000000,0.000000
10005907,clean,47,0.000000,0.000000,0.000000,0.000000,0.000000
10005908,clean,46,0.000000,0.000000,0.000000,0.000000,0.000000
10005909,clean,31,0.000000,0.000000,0.000000,0.000000,0.000000
10005910,clean,44,0.000000,0.000000,0.000000,0.000000,0.000000
10005911,clean,34,0.000000,0.000000,0.000000,0.000000,0.000000
10005912,clean,34,0.000000,0.000000,0.000000,0.000000,0.000000
10005913,clean,54,0.000000,0.000000,0.000000,0.000000,0.000000
10005914,clean,42,0.000000,0.000000,0.000000,0.000000,0.000000
10005915,clean,47,0.000000,0.000000,0.000000,0.000000,0.000000
10005916,clean,34,0.000000,0.000000,0.000000,0.000000,0.000000
10005917,clean,30,0.000000,0.000000,0.000000,0.000000,0.000000
10005918,clean,32,0.000000,0.000000,0.000000,0.000000,0.000000
10005919,clean,37,0.000000,0.000000,0.000000,0.000000,0.000000
10005920,clean,24,0.000000,0.000000,0.000000,0.000000,0.000000
10005921,clean,20,0.000000,0.000000,0.000000,0.000000,0.000000
10005922,clean,23,0.000000,0.000000,0.000000,0.000000,0.000000
10005923,clean,18,0.000000,0.000000,0.000000,0.000000,0.000000
10005924,clean,33,0.000000,0.000000,0.000000,0.000000,0.000000
10005925,clean,15,0.000000,0.000000,0.000000,0.000000,0.000000
10005926,clean,18,0.000000,0.000000,0.000000,0.000000,0.000000
10005927,clean,27,0.000000,0.000000,0.000000,0.000000,0.000000
10005928,clean,19,0.000619,0.000000,0.002627,0.000000,0.011765
10005929,clean,9,0.000000,0.000000,0.000000,0.000000,0.000000
10005930,clean,9,0.000000,0.000000,0.000000,0.000000,0.000000
10005931,clean,12,0.000000,0.000000,0.000000,0.000000,0.000000
10005932,clean,23,0.000000,0.000000,0.000000,0.000000,0.000000
10005933,clean,12,0.000000,0.000000,0.000000,0.000000,0.000000
10005934,clean,20,0.000000,0.000000,0.000000,0.000000,0.000000
10005935,clean,13,0.000000,0.000000,0.000000,0.000000,0.000000
10005936,clean,20,0.000000,0.000000,0.000000,0.000000,0.000000
10005937,clean,18,0.000000,0.000000,0.000000,0.000000,0.000000
10005938,clean,13,0.000000,0.000000,0.000000,0.000000,0.000000
10005939,clean,32,0.000000,0.000000,0.000000,0.000000,0.000000
10005940,clean,14,0.000000,0.000000,0.000000,0.000000,0.000000
10005941,clean,21,0.000000,0.000000,0.000000,0.000000,0.000000
10005942,clean,26,0.000000,0.000000,0.000000,0.000000,0.000000
10005943,clean,38,0.000000,0.000000,0.000000,0.000000,0.000000
10005944,clean,23,0.000000,0.000000,0.000000,0.000000,0.000000
10005945,clean,32,0.000000,0.000000,0.000000,0.000000,0.000000
10005946,clean,29,0.000000,0.000000,0.000000,0.000000,0.000000
10005947,clean,35,0.000000,0.000000,0.000000,0.000000,0.000000
10005948,clean,36,0.000000,0.000000,0.000000,0.000000,0.000000
10005949,clean,28,0.000000,0.000000,0.000000,0.000000,0.000000
10005950,clean,32,0.000000,0.000000,0.000000,0.000000,0.000000
10005951,clean,29,0.000000,0.000000,0.000000,0.000000,0.000000
10005952,clean,33,0.000000,0.000000,0.000000,0.000000,0.000000
10005953,clean,32,0.000000,0.000000,0.000000,0.000000,0.000000
10005954,clean,39,0.000000,0.000000,0.000000,0.000000,0.000000
10005955,clean,27,0.000000,0.000000,0.000000,0.000000,0.000000
10005956,clean,27,0.000000,0.000000,0.000000,0.000000,0.000000
10005957,clean,34,0.000000,0.000000,0.000000,0.000000,0.000000
10005958,clean,35,0.000000,0.000000,0.000000,0.000000,0.000000
10005959,clean,36,0.000000,0.000000,0.000000,0.000000,0.000000
10005960,clean,25,0.000000,0.000000,0.000000,0.000000,0.000000
10005961,clean,43,0.000000,0.000000,0.000000,0.000000,0.000000
10005962,clean,43,0.000000,0.000000,0.000000,0.000000,0.000000
10005963,clean,32,0.000000,0.000000,0.000000,0.000000,0.000000
10005964,clean,31,0.000000,0.000000,0.000000,0.000000,0.000000
10005965,clean,37,0.000000,0.000000,0.000000,0.000000,0.000000
10005966,clean,34,0.000000,0.000000,0.000000,0.000000,0.000000
10005967,clean,37,0.000000,0.000000,0.000000,0.000000,0.000000
10005968,clean,40,0.000000,0.000000,0.000000,0.000000,0.000000
10005969,clean,35,0.000000,0.000000,0.000000,0.000000,0.000000
10005970,clean,34,0.000000,0.000000,0.000000,0.000000,0.000000
10005971,clean,24,0.000000,0.000000,0.000000,0.000000,0.000000
10005972,clean,27,0.000000,0.000000,0.000000,0.000000,0.000000
10005973,clean,43,0.000000,0.000000,0.000000,0.000000,0.000000
10005974,clean,38,0.000000,0.000000,0.000000,0.000000,0.000000
10005975,clean,43,0.000000,0.000000,0.000000,0.000000,0.000000
10005976,clean,44,0.000000,0.000000,0.000000,0.000000,0.000000
10005977,clean,29,0.000000,0.000000,0.000000,0.000000,0.000000
10005978,clean,40,0.000000,0.000000,0.000000,0.000000,0.000000
10005979,clean,37,0.000000,0.000000,0.000000,0.000000,0.000000
10005980,clean,37,0.000000,0.000000,0.000000,0.000000,0.000000
10005981,clean,32,0.000000,0.000000,0.000000,0.000000,0.000000
10005982,clean,28,0.000000,0.000000,0.000000,0.000000,0.000000
10005983,clean,29,0.000000,0.000000,0.000000,0.000000,0.000000
10005984,clean,36,0.000000,0.000000,0.000000,0.000000,0.000000
10005985,clean,26,0.000000,0.000000,0.000000,0.000000,0.000000
10005986,clean,41,0.000000,0.000000,0.000000,0.000000,0.000000
10005987,clean,32,0.000000,0.000000,0.000000,0.000000,0.000000
10005988,clean,24,0.000000,0.000000,0.000000,0.000000,0.000000
10005989,clean,42,0.000000,0.000000,0.000000,0.000000,0.000000
10005990,clean,33,0.000000,0.000000,0.000000,0.000000,0.000000
10005991,clean,27,0.000000,0.000000,0.000000,0.000000,0.000000
10005992,clean,30,0.000000,0.000000,0.000000,0.000000,0.000000
10005993,clean,27,0.000000,0.000000,0.000000,0.000000,0.000000
10005994,clean,32,0.000000,0.000000,0.000000,0.000000,0.000000
10005995,clean,34,0.000000,0.000000,0.000000,0.000000,0.000000
10005996,clean,30,0.000000,0.000000,0.000000,0.000000,0.000000
10005997,clean,28,0.000000,0.000000,0.000000,0.000000,0.000000
10005998,clean,21,0.000000,0.000000,0.000000,0.000000,0.000000
10005999,clean,36,0.000000,0.000000,0.000000,0.000000,0.000000
10006000,clean,25,0.000000,0.000000,0.000000,0.000000,0.000000
10006001,clean,40,0.000000,0.000000,0.000000,0.000000,0.000000
10006002,clean,28,0.000000,0.000000,0.000000,0.000000,0.000000
10006003,clean,45,0.000000,0.000000,0.000000,0.000000,0.000000
10006004,clean,20,0.000000,0.000000,0.000000,0.000000,0.000000
10006005,clean,44,0.000000,0.000000,0.000000,0.000000,0.000000
10006006,clean,41,0.000000,0.000000,0.000000,0.000000,0.000000
10006007,clean,48,0.000000,0.000000,0.000000,0.000000,0.000000
10006008,clean,35,0.000000,0.000000,0.000000,0.000000,0.000000
10006009,clean,32,0.000000,0.000000,0.000000,0.000000,0.000000
10006010,clean,33,0.000000,0.000000,0.000000,0.000000,0.000000
10006011,clean,25,0.000000,0.000000,0.000000,0.000000,0.000000
10006012,clean,34,0.000000,0.000000,0.000000,0.000000,0.000000
10006013,clean,25,0.000000,0.000000,0.000000,0.000000,0.000000
10006014,clean,30,0.000000,0.000000,0.000000,0.000000,0.000000
10006015,clean,33,0.000000,0.000000,0.000000,0.000000,0.000000
10006016,clean,28,0.000000,0.000000,0.000000,0.000000,0.000000
10006017,clean,25,0.000000,0.000000,0.000000,0.000000,0.000000
10006018,clean,34,0.000000,0.000000,0.000000,0.000000,0.000000
10006019,clean,21,0.000000,0.000000,0.000000,0.000000,0.000000
10006020,clean,26,0.000000,0.000000,0.000000,0.000000,0.000000
10006021,clean,39,0.000000,0.000000,0.000000,0.000000,0.000000
10006022,clean,37,0.000000,0.000000,0.000000,0.000000,0.000000
10006023,clean,25,0.000000,0.000000,0.000000,0.000000,0.000000
10006024,clean,30,0.013856,0.000000,0.074618,0.000000,0.415686
10006025,clean,35,0.000000,0.000000,0.000000,0.000000,0.000000
10006026,clean,24,0.000000,0.000000,0.000000,0.000000,0.000000
10006027,clean,28,0.000000,0.000000,0.000000,0.000000,0.000000
10006028,clean,39,0.000000,0.000000,0.000000,0.000000,0.000000
10006029,clean,30,0.000000,0.000000,0.000000,0.000000,0.000000
10006030,clean,34,0.000000,0.000000,0.000000,0.000000,0.000000
10006031,clean,24,0.000000,0.000000,0.000000,0.000000,0.000000
10006032,clean,1591,0.004360,0.000000,0.012512,0.000000,0.078431
10006033,clean,1613,0.004442,0.000000,0.012726,0.000000,0.078431
10006034,clean,1573,0.004600,0.000000,0.013133,0.000000,0.086275
10006035,clean,1577,0.004521,0.000000,0.013027,0.000000,0.086275
10006036,clean,1591,0.004447,0.000000,0.012777,0.000000,0.078431
10006037,clean,1595,0.004445,0.000000,0.012826,0.000000,0.078431
10006038,clean,1604,0.004386,0.000000,0.012774,0.000000,0.082353
10006039,clean,1584,0.004414,0.000000,0.012641,0.000000,0.078431
10006040,clean,1612,0.004408,0.000000,0.012718,0.000000,0.082353
10006041,clean,1607,0.004415,0.000000,0.012821,0.000000,0.082353
10006042,clean,1597,0.004472,0.000000,0.012836,0.000000,0.078431
10006043,clean,1620,0.004420,0.000000,0.012775,0.000000,0.082353
10006044,clean,1594,0.004487,0.000000,0.012834,0.000000,0.078431
10006045,clean,1583,0.004553,0.000000,0.013092,0.000000,0.078431
10006046,clean,1598,0.004562,0.000000,0.013210,0.000000,0.082353
10006047,clean,1616,0.004460,0.000000,0.012745,0.000000,0.074510
10006048,clean,1627,0.004389,0.000000,0.012705,0.000000,0.078431
10006049,clean,1594,0.004502,0.000000,0.012939,0.000000,0.078431
10006050,clean,1576,0.004467,0.000000,0.012607,0.000000,0.070588
10006051,clean,1631,0.004417,0.000000,0.012770,0.000000,0.078431
10006052,clean,1593,0.004421,0.000000,0.012653,0.000000,0.078431
10006053,clean,1618,0.004426,0.000000,0.012653,0.000000,0.078431
10006054,clean,1579,0.004537,0.000000,0.012785,0.000000,0.078431
10006055,clean,1611,0.004423,0.000000,0.012664,0.000000,0.078431
10006056,clean,1612,0.004474,0.000000,0.013074,0.000000,0.078431
10006057,clean,1576,0.004608,0.000000,0.013251,0.000000,0.078431
10006058,clean,1585,0.004550,0.000000,0.012961,0.000000,0.082353
10006059,clean,1592,0.004542,0.000000,0.013061,0.000000,0.078431
10006060,clean,1589,0.004484,0.000000,0.012897,0.000000,0.086275
10006061,clean,1589,0.004514,0.000000,0.013005,0.000000,0.082353
10006062,clean,1609,0.004382,0.000000,0.012679,0.000000,0.086275
10006063,clean,1571,0.004493,0.000000,0.012776,0.000000,0.078431
10006064,clean,1615,0.004482,0.000000,0.012848,0.000000,0.082353
10006065,clean,1613,0.004447,0.000000,0.012872,0.000000,0.086275
10006066,clean,1593,0.004596,0.000000,0.013200,0.000000,0.082353
10006067,clean,1589,0.004610,0.000000,0.013352,0.000000,0.082353
10006068,clean,1626,0.004423,0.000000,0.012779,0.000000,0.082353
10006069,clean,1602,0.004536,0.000000,0.013086,0.000000,0.074510
10006070,clean,1618,0.004457,0.000000,0.012957,0.000000,0.078431
10006071,clean,1609,0.004507,0.000000,0.012960,0.000000,0.078431
10006072,clean,1610,0.004387,0.000000,0.012723,0.000000,0.082353
10006073,clean,1618,0.004360,0.000000,0.012657,0.000000,0.082353
10006074,clean,1584,0.004469,0.000000,0.012902,0.000000,0.082353
10006075,clean,1585,0.004478,0.000000,0.013021,0.000000,0.074510
10006076,clean,1578,0.004543,0.000000,0.013213,0.000000,0.090196
10006077,clean,1583,0.004494,0.000000,0.012711,0.000000,0.078431
10006078,clean,1594,0.004527,0.000000,0.013136,0.000000,0.082353
10006079,clean,1581,0.004549,0.000000,0.013148,0.000000,0.078431
10006080,clean,1605,0.004420,0.000000,0.012809,0.000000,0.074510
10006081,clean,1608,0.004485,0.000000,0.013011,0.000000,0.082353
10006082,clean,1609,0.004519,0.000000,0.013084,0.000000,0.082353
10006083,clean,1611,0.004430,0.000000,0.012701,0.000000,0.078431
10006084,clean,1597,0.004484,0.000000,0.012915,0.000000,0.074510
10006085,clean,1624,0.004383,0.000000,0.012637,0.000000,0.082353
10006086,clean,1599,0.004518,0.000000,0.012899,0.000000,0.074510
10006087,clean,1617,0.004375,0.000000,0.012618,0.000000,0.074510
10006088,clean,1603,0.004509,0.000000,0.012916,0.000000,0.082353
10006089,clean,1609,0.004507,0.000000,0.013017,0.000000,0.082353
10006090,clean,1563,0.004536,0.000000,0.013074,0.000000,0.086275
10006091,clean,1576,0.004474,0.000000,0.012848,0.000000,0.078431
10006092,clean,1586,0.004488,0.000000,0.012709,0.000000,0.078431
10006093,clean,1614,0.004410,0.000000,0.012820,0.000000,0.074510
10006094,clean,1604,0.004503,0.000000,0.013101,0.000000,0.094118
10006095,clean,1579,0.004461,0.000000,0.012811,0.000000,0.074510
10006096,clean,1600,0.004392,0.000000,0.012504,0.000000,0.074510
10006097,clean,1603,0.004482,0.000000,0.012806,0.000000,0.078431
10006098,clean,1596,0.004514,0.000000,0.012878,0.000000,0.074510
10006099,clean,1605,0.004491,0.000000,0.013014,0.000000,0.082353
10006100,clean,1594,0.004446,0.000000,0.012684,0.000000,0.074510
10006101,clean,1565,0.004573,0.000000,0.012949,0.000000,0.082353
10006102,clean,1575,0.004561,0.000000,0.013089,0.000000,0.082353
10006103,clean,1595,0.004490,0.000000,0.012909,0.000000,0.074510
10006104,clean,1602,0.004450,0.000000,0.012677,0.000000,0.074510
10006105,clean,1588,0.004457,0.000000,0.012751,0.000000,0.074510
10006106,clean,1592,0.004528,0.000000,0.012933,0.000000,0.078431
10006107,clean,1586,0.004537,0.000000,0.012954,0.000000,0.078431
10006108,clean,1620,0.004469,0.000000,0.013061,0.000000,0.078431
10006109,clean,1605,0.004493,0.000000,0.012910,0.000000,0.082353
10006110,clean,1612,0.004488,0.000000,0.012740,0.000000,0.082353
10006111,clean,1608,0.004448,0.000000,0.012774,0.000000,0.078431
10006112,clean,1606,0.004473,0.000000,0.012858,0.000000,0.086275
10006113,clean,1599,0.004451,0.000000,0.012818,0.000000,0.086275
10006114,clean,1597,0.004474,0.000000,0.012851,0.000000,0.074510
10006115,clean,1609,0.004448,0.000000,0.012888,0.000000,0.086275
10006116,clean,1613,0.004435,0.000000,0.012925,0.000000,0.082353
10006117,clean,1639,0.004352,0.000000,0.012615,0.000000,0.082353
10006118,clean,1625,0.004370,0.000000,0.012694,0.000000,0.078431
10006119,clean,1608,0.004419,0.000000,0.012748,0.000000,0.074510
10006120,clean,1586,0.004409,0.000000,0.012687,0.000000,0.074510
10006121,clean,1586,0.004421,0.000000,0.012717,0.000000,0.078431
10006122,clean,1594,0.004399,0.000000,0.012826,0.000000,0.086275
10006123,clean,1612,0.004374,0.000000,0.012634,0.000000,0.078431
10006124,clean,1623,0.004390,0.000000,0.012801,0.000000,0.082353
10006125,clean,1582,0.004521,0.000000,0.013007,0.000000,0.078431
10006126,clean,1588,0.004532,0.000000,0.012950,0.000000,0.082353
10006127,clean,1579,0.004555,0.000000,0.013022,0.000000,0.086275
10006128,clean,1611,0.004530,0.000000,0.013250,0.000000,0.086275
10006129,clean,1606,0.004498,0.000000,0.013025,0.000000,0.082353
10006130,clean,1574,0.004520,0.000000,0.012804,0.000000,0.082353
10006131,clean,1601,0.004431,0.000000,0.012870,0.000000,0.078431
10006132,clean,1593,0.004441,0.000000,0.012578,0.000000,0.070588
10006133,clean,1588,0.004425,0.000000,0.012695,0.000000,0.074510
10006134,clean,1613,0.004349,0.000000,0.012680,0.000000,0.078431
10006135,clean,1590,0.004499,0.000000,0.012920,0.000000,0.082353
10006136,clean,1567,0.004560,0.000000,0.013234,0.000000,0.078431
10006137,clean,1554,0.004515,0.000000,0.012856,0.000000,0.074510
10006138,clean,1596,0.004364,0.000000,0.012605,0.000000,0.078431
10006139,clean,1578,0.004399,0.000000,0.012696,0.000000,0.074510
10006140,clean,1599,0.004419,0.000000,0.012798,0.000000,0.082353
10006141,clean,1581,0.004532,0.000000,0.012986,0.000000,0.082353
10006142,clean,1581,0.004462,0.000000,0.012868,0.000000,0.082353
10006143,clean,1585,0.004473,0.000000,0.012745,0.000000,0.082353
10006144,clean,1593,0.004512,0.000000,0.012988,0.000000,0.074510
10006145,clean,1599,0.004422,0.000000,0.012501,0.000000,0.082353
10006146,clean,1612,0.004435,0.000000,0.012757,0.000000,0.078431
10006147,clean,1592,0.004461,0.000000,0.012638,0.000000,0.074510
10006148,clean,1607,0.004556,0.000000,0.013036,0.000000,0.082353
10006149,clean,1591,0.004471,0.000000,0.012946,0.000000,0.086275
10006150,clean,1599,0.004388,0.000000,0.012685,0.000000,0.078431
10006151,clean,1602,0.004433,0.000000,0.012757,0.000000,0.078431
10006152,clean,1616,0.004470,0.000000,0.013066,0.000000,0.082353
10006153,clean,1583,0.004494,0.000000,0.012882,0.000000,0.086275
10006154,clean,1611,0.004365,0.000000,0.012646,0.000000,0.082353
10006155,clean,1596,0.004423,0.000000,0.012813,0.000000,0.078431
10006156,clean,1602,0.004509,0.000000,0.012827,0.000000,0.074510
10006157,clean,1596,0.004514,0.000000,0.013084,0.000000,0.078431
10006158,clean,1621,0.004427,0.000000,0.012902,0.000000,0.082353
10006159,clean,1590,0.004570,0.000000,0.012943,0.000000,0.078431
10006160,clean,1553,0.004639,0.000000,0.013202,0.000000,0.082353
10006161,clean,1601,0.004502,0.000000,0.013035,0.000000,0.078431
10006162,clean,1607,0.004505,0.000000,0.012832,0.000000,0.074510
10006163,clean,1603,0.004499,0.000000,0.012882,0.000000,0.086275
10006164,clean,1620,0.004519,0.000000,0.013106,0.000000,0.082353
10006165,clean,1586,0.004609,0.000000,0.013078,0.000000,0.082353
10006166,clean,1604,0.004472,0.000000,0.012941,0.000000,0.074510
10006167,clean,1634,0.004445,0.000000,0.012934,0.000000,0.082353
10006168,clean,1617,0.004443,0.000000,0.012889,0.000000,0.086275
10006169,clean,1615,0.004410,0.000000,0.012773,0.000000,0.078431
10006170,clean,1628,0.004435,0.000000,0.012854,0.000000,0.078431
10006171,clean,1584,0.004503,0.000000,0.013049,0.000000,0.078431
10006172,clean,1583,0.004504,0.000000,0.012928,0.000000,0.074510
10006173,clean,1623,0.004543,0.000000,0.013127,0.000000,0.078431
10006174,clean,1620,0.004454,0.000000,0.012829,0.000000,0.074510
10006175,clean,1586,0.004616,0.000000,0.013117,0.000000,0.078431
10006176,clean,1626,0.004525,0.000000,0.013240,0.000000,0.090196
10006177,clean,1593,0.004527,0.000000,0.012957,0.000000,0.082353
10006178,clean,1600,0.004586,0.000000,0.012962,0.000000,0.078431
10006179,clean,1589,0.004585,0.000000,0.013084,0.000000,0.082353
10006180,clean,1603,0.004421,0.000000,0.012646,0.000000,0.078431
10006181,clean,1624,0.004484,0.000000,0.012891,0.000000,0.078431
10006182,clean,1630,0.004499,0.000000,0.013071,0.000000,0.090196
10006183,clean,1610,0.004533,0.000000,0.013157,0.000000,0.082353
10006184,clean,1581,0.004490,0.000000,0.012707,0.000000,0.074510
10006185,clean,1611,0.004372,0.000000,0.012636,0.000000,0.078431
10006186,clean,1583,0.004526,0.000000,0.012859,0.000000,0.078431
10006187,clean,1595,0.004504,0.000000,0.012872,0.000000,0.086275
10006188,clean,1615,0.004456,0.000000,0.012941,0.000000,0.082353
10006189,clean,1637,0.004468,0.000000,0.012923,0.000000,0.078431
10006190,clean,1604,0.004506,0.000000,0.012923,0.000000,0.086275
10006191,clean,1596,0.004497,0.000000,0.012834,0.000000,0.082353
10006192,clean,1631,0.004369,0.000000,0.012478,0.000000,0.082353
10006193,clean,1621,0.004437,0.000000,0.012817,0.000000,0.082353
10006194,clean,1616,0.004514,0.000000,0.012971,0.000000,0.086275
10006195,clean,1624,0.004371,0.000000,0.012660,0.000000,0.074510
10006196,clean,1601,0.004514,0.000000,0.012982,0.000000,0.082353
10006197,clean,1620,0.004444,0.000000,0.012912,0.000000,0.078431
10006198,clean,1610,0.004579,0.000000,0.013219,0.000000,0.086275
10006199,clean,1599,0.004549,0.000000,0.013044,0.000000,0.078431
10006200,clean,1608,0.004465,0.000000,0.012696,0.000000,0.078431
10006201,clean,1599,0.004471,0.000000,0.012841,0.000000,0.082353
10006202,clean,1602,0.004546,0.000000,0.013209,0.000000,0.078431
10006203,clean,1577,0.004518,0.000000,0.012825,0.000000,0.070588
10006204,clean,1597,0.004533,0.000000,0.012948,0.000000,0.078431
10006205,clean,1592,0.004574,0.000000,0.013110,0.000000,0.082353
10006206,clean,1604,0.004562,0.000000,0.013212,0.000000,0.082353
10006207,clean,1579,0.004565,0.000000,0.013088,0.000000,0.074510
10006208,clean,1608,0.004480,0.000000,0.012768,0.000000,0.074510
10006209,clean,1592,0.004496,0.000000,0.012905,0.000000,0.078431
10006210,clean,1595,0.004477,0.000000,0.012910,0.000000,0.078431
10006211,clean,1622,0.004400,0.000000,0.012504,0.000000,0.078431
10006212,clean,1589,0.004465,0.000000,0.012825,0.000000,0.086275
10006213,clean,1613,0.004473,0.000000,0.012965,0.000000,0.082353
10006214,clean,1604,0.004415,0.000000,0.012970,0.000000,0.078431
10006215,clean,1565,0.004453,0.000000,0.012756,0.000000,0.074510
10006216,clean,1629,0.004324,0.000000,0.012435,0.000000,0.070588
10006217,clean,1593,0.004458,0.000000,0.012694,0.000000,0.074510
10006218,clean,1585,0.004488,0.000000,0.012880,0.000000,0.082353
10006219,clean,1614,0.004468,0.000000,0.012932,0.000000,0.074510
10006220,clean,1584,0.004432,0.000000,0.012837,0.000000,0.086275
10006221,clean,1585,0.004429,0.000000,0.012671,0.000000,0.074510
10006222,clean,1595,0.004428,0.000000,0.012637,0.000000,0.078431
10006223,clean,1588,0.004529,0.000000,0.012913,0.000000,0.082353
10006224,clean,1605,0.004425,0.000000,0.012859,0.000000,0.078431
10006225,clean,1594,0.004372,0.000000,0.012530,0.000000,0.074510
10006226,clean,1571,0.004583,0.000000,0.013197,0.000000,0.086275
10006227,clean,1604,0.004435,0.000000,0.012653,0.000000,0.074510
10006228,clean,1584,0.004506,0.000000,0.012966,0.000000,0.090196
10006229,clean,1596,0.004435,0.000000,0.012832,0.000000,0.078431
10006230,clean,1585,0.004441,0.000000,0.012804,0.000000,0.078431
10006231,clean,1590,0.004427,0.000000,0.012569,0.000000,0.078431
10006232,clean,1597,0.004427,0.000000,0.012854,0.000000,0.086275
10006233,clean,1618,0.004428,0.000000,0.012849,0.000000,0.078431
10006234,clean,1591,0.004493,0.000000,0.012913,0.000000,0.078431
10006235,clean,1594,0.004478,0.000000,0.012750,0.000000,0.078431
10006236,clean,1579,0.004520,0.000000,0.012887,0.000000,0.074510
10006237,clean,1601,0.004367,0.000000,0.012808,0.000000,0.090196
10006238,clean,1605,0.004408,0.000000,0.012661,0.000000,0.074510
10006239,clean,1592,0.004545,0.000000,0.013097,0.000000,0.074510
10006240,clean,1616,0.004446,0.000000,0.012816,0.000000,0.078431
10006241,clean,1601,0.004399,0.000000,0.012626,0.000000,0.074510
10006242,clean,1592,0.004358,0.000000,0.012677,0.000000,0.078431
10006243,clean,1609,0.004460,0.000000,0.012953,0.000000,0.082353
10006244,clean,1610,0.004328,0.000000,0.012299,0.000000,0.074510
10006245,clean,1583,0.004439,0.000000,0.012784,0.000000,0.074510
10006246,clean,1593,0.004404,0.000000,0.012550,0.000000,0.070588
10006247,clean,1600,0.004463,0.000000,0.012962,0.000000,0.078431
10006248,clean,1577,0.004513,0.000000,0.012924,0.000000,0.078431
10006249,clean,1603,0.004521,0.000000,0.013069,0.000000,0.082353
10006250,clean,1605,0.004415,0.000000,0.012716,0.000000,0.086275
10006251,clean,1577,0.004414,0.000000,0.012567,0.000000,0.070588
10006252,clean,1597,0.004410,0.000000,0.012697,0.000000,0.078431
10006253,clean,1595,0.004408,0.000000,0.012673,0.000000,0.082353
10006254,clean,1594,0.004446,0.000000,0.012533,0.000000,0.074510
10006255,clean,1611,0.004362,0.000000,0.012681,0.000000,0.078431
10006256,clean,1568,0.004584,0.000000,0.013207,0.000000,0.078431
10006257,clean,1585,0.004557,0.000000,0.013076,0.000000,0.082353
10006258,clean,1580,0.004480,0.000000,0.012658,0.000000,0.074510
10006259,clean,1595,0.004391,0.000000,0.012654,0.000000,0.078431
10006260,clean,1566,0.004535,0.000000,0.012979,0.000000,0.074510
10006261,clean,1584,0.004417,0.000000,0.012740,0.000000,0.074510
10006262,clean,1639,0.004324,0.000000,0.012633,0.000000,0.086275
10006263,clean,1568,0.004567,0.000000,0.013016,0.000000,0.086275
10006264,clean,1601,0.004355,0.000000,0.012620,0.000000,0.078431
10006265,clean,1599,0.004520,0.000000,0.013126,0.000000,0.090196
10006266,clean,1593,0.004419,0.000000,0.012821,0.000000,0.078431
10006267,clean,1608,0.004300,0.000000,0.012386,0.000000,0.074510
10006268,clean,1619,0.004467,0.000000,0.012816,0.000000,0.074510
10006269,clean,1594,0.004394,0.000000,0.012644,0.000000,0.074510
10006270,clean,1591,0.004454,0.000000,0.012805,0.000000,0.078431
10006271,clean,1569,0.004536,0.000000,0.012782,0.000000,0.082353
10006272,clean,1562,0.004431,0.000000,0.012842,0.000000,0.082353
10006273,clean,1599,0.004392,0.000000,0.012609,0.000000,0.078431
10006274,clean,1591,0.004471,0.000000,0.012807,0.000000,0.082353
10006275,clean,1599,0.004481,0.000000,0.012858,0.000000,0.082353
10006276,clean,1619,0.004469,0.000000,0.013053,0.000000,0.078431
10006277,clean,1573,0.004640,0.000000,0.013120,0.000000,0.074510
10006278,clean,1588,0.004492,0.000000,0.013084,0.000000,0.082353
10006279,clean,1605,0.004381,0.000000,0.012449,0.000000,0.074510
10006280,clean,1583,0.004437,0.000000,0.012771,0.000000,0.074510
10006281,clean,1592,0.004387,0.000000,0.012673,0.000000,0.074510
10006282,clean,1611,0.004387,0.000000,0.012526,0.000000,0.078431
10006283,clean,1598,0.004356,0.000000,0.012555,0.000000,0.078431
10006284,clean,1571,0.004418,0.000000,0.012694,0.000000,0.086275
10006285,clean,1590,0.004412,0.000000,0.012496,0.000000,0.078431
10006286,clean,1592,0.004362,0.000000,0.012550,0.000000,0.078431
10006287,clean,1585,0.004434,0.000000,0.012687,0.000000,0.078431
10006288,clean,1594,0.004487,0.000000,0.012825,0.000000,0.078431
10006289,clean,1592,0.004545,0.000000,0.012993,0.000000,0.082353
10006290,clean,1581,0.004681,0.000000,0.013403,0.000000,0.082353
10006291,clean,1591,0.004553,0.000000,0.013178,0.000000,0.082353
10006292,clean,1585,0.004392,0.000000,0.012705,0.000000,0.082353
10006293,clean,1572,0.004520,0.000000,0.012828,0.000000,0.078431
10006294,clean,1586,0.004428,0.000000,0.012794,0.000000,0.082353
10006295,clean,1581,0.004393,0.000000,0.012489,0.000000,0.078431
10006296,clean,1621,0.004362,0.000000,0.012635,0.000000,0.074510
10006297,clean,1605,0.004503,0.000000,0.012837,0.000000,0.074510
10006298,clean,1582,0.004564,0.000000,0.013140,0.000000,0.078431
10006299,clean,1622,0.004374,0.000000,0.012605,0.000000,0.082353
10006300,clean,1598,0.004449,0.000000,0.012806,0.000000,0.082353
10006301,clean,1598,0.004457,0.000000,0.012733,0.000000,0.078431
10006302,clean,1594,0.004421,0.000000,0.012728,0.000000,0.078431
10006303,clean,1600,0.004407,0.000000,0.012597,0.000000,0.074510
10006304,clean,1612,0.004350,0.000000,0.012508,0.000000,0.074510
10006305,clean,1601,0.004365,0.000000,0.012469,0.000000,0.074510
10006306,clean,1598,0.004503,0.000000,0.012925,0.000000,0.078431
10006307,clean,1603,0.004526,0.000000,0.012827,0.000000,0.074510
10006308,clean,1585,0.004496,0.000000,0.012927,0.000000,0.086275
10006309,clean,1590,0.004536,0.000000,0.012764,0.000000,0.074510
10006310,clean,1611,0.004401,0.000000,0.012462,0.000000,0.074510
10006311,clean,1594,0.004436,0.000000,0.012777,0.000000,0.078431
10006312,clean,1619,0.004333,0.000000,0.012496,0.000000,0.074510
10006313,clean,1600,0.004324,0.000000,0.012575,0.000000,0.078431
10006314,clean,1593,0.004475,0.000000,0.012570,0.000000,0.074510
10006315,clean,1602,0.004441,0.000000,0.012797,0.000000,0.078431
10006316,clean,1607,0.004415,0.000000,0.012606,0.000000,0.074510
10006317,clean,1615,0.004463,0.000000,0.012931,0.000000,0.090196
10006318,clean,1615,0.004419,0.000000,0.012803,0.000000,0.078431
10006319,clean,1599,0.004329,0.000000,0.012515,0.000000,0.078431
10006320,clean,1558,0.004508,0.000000,0.012888,0.000000,0.082353
10006321,clean,1616,0.004344,0.000000,0.012453,0.000000,0.074510
10006322,clean,1600,0.004353,0.000000,0.012505,0.000000,0.082353
10006323,clean,1585,0.004394,0.000000,0.012520,0.000000,0.074510
10006324,clean,1568,0.004462,0.000000,0.012787,0.000000,0.082353
10006325,clean,1580,0.004361,0.000000,0.012352,0.000000,0.074510
10006326,clean,1595,0.004423,0.000000,0.012711,0.000000,0.082353
10006327,clean,1592,0.004427,0.000000,0.012603,0.000000,0.074510
10006328,clean,1619,0.004333,0.000000,0.012575,0.000000,0.082353
10006329,clean,1625,0.004291,0.000000,0.012561,0.000000,0.078431
10006330,clean,1604,0.004389,0.000000,0.012562,0.000000,0.078431
10006331,clean,1579,0.004374,0.000000,0.012574,0.000000,0.078431
10006332,clean,1594,0.004419,0.000000,0.012595,0.000000,0.078431
10006333,clean,1583,0.004429,0.000000,0.012752,0.000000,0.074510
10006334,clean,1594,0.004330,0.000000,0.012449,0.000000,0.070588
10006335,clean,1592,0.004483,0.000000,0.012846,0.000000,0.074510
10006336,clean,1593,0.004461,0.000000,0.012770,0.000000,0.082353
10006337,clean,1556,0.004499,0.000000,0.012658,0.000000,0.078431
10006338,clean,1601,0.004370,0.000000,0.012619,0.000000,0.078431
10006339,clean,1613,0.004384,0.000000,0.012604,0.000000,0.074510
10006340,clean,1590,0.004430,0.000000,0.012709,0.000000,0.074510
10006341,clean,1591,0.004427,0.000000,0.012733,0.000000,0.074510
10006342,clean,1601,0.004306,0.000000,0.012287,0.000000,0.070588
10006343,clean,1608,0.004322,0.000000,0.012532,0.000000,0.082353
10006344,clean,1595,0.004295,0.000000,0.012340,0.000000,0.070588
10006345,clean,1565,0.004458,0.000000,0.012683,0.000000,0.078431
10006346,clean,1607,0.004244,0.000000,0.012248,0.000000,0.074510
10006347,clean,1602,0.004360,0.000000,0.012340,0.000000,0.070588
10006348,clean,1578,0.004491,0.000000,0.012771,0.000000,0.082353
10006349,clean,1584,0.004394,0.000000,0.012485,0.000000,0.078431
10006350,clean,1581,0.004433,0.000000,0.012663,0.000000,0.074510
10006351,clean,1597,0.004481,0.000000,0.012843,0.000000,0.078431
10006352,clean,1599,0.004380,0.000000,0.012562,0.000000,0.074510
10006353,clean,1611,0.004279,0.000000,0.012234,0.000000,0.070588
10006354,clean,1612,0.004381,0.000000,0.012771,0.000000,0.078431
10006355,clean,1574,0.004363,0.000000,0.012562,0.000000,0.078431
10006356,clean,1601,0.004475,0.000000,0.013031,0.000000,0.082353
10006357,clean,1599,0.004375,0.000000,0.012682,0.000000,0.086275
10006358,clean,1590,0.004366,0.000000,0.012653,0.000000,0.082353
10006359,clean,1591,0.004373,0.000000,0.012682,0.000000,0.082353
10006360,clean,1615,0.004271,0.000000,0.012290,0.000000,0.086275
10006361,clean,1601,0.004338,0.000000,0.012504,0.000000,0.078431
10006362,clean,1587,0.004431,0.000000,0.012759,0.000000,0.082353
10006363,clean,1582,0.004353,0.000000,0.012394,0.000000,0.078431
10006364,clean,1586,0.004349,0.000000,0.012234,0.000000,0.074510
10006365,clean,1593,0.004377,0.000000,0.012515,0.000000,0.074510
10006366,clean,1581,0.004457,0.000000,0.012650,0.000000,0.074510
10006367,clean,1577,0.004471,0.000000,0.012852,0.000000,0.078431
10006368,clean,1606,0.004359,0.000000,0.012602,0.000000,0.078431
10006369,clean,1603,0.004386,0.000000,0.012657,0.000000,0.082353
10006370,clean,1585,0.004367,0.000000,0.012552,0.000000,0.078431
10006371,clean,1564,0.004345,0.000000,0.012291,0.000000,0.070588
10006372,clean,1601,0.004311,0.000000,0.012316,0.000000,0.070588
10006373,clean,1587,0.004381,0.000000,0.012651,0.000000,0.074510
10006374,clean,1609,0.004290,0.000000,0.012523,0.000000,0.082353
10006375,clean,1594,0.004345,0.000000,0.012567,0.000000,0.078431
10006376,clean,1582,0.004417,0.000000,0.012674,0.000000,0.074510
10006377,clean,1603,0.004325,0.000000,0.012529,0.000000,0.074510
10006378,clean,1580,0.004371,0.000000,0.012403,0.000000,0.074510
10006379,clean,1586,0.004416,0.000000,0.012668,0.000000,0.078431
10006380,clean,1569,0.004496,0.000000,0.012818,0.000000,0.074510
10006381,clean,1570,0.004501,0.000000,0.012966,0.000000,0.082353
10006382,clean,1587,0.004396,0.000000,0.012616,0.000000,0.078431
10006383,clean,1598,0.004417,0.000000,0.012649,0.000000,0.074510
10006384,clean,1580,0.004411,0.000000,0.012706,0.000000,0.078431
10006385,clean,1595,0.004423,0.000000,0.012635,0.000000,0.078431
10006386,clean,1568,0.004462,0.000000,0.012665,0.000000,0.074510
10006387,clean,1577,0.004387,0.000000,0.012698,0.000000,0.078431
10006388,clean,1596,0.004347,0.000000,0.012429,0.000000,0.078431
10006389,clean,1561,0.004552,0.000000,0.012878,0.000000,0.082353
10006390,clean,1589,0.004437,0.000000,0.012850,0.000000,0.078431
10006391,clean,1611,0.004333,0.000000,0.012442,0.000000,0.078431
10006392,clean,1599,0.004375,0.000000,0.012679,0.000000,0.074510
10006393,clean,1605,0.004339,0.000000,0.012622,0.000000,0.074510
10006394,clean,1593,0.004375,0.000000,0.012614,0.000000,0.074510
10006395,clean,1592,0.004318,0.000000,0.012380,0.000000,0.078431
10006396,clean,1591,0.004338,0.000000,0.012444,0.000000,0.078431
10006397,clean,1564,0.004448,0.000000,0.012676,0.000000,0.082353
10006398,clean,1577,0.004501,0.000000,0.012772,0.000000,0.074510
10006399,clean,1570,0.004416,0.000000,0.012594,0.000000,0.082353
10006400,clean,1618,0.004237,0.000000,0.012212,0.000000,0.078431
10006401,clean,1592,0.004446,0.000000,0.012699,0.000000,0.074510
10006402,clean,1595,0.004433,0.000000,0.012582,0.000000,0.070588
10006403,clean,1615,0.004283,0.000000,0.012379,0.000000,0.078431
10006404,clean,1593,0.004288,0.000000,0.012319,0.000000,0.074510
10006405,clean,1582,0.004440,0.000000,0.012605,0.000000,0.070588
10006406,clean,1618,0.004426,0.000000,0.012884,0.000000,0.086275
10006407,clean,1582,0.004529,0.000000,0.012963,0.000000,0.078431
10006408,clean,1598,0.004427,0.000000,0.012773,0.000000,0.074510
10006409,clean,1604,0.004398,0.000000,0.012612,0.000000,0.078431
10006410,clean,1578,0.004595,0.000000,0.013243,0.000000,0.082353
10006411,clean,1607,0.004495,0.000000,0.012963,0.000000,0.082353
10006412,clean,1577,0.004590,0.000000,0.013243,0.000000,0.082353
10006413,clean,1573,0.004545,0.000000,0.013140,0.000000,0.082353
10006414,clean,1570,0.004521,0.000000,0.013056,0.000000,0.082353
10006415,clean,1582,0.004492,0.000000,0.012833,0.000000,0.078431
10006416,clean,1597,0.004464,0.000000,0.013009,0.000000,0.082353
10006417,clean,1578,0.004525,0.000000,0.012859,0.000000,0.078431
10006418,clean,1604,0.004469,0.000000,0.012893,0.000000,0.082353
10006419,clean,1593,0.004446,0.000000,0.012819,0.000000,0.074510
10006420,clean,1591,0.004575,0.000000,0.013040,0.000000,0.078431
10006421,clean,1561,0.004605,0.000000,0.012996,0.000000,0.078431
10006422,clean,1610,0.004540,0.000000,0.013063,0.000000,0.078431
10006423,clean,1613,0.004510,0.000000,0.013059,0.000000,0.078431
10006424,clean,1597,0.004589,0.000000,0.013037,0.000000,0.078431
10006425,clean,1617,0.004411,0.000000,0.012889,0.000000,0.086275
10006426,clean,1608,0.004548,0.000000,0.013102,0.000000,0.078431
10006427,clean,1616,0.004482,0.000000,0.013019,0.000000,0.090196
10006428,clean,1594,0.004414,0.000000,0.012738,0.000000,0.078431
10006429,clean,1583,0.004511,0.000000,0.012790,0.000000,0.074510
10006430,clean,1609,0.004343,0.000000,0.012518,0.000000,0.070588
10006431,clean,1584,0.004365,0.000000,0.012722,0.000000,0.078431
10009319,clean,1402,0.000428,0.000000,0.003058,0.000000,0.031373
10009320,clean,1403,0.000481,0.000000,0.003083,0.000000,0.027451
10009321,clean,1394,0.000419,0.000000,0.002820,0.000000,0.027451
10009322,clean,1415,0.000407,0.000000,0.002750,0.000000,0.027451
10009323,clean,1405,0.000377,0.000000,0.002732,0.000000,0.031373
10009324,clean,1397,0.000385,0.000000,0.002641,0.000000,0.027451
10009325,clean,1408,0.000357,0.000000,0.002673,0.000000,0.031373
10009326,clean,1411,0.000442,0.000000,0.003247,0.000000,0.039216
10009327,clean,1425,0.000512,0.000000,0.003356,0.000000,0.031373
10009328,clean,1411,0.000420,0.000000,0.002838,0.000000,0.027451
10009329,clean,1406,0.000290,0.000000,0.002282,0.000000,0.027451
10009330,clean,1418,0.000371,0.000000,0.002600,0.000000,0.027451
10009331,clean,1405,0.000366,0.000000,0.002661,0.000000,0.027451
10009332,clean,1414,0.000391,0.000000,0.002892,0.000000,0.031373
10009333,clean,1403,0.000386,0.000000,0.002747,0.000000,0.031373
10009334,clean,1396,0.000421,0.000000,0.002859,0.000000,0.031373
10009335,clean,1382,0.000298,0.000000,0.002569,0.000000,0.039216
10009336,clean,1403,0.000425,0.000000,0.002870,0.000000,0.027451
10009337,clean,1414,0.000516,0.000000,0.003633,0.000000,0.054902
10009338,clean,1401,0.000375,0.000000,0.002702,0.000000,0.027451
10009339,clean,1396,0.000360,0.000000,0.002520,0.000000,0.023529
10009340,clean,1425,0.000476,0.000000,0.003171,0.000000,0.035294
10009341,clean,1421,0.000397,0.000000,0.002852,0.000000,0.027451
10009342,clean,1412,0.000372,0.000000,0.002643,0.000000,0.031373
10009343,clean,1401,0.000487,0.000000,0.003165,0.000000,0.031373
10009344,clean,1415,0.000399,0.000000,0.003013,0.000000,0.039216
10009345,clean,1411,0.000486,0.000000,0.003113,0.000000,0.031373
10009346,clean,1407,0.000521,0.000000,0.003505,0.000000,0.039216
10009347,clean,1413,0.000355,0.000000,0.002812,0.000000,0.039216
10009348,clean,1409,0.000523,0.000000,0.003457,0.000000,0.039216
10009349,clean,1413,0.000441,0.000000,0.003521,0.000000,0.054902
10009350,clean,1387,0.000416,0.000000,0.002936,0.000000,0.031373
10009351,clean,1387,0.000401,0.000000,0.002836,0.000000,0.035294
10009352,clean,1405,0.000424,0.000000,0.003155,0.000000,0.043137
10009353,clean,1401,0.000439,0.000000,0.003093,0.000000,0.039216
10009354,clean,1411,0.000434,0.000000,0.003038,0.000000,0.027451
10009355,clean,1415,0.000513,0.000000,0.003424,0.000000,0.043137
10009356,clean,1409,0.000501,0.000000,0.003463,0.000000,0.047059
10009357,clean,1392,0.000504,0.000000,0.003274,0.000000,0.031373
10009358,clean,1411,0.000536,0.000000,0.003457,0.000000,0.039216
10009359,clean,1408,0.000532,0.000000,0.003682,0.000000,0.043137
10009360,clean,1377,0.000404,0.000000,0.002958,0.000000,0.027451
10009361,clean,1400,0.000350,0.000000,0.002717,0.000000,0.035294
10009362,clean,1396,0.000399,0.000000,0.002923,0.000000,0.031373
10009363,clean,1397,0.000281,0.000000,0.002417,0.000000,0.031373
10009364,clean,1394,0.000309,0.000000,0.002588,0.000000,0.031373
10009365,clean,1409,0.000331,0.000000,0.002633,0.000000,0.035294
10009366,clean,1407,0.000287,0.000000,0.002284,0.000000,0.027451
10009367,clean,1405,0.000388,0.000000,0.002599,0.000000,0.027451
10009368,clean,1405,0.000530,0.000000,0.003319,0.000000,0.031373
10009369,clean,1387,0.000280,0.000000,0.002331,0.000000,0.031373
10009370,clean,1402,0.000509,0.000000,0.003349,0.000000,0.035294
10009371,clean,1410,0.000515,0.000000,0.003389,0.000000,0.039216
10009372,clean,1401,0.000504,0.000000,0.003295,0.000000,0.031373
10009373,clean,1419,0.000406,0.000000,0.002929,0.000000,0.031373
10009374,clean,1410,0.000473,0.000000,0.003129,0.000000,0.031373
10009375,clean,1402,0.000448,0.000000,0.002943,0.000000,0.031373
10009376,clean,1391,0.000409,0.000000,0.002974,0.000000,0.031373
10009377,clean,1409,0.000512,0.000000,0.003474,0.000000,0.047059
10009378,clean,1399,0.000381,0.000000,0.002637,0.000000,0.031373
10009379,clean,1397,0.000376,0.000000,0.002951,0.000000,0.043137
10009380,clean,1411,0.000431,0.000000,0.003167,0.000000,0.031373
10009381,clean,1418,0.000476,0.000000,0.003239,0.000000,0.039216
10009382,clean,1401,0.000350,0.000000,0.002625,0.000000,0.027451
10009383,clean,1395,0.000301,0.000000,0.002478,0.000000,0.027451
10009384,clean,1392,0.000425,0.000000,0.003182,0.000000,0.039216
10009385,clean,1405,0.000421,0.000000,0.003123,0.000000,0.035294
10009386,clean,1399,0.000412,0.000000,0.002820,0.000000,0.031373
10009387,clean,1399,0.000499,0.000000,0.003217,0.000000,0.031373
10009388,clean,1400,0.000303,0.000000,0.002453,0.000000,0.031373
10009389,clean,1408,0.000343,0.000000,0.002513,0.000000,0.031373
10009390,clean,1393,0.000498,0.000000,0.003153,0.000000,0.035294
10009391,clean,1410,0.000448,0.000000,0.003032,0.000000,0.031373
10009392,clean,1422,0.000353,0.000000,0.002569,0.000000,0.027451
10009393,clean,1402,0.000517,0.000000,0.003326,0.000000,0.035294
10009394,clean,1393,0.000504,0.000000,0.003232,0.000000,0.031373
10009395,clean,1397,0.000404,0.000000,0.002970,0.000000,0.035294
10009396,clean,1415,0.000527,0.000000,0.003372,0.000000,0.039216
10009397,clean,1405,0.000419,0.000000,0.002955,0.000000,0.039216
10009398,clean,1406,0.000416,0.000000,0.003094,0.000000,0.039216
10009399,clean,1397,0.000480,0.000000,0.003474,0.000000,0.050980
10009400,clean,1393,0.000318,0.000000,0.002637,0.000000,0.043137
10009401,clean,1400,0.000415,0.000000,0.003187,0.000000,0.039216
10009402,clean,1397,0.000337,0.000000,0.002552,0.000000,0.031373
10009403,clean,1396,0.000567,0.000000,0.003925,0.000000,0.047059
10009404,clean,1416,0.000413,0.000000,0.002990,0.000000,0.039216
10009405,clean,1388,0.000449,0.000000,0.003286,0.000000,0.039216
10009406,clean,1419,0.000390,0.000000,0.002623,0.000000,0.027451
10009407,clean,1385,0.000331,0.000000,0.002545,0.000000,0.027451
10009408,clean,1421,0.000480,0.000000,0.003245,0.000000,0.035294
10009409,clean,1404,0.000318,0.000000,0.002388,0.000000,0.027451
10009410,clean,1397,0.000505,0.000000,0.003163,0.000000,0.031373
10009411,clean,1398,0.000415,0.000000,0.002941,0.000000,0.031373
10009412,clean,1420,0.000453,0.000000,0.003199,0.000000,0.039216
10009413,clean,1402,0.000448,0.000000,0.002995,0.000000,0.031373
10009414,clean,1403,0.000456,0.000000,0.003049,0.000000,0.035294
10009415,clean,1405,0.000505,0.000000,0.003409,0.000000,0.043137
10009416,clean,1405,0.000391,0.000000,0.002803,0.000000,0.035294
10009417,clean,1396,0.000475,0.000000,0.003215,0.000000,0.031373
10009418,clean,1418,0.000503,0.000000,0.003284,0.000000,0.039216
10009419,clean,1407,0.000407,0.000000,0.003106,0.000000,0.043137
10009420,clean,1374,0.000417,0.000000,0.002836,0.000000,0.031373
10009421,clean,1385,0.000428,0.000000,0.002883,0.000000,0.031373
10009422,clean,1414,0.000532,0.000000,0.003314,0.000000,0.035294
10009423,clean,1403,0.000324,0.000000,0.002452,0.000000,0.027451
10009424,clean,1391,0.000482,0.000000,0.003312,0.000000,0.043137
10009425,clean,1415,0.000427,0.000000,0.003088,0.000000,0.031373
10009426,clean,1411,0.000511,0.000000,0.003204,0.000000,0.031373
10009427,clean,1400,0.000448,0.000000,0.003196,0.000000,0.035294
10009428,clean,1431,0.000515,0.000000,0.003342,0.000000,0.035294
10009429,clean,1405,0.000382,0.000000,0.002755,0.000000,0.035294
10009430,clean,1399,0.000325,0.000000,0.002616,0.000000,0.031373
10009431,clean,1397,0.000401,0.000000,0.002836,0.000000,0.031373
10009432,clean,1405,0.000528,0.000000,0.003341,0.000000,0.035294
10009433,clean,1417,0.000382,0.000000,0.002873,0.000000,0.039216
10009434,clean,1424,0.000507,0.000000,0.003431,0.000000,0.039216
10009435,clean,1415,0.000491,0.000000,0.003272,0.000000,0.035294
10009436,clean,1406,0.000438,0.000000,0.003212,0.000000,0.035294
10009437,clean,1406,0.000488,0.000000,0.003212,0.000000,0.035294
10009438,clean,1421,0.000497,0.000000,0.003305,0.000000,0.035294
10009439,clean,1419,0.000467,0.000000,0.003149,0.000000,0.035294
10009440,clean,1403,0.000335,0.000000,0.002722,0.000000,0.035294
10009441,clean,1409,0.000490,0.000000,0.003294,0.000000,0.035294
10009442,clean,1407,0.000482,0.000000,0.003296,0.000000,0.035294
10009443,clean,1399,0.000376,0.000000,0.002671,0.000000,0.027451
10009444,clean,1401,0.000479,0.000000,0.003033,0.000000,0.027451
10009445,clean,1377,0.000313,0.000000,0.002422,0.000000,0.027451
10009446,clean,1418,0.000503,0.000000,0.003278,0.000000,0.035294
10009447,clean,1412,0.000483,0.000000,0.003166,0.000000,0.031373
10009448,clean,1383,0.000451,0.000000,0.003234,0.000000,0.035294
10009449,clean,1406,0.000337,0.000000,0.002589,0.000000,0.035294
10009450,clean,1412,0.000428,0.000000,0.003168,0.000000,0.035294
10009451,clean,1408,0.000395,0.000000,0.002884,0.000000,0.035294
10009452,clean,1405,0.000449,0.000000,0.003040,0.000000,0.031373
10009453,clean,1422,0.000400,0.000000,0.002852,0.000000,0.035294
10009454,clean,1402,0.000436,0.000000,0.002975,0.000000,0.031373
10009455,clean,1395,0.000363,0.000000,0.002708,0.000000,0.027451
10009456,clean,1404,0.000489,0.000000,0.003331,0.000000,0.039216
10009457,clean,1402,0.000397,0.000000,0.002958,0.000000,0.035294
10009458,clean,1395,0.000394,0.000000,0.002644,0.000000,0.027451
10009459,clean,1385,0.000484,0.000000,0.003217,0.000000,0.031373
10009460,clean,1389,0.000375,0.000000,0.002752,0.000000,0.039216
10009461,clean,1409,0.000309,0.000000,0.002388,0.000000,0.031373
10009462,clean,1411,0.000500,0.000000,0.003326,0.000000,0.031373
10009463,clean,1403,0.000394,0.000000,0.002704,0.000000,0.031373
10009464,clean,1384,0.000414,0.000000,0.003005,0.000000,0.031373
10009465,clean,1419,0.000525,0.000000,0.003352,0.000000,0.031373
10009466,clean,1406,0.000427,0.000000,0.002959,0.000000,0.039216
10009467,clean,1416,0.000490,0.000000,0.003294,0.000000,0.035294
10009468,clean,1397,0.000399,0.000000,0.002911,0.000000,0.039216
10009469,clean,1409,0.000384,0.000000,0.002693,0.000000,0.031373
10009470,clean,1402,0.000420,0.000000,0.002883,0.000000,0.027451
10009471,clean,1402,0.000403,0.000000,0.002785,0.000000,0.031373
10009472,clean,1382,0.000366,0.000000,0.002458,0.000000,0.027451
10009473,clean,1401,0.000358,0.000000,0.002769,0.000000,0.039216
10009474,clean,1417,0.000363,0.000000,0.002694,0.000000,0.031373
10009475,clean,1391,0.000313,0.000000,0.002559,0.000000,0.035294
10009476,clean,1395,0.000281,0.000000,0.002345,0.000000,0.031373
10009477,clean,1417,0.000365,0.000000,0.002849,0.000000,0.039216
10009478,clean,1417,0.000387,0.000000,0.002846,0.000000,0.039216
10009479,clean,1396,0.000416,0.000000,0.003043,0.000000,0.039216
10009480,clean,1398,0.000410,0.000000,0.002997,0.000000,0.031373
10009481,clean,1408,0.000292,0.000000,0.002307,0.000000,0.027451
10009482,clean,1397,0.000368,0.000000,0.002753,0.000000,0.039216
10009483,clean,1405,0.000461,0.000000,0.003050,0.000000,0.031373
10009484,clean,1417,0.000479,0.000000,0.003066,0.000000,0.027451
10009485,clean,1402,0.000506,0.000000,0.003380,0.000000,0.043137
10009486,clean,1399,0.000286,0.000000,0.002383,0.000000,0.031373
10009487,clean,1399,0.000404,0.000000,0.002971,0.000000,0.035294
10009488,clean,1402,0.000503,0.000000,0.003353,0.000000,0.039216
10009489,clean,1410,0.000576,0.000000,0.003956,0.000000,0.058824
10009490,clean,1409,0.000523,0.000000,0.003335,0.000000,0.035294
10009491,clean,1382,0.000411,0.000000,0.002881,0.000000,0.031373
10009492,clean,1403,0.000408,0.000000,0.002795,0.000000,0.027451
10009493,clean,1386,0.000538,0.000000,0.003462,0.000000,0.035294
10009494,clean,1395,0.000486,0.000000,0.003289,0.000000,0.035294
10009495,clean,1397,0.000379,0.000000,0.002780,0.000000,0.031373
10009496,clean,1384,0.000394,0.000000,0.002842,0.000000,0.027451
10009497,clean,1397,0.000469,0.000000,0.003050,0.000000,0.027451
10009498,clean,1399,0.000418,0.000000,0.003119,0.000000,0.035294
10009499,clean,1396,0.000393,0.000000,0.002905,0.000000,0.031373
10009500,clean,1417,0.000501,0.000000,0.003346,0.000000,0.031373
10009501,clean,1394,0.000535,0.000000,0.003378,0.000000,0.031373
10009502,clean,1416,0.000471,0.000000,0.003055,0.000000,0.027451
10009503,clean,1405,0.000293,0.000000,0.002323,0.000000,0.027451
10009504,clean,1400,0.000434,0.000000,0.003037,0.000000,0.039216
10009505,clean,1388,0.000480,0.000000,0.003103,0.000000,0.035294
10009506,clean,1427,0.000550,0.000000,0.003412,0.000000,0.031373
10009507,clean,1398,0.000314,0.000000,0.002558,0.000000,0.031373
10009508,clean,1407,0.000532,0.000000,0.003357,0.000000,0.031373
10009509,clean,1415,0.000402,0.000000,0.002821,0.000000,0.031373
10009510,clean,1406,0.000505,0.000000,0.003240,0.000000,0.031373
10009511,clean,1389,0.000449,0.000000,0.002948,0.000000,0.027451
10009512,clean,1396,0.000413,0.000000,0.003037,0.000000,0.031373
10009513,clean,1414,0.000361,0.000000,0.002647,0.000000,0.023529
10009514,clean,1422,0.000284,0.000000,0.002229,0.000000,0.027451
10009515,clean,1369,0.000327,0.000000,0.002549,0.000000,0.031373
10009516,clean,1412,0.000469,0.000000,0.003065,0.000000,0.027451
10009517,clean,1392,0.000372,0.000000,0.002654,0.000000,0.031373
10009518,clean,1413,0.000291,0.000000,0.002226,0.000000,0.027451
10100000,clean,27,0.000000,0.000000,0.000000,0.000000,0.000000
10100001,clean,26,0.000000,0.000000,0.000000,0.000000,0.000000
10100002,clean,36,0.000000,0.000000,0.000000,0.000000,0.000000
10100003,clean,27,0.000000,0.000000,0.000000,0.000000,0.000000
10100004,clean,30,0.000000,0.000000,0.000000,0.000000,0.000000
10100005,clean,32,0.000000,0.000000,0.000000,0.000000,0.000000
10100006,clean,28,0.000000,0.000000,0.000000,0.000000,0.000000
10100007,clean,33,0.000000,0.000000,0.000000,0.000000,0.000000
10100008,clean,33,0.000000,0.000000,0.000000,0.000000,0.000000
10100009,clean,23,0.000000,0.000000,0.000000,0.000000,0.000000
10100010,clean,33,0.000000,0.000000,0.000000,0.000000,0.000000
10100011,clean,38,0.000000,0.000000,0.000000,0.000000,0.000000
10100012,clean,30,0.000000,0.000000,0.000000,0.000000,0.000000
10100013,clean,27,0.000000,0.000000,0.000000,0.000000,0.000000
10100014,clean,32,0.000000,0.000000,0.000000,0.000000,0.000000
10100015,clean,37,0.000000,0.000000,0.000000,0.000000,0.000000
10100016,clean,33,0.000000,0.000000,0.000000,0.000000,0.000000
10100017,clean,30,0.000000,0.000000,0.000000,0.000000,0.000000
10100018,clean,33,0.000000,0.000000,0.000000,0.000000,0.000000
10100019,clean,31,0.000000,0.000000,0.000000,0.000000,0.000000
10100020,clean,26,0.000000,0.000000,0.000000,0.000000,0.000000
10100021,clean,33,0.000000,0.000000,0.000000,0.000000,0.000000
10100022,clean,29,0.000000,0.000000,0.000000,0.000000,0.000000
10100023,clean,26,0.000000,0.000000,0.000000,0.000000,0.000000
10100024,clean,31,0.000000,0.000000,0.000000,0.000000,0.000000
10100025,clean,34,0.000000,0.000000,0.000000,0.000000,0.000000
10100026,clean,19,0.000000,0.000000,0.000000,0.000000,0.000000
10100027,clean,26,0.000000,0.000000,0.000000,0.000000,0.000000
10100028,clean,27,0.000000,0.000000,0.000000,0.000000,0.000000
10100029,clean,40,0.000000,0.000000,0.000000,0.000000,0.000000
10100030,clean,27,0.000000,0.000000,0.000000,0.000000,0.000000
10100031,clean,33,0.000000,0.000000,0.000000,0.000000,0.000000
10100032,clean,31,0.000000,0.000000,0.000000,0.000000,0.000000
10100033,clean,31,0.000000,0.000000,0.000000,0.000000,0.000000
10100034,clean,29,0.000000,0.000000,0.000000,0.000000,0.000000
10100035,clean,25,0.000000,0.000000,0.000000,0.000000,0.000000
10100036,clean,32,0.000000,0.000000,0.000000,0.000000,0.000000
10100037,clean,25,0.000000,0.000000,0.000000,0.000000,0.000000
10100038,clean,37,0.000000,0.000000,0.000000,0.000000,0.000000
10100039,clean,27,0.000000,0.000000,0.000000,0.000000,0.000000
10100040,clean,32,0.000000,0.000000,0.000000,0.000000,0.000000
10100041,clean,28,0.000000,0.000000,0.000000,0.000000,0.000000
10100042,clean,38,0.000103,0.000000,0.000628,0.000000,0.003922
10100043,clean,37,0.000000,0.000000,0.000000,0.000000,0.000000
10100044,clean,27,0.000000,0.000000,0.000000,0.000000,0.000000
10100045,clean,28,0.000000,0.000000,0.000000,0.000000,0.000000
10100046,clean,32,0.000000,0.000000,0.000000,0.000000,0.000000
10100047,clean,31,0.000000,0.000000,0.000000,0.000000,0.000000
10100048,clean,30,0.000000,0.000000,0.000000,0.000000,0.000000
10100049,clean,37,0.000000,0.000000,0.000000,0.000000,0.000000
10100050,clean,35,0.000000,0.000000,0.000000,0.000000,0.000000
10100051,clean,29,0.000000,0.000000,0.000000,0.000000,0.000000
10100052,clean,21,0.000000,0.000000,0.000000,0.000000,0.000000
10100053,clean,39,0.000000,0.000000,0.000000,0.000000,0.000000
10100054,clean,32,0.000000,0.000000,0.000000,0.000000,0.000000
10100055,clean,24,0.000000,0.000000,0.000000,0.000000,0.000000
10100056,clean,36,0.000000,0.000000,0.000000,0.000000,0.000000
10100057,clean,31,0.000000,0.000000,0.000000,0.000000,0.000000
10100058,clean,34,0.000000,0.000000,0.000000,0.000000,0.000000
10100059,clean,29,0.000000,0.000000,0.000000,0.000000,0.000000
10100060,clean,29,0.000000,0.000000,0.000000,0.000000,0.000000
10100061,clean,24,0.000000,0.000000,0.000000,0.000000,0.000000
10100062,clean,25,0.000000,0.000000,0.000000,0.000000,0.000000
10100063,clean,35,0.000112,0.000000,0.000653,0.000000,0.003922
10100064,clean,31,0.000000,0.000000,0.000000,0.000000,0.000000
10100065,clean,25,0.000000,0.000000,0.000000,0.000000,0.000000
10100066,clean,33,0.000000,0.000000,0.000000,0.000000,0.000000
10100067,clean,36,0.000000,0.000000,0.000000,0.000000,0.000000
10100068,clean,33,0.000000,0.000000,0.000000,0.000000,0.000000
10100069,clean,24,0.000000,0.000000,0.000000,0.000000,0.000000
10100070,clean,31,0.000000,0.000000,0.000000,0.000000,0.000000
10100071,clean,33,0.000000,0.000000,0.000000,0.000000,0.000000
10100072,clean,28,0.000000,0.000000,0.000000,0.000000,0.000000
10100073,clean,26,0.000000,0.000000,0.000000,0.000000,0.000000
10100074,clean,23,0.000000,0.000000,0.000000,0.000000,0.000000
10100075,clean,34,0.000000,0.000000,0.000000,0.000000,0.000000
10100076,clean,34,0.000000,0.000000,0.000000,0.000000,0.000000
10100077,clean,33,0.000000,0.000000,0.000000,0.000000,0.000000
10100078,clean,29,0.000000,0.000000,0.000000,0.000000,0.000000
10100079,clean,31,0.000000,0.000000,0.000000,0.000000,0.000000
10100080,clean,22,0.000000,0.000000,0.000000,0.000000,0.000000
10100081,clean,30,0.000000,0.000000,0.000000,0.000000,0.000000
10100082,clean,31,0.000000,0.000000,0.000000,0.000000,0.000000
10100083,clean,30,0.000000,0.000000,0.000000,0.000000,0.000000
10100084,clean,34,0.000000,0.000000,0.000000,0.000000,0.000000
10100085,clean,26,0.000000,0.000000,0.000000,0.000000,0.000000
10100086,clean,29,0.000000,0.000000,0.000000,0.000000,0.000000
10100087,clean,26,0.000000,0.000000,0.000000,0.000000,0.000000
10100088,clean,32,0.000000,0.000000,0.000000,0.000000,0.000000
10100089,clean,34,0.000000,0.000000,0.000000,0.000000,0.000000
10100090,clean,36,0.000000,0.000000,0.000000,0.000000,0.000000
10100091,clean,26,0.000000,0.000000,0.000000,0.000000,0.000000
10100092,clean,30,0.000000,0.000000,0.000000,0.000000,0.000000
10100093,clean,29,0.000000,0.000000,0.000000,0.000000,0.000000
10100094,clean,26,0.000000,0.000000,0.000000,0.000000,0.000000
10100095,clean,23,0.000000,0.000000,0.000000,0.000000,0.000000
10100096,clean,31,0.000000,0.000000,0.000000,0.000000,0.000000
10100097,clean,28,0.000000,0.000000,0.000000,0.000000,0.000000
10100098,clean,31,0.000000,0.000000,0.000000,0.000000,0.000000
10100099,clean,29,0.000000,0.000000,0.000000,0.000000,0.000000
10100100,clean,29,0.000000,0.000000,0.000000,0.000000,0.000000
10100101,clean,25,0.000000,0.000000,0.000000,0.000000,0.000000
10100102,clean,33,0.000000,0.000000,0.000000,0.000000,0.000000
10100103,clean,30,0.000000,0.000000,0.000000,0.000000,0.000000
10100104,clean,26,0.000000,0.000000,0.000000,0.000000,0.000000
10100105,clean,27,0.000000,0.000000,0.000000,0.000000,0.000000
10100106,clean,30,0.000000,0.000000,0.000000,0.000000,0.000000
10100107,clean,30,0.000000,0.000000,0.000000,0.000000,0.000000
10100108,clean,25,0.000000,0.000000,0.000000,0.000000,0.000000
10100109,clean,31,0.000000,0.000000,0.000000,0.000000,0.000000
10100110,clean,34,0.000000,0.000000,0.000000,0.000000,0.000000
10100111,clean,28,0.000000,0.000000,0.000000,0.000000,0.000000
10100112,clean,29,0.000000,0.000000,0.000000,0.000000,0.000000
10100113,clean,33,0.000000,0.000000,0.000000,0.000000,0.000000
10100114,clean,33,0.000000,0.000000,0.000000,0.000000,0.000000
10100115,clean,33,0.000000,0.000000,0.000000,0.000000,0.000000
10100116,clean,27,0.000000,0.000000,0.000000,0.000000,0.000000
10100117,clean,32,0.000000,0.000000,0.000000,0.000000,0.000000
10100118,clean,29,0.000000,0.000000,0.000000,0.000000,0.000000
10100119,clean,35,0.000000,0.000000,0.000000,0.000000,0.000000
10100120,clean,26,0.000000,0.000000,0.000000,0.000000,0.000000
10100121,clean,31,0.000000,0.000000,0.000000,0.000000,0.000000
10100122,clean,27,0.000000,0.000000,0.000000,0.000000,0.000000
10100123,clean,34,0.000000,0.000000,0.000000,0.000000,0.000000
10100124,clean,31,0.000000,0.000000,0.000000,0.000000,0.000000
10100125,clean,27,0.000000,0.000000,0.000000,0.000000,0.000000
10100126,clean,26,0.000000,0.000000,0.000000,0.000000,0.000000
10100127,clean,36,0.000000,0.000000,0.000000,0.000000,0.000000
10100128,clean,25,0.000000,0.000000,0.000000,0.000000,0.000000
10100129,clean,27,0.000000,0.000000,0.000000,0.000000,0.000000
10100130,clean,27,0.000000,0.000000,0.000000,0.000000,0.000000
10100131,clean,31,0.000000,0.000000,0.000000,0.000000,0.000000
10100132,clean,28,0.000000,0.000000,0.000000,0.000000,0.000000
10100133,clean,25,0.000000,0.000000,0.000000,0.000000,0.000000
10100134,clean,32,0.000000,0.000000,0.000000,0.000000,0.000000
10100135,clean,26,0.000000,0.000000,0.000000,0.000000,0.000000
10100136,clean,31,0.000127,0.000000,0.000693,0.000000,0.003922
10100137,clean,25,0.000000,0.000000,0.000000,0.000000,0.000000
10100138,clean,25,0.000000,0.000000,0.000000,0.000000,0.000000
10100139,clean,33,0.000000,0.000000,0.000000,0.000000,0.000000
10100140,clean,29,0.000000,0.000000,0.000000,0.000000,0.000000
10100141,clean,30,0.000000,0.000000,0.000000,0.000000,0.000000
10100142,clean,28,0.000000,0.000000,0.000000,0.000000,0.000000
10100143,clean,34,0.000000,0.000000,0.000000,0.000000,0.000000
10100144,clean,27,0.000000,0.000000,0.000000,0.000000,0.000000
10100145,clean,33,0.000000,0.000000,0.000000,0.000000,0.000000
10100146,clean,29,0.000000,0.000000,0.000000,0.000000,0.000000
10100147,clean,31,0.000000,0.000000,0.000000,0.000000,0.000000
10100148,clean,34,0.000000,0.000000,0.000000,0.000000,0.000000
10100149,clean,29,0.000000,0.000000,0.000000,0.000000,0.000000
10100150,clean,29,0.000000,0.000000,0.000000,0.000000,0.000000
10100151,clean,30,0.000000,0.000000,0.000000,0.000000,0.000000
10100152,clean,32,0.000000,0.000000,0.000000,0.000000,0.000000
10100153,clean,38,0.000000,0.000000,0.000000,0.000000,0.000000
10100154,clean,38,0.000000,0.000000,0.000000,0.000000,0.000000
10100155,clean,33,0.000000,0.000000,0.000000,0.000000,0.000000
10100156,clean,25,0.000000,0.000000,0.000000,0.000000,0.000000
10100157,clean,34,0.000000,0.000000,0.000000,0.000000,0.000000
10100158,clean,34,0.000000,0.000000,0.000000,0.000000,0.000000
10100159,clean,26,0.000000,0.000000,0.000000,0.000000,0.000000
10100160,clean,27,0.000000,0.000000,0.000000,0.000000,0.000000
10100161,clean,28,0.000000,0.000000,0.000000,0.000000,0.000000
10100162,clean,21,0.000000,0.000000,0.000000,0.000000,0.000000
10100163,clean,29,0.000000,0.000000,0.000000,0.000000,0.000000
10100164,clean,30,0.000000,0.000000,0.000000,0.000000,0.000000
10100165,clean,30,0.000000,0.000000,0.000000,0.000000,0.000000
10100166,clean,37,0.000000,0.000000,0.000000,0.000000,0.000000
10100167,clean,27,0.000000,0.000000,0.000000,0.000000,0.000000
10100168,clean,27,0.000000,0.000000,0.000000,0.000000,0.000000
10100169,clean,39,0.000000,0.000000,0.000000,0.000000,0.000000
10100170,clean,23,0.000000,0.000000,0.000000,0.000000,0.000000
10100171,clean,31,0.000000,0.000000,0.000000,0.000000,0.000000
10100172,clean,28,0.000000,0.000000,0.000000,0.000000,0.000000
10100173,clean,32,0.000000,0.000000,0.000000,0.000000,0.000000
10100174,clean,32,0.000000,0.000000,0.000000,0.000000,0.000000
10100175,clean,26,0.000000,0.000000,0.000000,0.000000,0.000000
10100176,clean,30,0.000000,0.000000,0.000000,0.000000,0.000000
10100177,clean,34,0.000000,0.000000,0.000000,0.000000,0.000000
10100178,clean,35,0.000000,0.000000,0.000000,0.000000,0.000000
10100179,clean,33,0.000000,0.000000,0.000000,0.000000,0.000000
10100180,clean,29,0.000000,0.000000,0.000000,0.000000,0.000000
10100181,clean,30,0.000000,0.000000,0.000000,0.000000,0.000000
10100182,clean,30,0.000000,0.000000,0.000000,0.000000,0.000000
10100183,clean,28,0.000000,0.000000,0.000000,0.000000,0.000000
10100184,clean,33,0.000000,0.000000,0.000000,0.000000,0.000000
10100185,clean,35,0.000000,0.000000,0.000000,0.000000,0.000000
10100186,clean,30,0.000000,0.000000,0.000000,0.000000,0.000000
10100187,clean,33,0.000000,0.000000,0.000000,0.000000,0.000000
10100188,clean,38,0.000000,0.000000,0.000000,0.000000,0.000000
10100189,clean,34,0.000000,0.000000,0.000000,0.000000,0.000000
10100190,clean,35,0.000000,0.000000,0.000000,0.000000,0.000000
10100191,clean,32,0.000000,0.000000,0.000000,0.000000,0.000000
10100192,clean,26,0.000000,0.000000,0.000000,0.000000,0.000000
10100193,clean,31,0.000000,0.000000,0.000000,0.000000,0.000000
10100194,clean,36,0.000000,0.000000,0.000000,0.000000,0.000000
10100195,clean,24,0.000000,0.000000,0.000000,0.000000,0.000000
10100196,clean,35,0.000000,0.000000,0.000000,0.000000,0.000000
10100197,clean,27,0.000000,0.000000,0.000000,0.000000,0.000000
10100198,clean,31,0.000000,0.000000,0.000000,0.000000,0.000000
10100199,clean,27,0.000000,0.000000,0.000000,0.000000,0.000000
10100200,clean,31,0.000000,0.000000,0.000000,0.000000,0.000000
10100201,clean,28,0.000000,0.000000,0.000000,0.000000,0.000000
10100202,clean,33,0.000000,0.000000,0.000000,0.000000,0.000000
10100203,clean,27,0.000000,0.000000,0.000000,0.000000,0.000000
10100204,clean,25,0.000000,0.000000,0.000000,0.000000,0.000000
10100205,clean,32,0.000000,0.000000,0.000000,0.000000,0.000000
10100206,clean,30,0.000000,0.000000,0.000000,0.000000,0.000000
10100207,clean,33,0.000000,0.000000,0.000000,0.000000,0.000000
10100208,clean,27,0.000000,0.000000,0.000000,0.000000,0.000000
10100209,clean,26,0.000000,0.000000,0.000000,0.000000,0.000000
10100210,clean,32,0.000000,0.000000,0.000000,0.000000,0.000000
10100211,clean,29,0.000000,0.000000,0.000000,0.000000,0.000000
10100212,clean,34,0.000000,0.000000,0.000000,0.000000,0.000000
10100213,clean,35,0.000000,0.000000,0.000000,0.000000,0.000000
10100214,clean,30,0.000000,0.000000,0.000000,0.000000,0.000000
10100215,clean,32,0.000000,0.000000,0.000000,0.000000,0.000000
10100216,clean,33,0.000000,0.000000,0.000000,0.000000,0.000000
10100217,clean,33,0.000000,0.000000,0.000000,0.000000,0.000000
10100218,clean,33,0.000000,0.000000,0.000000,0.000000,0.000000
10100219,clean,31,0.000000,0.000000,0.000000,0.000000,0.000000
10100220,clean,29,0.000000,0.000000,0.000000,0.000000,0.000000
10100221,clean,30,0.000000,0.000000,0.000000,0.000000,0.000000
10100222,clean,32,0.000000,0.000000,0.000000,0.000000,0.000000
10100223,clean,31,0.000000,0.000000,0.000000,0.000000,0.000000
10100224,clean,22,0.000000,0.000000,0.000000,0.000000,0.000000
10100225,clean,18,0.000000,0.000000,0.000000,0.000000,0.000000
10100226,clean,28,0.000000,0.000000,0.000000,0.000000,0.000000
10100227,clean,32,0.000000,0.000000,0.000000,0.000000,0.000000
10100228,clean,30,0.000000,0.000000,0.000000,0.000000,0.000000
10100229,clean,31,0.000253,0.000000,0.000963,0.000000,0.003922
10100230,clean,36,0.000000,0.000000,0.000000,0.000000,0.000000
10100231,clean,23,0.000000,0.000000,0.000000,0.000000,0.000000
10100232,clean,25,0.000000,0.000000,0.000000,0.000000,0.000000
10100233,clean,37,0.000000,0.000000,0.000000,0.000000,0.000000
10100234,clean,33,0.000000,0.000000,0.000000,0.000000,0.000000
10100235,clean,34,0.000000,0.000000,0.000000,0.000000,0.000000
10100236,clean,31,0.000000,0.000000,0.000000,0.000000,0.000000
10100237,clean,31,0.000000,0.000000,0.000000,0.000000,0.000000
10100238,clean,31,0.000000,0.000000,0.000000,0.000000,0.000000
10100239,clean,29,0.000000,0.000000,0.000000,0.000000,0.000000
10100240,clean,31,0.000000,0.000000,0.000000,0.000000,0.000000
10100241,clean,26,0.000000,0.000000,0.000000,0.000000,0.000000
10100242,clean,16,0.000000,0.000000,0.000000,0.000000,0.000000
10100243,clean,29,0.000000,0.000000,0.000000,0.000000,0.000000
10100244,clean,33,0.000000,0.000000,0.000000,0.000000,0.000000
10100245,clean,28,0.000000,0.000000,0.000000,0.000000,0.000000
10100246,clean,29,0.000000,0.000000,0.000000,0.000000,0.000000
10100247,clean,29,0.000000,0.000000,0.000000,0.000000,0.000000
10100248,clean,29,0.000000,0.000000,0.000000,0.000000,0.000000
10100249,clean,34,0.000000,0.000000,0.000000,0.000000,0.000000
10100250,clean,37,0.000000,0.000000,0.000000,0.000000,0.000000
10100251,clean,31,0.000000,0.000000,0.000000,0.000000,0.000000
10100252,clean,34,0.000000,0.000000,0.000000,0.000000,0.000000
10100253,clean,32,0.000000,0.000000,0.000000,0.000000,0.000000
10100254,clean,31,0.000000,0.000000,0.000000,0.000000,0.000000
10100255,clean,29,0.000000,0.000000,0.000000,0.000000,0.000000
10100256,clean,25,0.000000,0.000000,0.000000,0.000000,0.000000
10100257,clean,29,0.000000,0.000000,0.000000,0.000000,0.000000
10100258,clean,28,0.000000,0.000000,0.000000,0.000000,0.000000
10100259,clean,22,0.000000,0.000000,0.000000,0.000000,0.000000
10100260,clean,29,0.000000,0.000000,0.000000,0.000000,0.000000
10100261,clean,39,0.000000,0.000000,0.000000,0.000000,0.000000
10100262,clean,32,0.000000,0.000000,0.000000,0.000000,0.000000
10100263,clean,32,0.000000,0.000000,0.000000,0.000000,0.000000
10100264,clean,28,0.000000,0.000000,0.000000,0.000000,0.000000
10100265,clean,34,0.000000,0.000000,0.000000,0.000000,0.000000
10100266,clean,27,0.000000,0.000000,0.000000,0.000000,0.000000
10100267,clean,27,0.000000,0.000000,0.000000,0.000000,0.000000
10100268,clean,37,0.000000,0.000000,0.000000,0.000000,0.000000
10100269,clean,28,0.000000,0.000000,0.000000,0.000000,0.000000
10100270,clean,34,0.000000,0.000000,0.000000,0.000000,0.000000
10100271,clean,27,0.000000,0.000000,0.000000,0.000000,0.000000
10100272,clean,28,0.000000,0.000000,0.000000,0.000000,0.000000
10100273,clean,37,0.000000,0.000000,0.000000,0.000000,0.000000
10100274,clean,35,0.000000,0.000000,0.000000,0.000000,0.000000
10100275,clean,37,0.000000,0.000000,0.000000,0.000000,0.000000
10100276,clean,32,0.000000,0.000000,0.000000,0.000000,0.000000
10100277,clean,28,0.000000,0.000000,0.000000,0.000000,0.000000
10100278,clean,31,0.000000,0.000000,0.000000,0.000000,0.000000
10100279,clean,26,0.000000,0.000000,0.000000,0.000000,0.000000
10100280,clean,34,0.000000,0.000000,0.000000,0.000000,0.000000
10100281,clean,34,0.000000,0.000000,0.000000,0.000000,0.000000
10100282,clean,29,0.000000,0.000000,0.000000,0.000000,0.000000
10100283,clean,36,0.000000,0.000000,0.000000,0.000000,0.000000
10100284,clean,28,0.000000,0.000000,0.000000,0.000000,0.000000
10100285,clean,30,0.000000,0.000000,0.000000,0.000000,0.000000
10100286,clean,27,0.000000,0.000000,0.000000,0.000000,0.000000
10100287,clean,34,0.000000,0.000000,0.000000,0.000000,0.000000
10100288,clean,28,0.000000,0.000000,0.000000,0.000000,0.000000
10100289,clean,30,0.000000,0.000000,0.000000,0.000000,0.000000
10100290,clean,30,0.000000,0.000000,0.000000,0.000000,0.000000
10100291,clean,31,0.000000,0.000000,0.000000,0.000000,0.000000
10100292,clean,36,0.000000,0.000000,0.000000,0.000000,0.000000
10100293,clean,32,0.000000,0.000000,0.000000,0.000000,0.000000
10100294,clean,31,0.000000,0.000000,0.000000,0.000000,0.000000
10100295,clean,33,0.000000,0.000000,0.000000,0.000000,0.000000
10100296,clean,28,0.000000,0.000000,0.000000,0.000000,0.000000
10100297,clean,31,0.000000,0.000000,0.000000,0.000000,0.000000
10100298,clean,27,0.000000,0.000000,0.000000,0.000000,0.000000
10100299,clean,27,0.000000,0.000000,0.000000,0.000000,0.000000
10100300,clean,28,0.000000,0.000000,0.000000,0.000000,0.000000
10100301,clean,30,0.000000,0.000000,0.000000,0.000000,0.000000
10100302,clean,27,0.000000,0.000000,0.000000,0.000000,0.000000
10100303,clean,29,0.000000,0.000000,0.000000,0.000000,0.000000
10100304,clean,33,0.000000,0.000000,0.000000,0.000000,0.000000
10100305,clean,31,0.000000,0.000000,0.000000,0.000000,0.000000
10100306,clean,31,0.000000,0.000000,0.000000,0.000000,0.000000
10100307,clean,30,0.000000,0.000000,0.000000,0.000000,0.000000
10100308,clean,36,0.000000,0.000000,0.000000,0.000000,0.000000
10100309,clean,30,0.000000,0.000000,0.000000,0.000000,0.000000
10100310,clean,28,0.000000,0.000000,0.000000,0.000000,0.000000
10100311,clean,38,0.000000,0.000000,0.000000,0.000000,0.000000
10100312,clean,31,0.000000,0.000000,0.000000,0.000000,0.000000
10100313,clean,32,0.000000,0.000000,0.000000,0.000000,0.000000
10100314,clean,28,0.000000,0.000000,0.000000,0.000000,0.000000
10100315,clean,29,0.000000,0.000000,0.000000,0.000000,0.000000
10100316,clean,33,0.000000,0.000000,0.000000,0.000000,0.000000
10100317,clean,30,0.000000,0.000000,0.000000,0.000000,0.000000
10100318,clean,34,0.001269,0.000000,0.007288,0.000000,0.043137
10100319,clean,31,0.000000,0.000000,0.000000,0.000000,0.000000
10100320,clean,26,0.000000,0.000000,0.000000,0.000000,0.000000
10100321,clean,36,0.000000,0.000000,0.000000,0.000000,0.000000
10100322,clean,34,0.000000,0.000000,0.000000,0.000000,0.000000
10100323,clean,29,0.000000,0.000000,0.000000,0.000000,0.000000
10100324,clean,33,0.000119,0.000000,0.000672,0.000000,0.003922
10100325,clean,30,0.000000,0.000000,0.000000,0.000000,0.000000
10100326,clean,24,0.000000,0.000000,0.000000,0.000000,0.000000
10100327,clean,29,0.000000,0.000000,0.000000,0.000000,0.000000
10100328,clean,40,0.000000,0.000000,0.000000,0.000000,0.000000
10100329,clean,27,0.000000,0.000000,0.000000,0.000000,0.000000
10100330,clean,32,0.000000,0.000000,0.000000,0.000000,0.000000
10100331,clean,29,0.000000,0.000000,0.000000,0.000000,0.000000
10100332,clean,32,0.000000,0.000000,0.000000,0.000000,0.000000
10100333,clean,30,0.000000,0.000000,0.000000,0.000000,0.000000
10100334,clean,29,0.000000,0.000000,0.000000,0.000000,0.000000
10100335,clean,26,0.000000,0.000000,0.000000,0.000000,0.000000
10100336,clean,30,0.000000,0.000000,0.000000,0.000000,0.000000
10100337,clean,30,0.000000,0.000000,0.000000,0.000000,0.000000
10100338,clean,37,0.000000,0.000000,0.000000,0.000000,0.000000
10100339,clean,28,0.000000,0.000000,0.000000,0.000000,0.000000
10100340,clean,30,0.000000,0.000000,0.000000,0.000000,0.000000
10100341,clean,25,0.000000,0.000000,0.000000,0.000000,0.000000
10100342,clean,29,0.000000,0.000000,0.000000,0.000000,0.000000
10100343,clean,25,0.000000,0.000000,0.000000,0.000000,0.000000
10100344,clean,26,0.000000,0.000000,0.000000,0.000000,0.000000
10100345,clean,30,0.000000,0.000000,0.000000,0.000000,0.000000
10100346,clean,33,0.000000,0.000000,0.000000,0.000000,0.000000
10100347,clean,33,0.000000,0.000000,0.000000,0.000000,0.000000
10100348,clean,28,0.000000,0.000000,0.000000,0.000000,0.000000
10100349,clean,32,0.000000,0.000000,0.000000,0.000000,0.000000
10100350,clean,27,0.000000,0.000000,0.000000,0.000000,0.000000
10100351,clean,35,0.000000,0.000000,0.000000,0.000000,0.000000
10100352,clean,27,0.000000,0.000000,0.000000,0.000000,0.000000
10100353,clean,34,0.000000,0.000000,0.000000,0.000000,0.000000
10100354,clean,26,0.000000,0.000000,0.000000,0.000000,0.000000
10100355,clean,28,0.000000,0.000000,0.000000,0.000000,0.000000
10100356,clean,29,0.000000,0.000000,0.000000,0.000000,0.000000
10100357,clean,26,0.000000,0.000000,0.000000,0.000000,0.000000
10100358,clean,38,0.000000,0.000000,0.000000,0.000000,0.000000
10100359,clean,30,0.000000,0.000000,0.000000,0.000000,0.000000
10100360,clean,29,0.000000,0.000000,0.000000,0.000000,0.000000
10100361,clean,31,0.000000,0.000000,0.000000,0.000000,0.000000
10100362,clean,28,0.000000,0.000000,0.000000,0.000000,0.000000
10100363,clean,35,0.000000,0.000000,0.000000,0.000000,0.000000
10100364,clean,38,0.000000,0.000000,0.000000,0.000000,0.000000
10100365,clean,26,0.000000,0.000000,0.000000,0.000000,0.000000
10100366,clean,36,0.000000,0.000000,0.000000,0.000000,0.000000
10100367,clean,31,0.000000,0.000000,0.000000,0.000000,0.000000
10100368,clean,30,0.000000,0.000000,0.000000,0.000000,0.000000
10100369,clean,34,0.000000,0.000000,0.000000,0.000000,0.000000
10100370,clean,30,0.000000,0.000000,0.000000,0.000000,0.000000
10100371,clean,25,0.000000,0.000000,0.000000,0.000000,0.000000
10100372,clean,31,0.000000,0.000000,0.000000,0.000000,0.000000
10100373,clean,34,0.000000,0.000000,0.000000,0.000000,0.000000
10100374,clean,31,0.000000,0.000000,0.000000,0.000000,0.000000
10100375,clean,34,0.000000,0.000000,0.000000,0.000000,0.000000
10100376,clean,35,0.000000,0.000000,0.000000,0.000000,0.000000
10100377,clean,29,0.000000,0.000000,0.000000,0.000000,0.000000
10100378,clean,27,0.000000,0.000000,0.000000,0.000000,0.000000
10100379,clean,27,0.000000,0.000000,0.000000,0.000000,0.000000
10100380,clean,32,0.000000,0.000000,0.000000,0.000000,0.000000
10100381,clean,30,0.000000,0.000000,0.000000,0.000000,0.000000
10100382,clean,29,0.000000,0.000000,0.000000,0.000000,0.000000
10100383,clean,38,0.000000,0.000000,0.000000,0.000000,0.000000
10100384,clean,27,0.000000,0.000000,0.000000,0.000000,0.000000
10100385,clean,32,0.000000,0.000000,0.000000,0.000000,0.000000
10100386,clean,24,0.000000,0.000000,0.000000,0.000000,0.000000
10100387,clean,29,0.000000,0.000000,0.000000,0.000000,0.000000
10100388,clean,38,0.000000,0.000000,0.000000,0.000000,0.000000
10100389,clean,30,0.000000,0.000000,0.000000,0.000000,0.000000
10100390,clean,27,0.000000,0.000000,0.000000,0.000000,0.000000
10100391,clean,28,0.000000,0.000000,0.000000,0.000000,0.000000
10100392,clean,28,0.000000,0.000000,0.000000,0.000000,0.000000
10100393,clean,31,0.000000,0.000000,0.000000,0.000000,0.000000
10100394,clean,30,0.000000,0.000000,0.000000,0.000000,0.000000
10100395,clean,31,0.000000,0.000000,0.000000,0.000000,0.000000
10100396,clean,28,0.000000,0.000000,0.000000,0.000000,0.000000
10100397,clean,24,0.000000,0.000000,0.000000,0.000000,0.000000
10100398,clean,25,0.000000,0.000000,0.000000,0.000000,0.000000
10100399,clean,28,0.000000,0.000000,0.000000,0.000000,0.000000
10006432,noise,1,0.003922,0.003922,0.000000,0.003922,0.003922
10006433,noise,1,0.070588,0.070588,0.000000,0.070588,0.070588
10006434,noise,0,0.000000,0.000000,0.000000,0.000000,0.000000
10006435,noise,0,0.000000,0.000000,0.000000,0.000000,0.000000
10006436,noise,1,0.023529,0.023529,0.000000,0.023529,0.023529
10006437,noise,0,0.000000,0.000000,0.000000,0.000000,0.000000
10006438,noise,0,0.000000,0.000000,0.000000,0.000000,0.000000
10006439,noise,0,0.000000,0.000000,0.000000,0.000000,0.000000
10006440,noise,1,0.023529,0.023529,0.000000,0.023529,0.023529
10006441,noise,0,0.000000,0.000000,0.000000,0.000000,0.000000
10006442,noise,0,0.000000,0.000000,0.000000,0.000000,0.000000
10006443,noise,0,0.000000,0.000000,0.000000,0.000000,0.000000
10006444,noise,0,0.000000,0.000000,0.000000,0.000000,0.000000
10006445,noise,0,0.000000,0.000000,0.000000,0.000000,0.000000
10006446,noise,0,0.000000,0.000000,0.000000,0.000000,0.000000
10006447,noise,1,0.023529,0.023529,0.000000,0.023529,0.023529
10006448,noise,2,0.000000,0.000000,0.000000,0.000000,0.000000
10006449,noise,0,0.000000,0.000000,0.000000,0.000000,0.000000
10006450,noise,0,0.000000,0.000000,0.000000,0.000000,0.000000
10006451,noise,0,0.000000,0.000000,0.000000,0.000000,0.000000
10006452,noise,0,0.000000,0.000000,0.000000,0.000000,0.000000
10006453,noise,0,0.000000,0.000000,0.000000,0.000000,0.000000
10006454,noise,1,0.000000,0.000000,0.000000,0.000000,0.000000
10006455,noise,0,0.000000,0.000000,0.000000,0.000000,0.000000
10006456,noise,0,0.000000,0.000000,0.000000,0.000000,0.000000
10006457,noise,0,0.000000,0.000000,0.000000,0.000000,0.000000
10006458,noise,0,0.000000,0.000000,0.000000,0.000000,0.000000
10006459,noise,0,0.000000,0.000000,0.000000,0.000000,0.000000
10006460,noise,0,0.000000,0.000000,0.000000,0.000000,0.000000
10006461,noise,0,0.000000,0.000000,0.000000,0.000000,0.000000
10006462,noise,0,0.000000,0.000000,0.000000,0.000000,0.000000
10006463,noise,0,0.000000,0.000000,0.000000,0.000000,0.000000
10006464,noise,0,0.000000,0.000000,0.000000,0.000000,0.000000
10006465,noise,0,0.000000,0.000000,0.000000,0.000000,0.000000
10006466,noise,1,0.023529,0.023529,0.000000,0.023529,0.023529
10006467,noise,0,0.000000,0.000000,0.000000,0.000000,0.000000
10006468,noise,0,0.000000,0.000000,0.000000,0.000000,0.000000
10006469,noise,1,0.039216,0.039216,0.000000,0.039216,0.039216
10006470,noise,0,0.000000,0.000000,0.000000,0.000000,0.000000
10006471,noise,0,0.000000,0.000000,0.000000,0.000000,0.000000
10006472,noise,4,0.003922,0.003922,0.000000,0.003922,0.003922
10006473,noise,0,0.000000,0.000000,0.000000,0.000000,0.000000
10006474,noise,0,0.000000,0.000000,0.000000,0.000000,0.000000
10006475,noise,0,0.000000,0.000000,0.000000,0.000000,0.000000
10006476,noise,2,0.039216,0.039216,0.000000,0.039216,0.039216
10006477,noise,0,0.000000,0.000000,0.000000,0.000000,0.000000
10006478,noise,1,0.023529,0.023529,0.000000,0.023529,0.023529
10006479,noise,4,0.011765,0.011765,0.002773,0.007843,0.015686
10006480,noise,0,0.000000,0.000000,0.000000,0.000000,0.000000
10006481,noise,0,0.000000,0.000000,0.000000,0.000000,0.000000
10006482,noise,0,0.000000,0.000000,0.000000,0.000000,0.000000
10006483,noise,1,0.023529,0.023529,0.000000,0.023529,0.023529
10006484,noise,1,0.054902,0.054902,0.000000,0.054902,0.054902
10006485,noise,0,0.000000,0.000000,0.000000,0.000000,0.000000
10006486,noise,0,0.000000,0.000000,0.000000,0.000000,0.000000
10006487,noise,0,0.000000,0.000000,0.000000,0.000000,0.000000
10006488,noise,0,0.000000,0.000000,0.000000,0.000000,0.000000
10006489,noise,1,0.019608,0.019608,0.000000,0.019608,0.019608
10006490,noise,0,0.000000,0.000000,0.000000,0.000000,0.000000
10006491,noise,0,0.000000,0.000000,0.000000,0.000000,0.000000
10006492,noise,0,0.000000,0.000000,0.000000,0.000000,0.000000
10006493,noise,0,0.000000,0.000000,0.000000,0.000000,0.000000
10006494,noise,0,0.000000,0.000000,0.000000,0.000000,0.000000
10006495,noise,0,0.000000,0.000000,0.000000,0.000000,0.000000
10006496,noise,0,0.000000,0.000000,0.000000,0.000000,0.000000
10006497,noise,0,0.000000,0.000000,0.000000,0.000000,0.000000
10006498,noise,0,0.000000,0.000000,0.000000,0.000000,0.000000
10006499,noise,0,0.000000,0.000000,0.000000,0.000000,0.000000
10006500,noise,0,0.000000,0.000000,0.000000,0.000000,0.000000
10006501,noise,0,0.000000,0.000000,0.000000,0.000000,0.000000
10006502,noise,0,0.000000,0.000000,0.000000,0.000000,0.000000
10006503,noise,0,0.000000,0.000000,0.000000,0.000000,0.000000
10006504,noise,0,0.000000,0.000000,0.000000,0.000000,0.000000
10006505,noise,3,0.003922,0.003922,0.000000,0.003922,0.003922
10006506,noise,1,0.015686,0.015686,0.000000,0.015686,0.015686
10006507,noise,0,0.000000,0.000000,0.000000,0.000000,0.000000
10006508,noise,0,0.000000,0.000000,0.000000,0.000000,0.000000
10006509,noise,0,0.000000,0.000000,0.000000,0.000000,0.000000
10006510,noise,0,0.000000,0.000000,0.000000,0.000000,0.000000
10006511,noise,1,0.027451,0.027451,0.000000,0.027451,0.027451
10006512,noise,0,0.000000,0.000000,0.000000,0.000000,0.000000
10006513,noise,0,0.000000,0.000000,0.000000,0.000000,0.000000
10006514,noise,1,0.023529,0.023529,0.000000,0.023529,0.023529
10006515,noise,0,0.000000,0.000000,0.000000,0.000000,0.000000
10006516,noise,0,0.000000,0.000000,0.000000,0.000000,0.000000
10006517,noise,0,0.000000,0.000000,0.000000,0.000000,0.000000
10006518,noise,1,0.023529,0.023529,0.000000,0.023529,0.023529
10006519,noise,2,0.017647,0.017647,0.001961,0.015686,0.019608
10006520,noise,0,0.000000,0.000000,0.000000,0.000000,0.000000
10006521,noise,0,0.000000,0.000000,0.000000,0.000000,0.000000
10006522,noise,0,0.000000,0.000000,0.000000,0.000000,0.000000
10006523,noise,0,0.000000,0.000000,0.000000,0.000000,0.000000
10006524,noise,2,0.035294,0.035294,0.035294,0.000000,0.070588
10006525,noise,0,0.000000,0.000000,0.000000,0.000000,0.000000
10006526,noise,0,0.000000,0.000000,0.000000,0.000000,0.000000
10006527,noise,0,0.000000,0.000000,0.000000,0.000000,0.000000
10006528,noise,0,0.000000,0.000000,0.000000,0.000000,0.000000
10006529,noise,1,0.019608,0.019608,0.000000,0.019608,0.019608
10006530,noise,0,0.000000,0.000000,0.000000,0.000000,0.000000
10006531,noise,0,0.000000,0.000000,0.000000,0.000000,0.000000
10006532,noise,0,0.000000,0.000000,0.000000,0.000000,0.000000
10006533,noise,0,0.000000,0.000000,0.000000,0.000000,0.000000
10006534,noise,4,0.061765,0.062745,0.040220,0.019608,0.101961
10006535,noise,1,0.015686,0.015686,0.000000,0.015686,0.015686
10006536,noise,0,0.000000,0.000000,0.000000,0.000000,0.000000
10006537,noise,0,0.000000,0.000000,0.000000,0.000000,0.000000
10006538,noise,3,0.000000,0.000000,0.000000,0.000000,0.000000
10006539,noise,0,0.000000,0.000000,0.000000,0.000000,0.000000
10006540,noise,0,0.000000,0.000000,0.000000,0.000000,0.000000
10006541,noise,0,0.000000,0.000000,0.000000,0.000000,0.000000
10006542,noise,0,0.000000,0.000000,0.000000,0.000000,0.000000
10006543,noise,0,0.000000,0.000000,0.000000,0.000000,0.000000
10006544,noise,0,0.000000,0.000000,0.000000,0.000000,0.000000
10006545,noise,0,0.000000,0.000000,0.000000,0.000000,0.000000
10006546,noise,1,0.015686,0.015686,0.000000,0.015686,0.015686
10006547,noise,1,0.023529,0.023529,0.000000,0.023529,0.023529
10006548,noise,0,0.000000,0.000000,0.000000,0.000000,0.000000
10006549,noise,0,0.000000,0.000000,0.000000,0.000000,0.000000
10006550,noise,19,0.299071,0.313726,0.047942,0.184314,0.356863
10006551,noise,21,0.242951,0.250980,0.083964,0.015686,0.345098
10006552,noise,19,0.226625,0.243137,0.073615,0.019608,0.321569
10006553,noise,6,0.053595,0.049020,0.024768,0.019608,0.090196
10006554,noise,24,0.288726,0.309804,0.066086,0.031373,0.337255
10006555,noise,35,0.333445,0.333333,0.049759,0.160784,0.501961
10006556,noise,32,0.299142,0.323529,0.093996,0.011765,0.435294
10006557,noise,17,0.136102,0.129412,0.082180,0.015686,0.258824
10006558,noise,0,0.000000,0.000000,0.000000,0.000000,0.000000
10006559,noise,1,0.043137,0.043137,0.000000,0.043137,0.043137
10006560,noise,7,0.291317,0.313726,0.111919,0.078431,0.474510
10006561,noise,22,0.506774,0.582353,0.212946,0.031373,0.741176
10006562,noise,29,0.604192,0.627451,0.138242,0.156863,0.823529
10006563,noise,29,0.499391,0.552941,0.217678,0.047059,0.823529
10006564,noise,26,0.436199,0.474510,0.220157,0.015686,0.811765
10006565,noise,44,0.463369,0.560784,0.281034,0.007843,0.831373
10006566,noise,51,0.496963,0.623529,0.269788,0.000000,0.847059
10006567,noise,38,0.419505,0.509804,0.257025,0.011765,0.768628
10006568,noise,28,0.467367,0.449020,0.144814,0.015686,0.741176
10006569,noise,30,0.550719,0.541176,0.074892,0.427451,0.721569
10006570,noise,21,0.363772,0.380392,0.228097,0.043137,0.701961
10006571,noise,11,0.317647,0.317647,0.029059,0.247059,0.360784
10006572,noise,32,0.323775,0.329412,0.081195,0.003922,0.431373
10006573,noise,33,0.207605,0.223529,0.134873,0.015686,0.443137
10006574,noise,6,0.030065,0.025490,0.008058,0.023529,0.043137
10006575,noise,5,0.043922,0.039216,0.021393,0.011765,0.074510
10006576,noise,0,0.000000,0.000000,0.000000,0.000000,0.000000
10006577,noise,0,0.000000,0.000000,0.000000,0.000000,0.000000
10006578,noise,0,0.000000,0.000000,0.000000,0.000000,0.000000
10006579,noise,0,0.000000,0.000000,0.000000,0.000000,0.000000
10006580,noise,0,0.000000,0.000000,0.000000,0.000000,0.000000
10006581,noise,0,0.000000,0.000000,0.000000,0.000000,0.000000
10006582,noise,0,0.000000,0.000000,0.000000,0.000000,0.000000
10006583,noise,0,0.000000,0.000000,0.000000,0.000000,0.000000
10006584,noise,2,0.021569,0.021569,0.001961,0.019608,0.023529
10006585,noise,0,0.000000,0.000000,0.000000,0.000000,0.000000
10006586,noise,0,0.000000,0.000000,0.000000,0.000000,0.000000
10006587,noise,2,0.031373,0.031373,0.000000,0.031373,0.031373
10006588,noise,0,0.000000,0.000000,0.000000,0.000000,0.000000
10006589,noise,0,0.000000,0.000000,0.000000,0.000000,0.000000
10006590,noise,0,0.000000,0.000000,0.000000,0.000000,0.000000
10006591,noise,0,0.000000,0.000000,0.000000,0.000000,0.000000
10006592,noise,0,0.000000,0.000000,0.000000,0.000000,0.000000
10006593,noise,0,0.000000,0.000000,0.000000,0.000000,0.000000
10006594,noise,0,0.000000,0.000000,0.000000,0.000000,0.000000
10006595,noise,1,0.000000,0.000000,0.000000,0.000000,0.000000
10006596,noise,0,0.000000,0.000000,0.000000,0.000000,0.000000
10006597,noise,0,0.000000,0.000000,0.000000,0.000000,0.000000
10006598,noise,1,0.023529,0.023529,0.000000,0.023529,0.023529
10006599,noise,0,0.000000,0.000000,0.000000,0.000000,0.000000
10006600,noise,1,0.023529,0.023529,0.000000,0.023529,0.023529
10006601,noise,0,0.000000,0.000000,0.000000,0.000000,0.000000
10006602,noise,2,0.027451,0.027451,0.000000,0.027451,0.027451
10006603,noise,0,0.000000,0.000000,0.000000,0.000000,0.000000
10006604,noise,0,0.000000,0.000000,0.000000,0.000000,0.000000
10006605,noise,0,0.000000,0.000000,0.000000,0.000000,0.000000
10006606,noise,1,0.023529,0.023529,0.000000,0.023529,0.023529
10006607,noise,0,0.000000,0.000000,0.000000,0.000000,0.000000
10006608,noise,0,0.000000,0.000000,0.000000,0.000000,0.000000
10006609,noise,0,0.000000,0.000000,0.000000,0.000000,0.000000
10006610,noise,0,0.000000,0.000000,0.000000,0.000000,0.000000
10006611,noise,0,0.000000,0.000000,0.000000,0.000000,0.000000
10006612,noise,0,0.000000,0.000000,0.000000,0.000000,0.000000
10006613,noise,0,0.000000,0.000000,0.000000,0.000000,0.000000
10006614,noise,0,0.000000,0.000000,0.000000,0.000000,0.000000
10006615,noise,0,0.000000,0.000000,0.000000,0.000000,0.000000
10006616,noise,0,0.000000,0.000000,0.000000,0.000000,0.000000
10006617,noise,0,0.000000,0.000000,0.000000,0.000000,0.000000
10006618,noise,0,0.000000,0.000000,0.000000,0.000000,0.000000
10006619,noise,0,0.000000,0.000000,0.000000,0.000000,0.000000
10006620,noise,0,0.000000,0.000000,0.000000,0.000000,0.000000
10006621,noise,0,0.000000,0.000000,0.000000,0.000000,0.000000
10006622,noise,0,0.000000,0.000000,0.000000,0.000000,0.000000
10006623,noise,0,0.000000,0.000000,0.000000,0.000000,0.000000
10006624,noise,2,0.000000,0.000000,0.000000,0.000000,0.000000
10006625,noise,1,0.019608,0.019608,0.000000,0.019608,0.019608
10006626,noise,0,0.000000,0.000000,0.000000,0.000000,0.000000
10006627,noise,0,0.000000,0.000000,0.000000,0.000000,0.000000
10006628,noise,0,0.000000,0.000000,0.000000,0.000000,0.000000
10006629,noise,0,0.000000,0.000000,0.000000,0.000000,0.000000
10006630,noise,0,0.000000,0.000000,0.000000,0.000000,0.000000
10006631,noise,1,0.000000,0.000000,0.000000,0.000000,0.000000
10006632,noise,0,0.000000,0.000000,0.000000,0.000000,0.000000
10006633,noise,0,0.000000,0.000000,0.000000,0.000000,0.000000
10006634,noise,0,0.000000,0.000000,0.000000,0.000000,0.000000
10006635,noise,0,0.000000,0.000000,0.000000,0.000000,0.000000
10006636,noise,2,0.178431,0.178431,0.009804,0.168627,0.188235
10006637,noise,0,0.000000,0.000000,0.000000,0.000000,0.000000
10006638,noise,3,0.035294,0.000000,0.049913,0.000000,0.105882
10006639,noise,5,0.000000,0.000000,0.000000,0.000000,0.000000
10006640,noise,0,0.000000,0.000000,0.000000,0.000000,0.000000
10006641,noise,1,0.000000,0.000000,0.000000,0.000000,0.000000
10006642,noise,1,0.000000,0.000000,0.000000,0.000000,0.000000
10006643,noise,0,0.000000,0.000000,0.000000,0.000000,0.000000
10006644,noise,1,0.035294,0.035294,0.000000,0.035294,0.035294
10006645,noise,0,0.000000,0.000000,0.000000,0.000000,0.000000
10006646,noise,0,0.000000,0.000000,0.000000,0.000000,0.000000
10006647,noise,0,0.000000,0.000000,0.000000,0.000000,0.000000
10006648,noise,0,0.000000,0.000000,0.000000,0.000000,0.000000
10006649,noise,2,0.031373,0.031373,0.000000,0.031373,0.031373
10006650,noise,0,0.000000,0.000000,0.000000,0.000000,0.000000
10006651,noise,5,0.009412,0.003922,0.015005,0.000000,0.039216
10006652,noise,9,0.012200,0.011765,0.010031,0.000000,0.023529
10006653,noise,0,0.000000,0.000000,0.000000,0.000000,0.000000
10006654,noise,0,0.000000,0.000000,0.000000,0.000000,0.000000
10006655,noise,0,0.000000,0.000000,0.000000,0.000000,0.000000
10006656,noise,0,0.000000,0.000000,0.000000,0.000000,0.000000
10006657,noise,0,0.000000,0.000000,0.000000,0.000000,0.000000
10006658,noise,0,0.000000,0.000000,0.000000,0.000000,0.000000
10006659,noise,0,0.000000,0.000000,0.000000,0.000000,0.000000
10006660,noise,6,0.082353,0.007843,0.108181,0.003922,0.235294
10006661,noise,0,0.000000,0.000000,0.000000,0.000000,0.000000
10006662,noise,1,0.000000,0.000000,0.000000,0.000000,0.000000
10006663,noise,4,0.000980,0.000000,0.001698,0.000000,0.003922
10006664,noise,1,0.027451,0.027451,0.000000,0.027451,0.027451
10006665,noise,0,0.000000,0.000000,0.000000,0.000000,0.000000
10006666,noise,0,0.000000,0.000000,0.000000,0.000000,0.000000
10006667,noise,5,0.029804,0.031373,0.015803,0.000000,0.043137
10006668,noise,2,0.035294,0.035294,0.000000,0.035294,0.035294
10006669,noise,1,0.027451,0.027451,0.000000,0.027451,0.027451
10006670,noise,0,0.000000,0.000000,0.000000,0.000000,0.000000
10006671,noise,2,0.000000,0.000000,0.000000,0.000000,0.000000
10006672,noise,0,0.000000,0.000000,0.000000,0.000000,0.000000
10006673,noise,0,0.000000,0.000000,0.000000,0.000000,0.000000
10006674,noise,3,0.006536,0.007843,0.001849,0.003922,0.007843
10006675,noise,0,0.000000,0.000000,0.000000,0.000000,0.000000
10006676,noise,3,0.022222,0.027451,0.016431,0.000000,0.039216
10006677,noise,0,0.000000,0.000000,0.000000,0.000000,0.000000
10006678,noise,1,0.000000,0.000000,0.000000,0.000000,0.000000
10006679,noise,0,0.000000,0.000000,0.000000,0.000000,0.000000
10006680,noise,0,0.000000,0.000000,0.000000,0.000000,0.000000
10006681,noise,3,0.002614,0.003922,0.001849,0.000000,0.003922
10006682,noise,3,0.003922,0.003922,0.003202,0.000000,0.007843
10006683,noise,0,0.000000,0.000000,0.000000,0.000000,0.000000
10006684,noise,3,0.023529,0.023529,0.012808,0.007843,0.039216
10006685,noise,1,0.007843,0.007843,0.000000,0.007843,0.007843
10006686,noise,2,0.117647,0.117647,0.050980,0.066667,0.168627
10006687,noise,0,0.000000,0.000000,0.000000,0.000000,0.000000
10006688,noise,0,0.000000,0.000000,0.000000,0.000000,0.000000
10006689,noise,0,0.000000,0.000000,0.000000,0.000000,0.000000
10006690,noise,0,0.000000,0.000000,0.000000,0.000000,0.000000
10006691,noise,0,0.000000,0.000000,0.000000,0.000000,0.000000
10006692,noise,0,0.000000,0.000000,0.000000,0.000000,0.000000
10006693,noise,1,0.023529,0.023529,0.000000,0.023529,0.023529
10006694,noise,0,0.000000,0.000000,0.000000,0.000000,0.000000
10006695,noise,2,0.027451,0.027451,0.000000,0.027451,0.027451
10006696,noise,0,0.000000,0.000000,0.000000,0.000000,0.000000
10006697,noise,2,0.003922,0.003922,0.003922,0.000000,0.007843
10006698,noise,0,0.000000,0.000000,0.000000,0.000000,0.000000
10006699,noise,2,0.000000,0.000000,0.000000,0.000000,0.000000
10006700,noise,1,0.000000,0.000000,0.000000,0.000000,0.000000
10006701,noise,0,0.000000,0.000000,0.000000,0.000000,0.000000
10006702,noise,0,0.000000,0.000000,0.000000,0.000000,0.000000
10006703,noise,2,0.013725,0.013725,0.013725,0.000000,0.027451
10006704,noise,1,0.035294,0.035294,0.000000,0.035294,0.035294
10006705,noise,0,0.000000,0.000000,0.000000,0.000000,0.000000
10006706,noise,0,0.000000,0.000000,0.000000,0.000000,0.000000
10006707,noise,1,0.000000,0.000000,0.000000,0.000000,0.000000
10006708,noise,1,0.054902,0.054902,0.000000,0.054902,0.054902
10006709,noise,4,0.000000,0.000000,0.000000,0.000000,0.000000
10006710,noise,0,0.000000,0.000000,0.000000,0.000000,0.000000
10006711,noise,3,0.090196,0.019608,0.102612,0.015686,0.235294
10006712,noise,1,0.000000,0.000000,0.000000,0.000000,0.000000
10006713,noise,0,0.000000,0.000000,0.000000,0.000000,0.000000
10006714,noise,0,0.000000,0.000000,0.000000,0.000000,0.000000
10006715,noise,0,0.000000,0.000000,0.000000,0.000000,0.000000
10006716,noise,1,0.003922,0.003922,0.000000,0.003922,0.003922
10006717,noise,1,0.000000,0.000000,0.000000,0.000000,0.000000
10006718,noise,1,0.015686,0.015686,0.000000,0.015686,0.015686
10006719,noise,0,0.000000,0.000000,0.000000,0.000000,0.000000
10006720,noise,1,0.003922,0.003922,0.000000,0.003922,0.003922
10006721,noise,2,0.047059,0.047059,0.027451,0.019608,0.074510
10006722,noise,1,0.000000,0.000000,0.000000,0.000000,0.000000
10006723,noise,2,0.364706,0.364706,0.000000,0.364706,0.364706
10006724,noise,3,0.028758,0.043137,0.020335,0.000000,0.043137
10006725,noise,0,0.000000,0.000000,0.000000,0.000000,0.000000
10006726,noise,0,0.000000,0.000000,0.000000,0.000000,0.000000
10006727,noise,2,0.039216,0.039216,0.000000,0.039216,0.039216
10006728,noise,2,0.011765,0.011765,0.011765,0.000000,0.023529
10006729,noise,1,0.054902,0.054902,0.000000,0.054902,0.054902
10006730,noise,2,0.023529,0.023529,0.003922,0.019608,0.027451
10006731,noise,0,0.000000,0.000000,0.000000,0.000000,0.000000
10006732,noise,1,0.000000,0.000000,0.000000,0.000000,0.000000
10006733,noise,0,0.000000,0.000000,0.000000,0.000000,0.000000
10006734,noise,2,0.009804,0.009804,0.009804,0.000000,0.019608
10006735,noise,0,0.000000,0.000000,0.000000,0.000000,0.000000
10006736,noise,2,0.033333,0.033333,0.009804,0.023529,0.043137
10006737,noise,0,0.000000,0.000000,0.000000,0.000000,0.000000
10006738,noise,1,0.019608,0.019608,0.000000,0.019608,0.019608
10006739,noise,0,0.000000,0.000000,0.000000,0.000000,0.000000
10006740,noise,2,0.076471,0.076471,0.060784,0.015686,0.137255
10006741,noise,2,0.007843,0.007843,0.007843,0.000000,0.015686
10006742,noise,0,0.000000,0.000000,0.000000,0.000000,0.000000
10006743,noise,0,0.000000,0.000000,0.000000,0.000000,0.000000
10006744,noise,0,0.000000,0.000000,0.000000,0.000000,0.000000
10006745,noise,1,0.000000,0.000000,0.000000,0.000000,0.000000
10006746,noise,0,0.000000,0.000000,0.000000,0.000000,0.000000
10006747,noise,0,0.000000,0.000000,0.000000,0.000000,0.000000
10006748,noise,3,0.020915,0.000000,0.029578,0.000000,0.062745
10006749,noise,1,0.000000,0.000000,0.000000,0.000000,0.000000
10006750,noise,0,0.000000,0.000000,0.000000,0.000000,0.000000
10006751,noise,1,0.000000,0.000000,0.000000,0.000000,0.000000
10006752,noise,0,0.000000,0.000000,0.000000,0.000000,0.000000
10006753,noise,1,0.000000,0.000000,0.000000,0.000000,0.000000
10006754,noise,0,0.000000,0.000000,0.000000,0.000000,0.000000
10006755,noise,2,0.027451,0.027451,0.003922,0.023529,0.031373
10006756,noise,1,0.027451,0.027451,0.000000,0.027451,0.027451
10006757,noise,1,0.000000,0.000000,0.000000,0.000000,0.000000
10006758,noise,1,0.019608,0.019608,0.000000,0.019608,0.019608
10006759,noise,0,0.000000,0.000000,0.000000,0.000000,0.000000
10006760,noise,1,0.000000,0.000000,0.000000,0.000000,0.000000
10006761,noise,3,0.013072,0.015686,0.003697,0.007843,0.015686
10006762,noise,0,0.000000,0.000000,0.000000,0.000000,0.000000
10006763,noise,0,0.000000,0.000000,0.000000,0.000000,0.000000
10006764,noise,1,0.003922,0.003922,0.000000,0.003922,0.003922
10006765,noise,0,0.000000,0.000000,0.000000,0.000000,0.000000
10006766,noise,0,0.000000,0.000000,0.000000,0.000000,0.000000
10006767,noise,1,0.023529,0.023529,0.000000,0.023529,0.023529
10006768,noise,2,0.049020,0.049020,0.049020,0.000000,0.098039
10006769,noise,4,0.024510,0.000000,0.042452,0.000000,0.098039
10006770,noise,5,0.038431,0.003922,0.061727,0.000000,0.160784
10006771,noise,1,0.019608,0.019608,0.000000,0.019608,0.019608
10006772,noise,1,0.015686,0.015686,0.000000,0.015686,0.015686
10006773,noise,0,0.000000,0.000000,0.000000,0.000000,0.000000
10006774,noise,3,0.002614,0.003922,0.001849,0.000000,0.003922
10006775,noise,1,0.000000,0.000000,0.000000,0.000000,0.000000
10006776,noise,2,0.056863,0.056863,0.033333,0.023529,0.090196
10006777,noise,1,0.000000,0.000000,0.000000,0.000000,0.000000
10006778,noise,1,0.000000,0.000000,0.000000,0.000000,0.000000
10006779,noise,0,0.000000,0.000000,0.000000,0.000000,0.000000
10006780,noise,1,0.000000,0.000000,0.000000,0.000000,0.000000
10006781,noise,2,0.027451,0.027451,0.000000,0.027451,0.027451
10006782,noise,0,0.000000,0.000000,0.000000,0.000000,0.000000
10006783,noise,2,0.027451,0.027451,0.027451,0.000000,0.054902
10006784,noise,0,0.000000,0.000000,0.000000,0.000000,0.000000
10006785,noise,1,0.000000,0.000000,0.000000,0.000000,0.000000
10006786,noise,1,0.023529,0.023529,0.000000,0.023529,0.023529
10006787,noise,0,0.000000,0.000000,0.000000,0.000000,0.000000
10006788,noise,2,0.123529,0.123529,0.080392,0.043137,0.203922
10006789,noise,0,0.000000,0.000000,0.000000,0.000000,0.000000
10006790,noise,3,0.100654,0.141176,0.057308,0.019608,0.141176
10006791,noise,2,0.029412,0.029412,0.009804,0.019608,0.039216
10006792,noise,0,0.000000,0.000000,0.000000,0.000000,0.000000
10006793,noise,1,0.000000,0.000000,0.000000,0.000000,0.000000
10006794,noise,0,0.000000,0.000000,0.000000,0.000000,0.000000
10006795,noise,0,0.000000,0.000000,0.000000,0.000000,0.000000
10006796,noise,1,0.023529,0.023529,0.000000,0.023529,0.023529
10006797,noise,0,0.000000,0.000000,0.000000,0.000000,0.000000
10006798,noise,6,0.190850,0.207843,0.076199,0.090196,0.274510
10006799,noise,1,0.035294,0.035294,0.000000,0.035294,0.035294
10006800,noise,1,0.027451,0.027451,0.000000,0.027451,0.027451
10006801,noise,3,0.043137,0.039216,0.005546,0.039216,0.050980
10006802,noise,1,0.000000,0.000000,0.000000,0.000000,0.000000
10006803,noise,0,0.000000,0.000000,0.000000,0.000000,0.000000
10006804,noise,1,0.035294,0.035294,0.000000,0.035294,0.035294
10006805,noise,0,0.000000,0.000000,0.000000,0.000000,0.000000
10006806,noise,0,0.000000,0.000000,0.000000,0.000000,0.000000
10006807,noise,4,0.143137,0.131373,0.107200,0.027451,0.282353
10006808,noise,1,0.062745,0.062745,0.000000,0.062745,0.062745
10006809,noise,0,0.000000,0.000000,0.000000,0.000000,0.000000
10006810,noise,1,0.031373,0.031373,0.000000,0.031373,0.031373
10006811,noise,1,0.019608,0.019608,0.000000,0.019608,0.019608
10006812,noise,0,0.000000,0.000000,0.000000,0.000000,0.000000
10006813,noise,0,0.000000,0.000000,0.000000,0.000000,0.000000
10006814,noise,3,0.064052,0.054902,0.012941,0.054902,0.082353
10006815,noise,0,0.000000,0.000000,0.000000,0.000000,0.000000
10006816,noise,0,0.000000,0.000000,0.000000,0.000000,0.000000
10006817,noise,0,0.000000,0.000000,0.000000,0.000000,0.000000
10006818,noise,2,0.054902,0.054902,0.000000,0.054902,0.054902
10006819,noise,0,0.000000,0.000000,0.000000,0.000000,0.000000
10006820,noise,0,0.000000,0.000000,0.000000,0.000000,0.000000
10006821,noise,1,0.000000,0.000000,0.000000,0.000000,0.000000
10006822,noise,1,0.047059,0.047059,0.000000,0.047059,0.047059
10006823,noise,1,0.270588,0.270588,0.000000,0.270588,0.270588
10006824,noise,0,0.000000,0.000000,0.000000,0.000000,0.000000
10006825,noise,4,0.045098,0.054902,0.024880,0.003922,0.066667
10006826,noise,0,0.000000,0.000000,0.000000,0.000000,0.000000
10006827,noise,2,0.023529,0.023529,0.000000,0.023529,0.023529
10006828,noise,0,0.000000,0.000000,0.000000,0.000000,0.000000
10006829,noise,0,0.000000,0.000000,0.000000,0.000000,0.000000
10006830,noise,2,0.045098,0.045098,0.025490,0.019608,0.070588
10006831,noise,2,0.070588,0.070588,0.039216,0.031373,0.109804
10006832,noise,0,0.000000,0.000000,0.000000,0.000000,0.000000
10006833,noise,2,0.072549,0.072549,0.056863,0.015686,0.129412
10006834,noise,3,0.062745,0.086275,0.033276,0.015686,0.086275
10006835,noise,1,0.039216,0.039216,0.000000,0.039216,0.039216
10006836,noise,7,0.010644,0.007843,0.005822,0.003922,0.019608
10006837,noise,1,0.039216,0.039216,0.000000,0.039216,0.039216
10006838,noise,1,0.003922,0.003922,0.000000,0.003922,0.003922
10006839,noise,1,0.019608,0.019608,0.000000,0.019608,0.019608
10006840,noise,1,0.000000,0.000000,0.000000,0.000000,0.000000
10006841,noise,2,0.015686,0.015686,0.000000,0.015686,0.015686
10006842,noise,15,0.010980,0.007843,0.009191,0.003922,0.039216
10006843,noise,5,0.040784,0.031373,0.027685,0.007843,0.082353
10006844,noise,6,0.079739,0.050980,0.058107,0.027451,0.160784
10006845,noise,1,0.023529,0.023529,0.000000,0.023529,0.023529
10006846,noise,1,0.019608,0.019608,0.000000,0.019608,0.019608
10006847,noise,3,0.009150,0.003922,0.007395,0.003922,0.019608
10006848,noise,6,0.075817,0.062745,0.048911,0.023529,0.141176
10006849,noise,2,0.033333,0.033333,0.017647,0.015686,0.050980
10006850,noise,1,0.239216,0.239216,0.000000,0.239216,0.239216
10006851,noise,4,0.109804,0.096078,0.061695,0.047059,0.200000
10006852,noise,3,0.147712,0.113725,0.124025,0.015686,0.313726
10006853,noise,2,0.098039,0.098039,0.000000,0.098039,0.098039
10006854,noise,1,0.019608,0.019608,0.000000,0.019608,0.019608
10006855,noise,0,0.000000,0.000000,0.000000,0.000000,0.000000
10006856,noise,0,0.000000,0.000000,0.000000,0.000000,0.000000
10006857,noise,2,0.019608,0.019608,0.003922,0.015686,0.023529
10006858,noise,3,0.030065,0.023529,0.009243,0.023529,0.043137
10006859,noise,2,0.027451,0.027451,0.000000,0.027451,0.027451
10006860,noise,3,0.023529,0.007843,0.027914,0.000000,0.062745
10006861,noise,3,0.039216,0.058824,0.027730,0.000000,0.058824
10006862,noise,9,0.088453,0.078431,0.027176,0.035294,0.117647
10006863,noise,6,0.009804,0.003922,0.008985,0.003922,0.027451
10006864,noise,7,0.015126,0.003922,0.017716,0.003922,0.043137
10006865,noise,12,0.083660,0.050980,0.086339,0.000000,0.262745
10006866,noise,2,0.009804,0.009804,0.009804,0.000000,0.019608
10006867,noise,4,0.005882,0.001961,0.008085,0.000000,0.019608
10006868,noise,1,0.019608,0.019608,0.000000,0.019608,0.019608
10006869,noise,5,0.012549,0.007843,0.013448,0.003922,0.039216
10006870,noise,2,0.076471,0.076471,0.056863,0.019608,0.133333
10006871,noise,12,0.012745,0.003922,0.019876,0.000000,0.054902
10006872,noise,3,0.015686,0.023529,0.011092,0.000000,0.023529
10006873,noise,2,0.019608,0.019608,0.019608,0.000000,0.039216
10006874,noise,1,0.023529,0.023529,0.000000,0.023529,0.023529
10006875,noise,1,0.031373,0.031373,0.000000,0.031373,0.031373
10006876,noise,1,0.050980,0.050980,0.000000,0.050980,0.050980
10006877,noise,2,0.121569,0.121569,0.105882,0.015686,0.227451
10006878,noise,5,0.012549,0.003922,0.012500,0.000000,0.031373
10006879,noise,5,0.021176,0.003922,0.029409,0.000000,0.078431
10006880,noise,5,0.028235,0.039216,0.016895,0.003922,0.043137
10006881,noise,3,0.011765,0.003922,0.011092,0.003922,0.027451
10006882,noise,2,0.021569,0.021569,0.005882,0.015686,0.027451
10006883,noise,0,0.000000,0.000000,0.000000,0.000000,0.000000
10006884,noise,14,0.041737,0.015686,0.049574,0.007843,0.172549
10006885,noise,2,0.007843,0.007843,0.007843,0.000000,0.015686
10006886,noise,4,0.005882,0.003922,0.005882,0.000000,0.015686
10006887,noise,7,0.008964,0.003922,0.012527,0.000000,0.035294
10006888,noise,0,0.000000,0.000000,0.000000,0.000000,0.000000
10006889,noise,2,0.007843,0.007843,0.007843,0.000000,0.015686
10006890,noise,10,0.114510,0.098039,0.043697,0.062745,0.192157
10006891,noise,4,0.041176,0.039216,0.020092,0.019608,0.066667
10006892,noise,0,0.000000,0.000000,0.000000,0.000000,0.000000
10006893,noise,7,0.013445,0.003922,0.013562,0.000000,0.031373
10006894,noise,2,0.023529,0.023529,0.003922,0.019608,0.027451
10006895,noise,2,0.082353,0.082353,0.027451,0.054902,0.109804
10006896,noise,0,0.000000,0.000000,0.000000,0.000000,0.000000
10006897,noise,9,0.029630,0.015686,0.029758,0.003922,0.094118
10006898,noise,10,0.025490,0.017647,0.018247,0.007843,0.054902
10006899,noise,1,0.015686,0.015686,0.000000,0.015686,0.015686
10006900,noise,4,0.040196,0.041176,0.014771,0.023529,0.054902
10006901,noise,0,0.000000,0.000000,0.000000,0.000000,0.000000
10006902,noise,1,0.043137,0.043137,0.000000,0.043137,0.043137
10006903,noise,0,0.000000,0.000000,0.000000,0.000000,0.000000
10006904,noise,3,0.024837,0.023529,0.004891,0.019608,0.031373
10006905,noise,1,0.015686,0.015686,0.000000,0.015686,0.015686
10006906,noise,2,0.000000,0.000000,0.000000,0.000000,0.000000
10006907,noise,0,0.000000,0.000000,0.000000,0.000000,0.000000
10006908,noise,0,0.000000,0.000000,0.000000,0.000000,0.000000
10006909,noise,2,0.021569,0.021569,0.005882,0.015686,0.027451
10006910,noise,0,0.000000,0.000000,0.000000,0.000000,0.000000
10006911,noise,1,0.015686,0.015686,0.000000,0.015686,0.015686
10006912,noise,4,0.081373,0.058824,0.058848,0.027451,0.180392
10006913,noise,2,0.039216,0.039216,0.015686,0.023529,0.054902
10006914,noise,3,0.054902,0.050980,0.005546,0.050980,0.062745
10006915,noise,0,0.000000,0.000000,0.000000,0.000000,0.000000
10006916,noise,4,0.045098,0.047059,0.021746,0.019608,0.066667
10006917,noise,4,0.013725,0.013725,0.004384,0.007843,0.019608
10006918,noise,1,0.000000,0.000000,0.000000,0.000000,0.000000
10006919,noise,2,0.021569,0.021569,0.017647,0.003922,0.039216
10006920,noise,4,0.000000,0.000000,0.000000,0.000000,0.000000
10006921,noise,1,0.015686,0.015686,0.000000,0.015686,0.015686
10006922,noise,0,0.000000,0.000000,0.000000,0.000000,0.000000
10006923,noise,1,0.027451,0.027451,0.000000,0.027451,0.027451
10006924,noise,7,0.011204,0.003922,0.021111,0.000000,0.062745
10006925,noise,2,0.015686,0.015686,0.011765,0.003922,0.027451
10006926,noise,3,0.058824,0.058824,0.016010,0.039216,0.078431
10006927,noise,11,0.009626,0.007843,0.007546,0.000000,0.027451
10006928,noise,1,0.027451,0.027451,0.000000,0.027451,0.027451
10006929,noise,1,0.023529,0.023529,0.000000,0.023529,0.023529
10006930,noise,2,0.021569,0.021569,0.001961,0.019608,0.023529
10006931,noise,13,0.016591,0.011765,0.014110,0.003922,0.043137
10006932,noise,1,0.047059,0.047059,0.000000,0.047059,0.047059
10006933,noise,0,0.000000,0.000000,0.000000,0.000000,0.000000
10006934,noise,1,0.007843,0.007843,0.000000,0.007843,0.007843
10006935,noise,4,0.009804,0.003922,0.010189,0.003922,0.027451
10006936,noise,0,0.000000,0.000000,0.000000,0.000000,0.000000
10006937,noise,6,0.037255,0.039216,0.023393,0.000000,0.062745
10006938,noise,8,0.009314,0.009804,0.007578,0.000000,0.023529
10006939,noise,4,0.062745,0.070588,0.048348,0.000000,0.109804
10006940,noise,3,0.022222,0.023529,0.001849,0.019608,0.023529
10006941,noise,0,0.000000,0.000000,0.000000,0.000000,0.000000
10006942,noise,5,0.050980,0.043137,0.019996,0.035294,0.090196
10006943,noise,1,0.019608,0.019608,0.000000,0.019608,0.019608
10006944,noise,2,0.011765,0.011765,0.011765,0.000000,0.023529
10006945,noise,0,0.000000,0.000000,0.000000,0.000000,0.000000
10006946,noise,2,0.047059,0.047059,0.027451,0.019608,0.074510
10006947,noise,6,0.045752,0.047059,0.008671,0.031373,0.054902
10006948,noise,6,0.039216,0.039216,0.026885,0.000000,0.082353
10006949,noise,1,0.019608,0.019608,0.000000,0.019608,0.019608
10006950,noise,5,0.014902,0.007843,0.013675,0.000000,0.039216
10006951,noise,3,0.030065,0.035294,0.010293,0.015686,0.039216
10006952,noise,4,0.013725,0.013725,0.001961,0.011765,0.015686
10006953,noise,6,0.021569,0.015686,0.017354,0.003922,0.058824
10006954,noise,6,0.026144,0.033333,0.019433,0.000000,0.047059
10006955,noise,0,0.000000,0.000000,0.000000,0.000000,0.000000
10006956,noise,2,0.011765,0.011765,0.007843,0.003922,0.019608
10006957,noise,2,0.003922,0.003922,0.000000,0.003922,0.003922
10006958,noise,22,0.003743,0.003922,0.004006,0.000000,0.019608
10006959,noise,1,0.015686,0.015686,0.000000,0.015686,0.015686
10006960,noise,1,0.019608,0.019608,0.000000,0.019608,0.019608
10006961,noise,5,0.042353,0.027451,0.021393,0.027451,0.082353
10006962,noise,13,0.078431,0.078431,0.042488,0.007843,0.133333
10006963,noise,2,0.011765,0.011765,0.011765,0.000000,0.023529
10006964,noise,0,0.000000,0.000000,0.000000,0.000000,0.000000
10006965,noise,1,0.000000,0.000000,0.000000,0.000000,0.000000
10006966,noise,3,0.048366,0.058824,0.017635,0.023529,0.062745
10006967,noise,0,0.000000,0.000000,0.000000,0.000000,0.000000
10006968,noise,5,0.034510,0.035294,0.005764,0.023529,0.039216
10006969,noise,12,0.018627,0.023529,0.011669,0.000000,0.039216
10006970,noise,3,0.020915,0.019608,0.014438,0.003922,0.039216
10006971,noise,6,0.124837,0.098039,0.100324,0.011765,0.258824
10006972,noise,2,0.039216,0.039216,0.000000,0.039216,0.039216
10006973,noise,6,0.024183,0.017647,0.030663,0.000000,0.090196
10006974,noise,13,0.033786,0.003922,0.048042,0.000000,0.137255
10006975,noise,0,0.000000,0.000000,0.000000,0.000000,0.000000
10006976,noise,4,0.129412,0.129412,0.015686,0.113725,0.145098
10006977,noise,0,0.000000,0.000000,0.000000,0.000000,0.000000
10006978,noise,10,0.005098,0.003922,0.001797,0.003922,0.007843
10006979,noise,1,0.015686,0.015686,0.000000,0.015686,0.015686
10006980,noise,1,0.015686,0.015686,0.000000,0.015686,0.015686
10006981,noise,6,0.052941,0.058824,0.013153,0.031373,0.066667
10006982,noise,2,0.037255,0.037255,0.017647,0.019608,0.054902
10006983,noise,1,0.058824,0.058824,0.000000,0.058824,0.058824
10006984,noise,0,0.000000,0.000000,0.000000,0.000000,0.000000
10006985,noise,1,0.047059,0.047059,0.000000,0.047059,0.047059
10006986,noise,7,0.202241,0.176471,0.104721,0.109804,0.360784
10006987,noise,2,0.017647,0.017647,0.001961,0.015686,0.019608
10006988,noise,5,0.000000,0.000000,0.000000,0.000000,0.000000
10006989,noise,2,0.017647,0.017647,0.001961,0.015686,0.019608
10006990,noise,2,0.019608,0.019608,0.019608,0.000000,0.039216
10006991,noise,2,0.062745,0.062745,0.000000,0.062745,0.062745
10006992,noise,4,0.068627,0.068627,0.009804,0.058824,0.078431
10006993,noise,1,0.066667,0.066667,0.000000,0.066667,0.066667
10006994,noise,20,0.021569,0.009804,0.023117,0.000000,0.066667
10006995,noise,6,0.030719,0.021569,0.029902,0.000000,0.078431
10006996,noise,6,0.147059,0.164706,0.064149,0.023529,0.211765
10006997,noise,18,0.030719,0.011765,0.051485,0.003922,0.200000
10006998,noise,1,0.027451,0.027451,0.000000,0.027451,0.027451
10006999,noise,6,0.050327,0.070588,0.034368,0.000000,0.078431
10007000,noise,2,0.001961,0.001961,0.001961,0.000000,0.003922
10007001,noise,1,0.023529,0.023529,0.000000,0.023529,0.023529
10007002,noise,0,0.000000,0.000000,0.000000,0.000000,0.000000
10007003,noise,2,0.011765,0.011765,0.003922,0.007843,0.015686
10007004,noise,2,0.021569,0.021569,0.001961,0.019608,0.023529
10007005,noise,2,0.023529,0.023529,0.003922,0.019608,0.027451
10007006,noise,5,0.047843,0.039216,0.034223,0.000000,0.094118
10007007,noise,1,0.019608,0.019608,0.000000,0.019608,0.019608
10007008,noise,0,0.000000,0.000000,0.000000,0.000000,0.000000
10007009,noise,2,0.007843,0.007843,0.007843,0.000000,0.015686
10007010,noise,4,0.031373,0.027451,0.006792,0.027451,0.043137
10007011,noise,0,0.000000,0.000000,0.000000,0.000000,0.000000
10007012,noise,2,0.021569,0.021569,0.001961,0.019608,0.023529
10007013,noise,0,0.000000,0.000000,0.000000,0.000000,0.000000
10007014,noise,1,0.000000,0.000000,0.000000,0.000000,0.000000
10007015,noise,4,0.074510,0.074510,0.031373,0.043137,0.105882
10007016,noise,2,0.000000,0.000000,0.000000,0.000000,0.000000
10007017,noise,3,0.090196,0.082353,0.013957,0.078431,0.109804
10007018,noise,1,0.019608,0.019608,0.000000,0.019608,0.019608
10007019,noise,1,0.019608,0.019608,0.000000,0.019608,0.019608
10007020,noise,0,0.000000,0.000000,0.000000,0.000000,0.000000
10007021,noise,0,0.000000,0.000000,0.000000,0.000000,0.000000
10007022,noise,0,0.000000,0.000000,0.000000,0.000000,0.000000
10007023,noise,1,0.000000,0.000000,0.000000,0.000000,0.000000
10007024,noise,0,0.000000,0.000000,0.000000,0.000000,0.000000
10007025,noise,0,0.000000,0.000000,0.000000,0.000000,0.000000
10007026,noise,4,0.036275,0.023529,0.024392,0.019608,0.078431
10007027,noise,0,0.000000,0.000000,0.000000,0.000000,0.000000
10007028,noise,0,0.000000,0.000000,0.000000,0.000000,0.000000
10007029,noise,2,0.039216,0.039216,0.000000,0.039216,0.039216
10007030,noise,0,0.000000,0.000000,0.000000,0.000000,0.000000
10007031,noise,1,0.062745,0.062745,0.000000,0.062745,0.062745
10007032,noise,12,0.011111,0.007843,0.004758,0.007843,0.023529
10007033,noise,1,0.023529,0.023529,0.000000,0.023529,0.023529
10007034,noise,1,0.039216,0.039216,0.000000,0.039216,0.039216
10007035,noise,5,0.013333,0.003922,0.013720,0.003922,0.039216
10007036,noise,6,0.009150,0.009804,0.008058,0.000000,0.019608
10007037,noise,10,0.116863,0.019608,0.154699,0.007843,0.411765
10007038,noise,2,0.021569,0.021569,0.001961,0.019608,0.023529
10007039,noise,1,0.027451,0.027451,0.000000,0.027451,0.027451
10007040,noise,1,0.019608,0.019608,0.000000,0.019608,0.019608
10007041,noise,1,0.023529,0.023529,0.000000,0.023529,0.023529
10007042,noise,1,0.015686,0.015686,0.000000,0.015686,0.015686
10007043,noise,4,0.016667,0.019608,0.010514,0.000000,0.027451
10007044,noise,0,0.000000,0.000000,0.000000,0.000000,0.000000
10007045,noise,4,0.107843,0.100000,0.048862,0.050980,0.180392
10007046,noise,1,0.003922,0.003922,0.000000,0.003922,0.003922
10007047,noise,3,0.077124,0.090196,0.021320,0.047059,0.094118
10007048,noise,0,0.000000,0.000000,0.000000,0.000000,0.000000
10007049,noise,0,0.000000,0.000000,0.000000,0.000000,0.000000
10007050,noise,3,0.006536,0.007843,0.001849,0.003922,0.007843
10007051,noise,2,0.037255,0.037255,0.009804,0.027451,0.047059
10007052,noise,1,0.027451,0.027451,0.000000,0.027451,0.027451
10007053,noise,0,0.000000,0.000000,0.000000,0.000000,0.000000
10007054,noise,1,0.023529,0.023529,0.000000,0.023529,0.023529
10007055,noise,2,0.043137,0.043137,0.019608,0.023529,0.062745
10007056,noise,1,0.023529,0.023529,0.000000,0.023529,0.023529
10007057,noise,61,0.016201,0.015686,0.009928,0.003922,0.039216
10007058,noise,1,0.015686,0.015686,0.000000,0.015686,0.015686
10007059,noise,6,0.082353,0.076471,0.035221,0.047059,0.141176
10007060,noise,0,0.000000,0.000000,0.000000,0.000000,0.000000
10007061,noise,1,0.000000,0.000000,0.000000,0.000000,0.000000
10007062,noise,1,0.023529,0.023529,0.000000,0.023529,0.023529
10007063,noise,0,0.000000,0.000000,0.000000,0.000000,0.000000
10007064,noise,1,0.031373,0.031373,0.000000,0.031373,0.031373
10007065,noise,1,0.027451,0.027451,0.000000,0.027451,0.027451
10007066,noise,1,0.000000,0.000000,0.000000,0.000000,0.000000
10007067,noise,0,0.000000,0.000000,0.000000,0.000000,0.000000
10007068,noise,6,0.003922,0.000000,0.008769,0.000000,0.023529
10007069,noise,4,0.011765,0.009804,0.012087,0.000000,0.027451
10007070,noise,1,0.058824,0.058824,0.000000,0.058824,0.058824
10007071,noise,0,0.000000,0.000000,0.000000,0.000000,0.000000
10007072,noise,5,0.121569,0.109804,0.030376,0.086275,0.172549
10007073,noise,5,0.014118,0.000000,0.024503,0.000000,0.062745
10007074,noise,3,0.039216,0.035294,0.011545,0.027451,0.054902
10007075,noise,0,0.000000,0.000000,0.000000,0.000000,0.000000
10007076,noise,6,0.116340,0.084314,0.107054,0.019608,0.333333
10007077,noise,6,0.026797,0.007843,0.045980,0.000000,0.129412
10007078,noise,3,0.125490,0.180392,0.077643,0.015686,0.180392
10007079,noise,0,0.000000,0.000000,0.000000,0.000000,0.000000
10007080,noise,4,0.027451,0.027451,0.003922,0.023529,0.031373
10007081,noise,1,0.027451,0.027451,0.000000,0.027451,0.027451
10007082,noise,2,0.021569,0.021569,0.001961,0.019608,0.023529
10007083,noise,0,0.000000,0.000000,0.000000,0.000000,0.000000
10007084,noise,4,0.080392,0.080392,0.029412,0.050980,0.109804
10007085,noise,1,0.015686,0.015686,0.000000,0.015686,0.015686
10007086,noise,4,0.060784,0.043137,0.050564,0.015686,0.141176
10007087,noise,2,0.029412,0.029412,0.005882,0.023529,0.035294
10007088,noise,0,0.000000,0.000000,0.000000,0.000000,0.000000
10007089,noise,1,0.023529,0.023529,0.000000,0.023529,0.023529
10007090,noise,4,0.017647,0.017647,0.017647,0.000000,0.035294
10007091,noise,1,0.231373,0.231373,0.000000,0.231373,0.231373
10007092,noise,1,0.027451,0.027451,0.000000,0.027451,0.027451
10007093,noise,3,0.013072,0.003922,0.012941,0.003922,0.031373
10007094,noise,12,0.015033,0.015686,0.001461,0.011765,0.015686
10007095,noise,39,0.017798,0.019608,0.005535,0.007843,0.027451
10007096,noise,0,0.000000,0.000000,0.000000,0.000000,0.000000
10007097,noise,8,0.011275,0.009804,0.009693,0.003922,0.035294
10007098,noise,4,0.040196,0.050980,0.021004,0.003922,0.054902
10007099,noise,5,0.029804,0.039216,0.012549,0.007843,0.039216
10007100,noise,3,0.088889,0.121569,0.046216,0.023529,0.121569
10007101,noise,0,0.000000,0.000000,0.000000,0.000000,0.000000
10007102,noise,0,0.000000,0.000000,0.000000,0.000000,0.000000
10007103,noise,1,0.015686,0.015686,0.000000,0.015686,0.015686
10007104,noise,1,0.003922,0.003922,0.000000,0.003922,0.003922
10007105,noise,0,0.000000,0.000000,0.000000,0.000000,0.000000
10007106,noise,0,0.000000,0.000000,0.000000,0.000000,0.000000
10007107,noise,2,0.013725,0.013725,0.013725,0.000000,0.027451
10007108,noise,8,0.012745,0.011765,0.008261,0.000000,0.023529
10007109,noise,0,0.000000,0.000000,0.000000,0.000000,0.000000
10007110,noise,0,0.000000,0.000000,0.000000,0.000000,0.000000
10007111,noise,3,0.033987,0.019608,0.023163,0.015686,0.066667
10007112,noise,0,0.000000,0.000000,0.000000,0.000000,0.000000
10007113,noise,0,0.000000,0.000000,0.000000,0.000000,0.000000
10007114,noise,2,0.017647,0.017647,0.005882,0.011765,0.023529
10007115,noise,0,0.000000,0.000000,0.000000,0.000000,0.000000
10007116,noise,0,0.000000,0.000000,0.000000,0.000000,0.000000
10007117,noise,0,0.000000,0.000000,0.000000,0.000000,0.000000
10007118,noise,3,0.044444,0.054902,0.032862,0.000000,0.078431
10007119,noise,0,0.000000,0.000000,0.000000,0.000000,0.000000
10007120,noise,0,0.000000,0.000000,0.000000,0.000000,0.000000
10007121,noise,0,0.000000,0.000000,0.000000,0.000000,0.000000
10007122,noise,3,0.005229,0.007843,0.003697,0.000000,0.007843
10007123,noise,3,0.036601,0.035294,0.001849,0.035294,0.039216
10007124,noise,0,0.000000,0.000000,0.000000,0.000000,0.000000
10007125,noise,1,0.015686,0.015686,0.000000,0.015686,0.015686
10007126,noise,0,0.000000,0.000000,0.000000,0.000000,0.000000
10007127,noise,0,0.000000,0.000000,0.000000,0.000000,0.000000
10007128,noise,0,0.000000,0.000000,0.000000,0.000000,0.000000
10007129,noise,1,0.027451,0.027451,0.000000,0.027451,0.027451
10007130,noise,7,0.010084,0.007843,0.007218,0.003922,0.027451
10007131,noise,4,0.028431,0.027451,0.018051,0.003922,0.054902
10007132,noise,0,0.000000,0.000000,0.000000,0.000000,0.000000
10007133,noise,0,0.000000,0.000000,0.000000,0.000000,0.000000
10007134,noise,0,0.000000,0.000000,0.000000,0.000000,0.000000
10007135,noise,0,0.000000,0.000000,0.000000,0.000000,0.000000
10007136,noise,2,0.070588,0.070588,0.027451,0.043137,0.098039
10007137,noise,1,0.023529,0.023529,0.000000,0.023529,0.023529
10007138,noise,0,0.000000,0.000000,0.000000,0.000000,0.000000
10007139,noise,2,0.015686,0.015686,0.011765,0.003922,0.027451
10007140,noise,0,0.000000,0.000000,0.000000,0.000000,0.000000
10007141,noise,0,0.000000,0.000000,0.000000,0.000000,0.000000
10007142,noise,0,0.000000,0.000000,0.000000,0.000000,0.000000
10007143,noise,1,0.031373,0.031373,0.000000,0.031373,0.031373
10007144,noise,2,0.000000,0.000000,0.000000,0.000000,0.000000
10007145,noise,0,0.000000,0.000000,0.000000,0.000000,0.000000
10007146,noise,0,0.000000,0.000000,0.000000,0.000000,0.000000
10007147,noise,2,0.027451,0.027451,0.000000,0.027451,0.027451
10007148,noise,0,0.000000,0.000000,0.000000,0.000000,0.000000
10007149,noise,0,0.000000,0.000000,0.000000,0.000000,0.000000
10007150,noise,4,0.181373,0.178431,0.097936,0.050980,0.317647
10007151,noise,1,0.003922,0.003922,0.000000,0.003922,0.003922
10007152,noise,0,0.000000,0.000000,0.000000,0.000000,0.000000
10007153,noise,1,0.015686,0.015686,0.000000,0.015686,0.015686
10007154,noise,1,0.003922,0.003922,0.000000,0.003922,0.003922
10007155,noise,0,0.000000,0.000000,0.000000,0.000000,0.000000
10007156,noise,0,0.000000,0.000000,0.000000,0.000000,0.000000
10007157,noise,1,0.000000,0.000000,0.000000,0.000000,0.000000
10007158,noise,2,0.007843,0.007843,0.007843,0.000000,0.015686
10007159,noise,1,0.054902,0.054902,0.000000,0.054902,0.054902
10007160,noise,1,0.015686,0.015686,0.000000,0.015686,0.015686
10007161,noise,5,0.045490,0.062745,0.022813,0.015686,0.066667
10007162,noise,4,0.000000,0.000000,0.000000,0.000000,0.000000
10007163,noise,2,0.011765,0.011765,0.000000,0.011765,0.011765
10007164,noise,0,0.000000,0.000000,0.000000,0.000000,0.000000
10007165,noise,1,0.000000,0.000000,0.000000,0.000000,0.000000
10007166,noise,3,0.010458,0.003922,0.009243,0.003922,0.023529
10007167,noise,6,0.035948,0.023529,0.021529,0.023529,0.082353
10007168,noise,0,0.000000,0.000000,0.000000,0.000000,0.000000
10007169,noise,3,0.022222,0.015686,0.012122,0.011765,0.039216
10007170,noise,0,0.000000,0.000000,0.000000,0.000000,0.000000
10007171,noise,1,0.027451,0.027451,0.000000,0.027451,0.027451
10007172,noise,0,0.000000,0.000000,0.000000,0.000000,0.000000
10007173,noise,3,0.013072,0.007843,0.010293,0.003922,0.027451
10007174,noise,1,0.027451,0.027451,0.000000,0.027451,0.027451
10007175,noise,3,0.003922,0.003922,0.003202,0.000000,0.007843
10007176,noise,3,0.026144,0.023529,0.006665,0.019608,0.035294
10007177,noise,0,0.000000,0.000000,0.000000,0.000000,0.000000
10007178,noise,7,0.012325,0.015686,0.006769,0.003922,0.023529
10007179,noise,0,0.000000,0.000000,0.000000,0.000000,0.000000
10007180,noise,3,0.009150,0.003922,0.007395,0.003922,0.019608
10007181,noise,1,0.000000,0.000000,0.000000,0.000000,0.000000
10007182,noise,0,0.000000,0.000000,0.000000,0.000000,0.000000
10007183,noise,7,0.086275,0.047059,0.078207,0.003922,0.223529
10007184,noise,0,0.000000,0.000000,0.000000,0.000000,0.000000
10007185,noise,4,0.060784,0.060784,0.005882,0.054902,0.066667
10007186,noise,2,0.047059,0.047059,0.023529,0.023529,0.070588
10007187,noise,3,0.010458,0.011765,0.004891,0.003922,0.015686
10007188,noise,7,0.003922,0.000000,0.009606,0.000000,0.027451
10007189,noise,0,0.000000,0.000000,0.000000,0.000000,0.000000
10007190,noise,4,0.078431,0.078431,0.047059,0.031373,0.125490
10007191,noise,3,0.061438,0.039216,0.037111,0.031373,0.113725
10007192,noise,1,0.207843,0.207843,0.000000,0.207843,0.207843
10007193,noise,6,0.001961,0.001961,0.001961,0.000000,0.003922
10007194,noise,3,0.036601,0.027451,0.018762,0.019608,0.062745
10007195,noise,0,0.000000,0.000000,0.000000,0.000000,0.000000
10007196,noise,1,0.039216,0.039216,0.000000,0.039216,0.039216
10007197,noise,0,0.000000,0.000000,0.000000,0.000000,0.000000
10007198,noise,0,0.000000,0.000000,0.000000,0.000000,0.000000
10007199,noise,0,0.000000,0.000000,0.000000,0.000000,0.000000
10007200,noise,0,0.000000,0.000000,0.000000,0.000000,0.000000
10007201,noise,1,0.031373,0.031373,0.000000,0.031373,0.031373
10007202,noise,2,0.047059,0.047059,0.000000,0.047059,0.047059
10007203,noise,0,0.000000,0.000000,0.000000,0.000000,0.000000
10007204,noise,0,0.000000,0.000000,0.000000,0.000000,0.000000
10007205,noise,3,0.313726,0.258824,0.115581,0.207843,0.474510
10007206,noise,0,0.000000,0.000000,0.000000,0.000000,0.000000
10007207,noise,0,0.000000,0.000000,0.000000,0.000000,0.000000
10007208,noise,0,0.000000,0.000000,0.000000,0.000000,0.000000
10007209,noise,0,0.000000,0.000000,0.000000,0.000000,0.000000
10007210,noise,2,0.025490,0.025490,0.009804,0.015686,0.035294
10007211,noise,3,0.014379,0.019608,0.010293,0.000000,0.023529
10007212,noise,1,0.015686,0.015686,0.000000,0.015686,0.015686
10007213,noise,0,0.000000,0.000000,0.000000,0.000000,0.000000
10007214,noise,0,0.000000,0.000000,0.000000,0.000000,0.000000
10007215,noise,3,0.045752,0.054902,0.012941,0.027451,0.054902
10007216,noise,1,0.019608,0.019608,0.000000,0.019608,0.019608
10007217,noise,1,0.027451,0.027451,0.000000,0.027451,0.027451
10007218,noise,0,0.000000,0.000000,0.000000,0.000000,0.000000
10007219,noise,2,0.060784,0.060784,0.033333,0.027451,0.094118
10007220,noise,2,0.000000,0.000000,0.000000,0.000000,0.000000
10007221,noise,0,0.000000,0.000000,0.000000,0.000000,0.000000
10007222,noise,0,0.000000,0.000000,0.000000,0.000000,0.000000
10007223,noise,1,0.062745,0.062745,0.000000,0.062745,0.062745
10007224,noise,3,0.044444,0.066667,0.031427,0.000000,0.066667
10007225,noise,1,0.019608,0.019608,0.000000,0.019608,0.019608
10007226,noise,1,0.000000,0.000000,0.000000,0.000000,0.000000
10007227,noise,3,0.002614,0.003922,0.001849,0.000000,0.003922
10007228,noise,3,0.010458,0.007843,0.003697,0.007843,0.015686
10007229,noise,1,0.007843,0.007843,0.000000,0.007843,0.007843
10007230,noise,1,0.019608,0.019608,0.000000,0.019608,0.019608
10007231,noise,0,0.000000,0.000000,0.000000,0.000000,0.000000
10007232,noise,0,0.000000,0.000000,0.000000,0.000000,0.000000
10007233,noise,0,0.000000,0.000000,0.000000,0.000000,0.000000
10007234,noise,2,0.019608,0.019608,0.000000,0.019608,0.019608
10007235,noise,0,0.000000,0.000000,0.000000,0.000000,0.000000
10007236,noise,0,0.000000,0.000000,0.000000,0.000000,0.000000
10007237,noise,1,0.027451,0.027451,0.000000,0.027451,0.027451
10007238,noise,0,0.000000,0.000000,0.000000,0.000000,0.000000
10007239,noise,1,0.023529,0.023529,0.000000,0.023529,0.023529
10007240,noise,1,0.019608,0.019608,0.000000,0.019608,0.019608
10007241,noise,1,0.015686,0.015686,0.000000,0.015686,0.015686
10007242,noise,3,0.000000,0.000000,0.000000,0.000000,0.000000
10007243,noise,0,0.000000,0.000000,0.000000,0.000000,0.000000
10007244,noise,0,0.000000,0.000000,0.000000,0.000000,0.000000
10007245,noise,2,0.013725,0.013725,0.013725,0.000000,0.027451
10007246,noise,0,0.000000,0.000000,0.000000,0.000000,0.000000
10007247,noise,0,0.000000,0.000000,0.000000,0.000000,0.000000
10007248,noise,0,0.000000,0.000000,0.000000,0.000000,0.000000
10007249,noise,0,0.000000,0.000000,0.000000,0.000000,0.000000
10007250,noise,0,0.000000,0.000000,0.000000,0.000000,0.000000
10007251,noise,2,0.005882,0.005882,0.001961,0.003922,0.007843
10007252,noise,0,0.000000,0.000000,0.000000,0.000000,0.000000
10007253,noise,2,0.039216,0.039216,0.019608,0.019608,0.058824
10007254,noise,1,0.019608,0.019608,0.000000,0.019608,0.019608
10007255,noise,2,0.019608,0.019608,0.003922,0.015686,0.023529
10007256,noise,0,0.000000,0.000000,0.000000,0.000000,0.000000
10007257,noise,1,0.019608,0.019608,0.000000,0.019608,0.019608
10007258,noise,6,0.000000,0.000000,0.000000,0.000000,0.000000
10007259,noise,5,0.040000,0.039216,0.007188,0.027451,0.047059
10007260,noise,0,0.000000,0.000000,0.000000,0.000000,0.000000
10007261,noise,1,0.015686,0.015686,0.000000,0.015686,0.015686
10007262,noise,0,0.000000,0.000000,0.000000,0.000000,0.000000
10007263,noise,5,0.067451,0.062745,0.036904,0.027451,0.109804
10007264,noise,3,0.023529,0.027451,0.005546,0.015686,0.027451
10007265,noise,4,0.044118,0.035294,0.025168,0.019608,0.086275
10007266,noise,0,0.000000,0.000000,0.000000,0.000000,0.000000
10007267,noise,2,0.047059,0.047059,0.000000,0.047059,0.047059
10007268,noise,1,0.000000,0.000000,0.000000,0.000000,0.000000
10007269,noise,0,0.000000,0.000000,0.000000,0.000000,0.000000
10007270,noise,1,0.000000,0.000000,0.000000,0.000000,0.000000
10007271,noise,1,0.003922,0.003922,0.000000,0.003922,0.003922
10007272,noise,3,0.091503,0.039216,0.088175,0.019608,0.215686
10007273,noise,0,0.000000,0.000000,0.000000,0.000000,0.000000
10007274,noise,0,0.000000,0.000000,0.000000,0.000000,0.000000
10007275,noise,0,0.000000,0.000000,0.000000,0.000000,0.000000
10007276,noise,5,0.054118,0.047059,0.018124,0.027451,0.074510
10007277,noise,0,0.000000,0.000000,0.000000,0.000000,0.000000
10007278,noise,0,0.000000,0.000000,0.000000,0.000000,0.000000
10007279,noise,1,0.019608,0.019608,0.000000,0.019608,0.019608
10007280,noise,1,0.160784,0.160784,0.000000,0.160784,0.160784
10007281,noise,0,0.000000,0.000000,0.000000,0.000000,0.000000
10007282,noise,1,0.023529,0.023529,0.000000,0.023529,0.023529
10007283,noise,1,0.023529,0.023529,0.000000,0.023529,0.023529
10007284,noise,0,0.000000,0.000000,0.000000,0.000000,0.000000
10007285,noise,1,0.015686,0.015686,0.000000,0.015686,0.015686
10007286,noise,2,0.111765,0.111765,0.017647,0.094118,0.129412
10007287,noise,4,0.048039,0.025490,0.042543,0.019608,0.121569
10007288,noise,1,0.027451,0.027451,0.000000,0.027451,0.027451
10007289,noise,3,0.006536,0.000000,0.009243,0.000000,0.019608
10007290,noise,1,0.015686,0.015686,0.000000,0.015686,0.015686
10007291,noise,1,0.039216,0.039216,0.000000,0.039216,0.039216
10007292,noise,13,0.006033,0.003922,0.002488,0.003922,0.011765
10007293,noise,2,0.011765,0.011765,0.003922,0.007843,0.015686
10007294,noise,0,0.000000,0.000000,0.000000,0.000000,0.000000
10007295,noise,0,0.000000,0.000000,0.000000,0.000000,0.000000
10007296,noise,0,0.000000,0.000000,0.000000,0.000000,0.000000
10007297,noise,1,0.019608,0.019608,0.000000,0.019608,0.019608
10007298,noise,0,0.000000,0.000000,0.000000,0.000000,0.000000
10007299,noise,0,0.000000,0.000000,0.000000,0.000000,0.000000
10007300,noise,3,0.005229,0.003922,0.001849,0.003922,0.007843
10007301,noise,0,0.000000,0.000000,0.000000,0.000000,0.000000
10007302,noise,0,0.000000,0.000000,0.000000,0.000000,0.000000
10007303,noise,0,0.000000,0.000000,0.000000,0.000000,0.000000
10007304,noise,0,0.000000,0.000000,0.000000,0.000000,0.000000
10007305,noise,1,0.015686,0.015686,0.000000,0.015686,0.015686
10007306,noise,1,0.023529,0.023529,0.000000,0.023529,0.023529
10007307,noise,5,0.118431,0.101961,0.092049,0.019608,0.258824
10007308,noise,0,0.000000,0.000000,0.000000,0.000000,0.000000
10007309,noise,4,0.003922,0.000000,0.006792,0.000000,0.015686
10007310,noise,0,0.000000,0.000000,0.000000,0.000000,0.000000
10007311,noise,2,0.011765,0.011765,0.000000,0.011765,0.011765
10007312,noise,1,0.023529,0.023529,0.000000,0.023529,0.023529
10007313,noise,0,0.000000,0.000000,0.000000,0.000000,0.000000
10007314,noise,0,0.000000,0.000000,0.000000,0.000000,0.000000
10007315,noise,1,0.023529,0.023529,0.000000,0.023529,0.023529
10007316,noise,0,0.000000,0.000000,0.000000,0.000000,0.000000
10007317,noise,0,0.000000,0.000000,0.000000,0.000000,0.000000
10007318,noise,1,0.027451,0.027451,0.000000,0.027451,0.027451
10007319,noise,1,0.015686,0.015686,0.000000,0.015686,0.015686
10007320,noise,1,0.047059,0.047059,0.000000,0.047059,0.047059
10007321,noise,0,0.000000,0.000000,0.000000,0.000000,0.000000
10007322,noise,0,0.000000,0.000000,0.000000,0.000000,0.000000
10007323,noise,1,0.023529,0.023529,0.000000,0.023529,0.023529
10007324,noise,1,0.023529,0.023529,0.000000,0.023529,0.023529
10007325,noise,0,0.000000,0.000000,0.000000,0.000000,0.000000
10007326,noise,2,0.043137,0.043137,0.019608,0.023529,0.062745
10007327,noise,1,0.003922,0.003922,0.000000,0.003922,0.003922
10007328,noise,0,0.000000,0.000000,0.000000,0.000000,0.000000
10007329,noise,1,0.019608,0.019608,0.000000,0.019608,0.019608
10007330,noise,0,0.000000,0.000000,0.000000,0.000000,0.000000
10007331,noise,0,0.000000,0.000000,0.000000,0.000000,0.000000
10007332,noise,2,0.000000,0.000000,0.000000,0.000000,0.000000
10007333,noise,0,0.000000,0.000000,0.000000,0.000000,0.000000
10007334,noise,1,0.015686,0.015686,0.000000,0.015686,0.015686
10007335,noise,0,0.000000,0.000000,0.000000,0.000000,0.000000
10007336,noise,0,0.000000,0.000000,0.000000,0.000000,0.000000
10007337,noise,2,0.039216,0.039216,0.000000,0.039216,0.039216
10007338,noise,0,0.000000,0.000000,0.000000,0.000000,0.000000
10007339,noise,3,0.031373,0.039216,0.011092,0.015686,0.039216
10007340,noise,1,0.019608,0.019608,0.000000,0.019608,0.019608
10007341,noise,1,0.003922,0.003922,0.000000,0.003922,0.003922
10007342,noise,0,0.000000,0.000000,0.000000,0.000000,0.000000
10007343,noise,0,0.000000,0.000000,0.000000,0.000000,0.000000
10007344,noise,2,0.005882,0.005882,0.001961,0.003922,0.007843
10007345,noise,1,0.027451,0.027451,0.000000,0.027451,0.027451
10007346,noise,1,0.054902,0.054902,0.000000,0.054902,0.054902
10007347,noise,6,0.039869,0.023529,0.036114,0.011765,0.113725
10007348,noise,0,0.000000,0.000000,0.000000,0.000000,0.000000
10007349,noise,0,0.000000,0.000000,0.000000,0.000000,0.000000
10007350,noise,0,0.000000,0.000000,0.000000,0.000000,0.000000
10007351,noise,0,0.000000,0.000000,0.000000,0.000000,0.000000
10007352,noise,0,0.000000,0.000000,0.000000,0.000000,0.000000
10007353,noise,0,0.000000,0.000000,0.000000,0.000000,0.000000
10007354,noise,6,0.058824,0.015686,0.074784,0.007843,0.211765
10007355,noise,0,0.000000,0.000000,0.000000,0.000000,0.000000
10007356,noise,0,0.000000,0.000000,0.000000,0.000000,0.000000
10007357,noise,2,0.041176,0.041176,0.017647,0.023529,0.058824
10007358,noise,4,0.005882,0.001961,0.008085,0.000000,0.019608
10007359,noise,0,0.000000,0.000000,0.000000,0.000000,0.000000
10007360,noise,0,0.000000,0.000000,0.000000,0.000000,0.000000
10007361,noise,1,0.078431,0.078431,0.000000,0.078431,0.078431
10007362,noise,0,0.000000,0.000000,0.000000,0.000000,0.000000
10007363,noise,0,0.000000,0.000000,0.000000,0.000000,0.000000
10007364,noise,0,0.000000,0.000000,0.000000,0.000000,0.000000
10007365,noise,0,0.000000,0.000000,0.000000,0.000000,0.000000
10007366,noise,4,0.135294,0.111765,0.084587,0.054902,0.262745
10007367,noise,0,0.000000,0.000000,0.000000,0.000000,0.000000
10007368,noise,1,0.023529,0.023529,0.000000,0.023529,0.023529
10007369,noise,0,0.000000,0.000000,0.000000,0.000000,0.000000
10007370,noise,0,0.000000,0.000000,0.000000,0.000000,0.000000
10007371,noise,1,0.003922,0.003922,0.000000,0.003922,0.003922
10007372,noise,0,0.000000,0.000000,0.000000,0.000000,0.000000
10007373,noise,0,0.000000,0.000000,0.000000,0.000000,0.000000
10007374,noise,1,0.007843,0.007843,0.000000,0.007843,0.007843
10007375,noise,1,0.015686,0.015686,0.000000,0.015686,0.015686
10007376,noise,5,0.058039,0.039216,0.037647,0.007843,0.101961
10007377,noise,2,0.013725,0.013725,0.013725,0.000000,0.027451
10007378,noise,1,0.168627,0.168627,0.000000,0.168627,0.168627
10007379,noise,3,0.016993,0.015686,0.001849,0.015686,0.019608
10007380,noise,0,0.000000,0.000000,0.000000,0.000000,0.000000
10007381,noise,4,0.021569,0.021569,0.017647,0.003922,0.039216
10007382,noise,0,0.000000,0.000000,0.000000,0.000000,0.000000
10007383,noise,0,0.000000,0.000000,0.000000,0.000000,0.000000
10007384,noise,0,0.000000,0.000000,0.000000,0.000000,0.000000
10007385,noise,1,0.019608,0.019608,0.000000,0.019608,0.019608
10007386,noise,0,0.000000,0.000000,0.000000,0.000000,0.000000
10007387,noise,1,0.019608,0.019608,0.000000,0.019608,0.019608
10007388,noise,1,0.000000,0.000000,0.000000,0.000000,0.000000
10007389,noise,2,0.076471,0.076471,0.001961,0.074510,0.078431
10007390,noise,0,0.000000,0.000000,0.000000,0.000000,0.000000
10007391,noise,0,0.000000,0.000000,0.000000,0.000000,0.000000
10007392,noise,0,0.000000,0.000000,0.000000,0.000000,0.000000
10007393,noise,0,0.000000,0.000000,0.000000,0.000000,0.000000
10007394,noise,3,0.044444,0.039216,0.025881,0.015686,0.078431
10007395,noise,0,0.000000,0.000000,0.000000,0.000000,0.000000
10007396,noise,1,0.039216,0.039216,0.000000,0.039216,0.039216
10007397,noise,0,0.000000,0.000000,0.000000,0.000000,0.000000
10007398,noise,0,0.000000,0.000000,0.000000,0.000000,0.000000
10007399,noise,0,0.000000,0.000000,0.000000,0.000000,0.000000
10007400,noise,2,0.039216,0.039216,0.039216,0.000000,0.078431
10007401,noise,0,0.000000,0.000000,0.000000,0.000000,0.000000
10007402,noise,1,0.039216,0.039216,0.000000,0.039216,0.039216
10007403,noise,0,0.000000,0.000000,0.000000,0.000000,0.000000
10007404,noise,0,0.000000,0.000000,0.000000,0.000000,0.000000
10007405,noise,1,0.039216,0.039216,0.000000,0.039216,0.039216
10007406,noise,0,0.000000,0.000000,0.000000,0.000000,0.000000
10007407,noise,0,0.000000,0.000000,0.000000,0.000000,0.000000
10007408,noise,1,0.019608,0.019608,0.000000,0.019608,0.019608
10007409,noise,0,0.000000,0.000000,0.000000,0.000000,0.000000
10007410,noise,0,0.000000,0.000000,0.000000,0.000000,0.000000
10007411,noise,1,0.023529,0.023529,0.000000,0.023529,0.023529
10007412,noise,3,0.112418,0.094118,0.096926,0.003922,0.239216
10007413,noise,4,0.025490,0.021569,0.011264,0.015686,0.043137
10007414,noise,0,0.000000,0.000000,0.000000,0.000000,0.000000
10007415,noise,0,0.000000,0.000000,0.000000,0.000000,0.000000
10007416,noise,0,0.000000,0.000000,0.000000,0.000000,0.000000
10007417,noise,12,0.004902,0.003922,0.003252,0.000000,0.011765
10007418,noise,0,0.000000,0.000000,0.000000,0.000000,0.000000
10007419,noise,0,0.000000,0.000000,0.000000,0.000000,0.000000
10007420,noise,2,0.011765,0.011765,0.011765,0.000000,0.023529
10007421,noise,2,0.001961,0.001961,0.001961,0.000000,0.003922
10007422,noise,0,0.000000,0.000000,0.000000,0.000000,0.000000
10007423,noise,0,0.000000,0.000000,0.000000,0.000000,0.000000
10007424,noise,0,0.000000,0.000000,0.000000,0.000000,0.000000
10007425,noise,0,0.000000,0.000000,0.000000,0.000000,0.000000
10007426,noise,0,0.000000,0.000000,0.000000,0.000000,0.000000
10007427,noise,0,0.000000,0.000000,0.000000,0.000000,0.000000
10007428,noise,0,0.000000,0.000000,0.000000,0.000000,0.000000
10007429,noise,0,0.000000,0.000000,0.000000,0.000000,0.000000
10007430,noise,0,0.000000,0.000000,0.000000,0.000000,0.000000
10007431,noise,0,0.000000,0.000000,0.000000,0.000000,0.000000
10007432,noise,0,0.000000,0.000000,0.000000,0.000000,0.000000
10007433,noise,0,0.000000,0.000000,0.000000,0.000000,0.000000
10007434,noise,0,0.000000,0.000000,0.000000,0.000000,0.000000
10007435,noise,0,0.000000,0.000000,0.000000,0.000000,0.000000
10007436,noise,0,0.000000,0.000000,0.000000,0.000000,0.000000
10007437,noise,0,0.000000,0.000000,0.000000,0.000000,0.000000
10007438,noise,0,0.000000,0.000000,0.000000,0.000000,0.000000
10007439,noise,0,0.000000,0.000000,0.000000,0.000000,0.000000
10007440,noise,0,0.000000,0.000000,0.000000,0.000000,0.000000
10007441,noise,0,0.000000,0.000000,0.000000,0.000000,0.000000
10007442,noise,0,0.000000,0.000000,0.000000,0.000000,0.000000
10007443,noise,0,0.000000,0.000000,0.000000,0.000000,0.000000
10007444,noise,0,0.000000,0.000000,0.000000,0.000000,0.000000
10007445,noise,0,0.000000,0.000000,0.000000,0.000000,0.000000
10007446,noise,0,0.000000,0.000000,0.000000,0.000000,0.000000
10007447,noise,0,0.000000,0.000000,0.000000,0.000000,0.000000
10007448,noise,0,0.000000,0.000000,0.000000,0.000000,0.000000
10007449,noise,0,0.000000,0.000000,0.000000,0.000000,0.000000
10007450,noise,0,0.000000,0.000000,0.000000,0.000000,0.000000
10007451,noise,0,0.000000,0.000000,0.000000,0.000000,0.000000
10007452,noise,1,0.113725,0.113725,0.000000,0.113725,0.113725
10007453,noise,0,0.000000,0.000000,0.000000,0.000000,0.000000
10007454,noise,0,0.000000,0.000000,0.000000,0.000000,0.000000
10007455,noise,0,0.000000,0.000000,0.000000,0.000000,0.000000
10007456,noise,0,0.000000,0.000000,0.000000,0.000000,0.000000
10007457,noise,0,0.000000,0.000000,0.000000,0.000000,0.000000
10007458,noise,0,0.000000,0.000000,0.000000,0.000000,0.000000
10007459,noise,1,0.003922,0.003922,0.000000,0.003922,0.003922
10007460,noise,0,0.000000,0.000000,0.000000,0.000000,0.000000
10007461,noise,0,0.000000,0.000000,0.000000,0.000000,0.000000
10007462,noise,0,0.000000,0.000000,0.000000,0.000000,0.000000
10007463,noise,0,0.000000,0.000000,0.000000,0.000000,0.000000
10007464,noise,0,0.000000,0.000000,0.000000,0.000000,0.000000
10007465,noise,0,0.000000,0.000000,0.000000,0.000000,0.000000
10007466,noise,0,0.000000,0.000000,0.000000,0.000000,0.000000
10007467,noise,0,0.000000,0.000000,0.000000,0.000000,0.000000
10007468,noise,0,0.000000,0.000000,0.000000,0.000000,0.000000
10007469,noise,0,0.000000,0.000000,0.000000,0.000000,0.000000
10007470,noise,0,0.000000,0.000000,0.000000,0.000000,0.000000
10007471,noise,0,0.000000,0.000000,0.000000,0.000000,0.000000
10007472,noise,0,0.000000,0.000000,0.000000,0.000000,0.000000
10007473,noise,0,0.000000,0.000000,0.000000,0.000000,0.000000
10007474,noise,2,0.037255,0.037255,0.005882,0.031373,0.043137
10007475,noise,0,0.000000,0.000000,0.000000,0.000000,0.000000
10007476,noise,0,0.000000,0.000000,0.000000,0.000000,0.000000
10007477,noise,0,0.000000,0.000000,0.000000,0.000000,0.000000
10007478,noise,0,0.000000,0.000000,0.000000,0.000000,0.000000
10007479,noise,0,0.000000,0.000000,0.000000,0.000000,0.000000
10007480,noise,1,0.019608,0.019608,0.000000,0.019608,0.019608
10007481,noise,0,0.000000,0.000000,0.000000,0.000000,0.000000
10007482,noise,0,0.000000,0.000000,0.000000,0.000000,0.000000
10007483,noise,0,0.000000,0.000000,0.000000,0.000000,0.000000
10007484,noise,0,0.000000,0.000000,0.000000,0.000000,0.000000
10007485,noise,0,0.000000,0.000000,0.000000,0.000000,0.000000
10007486,noise,0,0.000000,0.000000,0.000000,0.000000,0.000000
10007487,noise,0,0.000000,0.000000,0.000000,0.000000,0.000000
10007488,noise,0,0.000000,0.000000,0.000000,0.000000,0.000000
10007489,noise,0,0.000000,0.000000,0.000000,0.000000,0.000000
10007490,noise,0,0.000000,0.000000,0.000000,0.000000,0.000000
10007491,noise,0,0.000000,0.000000,0.000000,0.000000,0.000000
10007492,noise,1,0.015686,0.015686,0.000000,0.015686,0.015686
10007493,noise,1,0.011765,0.011765,0.000000,0.011765,0.011765
10007494,noise,0,0.000000,0.000000,0.000000,0.000000,0.000000
10007495,noise,0,0.000000,0.000000,0.000000,0.000000,0.000000
10007496,noise,2,0.003922,0.003922,0.000000,0.003922,0.003922
10007497,noise,0,0.000000,0.000000,0.000000,0.000000,0.000000
10007498,noise,0,0.000000,0.000000,0.000000,0.000000,0.000000
10007499,noise,0,0.000000,0.000000,0.000000,0.000000,0.000000
10007500,noise,0,0.000000,0.000000,0.000000,0.000000,0.000000
10007501,noise,0,0.000000,0.000000,0.000000,0.000000,0.000000
10007502,noise,0,0.000000,0.000000,0.000000,0.000000,0.000000
10007503,noise,0,0.000000,0.000000,0.000000,0.000000,0.000000
10007504,noise,0,0.000000,0.000000,0.000000,0.000000,0.000000
10007505,noise,0,0.000000,0.000000,0.000000,0.000000,0.000000
10007506,noise,0,0.000000,0.000000,0.000000,0.000000,0.000000
10007507,noise,1,0.015686,0.015686,0.000000,0.015686,0.015686
10007508,noise,0,0.000000,0.000000,0.000000,0.000000,0.000000
10007509,noise,0,0.000000,0.000000,0.000000,0.000000,0.000000
10007510,noise,0,0.000000,0.000000,0.000000,0.000000,0.000000
10007511,noise,0,0.000000,0.000000,0.000000,0.000000,0.000000
10007512,noise,1,0.000000,0.000000,0.000000,0.000000,0.000000
10007513,noise,0,0.000000,0.000000,0.000000,0.000000,0.000000
10007514,noise,0,0.000000,0.000000,0.000000,0.000000,0.000000
10007515,noise,0,0.000000,0.000000,0.000000,0.000000,0.000000
10007516,noise,0,0.000000,0.000000,0.000000,0.000000,0.000000
10007517,noise,0,0.000000,0.000000,0.000000,0.000000,0.000000
10007518,noise,0,0.000000,0.000000,0.000000,0.000000,0.000000
10007519,noise,1,0.003922,0.003922,0.000000,0.003922,0.003922
10007520,noise,0,0.000000,0.000000,0.000000,0.000000,0.000000
10007521,noise,0,0.000000,0.000000,0.000000,0.000000,0.000000
10007522,noise,0,0.000000,0.000000,0.000000,0.000000,0.000000
10007523,noise,0,0.000000,0.000000,0.000000,0.000000,0.000000
10007524,noise,1,0.023529,0.023529,0.000000,0.023529,0.023529
10007525,noise,0,0.000000,0.000000,0.000000,0.000000,0.000000
10007526,noise,0,0.000000,0.000000,0.000000,0.000000,0.000000
10007527,noise,0,0.000000,0.000000,0.000000,0.000000,0.000000
10007528,noise,0,0.000000,0.000000,0.000000,0.000000,0.000000
10007529,noise,0,0.000000,0.000000,0.000000,0.000000,0.000000
10007530,noise,0,0.000000,0.000000,0.000000,0.000000,0.000000
10007531,noise,0,0.000000,0.000000,0.000000,0.000000,0.000000
10007532,noise,0,0.000000,0.000000,0.000000,0.000000,0.000000
10007533,noise,0,0.000000,0.000000,0.000000,0.000000,0.000000
10007534,noise,0,0.000000,0.000000,0.000000,0.000000,0.000000
10007535,noise,1,0.019608,0.019608,0.000000,0.019608,0.019608
10007536,noise,0,0.000000,0.000000,0.000000,0.000000,0.000000
10007537,noise,0,0.000000,0.000000,0.000000,0.000000,0.000000
10007538,noise,1,0.015686,0.015686,0.000000,0.015686,0.015686
10007539,noise,0,0.000000,0.000000,0.000000,0.000000,0.000000
10007540,noise,0,0.000000,0.000000,0.000000,0.000000,0.000000
10007541,noise,0,0.000000,0.000000,0.000000,0.000000,0.000000
10007542,noise,0,0.000000,0.000000,0.000000,0.000000,0.000000
10007543,noise,0,0.000000,0.000000,0.000000,0.000000,0.000000
10007544,noise,0,0.000000,0.000000,0.000000,0.000000,0.000000
10007545,noise,0,0.000000,0.000000,0.000000,0.000000,0.000000
10007546,noise,0,0.000000,0.000000,0.000000,0.000000,0.000000
10007547,noise,1,0.011765,0.011765,0.000000,0.011765,0.011765
10007548,noise,0,0.000000,0.000000,0.000000,0.000000,0.000000
10007549,noise,0,0.000000,0.000000,0.000000,0.000000,0.000000
10007550,noise,0,0.000000,0.000000,0.000000,0.000000,0.000000
10007551,noise,0,0.000000,0.000000,0.000000,0.000000,0.000000
10007552,noise,0,0.000000,0.000000,0.000000,0.000000,0.000000
10007553,noise,0,0.000000,0.000000,0.000000,0.000000,0.000000
10007554,noise,0,0.000000,0.000000,0.000000,0.000000,0.000000
10007555,noise,0,0.000000,0.000000,0.000000,0.000000,0.000000
10007556,noise,0,0.000000,0.000000,0.000000,0.000000,0.000000
10007557,noise,0,0.000000,0.000000,0.000000,0.000000,0.000000
10007558,noise,0,0.000000,0.000000,0.000000,0.000000,0.000000
10007559,noise,0,0.000000,0.000000,0.000000,0.000000,0.000000
10007560,noise,0,0.000000,0.000000,0.000000,0.000000,0.000000
10007561,noise,0,0.000000,0.000000,0.000000,0.000000,0.000000
10007562,noise,0,0.000000,0.000000,0.000000,0.000000,0.000000
10007563,noise,0,0.000000,0.000000,0.000000,0.000000,0.000000
10007564,noise,0,0.000000,0.000000,0.000000,0.000000,0.000000
10007565,noise,0,0.000000,0.000000,0.000000,0.000000,0.000000
10007566,noise,0,0.000000,0.000000,0.000000,0.000000,0.000000
10007567,noise,0,0.000000,0.000000,0.000000,0.000000,0.000000
10007568,noise,0,0.000000,0.000000,0.000000,0.000000,0.000000
10007569,noise,0,0.000000,0.000000,0.000000,0.000000,0.000000
10007570,noise,0,0.000000,0.000000,0.000000,0.000000,0.000000
10007571,noise,0,0.000000,0.000000,0.000000,0.000000,0.000000
10007572,noise,0,0.000000,0.000000,0.000000,0.000000,0.000000
10007573,noise,0,0.000000,0.000000,0.000000,0.000000,0.000000
10007574,noise,0,0.000000,0.000000,0.000000,0.000000,0.000000
10007575,noise,0,0.000000,0.000000,0.000000,0.000000,0.000000
10007576,noise,0,0.000000,0.000000,0.000000,0.000000,0.000000
10007577,noise,0,0.000000,0.000000,0.000000,0.000000,0.000000
10007578,noise,0,0.000000,0.000000,0.000000,0.000000,0.000000
10007579,noise,0,0.000000,0.000000,0.000000,0.000000,0.000000
10007580,noise,0,0.000000,0.000000,0.000000,0.000000,0.000000
10007581,noise,0,0.000000,0.000000,0.000000,0.000000,0.000000
10007582,noise,0,0.000000,0.000000,0.000000,0.000000,0.000000
10007583,noise,0,0.000000,0.000000,0.000000,0.000000,0.000000
10007584,noise,0,0.000000,0.000000,0.000000,0.000000,0.000000
10007585,noise,0,0.000000,0.000000,0.000000,0.000000,0.000000
10007586,noise,0,0.000000,0.000000,0.000000,0.000000,0.000000
10007587,noise,0,0.000000,0.000000,0.000000,0.000000,0.000000
10007588,noise,0,0.000000,0.000000,0.000000,0.000000,0.000000
10007589,noise,0,0.000000,0.000000,0.000000,0.000000,0.000000
10007590,noise,0,0.000000,0.000000,0.000000,0.000000,0.000000
10007591,noise,0,0.000000,0.000000,0.000000,0.000000,0.000000
10007592,noise,0,0.000000,0.000000,0.000000,0.000000,0.000000
10007593,noise,0,0.000000,0.000000,0.000000,0.000000,0.000000
10007594,noise,0,0.000000,0.000000,0.000000,0.000000,0.000000
10007595,noise,0,0.000000,0.000000,0.000000,0.000000,0.000000
10007596,noise,0,0.000000,0.000000,0.000000,0.000000,0.000000
10007597,noise,0,0.000000,0.000000,0.000000,0.000000,0.000000
10007598,noise,0,0.000000,0.000000,0.000000,0.000000,0.000000
10007599,noise,0,0.000000,0.000000,0.000000,0.000000,0.000000
10007600,noise,1,0.015686,0.015686,0.000000,0.015686,0.015686
10007601,noise,0,0.000000,0.000000,0.000000,0.000000,0.000000
10007602,noise,4,0.007843,0.007843,0.002773,0.003922,0.011765
10007603,noise,0,0.000000,0.000000,0.000000,0.000000,0.000000
10007604,noise,0,0.000000,0.000000,0.000000,0.000000,0.000000
10007605,noise,1,0.003922,0.003922,0.000000,0.003922,0.003922
10007606,noise,0,0.000000,0.000000,0.000000,0.000000,0.000000
10007607,noise,0,0.000000,0.000000,0.000000,0.000000,0.000000
10007608,noise,0,0.000000,0.000000,0.000000,0.000000,0.000000
10007609,noise,0,0.000000,0.000000,0.000000,0.000000,0.000000
10007610,noise,0,0.000000,0.000000,0.000000,0.000000,0.000000
10007611,noise,0,0.000000,0.000000,0.000000,0.000000,0.000000
10007612,noise,1,0.019608,0.019608,0.000000,0.019608,0.019608
10007613,noise,0,0.000000,0.000000,0.000000,0.000000,0.000000
10007614,noise,1,0.019608,0.019608,0.000000,0.019608,0.019608
10007615,noise,2,0.021569,0.021569,0.001961,0.019608,0.023529
10007616,noise,5,0.019608,0.019608,0.003508,0.015686,0.023529
10007617,noise,7,0.018487,0.019608,0.002745,0.015686,0.023529
10007618,noise,8,0.020098,0.021569,0.003635,0.015686,0.023529
10007619,noise,5,0.018824,0.015686,0.003842,0.015686,0.023529
10007620,noise,4,0.019608,0.019608,0.003922,0.015686,0.023529
10007621,noise,3,0.018301,0.015686,0.003697,0.015686,0.023529
10007622,noise,8,0.019118,0.019608,0.003061,0.015686,0.023529
10007623,noise,4,0.017647,0.017647,0.001961,0.015686,0.019608
10007624,noise,0,0.000000,0.000000,0.000000,0.000000,0.000000
10007625,noise,0,0.000000,0.000000,0.000000,0.000000,0.000000
10007626,noise,0,0.000000,0.000000,0.000000,0.000000,0.000000
10007627,noise,0,0.000000,0.000000,0.000000,0.000000,0.000000
10007628,noise,0,0.000000,0.000000,0.000000,0.000000,0.000000
10007629,noise,0,0.000000,0.000000,0.000000,0.000000,0.000000
10007630,noise,1,0.015686,0.015686,0.000000,0.015686,0.015686
10007631,noise,0,0.000000,0.000000,0.000000,0.000000,0.000000
10007632,noise,1,0.019608,0.019608,0.000000,0.019608,0.019608
10007633,noise,0,0.000000,0.000000,0.000000,0.000000,0.000000
10007634,noise,0,0.000000,0.000000,0.000000,0.000000,0.000000
10007635,noise,0,0.000000,0.000000,0.000000,0.000000,0.000000
10007636,noise,0,0.000000,0.000000,0.000000,0.000000,0.000000
10007637,noise,0,0.000000,0.000000,0.000000,0.000000,0.000000
10007638,noise,0,0.000000,0.000000,0.000000,0.000000,0.000000
10007639,noise,0,0.000000,0.000000,0.000000,0.000000,0.000000
10007640,noise,1,0.019608,0.019608,0.000000,0.019608,0.019608
10007641,noise,1,0.023529,0.023529,0.000000,0.023529,0.023529
10007642,noise,0,0.000000,0.000000,0.000000,0.000000,0.000000
10007643,noise,0,0.000000,0.000000,0.000000,0.000000,0.000000
10007644,noise,0,0.000000,0.000000,0.000000,0.000000,0.000000
10007645,noise,0,0.000000,0.000000,0.000000,0.000000,0.000000
10007646,noise,1,0.015686,0.015686,0.000000,0.015686,0.015686
10007647,noise,1,0.262745,0.262745,0.000000,0.262745,0.262745
10007648,noise,0,0.000000,0.000000,0.000000,0.000000,0.000000
10007649,noise,1,0.023529,0.023529,0.000000,0.023529,0.023529
10007650,noise,0,0.000000,0.000000,0.000000,0.000000,0.000000
10007651,noise,1,0.000000,0.000000,0.000000,0.000000,0.000000
10007652,noise,0,0.000000,0.000000,0.000000,0.000000,0.000000
10007653,noise,0,0.000000,0.000000,0.000000,0.000000,0.000000
10007654,noise,1,0.019608,0.019608,0.000000,0.019608,0.019608
10007655,noise,0,0.000000,0.000000,0.000000,0.000000,0.000000
10007656,noise,0,0.000000,0.000000,0.000000,0.000000,0.000000
10007657,noise,0,0.000000,0.000000,0.000000,0.000000,0.000000
10007658,noise,0,0.000000,0.000000,0.000000,0.000000,0.000000
10007659,noise,1,0.015686,0.015686,0.000000,0.015686,0.015686
10007660,noise,0,0.000000,0.000000,0.000000,0.000000,0.000000
10007661,noise,2,0.021569,0.021569,0.001961,0.019608,0.023529
10007662,noise,4,0.007843,0.005882,0.007337,0.000000,0.019608
10007663,noise,1,0.039216,0.039216,0.000000,0.039216,0.039216
10007664,noise,0,0.000000,0.000000,0.000000,0.000000,0.000000
10007665,noise,0,0.000000,0.000000,0.000000,0.000000,0.000000
10007666,noise,2,0.027451,0.027451,0.011765,0.015686,0.039216
10007667,noise,0,0.000000,0.000000,0.000000,0.000000,0.000000
10007668,noise,0,0.000000,0.000000,0.000000,0.000000,0.000000
10007669,noise,0,0.000000,0.000000,0.000000,0.000000,0.000000
10007670,noise,0,0.000000,0.000000,0.000000,0.000000,0.000000
10007671,noise,0,0.000000,0.000000,0.000000,0.000000,0.000000
10007672,noise,0,0.000000,0.000000,0.000000,0.000000,0.000000
10007673,noise,0,0.000000,0.000000,0.000000,0.000000,0.000000
10007674,noise,0,0.000000,0.000000,0.000000,0.000000,0.000000
10007675,noise,0,0.000000,0.000000,0.000000,0.000000,0.000000
10007676,noise,1,0.000000,0.000000,0.000000,0.000000,0.000000
10007677,noise,2,0.011765,0.011765,0.011765,0.000000,0.023529
10007678,noise,0,0.000000,0.000000,0.000000,0.000000,0.000000
10007679,noise,0,0.000000,0.000000,0.000000,0.000000,0.000000
10007680,noise,0,0.000000,0.000000,0.000000,0.000000,0.000000
10007681,noise,0,0.000000,0.000000,0.000000,0.000000,0.000000
10007682,noise,0,0.000000,0.000000,0.000000,0.000000,0.000000
10007683,noise,0,0.000000,0.000000,0.000000,0.000000,0.000000
10007684,noise,0,0.000000,0.000000,0.000000,0.000000,0.000000
10007685,noise,0,0.000000,0.000000,0.000000,0.000000,0.000000
10007686,noise,2,0.021569,0.021569,0.001961,0.019608,0.023529
10007687,noise,0,0.000000,0.000000,0.000000,0.000000,0.000000
10007688,noise,0,0.000000,0.000000,0.000000,0.000000,0.000000
10007689,noise,0,0.000000,0.000000,0.000000,0.000000,0.000000
10007690,noise,0,0.000000,0.000000,0.000000,0.000000,0.000000
10007691,noise,0,0.000000,0.000000,0.000000,0.000000,0.000000
10007692,noise,2,0.003922,0.003922,0.000000,0.003922,0.003922
10007693,noise,0,0.000000,0.000000,0.000000,0.000000,0.000000
10007694,noise,3,0.000000,0.000000,0.000000,0.000000,0.000000
10007695,noise,0,0.000000,0.000000,0.000000,0.000000,0.000000
10007696,noise,1,0.027451,0.027451,0.000000,0.027451,0.027451
10007697,noise,0,0.000000,0.000000,0.000000,0.000000,0.000000
10007698,noise,0,0.000000,0.000000,0.000000,0.000000,0.000000
10007699,noise,0,0.000000,0.000000,0.000000,0.000000,0.000000
10007700,noise,0,0.000000,0.000000,0.000000,0.000000,0.000000
10007701,noise,1,0.019608,0.019608,0.000000,0.019608,0.019608
10007702,noise,0,0.000000,0.000000,0.000000,0.000000,0.000000
10007703,noise,0,0.000000,0.000000,0.000000,0.000000,0.000000
10007704,noise,0,0.000000,0.000000,0.000000,0.000000,0.000000
10007705,noise,0,0.000000,0.000000,0.000000,0.000000,0.000000
10007706,noise,0,0.000000,0.000000,0.000000,0.000000,0.000000
10007707,noise,0,0.000000,0.000000,0.000000,0.000000,0.000000
10007708,noise,0,0.000000,0.000000,0.000000,0.000000,0.000000
10007709,noise,5,0.003922,0.000000,0.006075,0.000000,0.015686
10007710,noise,0,0.000000,0.000000,0.000000,0.000000,0.000000
10007711,noise,0,0.000000,0.000000,0.000000,0.000000,0.000000
10007712,noise,0,0.000000,0.000000,0.000000,0.000000,0.000000
10007713,noise,0,0.000000,0.000000,0.000000,0.000000,0.000000
10007714,noise,2,0.005882,0.005882,0.005882,0.000000,0.011765
10007715,noise,0,0.000000,0.000000,0.000000,0.000000,0.000000
10007716,noise,0,0.000000,0.000000,0.000000,0.000000,0.000000
10007717,noise,0,0.000000,0.000000,0.000000,0.000000,0.000000
10007718,noise,0,0.000000,0.000000,0.000000,0.000000,0.000000
10007719,noise,0,0.000000,0.000000,0.000000,0.000000,0.000000
10007720,noise,0,0.000000,0.000000,0.000000,0.000000,0.000000
10007721,noise,0,0.000000,0.000000,0.000000,0.000000,0.000000
10007722,noise,0,0.000000,0.000000,0.000000,0.000000,0.000000
10007723,noise,0,0.000000,0.000000,0.000000,0.000000,0.000000
10007724,noise,1,0.015686,0.015686,0.000000,0.015686,0.015686
10007725,noise,1,0.015686,0.015686,0.000000,0.015686,0.015686
10007726,noise,0,0.000000,0.000000,0.000000,0.000000,0.000000
10007727,noise,0,0.000000,0.000000,0.000000,0.000000,0.000000
10007728,noise,1,0.015686,0.015686,0.000000,0.015686,0.015686
10007729,noise,0,0.000000,0.000000,0.000000,0.000000,0.000000
10007730,noise,0,0.000000,0.000000,0.000000,0.000000,0.000000
10007731,noise,0,0.000000,0.000000,0.000000,0.000000,0.000000
10007732,noise,0,0.000000,0.000000,0.000000,0.000000,0.000000
10007733,noise,0,0.000000,0.000000,0.000000,0.000000,0.000000
10007734,noise,0,0.000000,0.000000,0.000000,0.000000,0.000000
10007735,noise,1,0.031373,0.031373,0.000000,0.031373,0.031373
10007736,noise,0,0.000000,0.000000,0.000000,0.000000,0.000000
10007737,noise,0,0.000000,0.000000,0.000000,0.000000,0.000000
10007738,noise,1,0.015686,0.015686,0.000000,0.015686,0.015686
10007739,noise,0,0.000000,0.000000,0.000000,0.000000,0.000000
10007740,noise,0,0.000000,0.000000,0.000000,0.000000,0.000000
10007741,noise,1,0.023529,0.023529,0.000000,0.023529,0.023529
10007742,noise,0,0.000000,0.000000,0.000000,0.000000,0.000000
10007743,noise,2,0.023529,0.023529,0.000000,0.023529,0.023529
10007744,noise,0,0.000000,0.000000,0.000000,0.000000,0.000000
10007745,noise,0,0.000000,0.000000,0.000000,0.000000,0.000000
10007746,noise,0,0.000000,0.000000,0.000000,0.000000,0.000000
10007747,noise,1,0.019608,0.019608,0.000000,0.019608,0.019608
10007748,noise,0,0.000000,0.000000,0.000000,0.000000,0.000000
10007749,noise,0,0.000000,0.000000,0.000000,0.000000,0.000000
10007750,noise,0,0.000000,0.000000,0.000000,0.000000,0.000000
10007751,noise,0,0.000000,0.000000,0.000000,0.000000,0.000000
10007752,noise,0,0.000000,0.000000,0.000000,0.000000,0.000000
10007753,noise,0,0.000000,0.000000,0.000000,0.000000,0.000000
10007754,noise,0,0.000000,0.000000,0.000000,0.000000,0.000000
10007755,noise,0,0.000000,0.000000,0.000000,0.000000,0.000000
10007756,noise,0,0.000000,0.000000,0.000000,0.000000,0.000000
10007757,noise,1,0.015686,0.015686,0.000000,0.015686,0.015686
10007758,noise,0,0.000000,0.000000,0.000000,0.000000,0.000000
10007759,noise,0,0.000000,0.000000,0.000000,0.000000,0.000000
10007760,noise,1,0.023529,0.023529,0.000000,0.023529,0.023529
10007761,noise,0,0.000000,0.000000,0.000000,0.000000,0.000000
10007762,noise,1,0.015686,0.015686,0.000000,0.015686,0.015686
10007763,noise,1,0.000000,0.000000,0.000000,0.000000,0.000000
10007764,noise,0,0.000000,0.000000,0.000000,0.000000,0.000000
10007765,noise,2,0.003922,0.003922,0.000000,0.003922,0.003922
10007766,noise,0,0.000000,0.000000,0.000000,0.000000,0.000000
10007767,noise,1,0.023529,0.023529,0.000000,0.023529,0.023529
10007768,noise,0,0.000000,0.000000,0.000000,0.000000,0.000000
10007769,noise,2,0.000000,0.000000,0.000000,0.000000,0.000000
10007770,noise,0,0.000000,0.000000,0.000000,0.000000,0.000000
10007771,noise,0,0.000000,0.000000,0.000000,0.000000,0.000000
10007772,noise,0,0.000000,0.000000,0.000000,0.000000,0.000000
10007773,noise,0,0.000000,0.000000,0.000000,0.000000,0.000000
10007774,noise,1,0.015686,0.015686,0.000000,0.015686,0.015686
10007775,noise,0,0.000000,0.000000,0.000000,0.000000,0.000000
10007776,noise,2,0.009804,0.009804,0.009804,0.000000,0.019608
10007777,noise,0,0.000000,0.000000,0.000000,0.000000,0.000000
10007778,noise,1,0.019608,0.019608,0.000000,0.019608,0.019608
10007779,noise,0,0.000000,0.000000,0.000000,0.000000,0.000000
10007780,noise,0,0.000000,0.000000,0.000000,0.000000,0.000000
10007781,noise,1,0.019608,0.019608,0.000000,0.019608,0.019608
10007782,noise,0,0.000000,0.000000,0.000000,0.000000,0.000000
10007783,noise,0,0.000000,0.000000,0.000000,0.000000,0.000000
10007784,noise,0,0.000000,0.000000,0.000000,0.000000,0.000000
10007785,noise,0,0.000000,0.000000,0.000000,0.000000,0.000000
10007786,noise,0,0.000000,0.000000,0.000000,0.000000,0.000000
10007787,noise,0,0.000000,0.000000,0.000000,0.000000,0.000000
10007788,noise,0,0.000000,0.000000,0.000000,0.000000,0.000000
10007789,noise,0,0.000000,0.000000,0.000000,0.000000,0.000000
10007790,noise,1,0.000000,0.000000,0.000000,0.000000,0.000000
10007791,noise,0,0.000000,0.000000,0.000000,0.000000,0.000000
10007792,noise,0,0.000000,0.000000,0.000000,0.000000,0.000000
10007793,noise,1,0.023529,0.023529,0.000000,0.023529,0.023529
10007794,noise,1,0.023529,0.023529,0.000000,0.023529,0.023529
10007795,noise,0,0.000000,0.000000,0.000000,0.000000,0.000000
10007796,noise,1,0.000000,0.000000,0.000000,0.000000,0.000000
10007797,noise,1,0.019608,0.019608,0.000000,0.019608,0.019608
10007798,noise,0,0.000000,0.000000,0.000000,0.000000,0.000000
10007799,noise,1,0.015686,0.015686,0.000000,0.015686,0.015686
10007800,noise,1,0.000000,0.000000,0.000000,0.000000,0.000000
10007801,noise,0,0.000000,0.000000,0.000000,0.000000,0.000000
10007802,noise,0,0.000000,0.000000,0.000000,0.000000,0.000000
10007803,noise,0,0.000000,0.000000,0.000000,0.000000,0.000000
10007804,noise,0,0.000000,0.000000,0.000000,0.000000,0.000000
10007805,noise,1,0.015686,0.015686,0.000000,0.015686,0.015686
10007806,noise,0,0.000000,0.000000,0.000000,0.000000,0.000000
10007807,noise,0,0.000000,0.000000,0.000000,0.000000,0.000000
10007808,noise,0,0.000000,0.000000,0.000000,0.000000,0.000000
10007809,noise,1,0.019608,0.019608,0.000000,0.019608,0.019608
10007810,noise,2,0.000000,0.000000,0.000000,0.000000,0.000000
10007811,noise,0,0.000000,0.000000,0.000000,0.000000,0.000000
10007812,noise,0,0.000000,0.000000,0.000000,0.000000,0.000000
10007813,noise,1,0.015686,0.015686,0.000000,0.015686,0.015686
10007814,noise,0,0.000000,0.000000,0.000000,0.000000,0.000000
10007815,noise,0,0.000000,0.000000,0.000000,0.000000,0.000000
10007816,noise,0,0.000000,0.000000,0.000000,0.000000,0.000000
10007817,noise,0,0.000000,0.000000,0.000000,0.000000,0.000000
10007818,noise,0,0.000000,0.000000,0.000000,0.000000,0.000000
10007819,noise,0,0.000000,0.000000,0.000000,0.000000,0.000000
10007820,noise,0,0.000000,0.000000,0.000000,0.000000,0.000000
10007821,noise,0,0.000000,0.000000,0.000000,0.000000,0.000000
10007822,noise,0,0.000000,0.000000,0.000000,0.000000,0.000000
10007823,noise,0,0.000000,0.000000,0.000000,0.000000,0.000000
10007824,noise,3,0.010458,0.003922,0.009243,0.003922,0.023529
10007825,noise,0,0.000000,0.000000,0.000000,0.000000,0.000000
10007826,noise,0,0.000000,0.000000,0.000000,0.000000,0.000000
10007827,noise,1,0.039216,0.039216,0.000000,0.039216,0.039216
10007828,noise,2,0.019608,0.019608,0.000000,0.019608,0.019608
10007829,noise,0,0.000000,0.000000,0.000000,0.000000,0.000000
10007830,noise,0,0.000000,0.000000,0.000000,0.000000,0.000000
10007831,noise,1,0.031373,0.031373,0.000000,0.031373,0.031373
10007832,noise,1,0.000000,0.000000,0.000000,0.000000,0.000000
10007833,noise,2,0.021569,0.021569,0.001961,0.019608,0.023529
10007834,noise,17,0.010842,0.011765,0.008130,0.000000,0.027451
10007835,noise,4,0.000000,0.000000,0.000000,0.000000,0.000000
10007836,noise,1,0.015686,0.015686,0.000000,0.015686,0.015686
10007837,noise,4,0.012745,0.015686,0.007531,0.000000,0.019608
10007838,noise,3,0.120261,0.168627,0.068400,0.023529,0.168627
10007839,noise,4,0.075490,0.047059,0.081148,0.000000,0.207843
10007840,noise,8,0.101961,0.078431,0.081011,0.000000,0.235294
10007841,noise,0,0.000000,0.000000,0.000000,0.000000,0.000000
10007842,noise,2,0.000000,0.000000,0.000000,0.000000,0.000000
10007843,noise,2,0.029412,0.029412,0.013725,0.015686,0.043137
10007844,noise,1,0.031373,0.031373,0.000000,0.031373,0.031373
10007845,noise,0,0.000000,0.000000,0.000000,0.000000,0.000000
10007846,noise,0,0.000000,0.000000,0.000000,0.000000,0.000000
10007847,noise,2,0.000000,0.000000,0.000000,0.000000,0.000000
10007848,noise,1,0.062745,0.062745,0.000000,0.062745,0.062745
10007849,noise,4,0.025490,0.023529,0.011264,0.011765,0.043137
10007850,noise,0,0.000000,0.000000,0.000000,0.000000,0.000000
10007851,noise,1,0.015686,0.015686,0.000000,0.015686,0.015686
10007852,noise,0,0.000000,0.000000,0.000000,0.000000,0.000000
10007853,noise,0,0.000000,0.000000,0.000000,0.000000,0.000000
10007854,noise,0,0.000000,0.000000,0.000000,0.000000,0.000000
10007855,noise,2,0.000000,0.000000,0.000000,0.000000,0.000000
10007856,noise,1,0.019608,0.019608,0.000000,0.019608,0.019608
10007857,noise,1,0.000000,0.000000,0.000000,0.000000,0.000000
10007858,noise,1,0.019608,0.019608,0.000000,0.019608,0.019608
10007859,noise,1,0.019608,0.019608,0.000000,0.019608,0.019608
10007860,noise,5,0.015686,0.023529,0.012888,0.000000,0.027451
10007861,noise,3,0.006536,0.000000,0.009243,0.000000,0.019608
10007862,noise,1,0.019608,0.019608,0.000000,0.019608,0.019608
10007863,noise,2,0.086275,0.086275,0.019608,0.066667,0.105882
10007864,noise,0,0.000000,0.000000,0.000000,0.000000,0.000000
10007865,noise,0,0.000000,0.000000,0.000000,0.000000,0.000000
10007866,noise,1,0.000000,0.000000,0.000000,0.000000,0.000000
10007867,noise,1,0.019608,0.019608,0.000000,0.019608,0.019608
10007868,noise,1,0.003922,0.003922,0.000000,0.003922,0.003922
10007869,noise,1,0.000000,0.000000,0.000000,0.000000,0.000000
10007870,noise,5,0.009412,0.003922,0.010105,0.000000,0.023529
10007871,noise,0,0.000000,0.000000,0.000000,0.000000,0.000000
10007872,noise,1,0.015686,0.015686,0.000000,0.015686,0.015686
10007873,noise,2,0.003922,0.003922,0.000000,0.003922,0.003922
10007874,noise,0,0.000000,0.000000,0.000000,0.000000,0.000000
10007875,noise,4,0.026471,0.023529,0.005094,0.023529,0.035294
10007876,noise,1,0.019608,0.019608,0.000000,0.019608,0.019608
10007877,noise,0,0.000000,0.000000,0.000000,0.000000,0.000000
10007878,noise,2,0.000000,0.000000,0.000000,0.000000,0.000000
10007879,noise,1,0.047059,0.047059,0.000000,0.047059,0.047059
10007880,noise,1,0.058824,0.058824,0.000000,0.058824,0.058824
10007881,noise,0,0.000000,0.000000,0.000000,0.000000,0.000000
10007882,noise,2,0.041176,0.041176,0.021569,0.019608,0.062745
10007883,noise,4,0.112745,0.137255,0.042452,0.039216,0.137255
10007884,noise,0,0.000000,0.000000,0.000000,0.000000,0.000000
10007885,noise,2,0.003922,0.003922,0.000000,0.003922,0.003922
10007886,noise,2,0.011765,0.011765,0.011765,0.000000,0.023529
10007887,noise,0,0.000000,0.000000,0.000000,0.000000,0.000000
10007888,noise,2,0.047059,0.047059,0.031373,0.015686,0.078431
10007889,noise,2,0.117647,0.117647,0.000000,0.117647,0.117647
10007890,noise,22,0.004278,0.003922,0.002874,0.000000,0.011765
10007891,noise,3,0.015686,0.019608,0.011545,0.000000,0.027451
10007892,noise,0,0.000000,0.000000,0.000000,0.000000,0.000000
10007893,noise,1,0.015686,0.015686,0.000000,0.015686,0.015686
10007894,noise,0,0.000000,0.000000,0.000000,0.000000,0.000000
10007895,noise,0,0.000000,0.000000,0.000000,0.000000,0.000000
10007896,noise,4,0.049020,0.054902,0.038172,0.000000,0.086275
10007897,noise,4,0.000980,0.000000,0.001698,0.000000,0.003922
10007898,noise,0,0.000000,0.000000,0.000000,0.000000,0.000000
10007899,noise,0,0.000000,0.000000,0.000000,0.000000,0.000000
10007900,noise,2,0.013725,0.013725,0.001961,0.011765,0.015686
10007901,noise,1,0.000000,0.000000,0.000000,0.000000,0.000000
10007902,noise,36,0.007625,0.007843,0.004886,0.000000,0.019608
10007903,noise,2,0.039216,0.039216,0.039216,0.000000,0.078431
10007904,noise,1,0.015686,0.015686,0.000000,0.015686,0.015686
10007905,noise,4,0.095098,0.043137,0.107732,0.015686,0.278431
10007906,noise,5,0.005490,0.003922,0.003137,0.003922,0.011765
10007907,noise,0,0.000000,0.000000,0.000000,0.000000,0.000000
10007908,noise,3,0.005229,0.000000,0.007395,0.000000,0.015686
10007909,noise,0,0.000000,0.000000,0.000000,0.000000,0.000000
10007910,noise,1,0.023529,0.023529,0.000000,0.023529,0.023529
10007911,noise,0,0.000000,0.000000,0.000000,0.000000,0.000000
10007912,noise,0,0.000000,0.000000,0.000000,0.000000,0.000000
10007913,noise,1,0.050980,0.050980,0.000000,0.050980,0.050980
10007914,noise,0,0.000000,0.000000,0.000000,0.000000,0.000000
10007915,noise,1,0.023529,0.023529,0.000000,0.023529,0.023529
10007916,noise,1,0.019608,0.019608,0.000000,0.019608,0.019608
10007917,noise,1,0.039216,0.039216,0.000000,0.039216,0.039216
10007918,noise,0,0.000000,0.000000,0.000000,0.000000,0.000000
10007919,noise,3,0.028758,0.019608,0.027975,0.000000,0.066667
10007920,noise,5,0.022745,0.023529,0.003842,0.015686,0.027451
10007921,noise,1,0.023529,0.023529,0.000000,0.023529,0.023529
10007922,noise,1,0.039216,0.039216,0.000000,0.039216,0.039216
10007923,noise,2,0.029412,0.029412,0.009804,0.019608,0.039216
10007924,noise,0,0.000000,0.000000,0.000000,0.000000,0.000000
10007925,noise,2,0.023529,0.023529,0.000000,0.023529,0.023529
10007926,noise,4,0.067647,0.054902,0.047496,0.015686,0.145098
10007927,noise,1,0.015686,0.015686,0.000000,0.015686,0.015686
10007928,noise,0,0.000000,0.000000,0.000000,0.000000,0.000000
10007929,noise,1,0.023529,0.023529,0.000000,0.023529,0.023529
10007930,noise,0,0.000000,0.000000,0.000000,0.000000,0.000000
10007931,noise,5,0.016471,0.015686,0.007998,0.007843,0.027451
10007932,noise,0,0.000000,0.000000,0.000000,0.000000,0.000000
10007933,noise,1,0.039216,0.039216,0.000000,0.039216,0.039216
10007934,noise,3,0.049673,0.070588,0.029578,0.007843,0.070588
10007935,noise,4,0.033333,0.033333,0.004384,0.027451,0.039216
10007936,noise,5,0.018039,0.015686,0.005319,0.011765,0.027451
10007937,noise,1,0.066667,0.066667,0.000000,0.066667,0.066667
10007938,noise,4,0.019608,0.023529,0.012087,0.000000,0.031373
10007939,noise,0,0.000000,0.000000,0.000000,0.000000,0.000000
10007940,noise,0,0.000000,0.000000,0.000000,0.000000,0.000000
10007941,noise,1,0.027451,0.027451,0.000000,0.027451,0.027451
10007942,noise,0,0.000000,0.000000,0.000000,0.000000,0.000000
10007943,noise,4,0.012745,0.011765,0.004273,0.007843,0.019608
10007944,noise,2,0.013725,0.013725,0.009804,0.003922,0.023529
10007945,noise,6,0.016993,0.019608,0.013137,0.000000,0.031373
10007946,noise,1,0.054902,0.054902,0.000000,0.054902,0.054902
10007947,noise,1,0.027451,0.027451,0.000000,0.027451,0.027451
10007948,noise,1,0.086275,0.086275,0.000000,0.086275,0.086275
10007949,noise,1,0.023529,0.023529,0.000000,0.023529,0.023529
10007950,noise,4,0.016667,0.009804,0.013117,0.007843,0.039216
10007951,noise,1,0.015686,0.015686,0.000000,0.015686,0.015686
10007952,noise,2,0.019608,0.019608,0.003922,0.015686,0.023529
10007953,noise,0,0.000000,0.000000,0.000000,0.000000,0.000000
10007954,noise,0,0.000000,0.000000,0.000000,0.000000,0.000000
10007955,noise,0,0.000000,0.000000,0.000000,0.000000,0.000000
10007956,noise,2,0.017647,0.017647,0.001961,0.015686,0.019608
10007957,noise,24,0.006046,0.003922,0.003576,0.000000,0.015686
10007958,noise,2,0.007843,0.007843,0.007843,0.000000,0.015686
10007959,noise,2,0.098039,0.098039,0.058824,0.039216,0.156863
10007960,noise,2,0.037255,0.037255,0.017647,0.019608,0.054902
10007961,noise,0,0.000000,0.000000,0.000000,0.000000,0.000000
10007962,noise,4,0.044118,0.045098,0.030424,0.011765,0.074510
10007963,noise,0,0.000000,0.000000,0.000000,0.000000,0.000000
10007964,noise,2,0.023529,0.023529,0.000000,0.023529,0.023529
10007965,noise,0,0.000000,0.000000,0.000000,0.000000,0.000000
10007966,noise,3,0.065359,0.043137,0.049015,0.019608,0.133333
10007967,noise,3,0.009150,0.000000,0.012941,0.000000,0.027451
10007968,noise,0,0.000000,0.000000,0.000000,0.000000,0.000000
10007969,noise,6,0.048366,0.058824,0.020710,0.015686,0.066667
10007970,noise,1,0.000000,0.000000,0.000000,0.000000,0.000000
10007971,noise,3,0.151634,0.219608,0.096130,0.015686,0.219608
10007972,noise,0,0.000000,0.000000,0.000000,0.000000,0.000000
10007973,noise,3,0.000000,0.000000,0.000000,0.000000,0.000000
10007974,noise,3,0.023529,0.023529,0.000000,0.023529,0.023529
10007975,noise,1,0.000000,0.000000,0.000000,0.000000,0.000000
10007976,noise,4,0.075490,0.076471,0.022592,0.050980,0.098039
10007977,noise,0,0.000000,0.000000,0.000000,0.000000,0.000000
10007978,noise,0,0.000000,0.000000,0.000000,0.000000,0.000000
10007979,noise,4,0.033333,0.033333,0.010559,0.019608,0.047059
10007980,noise,3,0.032680,0.019608,0.027232,0.007843,0.070588
10007981,noise,0,0.000000,0.000000,0.000000,0.000000,0.000000
10007982,noise,2,0.103922,0.103922,0.009804,0.094118,0.113725
10007983,noise,0,0.000000,0.000000,0.000000,0.000000,0.000000
10007984,noise,2,0.000000,0.000000,0.000000,0.000000,0.000000
10007985,noise,4,0.029412,0.031373,0.010189,0.015686,0.039216
10007986,noise,1,0.015686,0.015686,0.000000,0.015686,0.015686
10007987,noise,0,0.000000,0.000000,0.000000,0.000000,0.000000
10007988,noise,0,0.000000,0.000000,0.000000,0.000000,0.000000
10007989,noise,1,0.023529,0.023529,0.000000,0.023529,0.023529
10007990,noise,5,0.084706,0.094118,0.026896,0.031373,0.101961
10007991,noise,2,0.029412,0.029412,0.009804,0.019608,0.039216
10007992,noise,1,0.000000,0.000000,0.000000,0.000000,0.000000
10007993,noise,6,0.107190,0.101961,0.038601,0.062745,0.156863
10007994,noise,2,0.011765,0.011765,0.011765,0.000000,0.023529
10007995,noise,4,0.017647,0.023529,0.010189,0.000000,0.023529
10007996,noise,0,0.000000,0.000000,0.000000,0.000000,0.000000
10007997,noise,5,0.009412,0.003922,0.015005,0.000000,0.039216
10007998,noise,0,0.000000,0.000000,0.000000,0.000000,0.000000
10007999,noise,0,0.000000,0.000000,0.000000,0.000000,0.000000
10008000,noise,0,0.000000,0.000000,0.000000,0.000000,0.000000
10008001,noise,2,0.043137,0.043137,0.043137,0.000000,0.086275
10008002,noise,3,0.013072,0.015686,0.009782,0.000000,0.023529
10008003,noise,2,0.021569,0.021569,0.005882,0.015686,0.027451
10008004,noise,2,0.074510,0.074510,0.047059,0.027451,0.121569
10008005,noise,3,0.133333,0.164706,0.086156,0.015686,0.219608
10008006,noise,2,0.021569,0.021569,0.005882,0.015686,0.027451
10008007,noise,0,0.000000,0.000000,0.000000,0.000000,0.000000
10008008,noise,2,0.013725,0.013725,0.013725,0.000000,0.027451
10008009,noise,6,0.094771,0.021569,0.119107,0.000000,0.262745
10008010,noise,6,0.028105,0.027451,0.012891,0.007843,0.047059
10008011,noise,4,0.015686,0.009804,0.017756,0.000000,0.043137
10008012,noise,2,0.007843,0.007843,0.007843,0.000000,0.015686
10008013,noise,3,0.019608,0.015686,0.014673,0.003922,0.039216
10008014,noise,1,0.015686,0.015686,0.000000,0.015686,0.015686
10008015,noise,6,0.045098,0.049020,0.010314,0.027451,0.054902
10008016,noise,2,0.033333,0.033333,0.013725,0.019608,0.047059
10008017,noise,1,0.015686,0.015686,0.000000,0.015686,0.015686
10008018,noise,3,0.023529,0.031373,0.016943,0.000000,0.039216
10008019,noise,5,0.021176,0.019608,0.012301,0.007843,0.035294
10008020,noise,4,0.006863,0.000000,0.011887,0.000000,0.027451
10008021,noise,6,0.022876,0.019608,0.017744,0.000000,0.058824
10008022,noise,8,0.128922,0.105882,0.092395,0.023529,0.278431
10008023,noise,5,0.007843,0.007843,0.004296,0.003922,0.015686
10008024,noise,4,0.015686,0.000000,0.027169,0.000000,0.062745
10008025,noise,9,0.008715,0.007843,0.008627,0.000000,0.023529
10008026,noise,3,0.000000,0.000000,0.000000,0.000000,0.000000
10008027,noise,8,0.031863,0.031373,0.028309,0.000000,0.070588
10008028,noise,5,0.006275,0.000000,0.007685,0.000000,0.015686
10008029,noise,3,0.060131,0.007843,0.073946,0.007843,0.164706
10008030,noise,0,0.000000,0.000000,0.000000,0.000000,0.000000
10008031,noise,6,0.003922,0.000000,0.008769,0.000000,0.023529
10008032,noise,8,0.043137,0.001961,0.077569,0.000000,0.227451
10008033,noise,8,0.003922,0.001961,0.004803,0.000000,0.011765
10008034,noise,0,0.000000,0.000000,0.000000,0.000000,0.000000
10008035,noise,11,0.000357,0.000000,0.001127,0.000000,0.003922
10008036,noise,5,0.023529,0.003922,0.025656,0.000000,0.054902
10008037,noise,17,0.008304,0.003922,0.014164,0.000000,0.047059
10008038,noise,6,0.000654,0.000000,0.001461,0.000000,0.003922
10008039,noise,6,0.000000,0.000000,0.000000,0.000000,0.000000
10008040,noise,3,0.096732,0.050980,0.102878,0.000000,0.239216
10008041,noise,4,0.005882,0.003922,0.006503,0.000000,0.015686
10008042,noise,8,0.006373,0.005882,0.007320,0.000000,0.023529
10008043,noise,1,0.019608,0.019608,0.000000,0.019608,0.019608
10008044,noise,7,0.011204,0.007843,0.011563,0.000000,0.035294
10008045,noise,0,0.000000,0.000000,0.000000,0.000000,0.000000
10008046,noise,6,0.013725,0.009804,0.016288,0.000000,0.047059
10008047,noise,4,0.006863,0.000000,0.011887,0.000000,0.027451
10008048,noise,8,0.014216,0.011765,0.012698,0.000000,0.035294
10008049,noise,1,0.027451,0.027451,0.000000,0.027451,0.027451
10008050,noise,3,0.067974,0.023529,0.080070,0.000000,0.180392
10008051,noise,8,0.012255,0.003922,0.017586,0.000000,0.050980
10008052,noise,7,0.019048,0.011765,0.026384,0.000000,0.078431
10008053,noise,5,0.001569,0.000000,0.001921,0.000000,0.003922
10008054,noise,1,0.054902,0.054902,0.000000,0.054902,0.054902
10008055,noise,1,0.000000,0.000000,0.000000,0.000000,0.000000
10008056,noise,15,0.016732,0.000000,0.035869,0.000000,0.141176
10008057,noise,3,0.027451,0.000000,0.038822,0.000000,0.082353
10008058,noise,5,0.051765,0.043137,0.061827,0.000000,0.168627
10008059,noise,4,0.003922,0.003922,0.003922,0.000000,0.007843
10008060,noise,2,0.001961,0.001961,0.001961,0.000000,0.003922
10008061,noise,5,0.031373,0.047059,0.019842,0.000000,0.047059
10008062,noise,1,0.000000,0.000000,0.000000,0.000000,0.000000
10008063,noise,0,0.000000,0.000000,0.000000,0.000000,0.000000
10008064,noise,7,0.015126,0.003922,0.017085,0.000000,0.039216
10008065,noise,1,0.043137,0.043137,0.000000,0.043137,0.043137
10008066,noise,7,0.210644,0.254902,0.120702,0.000000,0.352941
10008067,noise,1,0.007843,0.007843,0.000000,0.007843,0.007843
10008068,noise,3,0.065359,0.050980,0.060102,0.000000,0.145098
10008069,noise,2,0.068627,0.068627,0.013725,0.054902,0.082353
10008070,noise,2,0.009804,0.009804,0.009804,0.000000,0.019608
10008071,noise,6,0.130065,0.039216,0.132705,0.027451,0.317647
10008072,noise,1,0.000000,0.000000,0.000000,0.000000,0.000000
10008073,noise,0,0.000000,0.000000,0.000000,0.000000,0.000000
10008074,noise,2,0.001961,0.001961,0.001961,0.000000,0.003922
10008075,noise,5,0.016471,0.023529,0.013675,0.000000,0.031373
10008076,noise,1,0.007843,0.007843,0.000000,0.007843,0.007843
10008077,noise,1,0.000000,0.000000,0.000000,0.000000,0.000000
10008078,noise,7,0.012885,0.015686,0.011805,0.000000,0.027451
10008079,noise,6,0.044444,0.043137,0.031099,0.000000,0.082353
10008080,noise,0,0.000000,0.000000,0.000000,0.000000,0.000000
10008081,noise,0,0.000000,0.000000,0.000000,0.000000,0.000000
10008082,noise,2,0.000000,0.000000,0.000000,0.000000,0.000000
10008083,noise,6,0.012418,0.000000,0.026054,0.000000,0.070588
10008084,noise,3,0.011765,0.003922,0.011092,0.003922,0.027451
10008085,noise,20,0.013725,0.000000,0.020880,0.000000,0.054902
10008086,noise,2,0.029412,0.029412,0.009804,0.019608,0.039216
10008087,noise,3,0.036601,0.043137,0.009243,0.023529,0.043137
10008088,noise,5,0.043922,0.027451,0.061627,0.000000,0.164706
10008089,noise,4,0.000000,0.000000,0.000000,0.000000,0.000000
10008090,noise,5,0.045490,0.039216,0.024876,0.015686,0.074510
10008091,noise,3,0.027451,0.019608,0.026209,0.000000,0.062745
10008092,noise,1,0.019608,0.019608,0.000000,0.019608,0.019608
10008093,noise,5,0.038431,0.019608,0.033313,0.000000,0.078431
10008094,noise,3,0.091503,0.137255,0.064703,0.000000,0.137255
10008095,noise,2,0.011765,0.011765,0.011765,0.000000,0.023529
10008096,noise,3,0.001307,0.000000,0.001849,0.000000,0.003922
10008097,noise,2,0.025490,0.025490,0.025490,0.000000,0.050980
10008098,noise,0,0.000000,0.000000,0.000000,0.000000,0.000000
10008099,noise,1,0.019608,0.019608,0.000000,0.019608,0.019608
10008100,noise,2,0.009804,0.009804,0.009804,0.000000,0.019608
10008101,noise,1,0.000000,0.000000,0.000000,0.000000,0.000000
10008102,noise,6,0.047712,0.035294,0.022116,0.023529,0.078431
10008103,noise,3,0.007843,0.003922,0.008472,0.000000,0.019608
10008104,noise,5,0.000000,0.000000,0.000000,0.000000,0.000000
10008105,noise,2,0.009804,0.009804,0.009804,0.000000,0.019608
10008106,noise,3,0.118954,0.137255,0.025881,0.082353,0.137255
10008107,noise,4,0.008824,0.007843,0.008932,0.000000,0.019608
10008108,noise,0,0.000000,0.000000,0.000000,0.000000,0.000000
10008109,noise,1,0.019608,0.019608,0.000000,0.019608,0.019608
10008110,noise,5,0.027451,0.015686,0.022732,0.003922,0.054902
10008111,noise,3,0.000000,0.000000,0.000000,0.000000,0.000000
10008112,noise,11,0.002496,0.000000,0.005614,0.000000,0.019608
10008113,noise,4,0.051961,0.027451,0.059239,0.003922,0.149020
10008114,noise,1,0.007843,0.007843,0.000000,0.007843,0.007843
10008115,noise,2,0.019608,0.019608,0.000000,0.019608,0.019608
10008116,noise,11,0.003922,0.003922,0.004424,0.000000,0.015686
10008117,noise,5,0.019608,0.003922,0.022459,0.000000,0.047059
10008118,noise,6,0.018301,0.011765,0.021440,0.000000,0.058824
10008119,noise,3,0.016993,0.015686,0.001849,0.015686,0.019608
10008120,noise,5,0.050196,0.019608,0.047540,0.000000,0.109804
10008121,noise,5,0.052549,0.003922,0.084822,0.000000,0.219608
10008122,noise,1,0.000000,0.000000,0.000000,0.000000,0.000000
10008123,noise,0,0.000000,0.000000,0.000000,0.000000,0.000000
10008124,noise,3,0.045752,0.050980,0.016431,0.023529,0.062745
10008125,noise,0,0.000000,0.000000,0.000000,0.000000,0.000000
10008126,noise,3,0.019608,0.019608,0.003202,0.015686,0.023529
10008127,noise,0,0.000000,0.000000,0.000000,0.000000,0.000000
10008128,noise,5,0.035294,0.031373,0.035856,0.003922,0.101961
10008129,noise,9,0.005664,0.000000,0.008082,0.000000,0.019608
10008130,noise,6,0.018301,0.007843,0.020956,0.003922,0.062745
10008131,noise,0,0.000000,0.000000,0.000000,0.000000,0.000000
10008132,noise,3,0.032680,0.039216,0.009243,0.019608,0.039216
10008133,noise,1,0.000000,0.000000,0.000000,0.000000,0.000000
10008134,noise,0,0.000000,0.000000,0.000000,0.000000,0.000000
10008135,noise,8,0.022549,0.017647,0.024234,0.003922,0.082353
10008136,noise,8,0.012255,0.003922,0.013646,0.000000,0.039216
10008137,noise,9,0.003050,0.003922,0.002465,0.000000,0.007843
10008138,noise,4,0.000000,0.000000,0.000000,0.000000,0.000000
10008139,noise,0,0.000000,0.000000,0.000000,0.000000,0.000000
10008140,noise,0,0.000000,0.000000,0.000000,0.000000,0.000000
10008141,noise,3,0.026144,0.019608,0.024455,0.000000,0.058824
10008142,noise,3,0.000000,0.000000,0.000000,0.000000,0.000000
10008143,noise,3,0.010458,0.000000,0.014789,0.000000,0.031373
10008144,noise,1,0.023529,0.023529,0.000000,0.023529,0.023529
10008145,noise,2,0.007843,0.007843,0.007843,0.000000,0.015686
10008146,noise,10,0.002745,0.000000,0.004657,0.000000,0.015686
10008147,noise,2,0.019608,0.019608,0.000000,0.019608,0.019608
10008148,noise,4,0.000000,0.000000,0.000000,0.000000,0.000000
10008149,noise,2,0.011765,0.011765,0.011765,0.000000,0.023529
10008150,noise,3,0.005229,0.000000,0.007395,0.000000,0.015686
10008151,noise,0,0.000000,0.000000,0.000000,0.000000,0.000000
10008152,noise,1,0.000000,0.000000,0.000000,0.000000,0.000000
10008153,noise,4,0.023529,0.019608,0.009606,0.015686,0.039216
10008154,noise,3,0.019608,0.019608,0.003202,0.015686,0.023529
10008155,noise,3,0.007843,0.000000,0.011092,0.000000,0.023529
10008156,noise,2,0.005882,0.005882,0.005882,0.000000,0.011765
10008157,noise,3,0.003922,0.003922,0.000000,0.003922,0.003922
10008158,noise,2,0.049020,0.049020,0.021569,0.027451,0.070588
10008159,noise,2,0.015686,0.015686,0.011765,0.003922,0.027451
10008160,noise,4,0.005882,0.000000,0.010189,0.000000,0.023529
10008161,noise,4,0.009804,0.009804,0.009804,0.000000,0.019608
10008162,noise,7,0.016807,0.003922,0.022935,0.003922,0.070588
10008163,noise,5,0.061961,0.066667,0.054191,0.000000,0.156863
10008164,noise,3,0.071895,0.015686,0.079492,0.015686,0.184314
10008165,noise,2,0.011765,0.011765,0.011765,0.000000,0.023529
10008166,noise,14,0.015686,0.003922,0.020592,0.000000,0.054902
10008167,noise,1,0.000000,0.000000,0.000000,0.000000,0.000000
10008168,noise,4,0.031373,0.031373,0.031373,0.000000,0.062745
10008169,noise,2,0.000000,0.000000,0.000000,0.000000,0.000000
10008170,noise,4,0.022549,0.027451,0.013690,0.000000,0.035294
10008171,noise,2,0.015686,0.015686,0.011765,0.003922,0.027451
10008172,noise,2,0.043137,0.043137,0.023529,0.019608,0.066667
10008173,noise,3,0.019608,0.019608,0.000000,0.019608,0.019608
10008174,noise,1,0.019608,0.019608,0.000000,0.019608,0.019608
10008175,noise,3,0.023529,0.023529,0.000000,0.023529,0.023529
10008176,noise,1,0.019608,0.019608,0.000000,0.019608,0.019608
10008177,noise,2,0.027451,0.027451,0.007843,0.019608,0.035294
10008178,noise,4,0.016667,0.019608,0.010514,0.000000,0.027451
10008179,noise,0,0.000000,0.000000,0.000000,0.000000,0.000000
10008180,noise,1,0.015686,0.015686,0.000000,0.015686,0.015686
10008181,noise,1,0.000000,0.000000,0.000000,0.000000,0.000000
10008182,noise,4,0.006863,0.000000,0.011887,0.000000,0.027451
10008183,noise,1,0.019608,0.019608,0.000000,0.019608,0.019608
10008184,noise,4,0.212745,0.217647,0.203060,0.000000,0.415686
10008185,noise,5,0.089412,0.062745,0.062814,0.027451,0.164706
10008186,noise,1,0.047059,0.047059,0.000000,0.047059,0.047059
10008187,noise,3,0.043137,0.023529,0.033429,0.015686,0.090196
10008188,noise,4,0.017647,0.009804,0.020843,0.000000,0.050980
10008189,noise,2,0.000000,0.000000,0.000000,0.000000,0.000000
10008190,noise,0,0.000000,0.000000,0.000000,0.000000,0.000000
10008191,noise,1,0.000000,0.000000,0.000000,0.000000,0.000000
10008192,noise,5,0.003137,0.000000,0.006275,0.000000,0.015686
10008193,noise,3,0.023529,0.035294,0.016638,0.000000,0.035294
10008194,noise,2,0.043137,0.043137,0.000000,0.043137,0.043137
10008195,noise,0,0.000000,0.000000,0.000000,0.000000,0.000000
10008196,noise,3,0.002614,0.003922,0.001849,0.000000,0.003922
10008197,noise,0,0.000000,0.000000,0.000000,0.000000,0.000000
10008198,noise,1,0.023529,0.023529,0.000000,0.023529,0.023529
10008199,noise,2,0.070588,0.070588,0.070588,0.000000,0.141176
10008200,noise,0,0.000000,0.000000,0.000000,0.000000,0.000000
10008201,noise,1,0.015686,0.015686,0.000000,0.015686,0.015686
10008202,noise,4,0.011765,0.011765,0.000000,0.011765,0.011765
10008203,noise,0,0.000000,0.000000,0.000000,0.000000,0.000000
10008204,noise,3,0.009150,0.000000,0.012941,0.000000,0.027451
10008205,noise,2,0.029412,0.029412,0.009804,0.019608,0.039216
10008206,noise,5,0.058039,0.027451,0.079460,0.000000,0.215686
10008207,noise,2,0.003922,0.003922,0.000000,0.003922,0.003922
10008208,noise,1,0.039216,0.039216,0.000000,0.039216,0.039216
10008209,noise,2,0.023529,0.023529,0.000000,0.023529,0.023529
10008210,noise,1,0.000000,0.000000,0.000000,0.000000,0.000000
10008211,noise,3,0.000000,0.000000,0.000000,0.000000,0.000000
10008212,noise,0,0.000000,0.000000,0.000000,0.000000,0.000000
10008213,noise,0,0.000000,0.000000,0.000000,0.000000,0.000000
10008214,noise,3,0.023529,0.019608,0.011545,0.011765,0.039216
10008215,noise,4,0.008824,0.003922,0.010873,0.000000,0.027451
10008216,noise,2,0.000000,0.000000,0.000000,0.000000,0.000000
10008217,noise,1,0.023529,0.023529,0.000000,0.023529,0.023529
10008218,noise,2,0.019608,0.019608,0.003922,0.015686,0.023529
10008219,noise,2,0.019608,0.019608,0.000000,0.019608,0.019608
10008220,noise,0,0.000000,0.000000,0.000000,0.000000,0.000000
10008221,noise,0,0.000000,0.000000,0.000000,0.000000,0.000000
10008222,noise,1,0.039216,0.039216,0.000000,0.039216,0.039216
10008223,noise,0,0.000000,0.000000,0.000000,0.000000,0.000000
10008224,noise,3,0.035294,0.027451,0.029346,0.003922,0.074510
10008225,noise,4,0.033333,0.027451,0.017647,0.015686,0.062745
10008226,noise,0,0.000000,0.000000,0.000000,0.000000,0.000000
10008227,noise,7,0.051541,0.039216,0.032163,0.000000,0.109804
10008228,noise,12,0.133333,0.166667,0.092705,0.000000,0.239216
10008229,noise,2,0.023529,0.023529,0.003922,0.019608,0.027451
10008230,noise,1,0.000000,0.000000,0.000000,0.000000,0.000000
10008231,noise,2,0.023529,0.023529,0.000000,0.023529,0.023529
10008232,noise,1,0.027451,0.027451,0.000000,0.027451,0.027451
10008233,noise,0,0.000000,0.000000,0.000000,0.000000,0.000000
10008234,noise,2,0.019608,0.019608,0.019608,0.000000,0.039216
10008235,noise,3,0.075817,0.078431,0.060865,0.000000,0.149020
10008236,noise,1,0.066667,0.066667,0.000000,0.066667,0.066667
10008237,noise,1,0.003922,0.003922,0.000000,0.003922,0.003922
10008238,noise,4,0.021569,0.021569,0.004384,0.015686,0.027451
10008239,noise,1,0.027451,0.027451,0.000000,0.027451,0.027451
10008240,noise,2,0.045098,0.045098,0.033333,0.011765,0.078431
10008241,noise,0,0.000000,0.000000,0.000000,0.000000,0.000000
10008242,noise,2,0.027451,0.027451,0.003922,0.023529,0.031373
10008243,noise,0,0.000000,0.000000,0.000000,0.000000,0.000000
10008244,noise,4,0.045098,0.033333,0.026670,0.023529,0.090196
10008245,noise,5,0.004706,0.003922,0.002935,0.000000,0.007843
10008246,noise,2,0.017647,0.017647,0.001961,0.015686,0.019608
10008247,noise,1,0.015686,0.015686,0.000000,0.015686,0.015686
10008248,noise,0,0.000000,0.000000,0.000000,0.000000,0.000000
10008249,noise,2,0.011765,0.011765,0.000000,0.011765,0.011765
10008250,noise,6,0.067974,0.058824,0.041358,0.023529,0.145098
10008251,noise,1,0.023529,0.023529,0.000000,0.023529,0.023529
10008252,noise,0,0.000000,0.000000,0.000000,0.000000,0.000000
10008253,noise,0,0.000000,0.000000,0.000000,0.000000,0.000000
10008254,noise,2,0.054902,0.054902,0.000000,0.054902,0.054902
10008255,noise,5,0.074510,0.062745,0.051788,0.003922,0.164706
10008256,noise,3,0.015686,0.011765,0.005546,0.011765,0.023529
10008257,noise,0,0.000000,0.000000,0.000000,0.000000,0.000000
10008258,noise,0,0.000000,0.000000,0.000000,0.000000,0.000000
10008259,noise,1,0.023529,0.023529,0.000000,0.023529,0.023529
10008260,noise,2,0.007843,0.007843,0.000000,0.007843,0.007843
10008261,noise,4,0.088235,0.088235,0.009804,0.078431,0.098039
10008262,noise,0,0.000000,0.000000,0.000000,0.000000,0.000000
10008263,noise,1,0.019608,0.019608,0.000000,0.019608,0.019608
10008264,noise,2,0.058824,0.058824,0.000000,0.058824,0.058824
10008265,noise,0,0.000000,0.000000,0.000000,0.000000,0.000000
10008266,noise,2,0.000000,0.000000,0.000000,0.000000,0.000000
10008267,noise,6,0.028105,0.003922,0.055893,0.000000,0.152941
10008268,noise,15,0.041046,0.003922,0.070251,0.000000,0.200000
10008269,noise,2,0.149020,0.149020,0.145098,0.003922,0.294118
10008270,noise,3,0.015686,0.015686,0.006404,0.007843,0.023529
10008271,noise,0,0.000000,0.000000,0.000000,0.000000,0.000000
10008272,noise,0,0.000000,0.000000,0.000000,0.000000,0.000000
10008273,noise,2,0.043137,0.043137,0.023529,0.019608,0.066667
10008274,noise,6,0.000654,0.000000,0.001461,0.000000,0.003922
10008275,noise,2,0.001961,0.001961,0.001961,0.000000,0.003922
10008276,noise,2,0.000000,0.000000,0.000000,0.000000,0.000000
10008277,noise,4,0.121569,0.121569,0.023529,0.098039,0.145098
10008278,noise,1,0.023529,0.023529,0.000000,0.023529,0.023529
10008279,noise,0,0.000000,0.000000,0.000000,0.000000,0.000000
10008280,noise,1,0.027451,0.027451,0.000000,0.027451,0.027451
10008281,noise,1,0.000000,0.000000,0.000000,0.000000,0.000000
10008282,noise,0,0.000000,0.000000,0.000000,0.000000,0.000000
10008283,noise,9,0.030501,0.027451,0.018186,0.011765,0.066667
10008284,noise,2,0.013725,0.013725,0.009804,0.003922,0.023529
10008285,noise,0,0.000000,0.000000,0.000000,0.000000,0.000000
10008286,noise,8,0.018137,0.019608,0.009184,0.003922,0.031373
10008287,noise,5,0.039216,0.039216,0.008592,0.023529,0.047059
10008288,noise,3,0.014379,0.015686,0.008058,0.003922,0.023529
10008289,noise,2,0.027451,0.027451,0.027451,0.000000,0.054902
10008290,noise,1,0.027451,0.027451,0.000000,0.027451,0.027451
10008291,noise,4,0.003922,0.003922,0.000000,0.003922,0.003922
10008292,noise,0,0.000000,0.000000,0.000000,0.000000,0.000000
10008293,noise,5,0.032157,0.039216,0.014757,0.003922,0.043137
10008294,noise,0,0.000000,0.000000,0.000000,0.000000,0.000000
10008295,noise,0,0.000000,0.000000,0.000000,0.000000,0.000000
10008296,noise,3,0.000000,0.000000,0.000000,0.000000,0.000000
10008297,noise,0,0.000000,0.000000,0.000000,0.000000,0.000000
10008298,noise,5,0.076863,0.066667,0.040950,0.047059,0.156863
10008299,noise,2,0.078431,0.078431,0.000000,0.078431,0.078431
10008300,noise,0,0.000000,0.000000,0.000000,0.000000,0.000000
10008301,noise,0,0.000000,0.000000,0.000000,0.000000,0.000000
10008302,noise,0,0.000000,0.000000,0.000000,0.000000,0.000000
10008303,noise,0,0.000000,0.000000,0.000000,0.000000,0.000000
10008304,noise,0,0.000000,0.000000,0.000000,0.000000,0.000000
10008305,noise,1,0.023529,0.023529,0.000000,0.023529,0.023529
10008306,noise,0,0.000000,0.000000,0.000000,0.000000,0.000000
10008307,noise,0,0.000000,0.000000,0.000000,0.000000,0.000000
10008308,noise,1,0.047059,0.047059,0.000000,0.047059,0.047059
10008309,noise,0,0.000000,0.000000,0.000000,0.000000,0.000000
10008310,noise,0,0.000000,0.000000,0.000000,0.000000,0.000000
10008311,noise,1,0.003922,0.003922,0.000000,0.003922,0.003922
10008312,noise,3,0.009150,0.007843,0.004891,0.003922,0.015686
10008313,noise,3,0.109804,0.094118,0.055552,0.050980,0.184314
10008314,noise,0,0.000000,0.000000,0.000000,0.000000,0.000000
10008315,noise,3,0.002614,0.000000,0.003697,0.000000,0.007843
10008316,noise,0,0.000000,0.000000,0.000000,0.000000,0.000000
10008317,noise,0,0.000000,0.000000,0.000000,0.000000,0.000000
10008318,noise,0,0.000000,0.000000,0.000000,0.000000,0.000000
10008319,noise,0,0.000000,0.000000,0.000000,0.000000,0.000000
10008320,noise,2,0.035294,0.035294,0.000000,0.035294,0.035294
10008321,noise,1,0.000000,0.000000,0.000000,0.000000,0.000000
10008322,noise,3,0.065359,0.007843,0.081340,0.007843,0.180392
10008323,noise,0,0.000000,0.000000,0.000000,0.000000,0.000000
10008324,noise,0,0.000000,0.000000,0.000000,0.000000,0.000000
10008325,noise,0,0.000000,0.000000,0.000000,0.000000,0.000000
10008326,noise,0,0.000000,0.000000,0.000000,0.000000,0.000000
10008327,noise,0,0.000000,0.000000,0.000000,0.000000,0.000000
10008328,noise,1,0.023529,0.023529,0.000000,0.023529,0.023529
10008329,noise,0,0.000000,0.000000,0.000000,0.000000,0.000000
10008330,noise,0,0.000000,0.000000,0.000000,0.000000,0.000000
10008331,noise,0,0.000000,0.000000,0.000000,0.000000,0.000000
10008332,noise,0,0.000000,0.000000,0.000000,0.000000,0.000000
10008333,noise,0,0.000000,0.000000,0.000000,0.000000,0.000000
10008334,noise,0,0.000000,0.000000,0.000000,0.000000,0.000000
10008335,noise,1,0.019608,0.019608,0.000000,0.019608,0.019608
10008336,noise,2,0.047059,0.047059,0.000000,0.047059,0.047059
10008337,noise,4,0.019608,0.015686,0.015439,0.003922,0.043137
10008338,noise,4,0.101961,0.101961,0.035294,0.066667,0.137255
10008339,noise,0,0.000000,0.000000,0.000000,0.000000,0.000000
10008340,noise,3,0.058824,0.015686,0.072381,0.000000,0.160784
10008341,noise,1,0.000000,0.000000,0.000000,0.000000,0.000000
10008342,noise,2,0.056863,0.056863,0.001961,0.054902,0.058824
10008343,noise,3,0.030065,0.039216,0.018762,0.003922,0.047059
10008344,noise,0,0.000000,0.000000,0.000000,0.000000,0.000000
10008345,noise,0,0.000000,0.000000,0.000000,0.000000,0.000000
10008346,noise,4,0.001961,0.001961,0.001961,0.000000,0.003922
10008347,noise,1,0.003922,0.003922,0.000000,0.003922,0.003922
10008348,noise,0,0.000000,0.000000,0.000000,0.000000,0.000000
10008349,noise,1,0.003922,0.003922,0.000000,0.003922,0.003922
10008350,noise,0,0.000000,0.000000,0.000000,0.000000,0.000000
10008351,noise,2,0.001961,0.001961,0.001961,0.000000,0.003922
10008352,noise,0,0.000000,0.000000,0.000000,0.000000,0.000000
10008353,noise,0,0.000000,0.000000,0.000000,0.000000,0.000000
10008354,noise,1,0.000000,0.000000,0.000000,0.000000,0.000000
10008355,noise,1,0.019608,0.019608,0.000000,0.019608,0.019608
10008356,noise,0,0.000000,0.000000,0.000000,0.000000,0.000000
10008357,noise,3,0.002614,0.003922,0.001849,0.000000,0.003922
10008358,noise,1,0.019608,0.019608,0.000000,0.019608,0.019608
10008359,noise,1,0.019608,0.019608,0.000000,0.019608,0.019608
10008360,noise,0,0.000000,0.000000,0.000000,0.000000,0.000000
10008361,noise,0,0.000000,0.000000,0.000000,0.000000,0.000000
10008362,noise,3,0.073203,0.027451,0.073179,0.015686,0.176471
10008363,noise,3,0.024837,0.023529,0.008058,0.015686,0.035294
10008364,noise,0,0.000000,0.000000,0.000000,0.000000,0.000000
10008365,noise,0,0.000000,0.000000,0.000000,0.000000,0.000000
10008366,noise,0,0.000000,0.000000,0.000000,0.000000,0.000000
10008367,noise,1,0.023529,0.023529,0.000000,0.023529,0.023529
10008368,noise,0,0.000000,0.000000,0.000000,0.000000,0.000000
10008369,noise,0,0.000000,0.000000,0.000000,0.000000,0.000000
10008370,noise,1,0.062745,0.062745,0.000000,0.062745,0.062745
10008371,noise,0,0.000000,0.000000,0.000000,0.000000,0.000000
10008372,noise,0,0.000000,0.000000,0.000000,0.000000,0.000000
10008373,noise,0,0.000000,0.000000,0.000000,0.000000,0.000000
10008374,noise,0,0.000000,0.000000,0.000000,0.000000,0.000000
10008375,noise,1,0.000000,0.000000,0.000000,0.000000,0.000000
10008376,noise,0,0.000000,0.000000,0.000000,0.000000,0.000000
10008377,noise,2,0.188235,0.188235,0.000000,0.188235,0.188235
10008378,noise,0,0.000000,0.000000,0.000000,0.000000,0.000000
10008379,noise,1,0.000000,0.000000,0.000000,0.000000,0.000000
10008380,noise,0,0.000000,0.000000,0.000000,0.000000,0.000000
10008381,noise,3,0.000000,0.000000,0.000000,0.000000,0.000000
10008382,noise,0,0.000000,0.000000,0.000000,0.000000,0.000000
10008383,noise,2,0.017647,0.017647,0.001961,0.015686,0.019608
10008384,noise,2,0.023529,0.023529,0.000000,0.023529,0.023529
10008385,noise,1,0.050980,0.050980,0.000000,0.050980,0.050980
10008386,noise,0,0.000000,0.000000,0.000000,0.000000,0.000000
10008387,noise,0,0.000000,0.000000,0.000000,0.000000,0.000000
10008388,noise,0,0.000000,0.000000,0.000000,0.000000,0.000000
10008389,noise,2,0.027451,0.027451,0.000000,0.027451,0.027451
10008390,noise,11,0.016043,0.003922,0.038476,0.000000,0.137255
10008391,noise,0,0.000000,0.000000,0.000000,0.000000,0.000000
10008392,noise,2,0.127451,0.127451,0.009804,0.117647,0.137255
10008393,noise,3,0.003922,0.003922,0.000000,0.003922,0.003922
10008394,noise,2,0.031373,0.031373,0.000000,0.031373,0.031373
10008395,noise,0,0.000000,0.000000,0.000000,0.000000,0.000000
10008396,noise,0,0.000000,0.000000,0.000000,0.000000,0.000000
10008397,noise,0,0.000000,0.000000,0.000000,0.000000,0.000000
10008398,noise,0,0.000000,0.000000,0.000000,0.000000,0.000000
10008399,noise,0,0.000000,0.000000,0.000000,0.000000,0.000000
10008400,noise,0,0.000000,0.000000,0.000000,0.000000,0.000000
10008401,noise,1,0.019608,0.019608,0.000000,0.019608,0.019608
10008402,noise,0,0.000000,0.000000,0.000000,0.000000,0.000000
10008403,noise,0,0.000000,0.000000,0.000000,0.000000,0.000000
10008404,noise,0,0.000000,0.000000,0.000000,0.000000,0.000000
10008405,noise,0,0.000000,0.000000,0.000000,0.000000,0.000000
10008406,noise,0,0.000000,0.000000,0.000000,0.000000,0.000000
10008407,noise,0,0.000000,0.000000,0.000000,0.000000,0.000000
10008408,noise,0,0.000000,0.000000,0.000000,0.000000,0.000000
10008409,noise,0,0.000000,0.000000,0.000000,0.000000,0.000000
10008410,noise,0,0.000000,0.000000,0.000000,0.000000,0.000000
10008411,noise,0,0.000000,0.000000,0.000000,0.000000,0.000000
10008412,noise,0,0.000000,0.000000,0.000000,0.000000,0.000000
10008413,noise,1,0.035294,0.035294,0.000000,0.035294,0.035294
10008414,noise,1,0.015686,0.015686,0.000000,0.015686,0.015686
10008415,noise,2,0.156863,0.156863,0.000000,0.156863,0.156863
10008416,noise,0,0.000000,0.000000,0.000000,0.000000,0.000000
10008417,noise,25,0.001882,0.000000,0.002510,0.000000,0.007843
10008418,noise,1,0.054902,0.054902,0.000000,0.054902,0.054902
10008419,noise,0,0.000000,0.000000,0.000000,0.000000,0.000000
10008420,noise,1,0.074510,0.074510,0.000000,0.074510,0.074510
10008421,noise,0,0.000000,0.000000,0.000000,0.000000,0.000000
10008422,noise,0,0.000000,0.000000,0.000000,0.000000,0.000000
10008423,noise,2,0.086275,0.086275,0.050980,0.035294,0.137255
10008424,noise,0,0.000000,0.000000,0.000000,0.000000,0.000000
10008425,noise,0,0.000000,0.000000,0.000000,0.000000,0.000000
10008426,noise,0,0.000000,0.000000,0.000000,0.000000,0.000000
10008427,noise,0,0.000000,0.000000,0.000000,0.000000,0.000000
10008428,noise,0,0.000000,0.000000,0.000000,0.000000,0.000000
10008429,noise,0,0.000000,0.000000,0.000000,0.000000,0.000000
10008430,noise,0,0.000000,0.000000,0.000000,0.000000,0.000000
10008431,noise,0,0.000000,0.000000,0.000000,0.000000,0.000000
10008432,noise,0,0.000000,0.000000,0.000000,0.000000,0.000000
10008433,noise,0,0.000000,0.000000,0.000000,0.000000,0.000000
10008434,noise,0,0.000000,0.000000,0.000000,0.000000,0.000000
10008435,noise,0,0.000000,0.000000,0.000000,0.000000,0.000000
10008436,noise,0,0.000000,0.000000,0.000000,0.000000,0.000000
10008437,noise,0,0.000000,0.000000,0.000000,0.000000,0.000000
10008438,noise,0,0.000000,0.000000,0.000000,0.000000,0.000000
10008439,noise,0,0.000000,0.000000,0.000000,0.000000,0.000000
10008440,noise,0,0.000000,0.000000,0.000000,0.000000,0.000000
10008441,noise,0,0.000000,0.000000,0.000000,0.000000,0.000000
10008442,noise,0,0.000000,0.000000,0.000000,0.000000,0.000000
10008443,noise,0,0.000000,0.000000,0.000000,0.000000,0.000000
10008444,noise,0,0.000000,0.000000,0.000000,0.000000,0.000000
10008445,noise,0,0.000000,0.000000,0.000000,0.000000,0.000000
10008446,noise,0,0.000000,0.000000,0.000000,0.000000,0.000000
10008447,noise,0,0.000000,0.000000,0.000000,0.000000,0.000000
10008448,noise,0,0.000000,0.000000,0.000000,0.000000,0.000000
10008449,noise,0,0.000000,0.000000,0.000000,0.000000,0.000000
10008450,noise,0,0.000000,0.000000,0.000000,0.000000,0.000000
10008451,noise,0,0.000000,0.000000,0.000000,0.000000,0.000000
10008452,noise,0,0.000000,0.000000,0.000000,0.000000,0.000000
10008453,noise,0,0.000000,0.000000,0.000000,0.000000,0.000000
10008454,noise,0,0.000000,0.000000,0.000000,0.000000,0.000000
10008455,noise,0,0.000000,0.000000,0.000000,0.000000,0.000000
10008456,noise,0,0.000000,0.000000,0.000000,0.000000,0.000000
10008457,noise,0,0.000000,0.000000,0.000000,0.000000,0.000000
10008458,noise,0,0.000000,0.000000,0.000000,0.000000,0.000000
10008459,noise,0,0.000000,0.000000,0.000000,0.000000,0.000000
10008460,noise,0,0.000000,0.000000,0.000000,0.000000,0.000000
10008461,noise,0,0.000000,0.000000,0.000000,0.000000,0.000000
10008462,noise,0,0.000000,0.000000,0.000000,0.000000,0.000000
10008463,noise,0,0.000000,0.000000,0.000000,0.000000,0.000000
10008464,noise,0,0.000000,0.000000,0.000000,0.000000,0.000000
10008465,noise,1,0.019608,0.019608,0.000000,0.019608,0.019608
10008466,noise,0,0.000000,0.000000,0.000000,0.000000,0.000000
10008467,noise,0,0.000000,0.000000,0.000000,0.000000,0.000000
10008468,noise,0,0.000000,0.000000,0.000000,0.000000,0.000000
10008469,noise,0,0.000000,0.000000,0.000000,0.000000,0.000000
10008470,noise,0,0.000000,0.000000,0.000000,0.000000,0.000000
10008471,noise,0,0.000000,0.000000,0.000000,0.000000,0.000000
10008472,noise,0,0.000000,0.000000,0.000000,0.000000,0.000000
10008473,noise,2,0.052941,0.052941,0.025490,0.027451,0.078431
10008474,noise,0,0.000000,0.000000,0.000000,0.000000,0.000000
10008475,noise,0,0.000000,0.000000,0.000000,0.000000,0.000000
10008476,noise,1,0.023529,0.023529,0.000000,0.023529,0.023529
10008477,noise,1,0.082353,0.082353,0.000000,0.082353,0.082353
10008478,noise,0,0.000000,0.000000,0.000000,0.000000,0.000000
10008479,noise,0,0.000000,0.000000,0.000000,0.000000,0.000000
10008480,noise,0,0.000000,0.000000,0.000000,0.000000,0.000000
10008481,noise,0,0.000000,0.000000,0.000000,0.000000,0.000000
10008482,noise,0,0.000000,0.000000,0.000000,0.000000,0.000000
10008483,noise,0,0.000000,0.000000,0.000000,0.000000,0.000000
10008484,noise,0,0.000000,0.000000,0.000000,0.000000,0.000000
10008485,noise,0,0.000000,0.000000,0.000000,0.000000,0.000000
10008486,noise,0,0.000000,0.000000,0.000000,0.000000,0.000000
10008487,noise,0,0.000000,0.000000,0.000000,0.000000,0.000000
10008488,noise,0,0.000000,0.000000,0.000000,0.000000,0.000000
10008489,noise,0,0.000000,0.000000,0.000000,0.000000,0.000000
10008490,noise,0,0.000000,0.000000,0.000000,0.000000,0.000000
10008491,noise,0,0.000000,0.000000,0.000000,0.000000,0.000000
10008492,noise,0,0.000000,0.000000,0.000000,0.000000,0.000000
10008493,noise,1,0.000000,0.000000,0.000000,0.000000,0.000000
10008494,noise,0,0.000000,0.000000,0.000000,0.000000,0.000000
10008495,noise,0,0.000000,0.000000,0.000000,0.000000,0.000000
10008496,noise,1,0.062745,0.062745,0.000000,0.062745,0.062745
10008497,noise,0,0.000000,0.000000,0.000000,0.000000,0.000000
10008498,noise,0,0.000000,0.000000,0.000000,0.000000,0.000000
10008499,noise,0,0.000000,0.000000,0.000000,0.000000,0.000000
10008500,noise,0,0.000000,0.000000,0.000000,0.000000,0.000000
10008501,noise,0,0.000000,0.000000,0.000000,0.000000,0.000000
10008502,noise,0,0.000000,0.000000,0.000000,0.000000,0.000000
10008503,noise,0,0.000000,0.000000,0.000000,0.000000,0.000000
10008504,noise,0,0.000000,0.000000,0.000000,0.000000,0.000000
10008505,noise,0,0.000000,0.000000,0.000000,0.000000,0.000000
10008506,noise,0,0.000000,0.000000,0.000000,0.000000,0.000000
10008507,noise,0,0.000000,0.000000,0.000000,0.000000,0.000000
10008508,noise,0,0.000000,0.000000,0.000000,0.000000,0.000000
10008509,noise,0,0.000000,0.000000,0.000000,0.000000,0.000000
10008510,noise,0,0.000000,0.000000,0.000000,0.000000,0.000000
10008511,noise,0,0.000000,0.000000,0.000000,0.000000,0.000000
10008512,noise,0,0.000000,0.000000,0.000000,0.000000,0.000000
10008513,noise,0,0.000000,0.000000,0.000000,0.000000,0.000000
10008514,noise,0,0.000000,0.000000,0.000000,0.000000,0.000000
10008515,noise,0,0.000000,0.000000,0.000000,0.000000,0.000000
10008516,noise,0,0.000000,0.000000,0.000000,0.000000,0.000000
10008517,noise,0,0.000000,0.000000,0.000000,0.000000,0.000000
10008518,noise,0,0.000000,0.000000,0.000000,0.000000,0.000000
10008519,noise,0,0.000000,0.000000,0.000000,0.000000,0.000000
10008520,noise,0,0.000000,0.000000,0.000000,0.000000,0.000000
10008521,noise,1,0.019608,0.019608,0.000000,0.019608,0.019608
10008522,noise,0,0.000000,0.000000,0.000000,0.000000,0.000000
10008523,noise,0,0.000000,0.000000,0.000000,0.000000,0.000000
10008524,noise,0,0.000000,0.000000,0.000000,0.000000,0.000000
10008525,noise,0,0.000000,0.000000,0.000000,0.000000,0.000000
10008526,noise,0,0.000000,0.000000,0.000000,0.000000,0.000000
10008527,noise,0,0.000000,0.000000,0.000000,0.000000,0.000000
10008528,noise,0,0.000000,0.000000,0.000000,0.000000,0.000000
10008529,noise,0,0.000000,0.000000,0.000000,0.000000,0.000000
10008530,noise,0,0.000000,0.000000,0.000000,0.000000,0.000000
10008531,noise,0,0.000000,0.000000,0.000000,0.000000,0.000000
10008532,noise,0,0.000000,0.000000,0.000000,0.000000,0.000000
10008533,noise,0,0.000000,0.000000,0.000000,0.000000,0.000000
10008534,noise,0,0.000000,0.000000,0.000000,0.000000,0.000000
10008535,noise,0,0.000000,0.000000,0.000000,0.000000,0.000000
10008536,noise,0,0.000000,0.000000,0.000000,0.000000,0.000000
10008537,noise,0,0.000000,0.000000,0.000000,0.000000,0.000000
10008538,noise,0,0.000000,0.000000,0.000000,0.000000,0.000000
10008539,noise,0,0.000000,0.000000,0.000000,0.000000,0.000000
10008540,noise,2,0.184314,0.184314,0.000000,0.184314,0.184314
10008541,noise,0,0.000000,0.000000,0.000000,0.000000,0.000000
10008542,noise,0,0.000000,0.000000,0.000000,0.000000,0.000000
10008543,noise,0,0.000000,0.000000,0.000000,0.000000,0.000000
10008544,noise,0,0.000000,0.000000,0.000000,0.000000,0.000000
10008545,noise,0,0.000000,0.000000,0.000000,0.000000,0.000000
10008546,noise,0,0.000000,0.000000,0.000000,0.000000,0.000000
10008547,noise,0,0.000000,0.000000,0.000000,0.000000,0.000000
10008548,noise,0,0.000000,0.000000,0.000000,0.000000,0.000000
10008549,noise,0,0.000000,0.000000,0.000000,0.000000,0.000000
10008550,noise,0,0.000000,0.000000,0.000000,0.000000,0.000000
10008551,noise,0,0.000000,0.000000,0.000000,0.000000,0.000000
10008552,noise,0,0.000000,0.000000,0.000000,0.000000,0.000000
10008553,noise,0,0.000000,0.000000,0.000000,0.000000,0.000000
10008554,noise,0,0.000000,0.000000,0.000000,0.000000,0.000000
10008555,noise,0,0.000000,0.000000,0.000000,0.000000,0.000000
10008556,noise,0,0.000000,0.000000,0.000000,0.000000,0.000000
10008557,noise,0,0.000000,0.000000,0.000000,0.000000,0.000000
10008558,noise,0,0.000000,0.000000,0.000000,0.000000,0.000000
10008559,noise,2,0.156863,0.156863,0.074510,0.082353,0.231373
10008560,noise,0,0.000000,0.000000,0.000000,0.000000,0.000000
10008561,noise,0,0.000000,0.000000,0.000000,0.000000,0.000000
10008562,noise,0,0.000000,0.000000,0.000000,0.000000,0.000000
10008563,noise,0,0.000000,0.000000,0.000000,0.000000,0.000000
10008564,noise,0,0.000000,0.000000,0.000000,0.000000,0.000000
10008565,noise,0,0.000000,0.000000,0.000000,0.000000,0.000000
10008566,noise,0,0.000000,0.000000,0.000000,0.000000,0.000000
10008567,noise,0,0.000000,0.000000,0.000000,0.000000,0.000000
10008568,noise,0,0.000000,0.000000,0.000000,0.000000,0.000000
10008569,noise,4,0.016667,0.017647,0.003252,0.011765,0.019608
10008570,noise,5,0.029020,0.003922,0.031626,0.003922,0.078431
10008571,noise,5,0.116078,0.086275,0.070221,0.015686,0.196078
10008572,noise,4,0.067647,0.068627,0.025320,0.031373,0.101961
10008573,noise,0,0.000000,0.000000,0.000000,0.000000,0.000000
10008574,noise,4,0.054902,0.054902,0.027451,0.027451,0.082353
10008575,noise,1,0.023529,0.023529,0.000000,0.023529,0.023529
10008576,noise,0,0.000000,0.000000,0.000000,0.000000,0.000000
10008577,noise,1,0.019608,0.019608,0.000000,0.019608,0.019608
10008578,noise,3,0.001307,0.000000,0.001849,0.000000,0.003922
10008579,noise,0,0.000000,0.000000,0.000000,0.000000,0.000000
10008580,noise,3,0.044444,0.039216,0.007395,0.039216,0.054902
10008581,noise,1,0.015686,0.015686,0.000000,0.015686,0.015686
10008582,noise,0,0.000000,0.000000,0.000000,0.000000,0.000000
10008583,noise,6,0.053595,0.000000,0.119842,0.000000,0.321569
10008584,noise,2,0.005882,0.005882,0.005882,0.000000,0.011765
10008585,noise,0,0.000000,0.000000,0.000000,0.000000,0.000000
10008586,noise,2,0.058824,0.058824,0.035294,0.023529,0.094118
10008587,noise,4,0.024510,0.027451,0.015283,0.003922,0.039216
10008588,noise,5,0.119216,0.066667,0.076228,0.039216,0.211765
10008589,noise,13,0.005732,0.000000,0.009923,0.000000,0.027451
10008590,noise,15,0.009412,0.007843,0.005123,0.000000,0.015686
10008591,noise,10,0.290980,0.352941,0.219417,0.031373,0.694118
10008592,noise,11,0.088057,0.050980,0.082673,0.000000,0.247059
10008593,noise,4,0.086275,0.076471,0.056626,0.031373,0.160784
10008594,noise,11,0.111943,0.078431,0.090642,0.015686,0.278431
10008595,noise,9,0.039651,0.031373,0.024064,0.000000,0.066667
10008596,noise,4,0.025490,0.023529,0.014003,0.007843,0.047059
10008597,noise,8,0.037255,0.039216,0.022270,0.000000,0.066667
10008598,noise,27,0.043428,0.027451,0.047372,0.000000,0.168627
10008599,noise,22,0.021747,0.015686,0.021010,0.003922,0.082353
10008600,noise,10,0.034902,0.031373,0.037428,0.000000,0.101961
10008601,noise,3,0.052288,0.054902,0.019300,0.027451,0.074510
10008602,noise,12,0.023529,0.005882,0.039928,0.000000,0.145098
10008603,noise,9,0.077124,0.003922,0.104084,0.000000,0.250980
10008604,noise,13,0.064555,0.019608,0.071050,0.000000,0.219608
10008605,noise,10,0.110588,0.129412,0.066708,0.015686,0.184314
10008606,noise,21,0.032680,0.011765,0.054773,0.000000,0.219608
10008607,noise,29,0.049222,0.039216,0.047268,0.000000,0.137255
10008608,noise,15,0.039739,0.003922,0.060531,0.000000,0.180392
10008609,noise,1,0.015686,0.015686,0.000000,0.015686,0.015686
10008610,noise,12,0.036275,0.039216,0.028194,0.000000,0.090196
10008611,noise,32,0.011887,0.003922,0.016738,0.000000,0.066667
10008612,noise,19,0.064190,0.003922,0.113296,0.000000,0.411765
10008613,noise,9,0.033551,0.027451,0.021568,0.000000,0.054902
10008614,noise,14,0.049860,0.054902,0.044699,0.000000,0.133333
10008615,noise,12,0.029085,0.015686,0.040674,0.000000,0.149020
10008616,noise,13,0.031071,0.003922,0.058581,0.000000,0.219608
10008617,noise,14,0.034174,0.027451,0.029992,0.000000,0.094118
10008618,noise,12,0.109150,0.054902,0.119986,0.000000,0.443137
10008619,noise,16,0.035539,0.023529,0.043964,0.003922,0.149020
10008620,noise,35,0.035406,0.023529,0.038736,0.000000,0.152941
10008621,noise,17,0.036678,0.019608,0.043626,0.003922,0.184314
10008622,noise,7,0.048179,0.019608,0.054125,0.015686,0.176471
10008623,noise,10,0.027451,0.019608,0.013697,0.015686,0.058824
10008624,noise,33,0.033749,0.023529,0.047766,0.000000,0.270588
10008625,noise,30,0.036209,0.023529,0.051507,0.000000,0.227451
10008626,noise,39,0.043841,0.039216,0.029183,0.000000,0.125490
10008627,noise,22,0.079679,0.031373,0.115702,0.015686,0.549020
10008628,noise,28,0.056583,0.027451,0.078469,0.000000,0.349020
10008629,noise,22,0.065775,0.041176,0.059437,0.000000,0.239216
10008630,noise,21,0.024650,0.015686,0.032969,0.000000,0.137255
10008631,noise,36,0.059913,0.025490,0.068254,0.000000,0.239216
10008632,noise,33,0.027926,0.019608,0.028357,0.000000,0.129412
10008633,noise,29,0.043137,0.027451,0.043608,0.000000,0.156863
10008634,noise,16,0.022549,0.015686,0.026068,0.000000,0.105882
10008635,noise,23,0.077408,0.078431,0.062619,0.000000,0.231373
10008636,noise,9,0.030065,0.027451,0.022941,0.000000,0.082353
10008637,noise,19,0.050155,0.023529,0.061040,0.000000,0.239216
10008638,noise,30,0.013595,0.003922,0.018190,0.000000,0.078431
10008639,noise,28,0.031513,0.019608,0.054425,0.000000,0.223529
10008640,noise,6,0.028105,0.027451,0.018728,0.000000,0.062745
10008641,noise,4,0.015686,0.013725,0.015929,0.000000,0.035294
10008642,noise,21,0.014566,0.000000,0.022188,0.000000,0.070588
10008643,noise,21,0.033053,0.015686,0.034114,0.000000,0.121569
10008644,noise,26,0.074510,0.047059,0.073752,0.000000,0.262745
10008645,noise,19,0.032611,0.015686,0.042884,0.000000,0.141176
10008646,noise,27,0.080610,0.043137,0.076768,0.000000,0.290196
10008647,noise,41,0.032616,0.023529,0.040804,0.000000,0.223529
10008648,noise,43,0.022253,0.007843,0.032533,0.000000,0.164706
10008649,noise,21,0.050233,0.031373,0.048206,0.000000,0.145098
10008650,noise,21,0.058263,0.027451,0.070227,0.000000,0.223529
10008651,noise,39,0.065661,0.019608,0.105027,0.000000,0.384314
10008652,noise,26,0.006637,0.000000,0.009835,0.000000,0.031373
10008653,noise,15,0.021961,0.023529,0.020642,0.000000,0.070588
10008654,noise,25,0.123922,0.082353,0.109158,0.000000,0.321569
10008655,noise,30,0.051765,0.027451,0.061785,0.000000,0.250980
10008656,noise,39,0.029060,0.019608,0.023625,0.000000,0.090196
10008657,noise,38,0.044479,0.021569,0.043579,0.000000,0.219608
10008658,noise,28,0.022969,0.009804,0.027244,0.000000,0.101961
10008659,noise,34,0.072664,0.041176,0.072518,0.000000,0.235294
10008660,noise,30,0.019216,0.015686,0.021749,0.000000,0.078431
10008661,noise,28,0.042857,0.023529,0.062727,0.000000,0.231373
10008662,noise,18,0.033987,0.023529,0.051630,0.000000,0.196078
10008663,noise,22,0.047237,0.029412,0.060631,0.000000,0.219608
10008664,noise,33,0.078313,0.039216,0.097151,0.000000,0.407843
10008665,noise,17,0.051442,0.023529,0.089242,0.000000,0.305882
10008666,noise,22,0.066845,0.039216,0.065753,0.003922,0.223529
10008667,noise,21,0.011951,0.003922,0.016303,0.000000,0.058824
10008668,noise,27,0.040523,0.023529,0.057079,0.000000,0.196078
10008669,noise,15,0.022484,0.023529,0.014424,0.000000,0.050980
10008670,noise,32,0.050613,0.023529,0.050842,0.000000,0.168627
10008671,noise,19,0.032817,0.023529,0.041389,0.000000,0.196078
10008672,noise,18,0.090196,0.076471,0.076188,0.000000,0.282353
10008673,noise,18,0.028540,0.019608,0.032068,0.000000,0.113725
10008674,noise,12,0.051634,0.019608,0.070911,0.000000,0.231373
10008675,noise,19,0.095150,0.070588,0.089524,0.000000,0.247059
10008676,noise,21,0.016247,0.015686,0.012709,0.000000,0.054902
10008677,noise,3,0.052288,0.058824,0.009243,0.039216,0.058824
10008678,noise,7,0.002801,0.000000,0.006861,0.000000,0.019608
10008679,noise,15,0.080261,0.027451,0.118107,0.000000,0.329412
10008680,noise,13,0.025038,0.027451,0.016245,0.000000,0.054902
10008681,noise,3,0.020915,0.031373,0.014789,0.000000,0.031373
10008682,noise,0,0.000000,0.000000,0.000000,0.000000,0.000000
10008683,noise,6,0.045752,0.041176,0.030348,0.019608,0.109804
10008684,noise,6,0.048366,0.047059,0.037180,0.003922,0.098039
10008685,noise,3,0.041830,0.000000,0.059157,0.000000,0.125490
10008686,noise,4,0.017647,0.009804,0.020843,0.000000,0.050980
10008687,noise,8,0.052451,0.027451,0.065853,0.000000,0.223529
10008688,noise,3,0.032680,0.039216,0.009243,0.019608,0.039216
10008689,noise,4,0.022549,0.023529,0.015283,0.000000,0.043137
10008690,noise,7,0.012325,0.007843,0.010146,0.000000,0.023529
10008691,noise,3,0.009150,0.007843,0.004891,0.003922,0.015686
10008692,noise,0,0.000000,0.000000,0.000000,0.000000,0.000000
10008693,noise,5,0.044706,0.027451,0.049018,0.000000,0.133333
10008694,noise,7,0.056583,0.031373,0.049376,0.000000,0.137255
10008695,noise,2,0.021569,0.021569,0.001961,0.019608,0.023529
10008696,noise,7,0.042017,0.039216,0.031492,0.000000,0.090196
10008697,noise,12,0.083987,0.070588,0.080376,0.000000,0.262745
10008698,noise,3,0.023529,0.023529,0.000000,0.023529,0.023529
10008699,noise,6,0.070588,0.068627,0.051779,0.015686,0.168627
10008700,noise,4,0.053922,0.066667,0.033663,0.000000,0.082353
10008701,noise,20,0.050588,0.039216,0.050387,0.000000,0.152941
10008702,noise,8,0.047549,0.013725,0.065809,0.000000,0.168627
10008703,noise,27,0.029630,0.015686,0.040337,0.000000,0.129412
10008704,noise,15,0.088105,0.019608,0.115198,0.000000,0.333333
10008705,noise,9,0.013943,0.015686,0.007420,0.000000,0.023529
10008706,noise,9,0.059259,0.054902,0.060427,0.003922,0.184314
10008707,noise,33,0.044563,0.027451,0.048462,0.000000,0.172549
10008708,noise,11,0.033868,0.027451,0.024930,0.007843,0.082353
10008709,noise,10,0.010980,0.007843,0.012125,0.000000,0.039216
10008710,noise,14,0.018768,0.007843,0.025723,0.000000,0.078431
10008711,noise,18,0.035294,0.031373,0.027760,0.000000,0.086275
10008712,noise,10,0.055686,0.009804,0.107437,0.000000,0.368627
10008713,noise,15,0.032680,0.027451,0.020234,0.000000,0.078431
10008714,noise,17,0.065513,0.023529,0.093140,0.000000,0.286275
10008715,noise,10,0.020000,0.025490,0.017224,0.000000,0.039216
10008716,noise,5,0.034510,0.023529,0.032754,0.003922,0.098039
10008717,noise,23,0.091219,0.078431,0.081107,0.000000,0.243137
10008718,noise,14,0.051541,0.015686,0.064911,0.000000,0.207843
10008719,noise,3,0.001307,0.000000,0.001849,0.000000,0.003922
10008720,noise,14,0.070028,0.062745,0.060223,0.000000,0.211765
10008721,noise,9,0.009586,0.003922,0.010144,0.000000,0.023529
10008722,noise,17,0.069204,0.066667,0.064198,0.000000,0.211765
10008723,noise,8,0.035784,0.017647,0.036706,0.000000,0.086275
10008724,noise,16,0.062745,0.033333,0.078333,0.000000,0.243137
10008725,noise,4,0.092157,0.092157,0.052941,0.039216,0.145098
10008726,noise,6,0.029412,0.015686,0.031188,0.000000,0.094118
10008727,noise,6,0.034641,0.021569,0.036185,0.000000,0.109804
10008728,noise,22,0.042246,0.027451,0.042401,0.000000,0.133333
10008729,noise,19,0.047678,0.023529,0.046073,0.000000,0.156863
10008730,noise,27,0.086129,0.058824,0.072863,0.000000,0.247059
10008731,noise,15,0.060131,0.039216,0.065412,0.000000,0.254902
10008732,noise,8,0.002451,0.001961,0.002729,0.000000,0.007843
10008733,noise,9,0.017865,0.019608,0.017254,0.000000,0.058824
10008734,noise,18,0.056209,0.052941,0.044713,0.000000,0.180392
10008735,noise,14,0.104202,0.078431,0.122179,0.000000,0.384314
10008736,noise,32,0.044118,0.023529,0.067355,0.000000,0.380392
10008737,noise,13,0.056410,0.039216,0.046669,0.000000,0.137255
10008738,noise,5,0.005490,0.003922,0.007273,0.000000,0.019608
10008739,noise,18,0.059695,0.015686,0.089230,0.000000,0.294118
10008740,noise,15,0.021176,0.015686,0.028988,0.000000,0.105882
10008741,noise,17,0.037370,0.011765,0.046888,0.000000,0.137255
10008742,noise,9,0.043573,0.031373,0.036105,0.000000,0.137255
10008743,noise,17,0.041522,0.027451,0.063548,0.000000,0.262745
10008744,noise,10,0.028235,0.015686,0.039830,0.000000,0.141176
10008745,noise,5,0.036863,0.019608,0.047163,0.003922,0.129412
10008746,noise,13,0.024434,0.023529,0.016861,0.000000,0.066667
10008747,noise,11,0.033512,0.031373,0.014225,0.003922,0.062745
10008748,noise,14,0.082633,0.056863,0.071446,0.015686,0.243137
10008749,noise,13,0.186425,0.145098,0.147163,0.015686,0.447059
10008750,noise,22,0.035116,0.019608,0.047081,0.000000,0.176471
10008751,noise,19,0.018163,0.019608,0.012017,0.000000,0.039216
10008752,noise,11,0.017112,0.015686,0.018185,0.000000,0.047059
10008753,noise,9,0.016993,0.019608,0.010779,0.000000,0.031373
10008754,noise,16,0.015931,0.007843,0.028599,0.000000,0.121569
10008755,noise,12,0.037582,0.009804,0.050436,0.000000,0.141176
10008756,noise,5,0.039216,0.027451,0.022732,0.015686,0.066667
10008757,noise,12,0.015033,0.015686,0.019067,0.000000,0.070588
10008758,noise,3,0.019608,0.019608,0.003202,0.015686,0.023529
10008759,noise,4,0.016667,0.015686,0.001698,0.015686,0.019608
10008760,noise,11,0.021747,0.015686,0.020436,0.000000,0.082353
10008761,noise,5,0.026667,0.023529,0.018293,0.000000,0.047059
10008762,noise,5,0.010196,0.011765,0.005869,0.000000,0.015686
10008763,noise,9,0.013943,0.015686,0.010954,0.000000,0.031373
10008764,noise,8,0.028922,0.019608,0.032748,0.000000,0.113725
10008765,noise,4,0.021569,0.015686,0.010189,0.015686,0.039216
10008766,noise,9,0.034423,0.027451,0.021778,0.000000,0.070588
10008767,noise,4,0.038235,0.015686,0.041351,0.011765,0.109804
10008768,noise,5,0.025882,0.027451,0.001921,0.023529,0.027451
10008769,noise,1,0.015686,0.015686,0.000000,0.015686,0.015686
10008770,noise,1,0.015686,0.015686,0.000000,0.015686,0.015686
10008771,noise,1,0.015686,0.015686,0.000000,0.015686,0.015686
10008772,noise,5,0.009412,0.000000,0.011527,0.000000,0.023529
10008773,noise,2,0.021569,0.021569,0.001961,0.019608,0.023529
10008774,noise,2,0.009804,0.009804,0.009804,0.000000,0.019608
10008775,noise,0,0.000000,0.000000,0.000000,0.000000,0.000000
10008776,noise,11,0.013547,0.000000,0.015983,0.000000,0.039216
10008777,noise,16,0.097059,0.082353,0.080934,0.015686,0.247059
10008778,noise,8,0.018137,0.017647,0.006181,0.007843,0.031373
10008779,noise,1,0.023529,0.023529,0.000000,0.023529,0.023529
10008780,noise,8,0.013725,0.011765,0.008985,0.003922,0.027451
10008781,noise,1,0.039216,0.039216,0.000000,0.039216,0.039216
10008782,noise,1,0.019608,0.019608,0.000000,0.019608,0.019608
10008783,noise,16,0.024265,0.019608,0.011367,0.007843,0.047059
10008784,noise,10,0.022745,0.011765,0.028860,0.007843,0.105882
10008785,noise,5,0.015686,0.015686,0.006562,0.003922,0.023529
10008786,noise,5,0.016471,0.015686,0.009412,0.000000,0.027451
10008787,noise,3,0.037908,0.027451,0.023602,0.015686,0.070588
10008788,noise,8,0.073039,0.054902,0.048505,0.015686,0.152941
10008789,noise,12,0.189542,0.150980,0.111280,0.062745,0.364706
10008790,noise,4,0.044118,0.039216,0.036301,0.003922,0.094118
10008791,noise,2,0.017647,0.017647,0.001961,0.015686,0.019608
10008792,noise,5,0.025098,0.027451,0.023608,0.000000,0.062745
10008793,noise,7,0.043697,0.031373,0.050675,0.007843,0.164706
10008794,noise,0,0.000000,0.000000,0.000000,0.000000,0.000000
10008795,noise,8,0.031373,0.027451,0.014542,0.015686,0.062745
10008796,noise,11,0.073440,0.086275,0.052189,0.015686,0.137255
10008797,noise,4,0.013725,0.015686,0.005882,0.003922,0.019608
10008798,noise,10,0.014118,0.000000,0.023346,0.000000,0.066667
10008799,noise,6,0.075163,0.039216,0.066683,0.015686,0.168627
10008800,noise,1,0.000000,0.000000,0.000000,0.000000,0.000000
10008801,noise,5,0.043922,0.039216,0.016150,0.023529,0.062745
10008802,noise,5,0.029020,0.023529,0.008447,0.019608,0.039216
10008803,noise,3,0.013072,0.003922,0.012941,0.003922,0.031373
10008804,noise,6,0.018301,0.019608,0.007733,0.003922,0.027451
10008805,noise,5,0.016471,0.015686,0.010346,0.000000,0.027451
10008806,noise,15,0.081830,0.039216,0.075022,0.015686,0.282353
10008807,noise,5,0.059608,0.058824,0.020058,0.023529,0.078431
10008808,noise,3,0.011765,0.003922,0.011092,0.003922,0.027451
10008809,noise,1,0.019608,0.019608,0.000000,0.019608,0.019608
10008810,noise,5,0.042353,0.039216,0.016339,0.023529,0.066667
10008811,noise,10,0.022745,0.019608,0.012744,0.000000,0.047059
10008812,noise,6,0.022222,0.015686,0.014079,0.007843,0.050980
10008813,noise,7,0.090756,0.090196,0.047866,0.015686,0.172549
10008814,noise,5,0.025098,0.023529,0.008075,0.015686,0.039216
10008815,noise,4,0.032353,0.033333,0.014771,0.015686,0.047059
10008816,noise,5,0.015686,0.015686,0.008943,0.000000,0.027451
10008817,noise,11,0.022460,0.019608,0.020622,0.000000,0.054902
10008818,noise,11,0.057041,0.023529,0.056120,0.015686,0.168627
10008819,noise,8,0.024510,0.025490,0.005800,0.015686,0.035294
10008820,noise,6,0.163399,0.143137,0.137137,0.015686,0.388235
10008821,noise,6,0.055556,0.041176,0.028766,0.035294,0.117647
10008822,noise,8,0.025490,0.025490,0.013006,0.000000,0.039216
10008823,noise,8,0.009804,0.009804,0.008319,0.000000,0.023529
10008824,noise,13,0.009653,0.003922,0.011574,0.000000,0.031373
10008825,noise,8,0.016176,0.017647,0.014063,0.000000,0.039216
10008826,noise,0,0.000000,0.000000,0.000000,0.000000,0.000000
10008827,noise,6,0.011765,0.009804,0.009869,0.000000,0.027451
10008828,noise,7,0.016246,0.015686,0.005713,0.007843,0.023529
10008829,noise,12,0.092157,0.068627,0.077783,0.015686,0.223529
10008830,noise,16,0.040196,0.033333,0.036195,0.003922,0.149020
10008831,noise,0,0.000000,0.000000,0.000000,0.000000,0.000000
10008832,noise,2,0.019608,0.019608,0.003922,0.015686,0.023529
10008833,noise,3,0.057516,0.035294,0.031427,0.035294,0.101961
10008834,noise,10,0.013333,0.011765,0.007882,0.003922,0.027451
10008835,noise,14,0.021289,0.019608,0.009341,0.003922,0.043137
10008836,noise,12,0.021895,0.019608,0.011923,0.003922,0.050980
10008837,noise,5,0.033725,0.031373,0.014798,0.015686,0.058824
10008838,noise,3,0.010458,0.007843,0.006665,0.003922,0.019608
10008839,noise,10,0.021176,0.019608,0.015005,0.000000,0.058824
10008840,noise,9,0.016558,0.015686,0.009743,0.003922,0.039216
10008841,noise,13,0.023529,0.019608,0.018964,0.000000,0.062745
10008842,noise,35,0.009412,0.000000,0.018963,0.000000,0.086275
10008843,noise,8,0.010294,0.007843,0.009391,0.000000,0.027451
10008844,noise,5,0.034510,0.043137,0.020662,0.000000,0.058824
10008845,noise,4,0.023529,0.013725,0.026452,0.000000,0.066667
10008846,noise,6,0.026797,0.017647,0.032608,0.000000,0.098039
10008847,noise,2,0.019608,0.019608,0.000000,0.019608,0.019608
10008848,noise,4,0.013725,0.017647,0.008085,0.000000,0.019608
10008849,noise,3,0.050980,0.043137,0.041993,0.003922,0.105882
10008850,noise,6,0.018954,0.015686,0.006166,0.011765,0.027451
10008851,noise,18,0.010022,0.003922,0.012278,0.000000,0.043137
10008852,noise,7,0.020168,0.015686,0.024840,0.000000,0.078431
10008853,noise,15,0.014641,0.015686,0.009441,0.000000,0.039216
10008854,noise,2,0.033333,0.033333,0.013725,0.019608,0.047059
10008855,noise,6,0.019608,0.019608,0.005063,0.011765,0.027451
10008856,noise,7,0.103081,0.094118,0.078731,0.019608,0.250980
10008857,noise,13,0.023228,0.015686,0.024197,0.003922,0.101961
10008858,noise,1,0.023529,0.023529,0.000000,0.023529,0.023529
10008859,noise,14,0.054622,0.019608,0.070782,0.000000,0.215686
10008860,noise,9,0.010458,0.003922,0.007395,0.003922,0.019608
10008861,noise,10,0.025490,0.029412,0.015905,0.000000,0.043137
10008862,noise,1,0.015686,0.015686,0.000000,0.015686,0.015686
10008863,noise,4,0.016667,0.015686,0.001698,0.015686,0.019608
10008864,noise,2,0.015686,0.015686,0.003922,0.011765,0.019608
10008865,noise,2,0.017647,0.017647,0.001961,0.015686,0.019608
10008866,noise,7,0.017927,0.019608,0.001941,0.015686,0.019608
10008867,noise,10,0.012157,0.015686,0.010442,0.000000,0.027451
10008868,noise,3,0.014379,0.015686,0.011245,0.000000,0.027451
10008869,noise,13,0.063047,0.074510,0.044566,0.000000,0.137255
10008870,noise,1,0.043137,0.043137,0.000000,0.043137,0.043137
10008871,noise,8,0.008333,0.007843,0.006024,0.000000,0.019608
10008872,noise,12,0.050000,0.017647,0.053582,0.000000,0.152941
10008873,noise,6,0.006536,0.000000,0.009243,0.000000,0.019608
10008874,noise,4,0.018627,0.017647,0.013968,0.000000,0.039216
10008875,noise,11,0.075579,0.027451,0.087563,0.000000,0.250980
10008876,noise,4,0.033333,0.023529,0.021746,0.015686,0.070588
10008877,noise,5,0.025098,0.023529,0.007273,0.019608,0.039216
10008878,noise,8,0.018137,0.017647,0.008304,0.000000,0.027451
10008879,noise,9,0.040959,0.015686,0.067826,0.003922,0.227451
10008880,noise,18,0.021351,0.015686,0.029382,0.000000,0.125490
10008881,noise,1,0.019608,0.019608,0.000000,0.019608,0.019608
10008882,noise,2,0.021569,0.021569,0.001961,0.019608,0.023529
10008883,noise,6,0.020915,0.021569,0.015795,0.003922,0.050980
10008884,noise,5,0.007843,0.003922,0.007843,0.003922,0.023529
10008885,noise,4,0.011765,0.011765,0.007843,0.003922,0.019608
10008886,noise,1,0.039216,0.039216,0.000000,0.039216,0.039216
10008887,noise,4,0.036275,0.031373,0.021724,0.015686,0.066667
10008888,noise,1,0.015686,0.015686,0.000000,0.015686,0.015686
10008889,noise,4,0.014706,0.017647,0.006429,0.003922,0.019608
10008890,noise,4,0.040196,0.015686,0.047415,0.007843,0.121569
10008891,noise,4,0.012745,0.015686,0.007531,0.000000,0.019608
10008892,noise,10,0.021569,0.021569,0.009485,0.000000,0.039216
10008893,noise,7,0.039216,0.035294,0.017538,0.019608,0.070588
10008894,noise,4,0.156863,0.149020,0.018394,0.141176,0.188235
10008895,noise,9,0.040087,0.039216,0.025265,0.003922,0.066667
10008896,noise,4,0.021569,0.009804,0.024254,0.003922,0.062745
10008897,noise,3,0.015686,0.015686,0.000000,0.015686,0.015686
10008898,noise,2,0.029412,0.029412,0.009804,0.019608,0.039216
10008899,noise,2,0.019608,0.019608,0.000000,0.019608,0.019608
10008900,noise,5,0.024314,0.015686,0.019592,0.007843,0.062745
10008901,noise,1,0.011765,0.011765,0.000000,0.011765,0.011765
10008902,noise,14,0.047059,0.023529,0.053647,0.015686,0.223529
10008903,noise,6,0.022222,0.019608,0.008058,0.015686,0.039216
10008904,noise,3,0.015686,0.015686,0.003202,0.011765,0.019608
10008905,noise,9,0.034423,0.023529,0.032642,0.000000,0.117647
10008906,noise,6,0.046405,0.019608,0.040843,0.015686,0.109804
10008907,noise,9,0.035294,0.043137,0.013834,0.003922,0.047059
10008908,noise,8,0.024510,0.019608,0.010329,0.015686,0.047059
10008909,noise,3,0.023529,0.015686,0.011092,0.015686,0.039216
10008910,noise,6,0.028105,0.015686,0.020554,0.007843,0.058824
10008911,noise,15,0.044706,0.027451,0.037445,0.000000,0.109804
10008912,noise,3,0.052288,0.023529,0.046327,0.015686,0.117647
10008913,noise,7,0.044818,0.039216,0.025054,0.015686,0.094118
10008914,noise,3,0.014379,0.015686,0.008058,0.003922,0.023529
10008915,noise,4,0.005882,0.003922,0.005882,0.000000,0.015686
10008916,noise,12,0.033660,0.027451,0.029279,0.000000,0.094118
10008917,noise,4,0.026471,0.019608,0.014241,0.015686,0.050980
10008918,noise,4,0.046078,0.015686,0.052641,0.015686,0.137255
10008919,noise,1,0.019608,0.019608,0.000000,0.019608,0.019608
10008920,noise,3,0.016993,0.019608,0.003697,0.011765,0.019608
10008921,noise,7,0.006162,0.000000,0.009800,0.000000,0.023529
10008922,noise,12,0.029739,0.017647,0.035092,0.000000,0.141176
10008923,noise,7,0.013445,0.000000,0.020736,0.000000,0.054902
10008924,noise,10,0.164706,0.092157,0.178490,0.023529,0.631373
10008925,noise,9,0.059259,0.027451,0.077631,0.000000,0.254902
10008926,noise,7,0.024090,0.023529,0.012824,0.000000,0.039216
10008927,noise,10,0.063922,0.050980,0.054482,0.015686,0.164706
10008928,noise,11,0.034225,0.019608,0.033195,0.000000,0.098039
10008929,noise,10,0.023529,0.023529,0.012524,0.003922,0.043137
10008930,noise,11,0.040642,0.015686,0.060874,0.000000,0.168627
10008931,noise,3,0.018301,0.015686,0.003697,0.015686,0.023529
10008932,noise,3,0.006536,0.003922,0.006665,0.000000,0.015686
10008933,noise,12,0.024510,0.017647,0.038627,0.000000,0.145098
10008934,noise,5,0.026667,0.023529,0.009079,0.015686,0.043137
10008935,noise,9,0.066231,0.062745,0.043529,0.015686,0.137255
10008936,noise,8,0.022549,0.021569,0.011887,0.000000,0.039216
10008937,noise,1,0.015686,0.015686,0.000000,0.015686,0.015686
10008938,noise,12,0.019608,0.017647,0.011655,0.000000,0.047059
10008939,noise,3,0.065359,0.019608,0.067495,0.015686,0.160784
10008940,noise,4,0.016667,0.015686,0.001698,0.015686,0.019608
10008941,noise,8,0.016667,0.017647,0.010329,0.003922,0.031373
10008942,noise,4,0.020588,0.019608,0.005094,0.015686,0.027451
10008943,noise,14,0.025770,0.019608,0.022611,0.000000,0.101961
10008944,noise,5,0.053333,0.054902,0.043851,0.003922,0.101961
10008945,noise,19,0.036120,0.019608,0.048022,0.007843,0.172549
10008946,noise,8,0.035294,0.037255,0.009197,0.019608,0.047059
10008947,noise,15,0.012810,0.015686,0.014353,0.000000,0.058824
10008948,noise,8,0.022059,0.021569,0.018282,0.000000,0.047059
10008949,noise,9,0.027015,0.015686,0.025310,0.000000,0.070588
10008950,noise,5,0.129412,0.117647,0.044020,0.058824,0.176471
10008951,noise,2,0.009804,0.009804,0.005882,0.003922,0.015686
10008952,noise,2,0.064706,0.064706,0.045098,0.019608,0.109804
10008953,noise,14,0.051261,0.027451,0.068044,0.003922,0.215686
10008954,noise,1,0.015686,0.015686,0.000000,0.015686,0.015686
10008955,noise,11,0.088770,0.070588,0.065199,0.019608,0.172549
10008956,noise,1,0.035294,0.035294,0.000000,0.035294,0.035294
10008957,noise,5,0.015686,0.015686,0.010523,0.003922,0.027451
10008958,noise,5,0.020392,0.027451,0.011474,0.000000,0.031373
10008959,noise,4,0.000980,0.000000,0.001698,0.000000,0.003922
10008960,noise,4,0.022549,0.019608,0.007531,0.015686,0.035294
10008961,noise,4,0.012745,0.009804,0.013407,0.000000,0.031373
10008962,noise,2,0.017647,0.017647,0.001961,0.015686,0.019608
10008963,noise,6,0.049020,0.043137,0.025187,0.019608,0.082353
10008964,noise,0,0.000000,0.000000,0.000000,0.000000,0.000000
10008965,noise,7,0.016807,0.019608,0.007174,0.000000,0.023529
10008966,noise,5,0.029020,0.019608,0.020987,0.015686,0.070588
10008967,noise,4,0.035294,0.031373,0.019011,0.015686,0.062745
10008968,noise,14,0.024370,0.019608,0.009038,0.015686,0.039216
10008969,noise,1,0.019608,0.019608,0.000000,0.019608,0.019608
10008970,noise,7,0.036415,0.015686,0.042429,0.003922,0.137255
10008971,noise,9,0.023529,0.019608,0.008671,0.015686,0.039216
10008972,noise,11,0.056328,0.078431,0.040419,0.000000,0.109804
10008973,noise,7,0.020728,0.019608,0.007763,0.015686,0.039216
10008974,noise,2,0.013725,0.013725,0.013725,0.000000,0.027451
10008975,noise,17,0.075663,0.070588,0.072856,0.000000,0.325490
10008976,noise,2,0.015686,0.015686,0.000000,0.015686,0.015686
10008977,noise,13,0.022624,0.023529,0.012224,0.000000,0.039216
10008978,noise,12,0.029085,0.019608,0.038505,0.000000,0.152941
10008979,noise,10,0.063529,0.029412,0.065051,0.015686,0.188235
10008980,noise,10,0.020000,0.021569,0.007113,0.000000,0.027451
10008981,noise,14,0.012045,0.015686,0.010939,0.000000,0.035294
10008982,noise,4,0.019608,0.017647,0.004803,0.015686,0.027451
10008983,noise,11,0.035651,0.027451,0.013936,0.019608,0.054902
10008984,noise,6,0.022222,0.021569,0.004891,0.015686,0.031373
10008985,noise,13,0.055204,0.015686,0.067249,0.003922,0.192157
10008986,noise,17,0.027451,0.023529,0.015454,0.000000,0.078431
10008987,noise,9,0.059259,0.027451,0.057619,0.011765,0.184314
10008988,noise,1,0.019608,0.019608,0.000000,0.019608,0.019608
10008989,noise,4,0.024510,0.021569,0.006429,0.019608,0.035294
10008990,noise,10,0.047059,0.033333,0.035985,0.011765,0.129412
10008991,noise,4,0.021569,0.021569,0.004384,0.015686,0.027451
10008992,noise,6,0.066013,0.031373,0.073241,0.019608,0.227451
10008993,noise,13,0.011161,0.015686,0.007511,0.000000,0.019608
10008994,noise,44,0.010963,0.003922,0.014399,0.000000,0.066667
10008995,noise,5,0.044706,0.027451,0.039730,0.015686,0.121569
10008996,noise,25,0.044392,0.019608,0.042537,0.015686,0.176471
10008997,noise,23,0.061211,0.019608,0.074476,0.000000,0.282353
10008998,noise,21,0.031186,0.019608,0.033505,0.015686,0.168627
10008999,noise,9,0.011329,0.015686,0.010366,0.000000,0.023529
10009000,noise,19,0.045408,0.039216,0.024185,0.003922,0.090196
10009001,noise,18,0.015468,0.003922,0.020729,0.000000,0.078431
10009002,noise,25,0.037961,0.019608,0.043396,0.000000,0.141176
10009003,noise,17,0.063668,0.039216,0.069419,0.007843,0.235294
10009004,noise,13,0.047964,0.015686,0.054277,0.011765,0.156863
10009005,noise,20,0.014314,0.019608,0.010019,0.000000,0.035294
10009006,noise,18,0.011765,0.013725,0.008962,0.000000,0.023529
10009007,noise,12,0.025490,0.017647,0.027799,0.000000,0.101961
10009008,noise,19,0.036739,0.023529,0.033571,0.000000,0.117647
10009009,noise,35,0.032941,0.015686,0.058657,0.000000,0.247059
10009010,noise,8,0.029412,0.039216,0.015061,0.007843,0.047059
10009011,noise,16,0.022059,0.011765,0.029990,0.000000,0.117647
10009012,noise,5,0.040000,0.039216,0.026528,0.000000,0.070588
10009013,noise,12,0.079085,0.068627,0.055617,0.000000,0.176471
10009014,noise,24,0.021895,0.019608,0.012854,0.000000,0.062745
10009015,noise,24,0.019444,0.015686,0.025502,0.000000,0.094118
10009016,noise,14,0.029692,0.019608,0.034275,0.003922,0.141176
10009017,noise,12,0.035948,0.023529,0.025657,0.015686,0.101961
10009018,noise,16,0.023775,0.011765,0.035551,0.000000,0.121569
10009019,noise,1,0.019608,0.019608,0.000000,0.019608,0.019608
10009020,noise,11,0.026025,0.019608,0.016236,0.015686,0.074510
10009021,noise,29,0.026099,0.019608,0.017667,0.000000,0.066667
10009022,noise,6,0.022222,0.017647,0.019300,0.000000,0.062745
10009023,noise,28,0.061204,0.041176,0.047677,0.003922,0.160784
10009024,noise,15,0.016209,0.019608,0.006541,0.000000,0.019608
10009025,noise,14,0.089356,0.043137,0.083967,0.015686,0.274510
10009026,noise,25,0.020078,0.019608,0.008471,0.003922,0.050980
10009027,noise,28,0.061905,0.019608,0.104967,0.000000,0.423529
10009028,noise,16,0.056618,0.033333,0.055822,0.003922,0.203922
10009029,noise,12,0.043464,0.035294,0.034983,0.000000,0.117647
10009030,noise,19,0.031785,0.015686,0.038463,0.000000,0.117647
10009031,noise,15,0.102484,0.023529,0.120462,0.000000,0.333333
10009032,noise,10,0.026275,0.015686,0.021483,0.000000,0.078431
10009033,noise,4,0.028431,0.021569,0.025920,0.000000,0.070588
10009034,noise,14,0.015686,0.017647,0.011092,0.000000,0.035294
10009035,noise,12,0.056536,0.021569,0.079687,0.000000,0.294118
10009036,noise,9,0.017429,0.015686,0.019399,0.000000,0.054902
10009037,noise,13,0.028356,0.023529,0.014524,0.015686,0.058824
10009038,noise,18,0.023094,0.019608,0.021114,0.003922,0.105882
10009039,noise,19,0.034881,0.019608,0.032160,0.000000,0.117647
10009040,noise,29,0.042732,0.027451,0.049960,0.000000,0.227451
10009041,noise,13,0.055807,0.027451,0.059437,0.015686,0.188235
10009042,noise,24,0.017157,0.015686,0.017273,0.000000,0.070588
10009043,noise,14,0.037815,0.021569,0.036446,0.000000,0.125490
10009044,noise,7,0.019048,0.019608,0.001372,0.015686,0.019608
10009045,noise,20,0.078627,0.019608,0.108928,0.000000,0.372549
10009046,noise,11,0.012834,0.003922,0.025032,0.000000,0.082353
10009047,noise,4,0.024510,0.025490,0.007001,0.015686,0.031373
10009048,noise,27,0.030501,0.015686,0.032868,0.000000,0.164706
10009049,noise,10,0.013333,0.009804,0.011660,0.000000,0.039216
10009050,noise,3,0.053595,0.023529,0.045320,0.019608,0.117647
10009051,noise,14,0.061625,0.064706,0.042326,0.000000,0.113725
10009052,noise,26,0.020965,0.017647,0.017366,0.000000,0.062745
10009053,noise,18,0.034858,0.025490,0.033118,0.000000,0.105882
10009054,noise,24,0.041013,0.019608,0.050169,0.000000,0.200000
10009055,noise,11,0.023529,0.019608,0.008019,0.015686,0.043137
10009056,noise,13,0.067270,0.023529,0.088959,0.000000,0.270588
10009057,noise,8,0.024020,0.023529,0.015369,0.000000,0.058824
10009058,noise,27,0.041104,0.023529,0.037255,0.000000,0.121569
10009059,noise,13,0.018100,0.019608,0.007773,0.003922,0.027451
10009060,noise,14,0.044818,0.019608,0.071818,0.003922,0.219608
10009061,noise,16,0.048775,0.017647,0.072376,0.007843,0.286275
10009062,noise,2,0.050980,0.050980,0.000000,0.050980,0.050980
10009063,noise,19,0.059443,0.039216,0.060113,0.003922,0.235294
10009064,noise,13,0.028356,0.019608,0.019036,0.000000,0.062745
10009065,noise,12,0.036928,0.031373,0.026475,0.000000,0.094118
10009066,noise,10,0.013725,0.009804,0.014907,0.000000,0.039216
10009067,noise,12,0.016993,0.015686,0.009782,0.000000,0.039216
10009068,noise,15,0.018824,0.019608,0.016588,0.000000,0.054902
10009069,noise,13,0.012066,0.007843,0.010140,0.000000,0.031373
10009070,noise,13,0.044646,0.019608,0.063486,0.000000,0.219608
10009071,noise,12,0.028105,0.019608,0.028943,0.003922,0.109804
10009072,noise,16,0.045343,0.031373,0.034411,0.007843,0.141176
10009073,noise,17,0.045213,0.027451,0.046364,0.000000,0.149020
10009074,noise,21,0.047432,0.023529,0.074994,0.000000,0.333333
10009075,noise,19,0.033643,0.023529,0.026668,0.000000,0.082353
10009076,noise,12,0.023856,0.019608,0.011923,0.000000,0.043137
10009077,noise,21,0.024463,0.015686,0.034505,0.000000,0.149020
10009078,noise,6,0.024183,0.019608,0.010956,0.011765,0.039216
10009079,noise,9,0.027015,0.019608,0.020288,0.000000,0.062745
10009080,noise,8,0.054412,0.039216,0.037586,0.015686,0.133333
10009081,noise,24,0.059150,0.039216,0.061673,0.015686,0.317647
10009082,noise,13,0.011161,0.015686,0.009080,0.000000,0.027451
10009083,noise,15,0.022222,0.019608,0.013254,0.000000,0.062745
10009084,noise,19,0.015893,0.015686,0.014644,0.000000,0.070588
10009085,noise,9,0.012200,0.015686,0.008951,0.000000,0.023529
10009086,noise,15,0.045490,0.019608,0.044108,0.000000,0.145098
10009087,noise,17,0.025144,0.019608,0.035487,0.000000,0.152941
10009088,noise,5,0.036078,0.039216,0.011202,0.019608,0.050980
10009089,noise,24,0.077941,0.062745,0.108921,0.003922,0.552941
10009090,noise,13,0.020211,0.015686,0.033624,0.000000,0.133333
10009091,noise,35,0.043697,0.027451,0.044497,0.000000,0.172549
10009092,noise,10,0.020392,0.017647,0.010493,0.000000,0.039216
10009093,noise,10,0.022353,0.001961,0.040718,0.000000,0.125490
10009094,noise,23,0.025575,0.015686,0.041532,0.000000,0.176471
10009095,noise,15,0.057255,0.019608,0.070265,0.000000,0.196078
10009096,noise,11,0.019251,0.015686,0.022587,0.000000,0.078431
10009097,noise,15,0.090196,0.062745,0.081847,0.000000,0.243137
10009098,noise,15,0.041307,0.019608,0.041002,0.011765,0.168627
10009099,noise,28,0.012745,0.015686,0.010514,0.000000,0.043137
10009100,noise,16,0.066176,0.041176,0.072825,0.000000,0.270588
10009101,noise,25,0.021020,0.015686,0.014112,0.000000,0.074510
10009102,noise,17,0.026067,0.023529,0.010756,0.015686,0.054902
10009103,noise,10,0.042745,0.027451,0.052889,0.000000,0.145098
10009104,noise,14,0.037255,0.031373,0.027601,0.000000,0.090196
10009105,noise,20,0.037843,0.015686,0.067915,0.000000,0.239216
10009106,noise,19,0.036326,0.019608,0.026593,0.000000,0.086275
10009107,noise,16,0.050980,0.027451,0.057368,0.015686,0.235294
10009108,noise,19,0.040248,0.023529,0.028559,0.003922,0.098039
10009109,noise,31,0.029475,0.015686,0.041786,0.000000,0.156863
10009110,noise,12,0.022222,0.019608,0.016893,0.000000,0.062745
10009111,noise,9,0.077560,0.062745,0.055790,0.007843,0.149020
10009112,noise,21,0.051167,0.043137,0.044408,0.000000,0.200000
10009113,noise,19,0.050155,0.019608,0.052960,0.000000,0.149020
10009114,noise,16,0.048039,0.027451,0.063620,0.000000,0.278431
10009115,noise,24,0.021732,0.017647,0.021026,0.000000,0.105882
10009116,noise,17,0.040369,0.023529,0.043850,0.000000,0.145098
10009117,noise,22,0.046524,0.029412,0.043239,0.000000,0.117647
10009118,noise,16,0.018627,0.017647,0.017510,0.000000,0.070588
10009119,noise,22,0.024955,0.021569,0.021659,0.000000,0.082353
10009120,noise,8,0.026961,0.019608,0.015243,0.019608,0.066667
10009121,noise,4,0.033333,0.021569,0.024254,0.015686,0.074510
10009122,noise,13,0.037707,0.015686,0.047523,0.015686,0.149020
10009123,noise,8,0.040686,0.050980,0.024797,0.000000,0.066667
10009124,noise,10,0.058431,0.049020,0.044314,0.015686,0.137255
10009125,noise,7,0.016246,0.015686,0.007681,0.003922,0.027451
10009126,noise,14,0.018487,0.003922,0.029175,0.003922,0.117647
10009127,noise,10,0.021569,0.017647,0.016661,0.000000,0.050980
10009128,noise,3,0.045752,0.015686,0.053992,0.000000,0.121569
10009129,noise,8,0.049510,0.031373,0.062374,0.003922,0.211765
10009130,noise,8,0.010784,0.015686,0.008490,0.000000,0.019608
10009131,noise,9,0.054031,0.019608,0.052801,0.003922,0.156863
10009132,noise,1,0.015686,0.015686,0.000000,0.015686,0.015686
10009133,noise,17,0.022145,0.015686,0.033545,0.000000,0.109804
10009134,noise,7,0.052661,0.074510,0.044951,0.000000,0.105882
10009135,noise,3,0.006536,0.000000,0.009243,0.000000,0.019608
10009136,noise,24,0.020588,0.003922,0.042573,0.000000,0.176471
10009137,noise,10,0.032549,0.021569,0.037040,0.003922,0.133333
10009138,noise,13,0.012670,0.015686,0.008857,0.003922,0.031373
10009139,noise,9,0.027887,0.015686,0.028002,0.000000,0.078431
10009140,noise,4,0.010784,0.005882,0.009755,0.003922,0.027451
10009141,noise,5,0.019608,0.019608,0.010811,0.000000,0.031373
10009142,noise,8,0.043137,0.019608,0.039167,0.015686,0.109804
10009143,noise,6,0.024837,0.025490,0.006269,0.015686,0.035294
10009144,noise,8,0.025490,0.019608,0.024015,0.000000,0.086275
10009145,noise,9,0.085403,0.070588,0.052476,0.000000,0.184314
10009146,noise,0,0.000000,0.000000,0.000000,0.000000,0.000000
10009147,noise,7,0.022409,0.023529,0.003453,0.015686,0.027451
10009148,noise,6,0.035294,0.019608,0.028549,0.015686,0.094118
10009149,noise,1,0.023529,0.023529,0.000000,0.023529,0.023529
10009150,noise,4,0.013725,0.011765,0.014003,0.000000,0.031373
10009151,noise,2,0.019608,0.019608,0.003922,0.015686,0.023529
10009152,noise,3,0.011765,0.015686,0.008472,0.000000,0.019608
10009153,noise,4,0.022549,0.023529,0.004273,0.015686,0.027451
10009154,noise,13,0.010860,0.003922,0.011108,0.000000,0.027451
10009155,noise,5,0.058039,0.047059,0.029283,0.027451,0.113725
10009156,noise,5,0.007059,0.003922,0.006275,0.003922,0.019608
10009157,noise,0,0.000000,0.000000,0.000000,0.000000,0.000000
10009158,noise,1,0.043137,0.043137,0.000000,0.043137,0.043137
10009159,noise,2,0.009804,0.009804,0.009804,0.000000,0.019608
10009160,noise,15,0.058824,0.023529,0.064055,0.000000,0.243137
10009161,noise,6,0.042484,0.050980,0.014919,0.019608,0.054902
10009162,noise,2,0.019608,0.019608,0.003922,0.015686,0.023529
10009163,noise,3,0.018301,0.019608,0.001849,0.015686,0.019608
10009164,noise,10,0.039216,0.017647,0.044263,0.000000,0.125490
10009165,noise,6,0.022876,0.023529,0.011188,0.003922,0.039216
10009166,noise,2,0.039216,0.039216,0.011765,0.027451,0.050980
10009167,noise,3,0.053595,0.062745,0.027975,0.015686,0.082353
10009168,noise,2,0.019608,0.019608,0.000000,0.019608,0.019608
10009169,noise,3,0.026144,0.019608,0.009243,0.019608,0.039216
10009170,noise,2,0.017647,0.017647,0.001961,0.015686,0.019608
10009171,noise,4,0.036275,0.025490,0.024705,0.015686,0.078431
10009172,noise,2,0.015686,0.015686,0.007843,0.007843,0.023529
10009173,noise,19,0.007224,0.003922,0.017960,0.000000,0.082353
10009174,noise,3,0.092810,0.070588,0.031427,0.070588,0.137255
10009175,noise,4,0.025490,0.027451,0.003396,0.019608,0.027451
10009176,noise,1,0.003922,0.003922,0.000000,0.003922,0.003922
10009177,noise,20,0.008235,0.003922,0.009020,0.000000,0.031373
10009178,noise,5,0.019608,0.019608,0.017538,0.000000,0.039216
10009179,noise,0,0.000000,0.000000,0.000000,0.000000,0.000000
10009180,noise,6,0.002614,0.003922,0.001849,0.000000,0.003922
10009181,noise,5,0.028235,0.023529,0.033034,0.000000,0.090196
10009182,noise,5,0.020392,0.019608,0.002935,0.015686,0.023529
10009183,noise,2,0.039216,0.039216,0.000000,0.039216,0.039216
10009184,noise,2,0.000000,0.000000,0.000000,0.000000,0.000000
10009185,noise,0,0.000000,0.000000,0.000000,0.000000,0.000000
10009186,noise,1,0.027451,0.027451,0.000000,0.027451,0.027451
10009187,noise,3,0.007843,0.000000,0.011092,0.000000,0.023529
10009188,noise,0,0.000000,0.000000,0.000000,0.000000,0.000000
10009189,noise,12,0.016667,0.005882,0.024601,0.000000,0.070588
10009190,noise,5,0.023529,0.023529,0.018226,0.003922,0.050980
10009191,noise,1,0.035294,0.035294,0.000000,0.035294,0.035294
10009192,noise,1,0.039216,0.039216,0.000000,0.039216,0.039216
10009193,noise,1,0.023529,0.023529,0.000000,0.023529,0.023529
10009194,noise,3,0.011765,0.007843,0.005546,0.007843,0.019608
10009195,noise,7,0.002241,0.003922,0.001941,0.000000,0.003922
10009196,noise,3,0.003922,0.003922,0.000000,0.003922,0.003922
10009197,noise,2,0.039216,0.039216,0.023529,0.015686,0.062745
10009198,noise,4,0.032353,0.039216,0.019287,0.000000,0.050980
10009199,noise,3,0.036601,0.023529,0.033327,0.003922,0.082353
10009200,noise,3,0.023529,0.031373,0.016943,0.000000,0.039216
10009201,noise,1,0.000000,0.000000,0.000000,0.000000,0.000000
10009202,noise,5,0.058824,0.039216,0.040830,0.023529,0.137255
10009203,noise,3,0.001307,0.000000,0.001849,0.000000,0.003922
10009204,noise,4,0.025490,0.023529,0.019510,0.000000,0.054902
10009205,noise,6,0.003922,0.001961,0.005546,0.000000,0.015686
10009206,noise,2,0.009804,0.009804,0.009804,0.000000,0.019608
10009207,noise,3,0.027451,0.023529,0.005546,0.023529,0.035294
10009208,noise,4,0.026471,0.021569,0.022761,0.000000,0.062745
10009209,noise,1,0.003922,0.003922,0.000000,0.003922,0.003922
10009210,noise,3,0.027451,0.031373,0.008472,0.015686,0.035294
10009211,noise,0,0.000000,0.000000,0.000000,0.000000,0.000000
10009212,noise,7,0.005602,0.003922,0.007516,0.000000,0.023529
10009213,noise,2,0.058824,0.058824,0.039216,0.019608,0.098039
10009214,noise,7,0.004482,0.003922,0.002505,0.000000,0.007843
10009215,noise,3,0.050980,0.062745,0.016638,0.027451,0.062745
10009216,noise,0,0.000000,0.000000,0.000000,0.000000,0.000000
10009217,noise,3,0.005229,0.000000,0.007395,0.000000,0.015686
10009218,noise,6,0.004575,0.003922,0.002695,0.000000,0.007843
10009219,noise,2,0.139216,0.139216,0.056863,0.082353,0.196078
10009220,noise,2,0.035294,0.035294,0.019608,0.015686,0.054902
10009221,noise,1,0.019608,0.019608,0.000000,0.019608,0.019608
10009222,noise,0,0.000000,0.000000,0.000000,0.000000,0.000000
10009223,noise,12,0.011111,0.005882,0.011526,0.000000,0.035294
10009224,noise,2,0.000000,0.000000,0.000000,0.000000,0.000000
10009225,noise,2,0.007843,0.007843,0.007843,0.000000,0.015686
10009226,noise,9,0.132462,0.105882,0.081984,0.023529,0.278431
10009227,noise,5,0.042353,0.023529,0.032471,0.019608,0.105882
10009228,noise,3,0.005229,0.000000,0.007395,0.000000,0.015686
10009229,noise,6,0.003922,0.003922,0.002264,0.000000,0.007843
10009230,noise,1,0.035294,0.035294,0.000000,0.035294,0.035294
10009231,noise,1,0.000000,0.000000,0.000000,0.000000,0.000000
10009232,noise,0,0.000000,0.000000,0.000000,0.000000,0.000000
10009233,noise,1,0.023529,0.023529,0.000000,0.023529,0.023529
10009234,noise,0,0.000000,0.000000,0.000000,0.000000,0.000000
10009235,noise,0,0.000000,0.000000,0.000000,0.000000,0.000000
10009236,noise,0,0.000000,0.000000,0.000000,0.000000,0.000000
10009237,noise,0,0.000000,0.000000,0.000000,0.000000,0.000000
10009238,noise,0,0.000000,0.000000,0.000000,0.000000,0.000000
10009239,noise,1,0.011765,0.011765,0.000000,0.011765,0.011765
10009240,noise,0,0.000000,0.000000,0.000000,0.000000,0.000000
10009241,noise,3,0.015686,0.000000,0.022184,0.000000,0.047059
10009242,noise,2,0.003922,0.003922,0.000000,0.003922,0.003922
10009243,noise,1,0.003922,0.003922,0.000000,0.003922,0.003922
10009244,noise,4,0.038235,0.039216,0.020635,0.015686,0.058824
10009245,noise,6,0.092157,0.049020,0.077437,0.027451,0.200000
10009246,noise,0,0.000000,0.000000,0.000000,0.000000,0.000000
10009247,noise,4,0.006863,0.000000,0.011887,0.000000,0.027451
10009248,noise,4,0.007843,0.003922,0.009197,0.000000,0.023529
10009249,noise,2,0.000000,0.000000,0.000000,0.000000,0.000000
10009250,noise,1,0.047059,0.047059,0.000000,0.047059,0.047059
10009251,noise,1,0.003922,0.003922,0.000000,0.003922,0.003922
10009252,noise,4,0.011765,0.011765,0.011765,0.000000,0.023529
10009253,noise,5,0.036078,0.031373,0.026060,0.000000,0.078431
10009254,noise,1,0.027451,0.027451,0.000000,0.027451,0.027451
10009255,noise,0,0.000000,0.000000,0.000000,0.000000,0.000000
10009256,noise,0,0.000000,0.000000,0.000000,0.000000,0.000000
10009257,noise,0,0.000000,0.000000,0.000000,0.000000,0.000000
10009258,noise,0,0.000000,0.000000,0.000000,0.000000,0.000000
10009259,noise,2,0.050980,0.050980,0.031373,0.019608,0.082353
10009260,noise,2,0.041176,0.041176,0.037255,0.003922,0.078431
10009261,noise,2,0.000000,0.000000,0.000000,0.000000,0.000000
10009262,noise,0,0.000000,0.000000,0.000000,0.000000,0.000000
10009263,noise,0,0.000000,0.000000,0.000000,0.000000,0.000000
10009264,noise,0,0.000000,0.000000,0.000000,0.000000,0.000000
10009265,noise,3,0.000000,0.000000,0.000000,0.000000,0.000000
10009266,noise,6,0.001307,0.000000,0.001849,0.000000,0.003922
10009267,noise,1,0.000000,0.000000,0.000000,0.000000,0.000000
10009268,noise,0,0.000000,0.000000,0.000000,0.000000,0.000000
10009269,noise,5,0.004706,0.000000,0.009412,0.000000,0.023529
10009270,noise,0,0.000000,0.000000,0.000000,0.000000,0.000000
10009271,noise,0,0.000000,0.000000,0.000000,0.000000,0.000000
10009272,noise,1,0.047059,0.047059,0.000000,0.047059,0.047059
10009273,noise,1,0.003922,0.003922,0.000000,0.003922,0.003922
10009274,noise,3,0.015686,0.023529,0.011092,0.000000,0.023529
10009275,noise,2,0.000000,0.000000,0.000000,0.000000,0.000000
10009276,noise,1,0.000000,0.000000,0.000000,0.000000,0.000000
10009277,noise,1,0.000000,0.000000,0.000000,0.000000,0.000000
10009278,noise,2,0.000000,0.000000,0.000000,0.000000,0.000000
10009279,noise,6,0.004575,0.005882,0.003520,0.000000,0.007843
10009280,noise,3,0.014379,0.003922,0.017635,0.000000,0.039216
10009281,noise,3,0.019608,0.007843,0.022414,0.000000,0.050980
10009282,noise,4,0.017647,0.015686,0.003396,0.015686,0.023529
10009283,noise,0,0.000000,0.000000,0.000000,0.000000,0.000000
10009284,noise,5,0.000000,0.000000,0.000000,0.000000,0.000000
10009285,noise,0,0.000000,0.000000,0.000000,0.000000,0.000000
10009286,noise,0,0.000000,0.000000,0.000000,0.000000,0.000000
10009287,noise,1,0.027451,0.027451,0.000000,0.027451,0.027451
10009288,noise,6,0.005882,0.000000,0.008985,0.000000,0.023529
10009289,noise,9,0.003050,0.003922,0.001630,0.000000,0.003922
10009290,noise,1,0.003922,0.003922,0.000000,0.003922,0.003922
10009291,noise,1,0.019608,0.019608,0.000000,0.019608,0.019608
10009292,noise,2,0.011765,0.011765,0.011765,0.000000,0.023529
10009293,noise,1,0.000000,0.000000,0.000000,0.000000,0.000000
10009294,noise,0,0.000000,0.000000,0.000000,0.000000,0.000000
10009295,noise,6,0.019608,0.019608,0.016638,0.000000,0.050980
10009296,noise,20,0.002157,0.000000,0.003817,0.000000,0.015686
10009297,noise,12,0.017647,0.003922,0.031188,0.000000,0.098039
10009298,noise,0,0.000000,0.000000,0.000000,0.000000,0.000000
10009299,noise,0,0.000000,0.000000,0.000000,0.000000,0.000000
10009300,noise,0,0.000000,0.000000,0.000000,0.000000,0.000000
10009301,noise,1,0.019608,0.019608,0.000000,0.019608,0.019608
10009302,noise,2,0.000000,0.000000,0.000000,0.000000,0.000000
10009303,noise,1,0.078431,0.078431,0.000000,0.078431,0.078431
10009304,noise,0,0.000000,0.000000,0.000000,0.000000,0.000000
10009305,noise,5,0.018824,0.003922,0.020210,0.003922,0.054902
10009306,noise,0,0.000000,0.000000,0.000000,0.000000,0.000000
10009307,noise,0,0.000000,0.000000,0.000000,0.000000,0.000000
10009308,noise,1,0.019608,0.019608,0.000000,0.019608,0.019608
10009309,noise,5,0.003137,0.003922,0.001569,0.000000,0.003922
10009310,noise,2,0.019608,0.019608,0.003922,0.015686,0.023529
10009311,noise,0,0.000000,0.000000,0.000000,0.000000,0.000000
10009312,noise,3,0.053595,0.066667,0.018486,0.027451,0.066667
10009313,noise,7,0.021289,0.019608,0.010238,0.007843,0.043137
10009314,noise,6,0.017647,0.015686,0.013911,0.000000,0.035294
10009315,noise,2,0.000000,0.000000,0.000000,0.000000,0.000000
10009316,noise,2,0.017647,0.017647,0.001961,0.015686,0.019608
10009317,noise,6,0.006536,0.007843,0.004891,0.000000,0.011765
10009318,noise,1,0.023529,0.023529,0.000000,0.023529,0.023529
10100400,noise,1683,0.050246,0.019608,0.098093,0.000000,0.474510
10100401,noise,1881,0.073528,0.023529,0.122997,0.000000,0.478431
10100402,noise,1889,0.073455,0.023529,0.122100,0.000000,0.505882
10100403,noise,1901,0.073119,0.023529,0.121675,0.000000,0.482353
10100404,noise,1901,0.074446,0.023529,0.122933,0.000000,0.490196
10100405,noise,1900,0.073633,0.023529,0.121948,0.000000,0.498039
10100406,noise,1887,0.072492,0.023529,0.121079,0.000000,0.498039
10100407,noise,1881,0.073553,0.023529,0.122169,0.000000,0.521569
10100408,noise,1860,0.073546,0.023529,0.122359,0.000000,0.498039
10100409,noise,1863,0.073828,0.023529,0.122831,0.000000,0.494118
10100410,noise,1885,0.072974,0.023529,0.121760,0.000000,0.529412
10100411,noise,1877,0.073848,0.023529,0.121744,0.000000,0.505882
10100412,noise,1890,0.073952,0.023529,0.122387,0.000000,0.505882
10100413,noise,1891,0.073859,0.023529,0.122271,0.000000,0.474510
10100414,noise,1894,0.074576,0.023529,0.124294,0.000000,0.517647
10100415,noise,1879,0.074783,0.023529,0.123304,0.000000,0.498039
10100416,noise,1889,0.073995,0.023529,0.122425,0.000000,0.482353
10100417,noise,1904,0.074221,0.023529,0.123030,0.000000,0.490196
10100418,noise,1887,0.074504,0.023529,0.122658,0.000000,0.517647
10100419,noise,1893,0.073683,0.023529,0.121532,0.000000,0.478431
10100420,noise,1888,0.075532,0.023529,0.124065,0.000000,0.482353
10100421,noise,1882,0.074891,0.023529,0.123491,0.000000,0.482353
10100422,noise,1890,0.074423,0.023529,0.123081,0.000000,0.498039
10100423,noise,1889,0.073924,0.023529,0.122415,0.000000,0.486275
10100424,noise,1884,0.074504,0.023529,0.122840,0.000000,0.474510
10100425,noise,1880,0.074520,0.023529,0.122820,0.000000,0.498039
10100426,noise,1890,0.074560,0.023529,0.122523,0.000000,0.494118
10100427,noise,1909,0.073349,0.023529,0.121390,0.000000,0.486275
10100428,noise,1901,0.073771,0.023529,0.121882,0.000000,0.498039
10100429,noise,1896,0.074580,0.023529,0.122416,0.000000,0.541176
10100430,noise,1874,0.075274,0.023529,0.123632,0.000000,0.490196
10100431,noise,1889,0.074161,0.023529,0.121541,0.000000,0.486275
10100432,noise,1887,0.074142,0.023529,0.122139,0.000000,0.490196
10100433,noise,1885,0.072629,0.023529,0.120517,0.000000,0.482353
10100434,noise,1878,0.073533,0.023529,0.121603,0.000000,0.505882
10100435,noise,1889,0.074408,0.023529,0.123342,0.000000,0.513726
10100436,noise,1895,0.073601,0.023529,0.121343,0.000000,0.490196
10100437,noise,1895,0.073136,0.023529,0.120721,0.000000,0.498039
10100438,noise,1891,0.072345,0.023529,0.120657,0.000000,0.501961
10100439,noise,1897,0.073660,0.023529,0.121426,0.000000,0.482353
10100440,noise,1908,0.073262,0.023529,0.120755,0.000000,0.494118
10100441,noise,1898,0.074179,0.023529,0.123123,0.000000,0.498039
10100442,noise,1904,0.073361,0.023529,0.121063,0.000000,0.490196
10100443,noise,1898,0.072539,0.023529,0.119642,0.000000,0.486275
10100444,noise,1878,0.073718,0.023529,0.120771,0.000000,0.482353
10100445,noise,1891,0.073050,0.023529,0.120258,0.000000,0.482353
10100446,noise,1903,0.073350,0.023529,0.120614,0.000000,0.513726
10100447,noise,1884,0.073546,0.023529,0.120336,0.000000,0.474510
10100448,noise,1878,0.072919,0.023529,0.120327,0.000000,0.494118
10100449,noise,1901,0.072750,0.023529,0.119868,0.000000,0.486275
10100450,noise,1880,0.074287,0.023529,0.121577,0.000000,0.490196
10100451,noise,1882,0.073537,0.023529,0.119939,0.000000,0.501961
10100452,noise,1878,0.074566,0.023529,0.121371,0.000000,0.494118
10100453,noise,1892,0.073701,0.023529,0.120994,0.000000,0.501961
10100454,noise,1882,0.073624,0.023529,0.121849,0.000000,0.529412
10100455,noise,1876,0.074299,0.023529,0.121884,0.000000,0.482353
10100456,noise,1862,0.075643,0.023529,0.123748,0.000000,0.494118
10100457,noise,1862,0.074535,0.023529,0.121625,0.000000,0.494118
10100458,noise,1864,0.075377,0.023529,0.122870,0.000000,0.498039
10100459,noise,1854,0.074861,0.023529,0.121623,0.000000,0.533333
10100460,noise,1863,0.077166,0.023529,0.126242,0.000000,0.525490
10100461,noise,1859,0.077604,0.023529,0.126648,0.000000,0.505882
10100462,noise,1843,0.073544,0.023529,0.118390,0.000000,0.490196
10100463,noise,1843,0.071354,0.023529,0.113910,0.000000,0.490196
10100464,noise,1849,0.070306,0.023529,0.112830,0.000000,0.478431
10100465,noise,1841,0.072341,0.023529,0.115612,0.000000,0.478431
10100466,noise,1845,0.073594,0.023529,0.119512,0.000000,0.494118
10100467,noise,1846,0.076126,0.023529,0.124409,0.000000,0.478431
10100468,noise,1849,0.076805,0.023529,0.129615,0.000000,0.498039
10100469,noise,1876,0.077123,0.023529,0.127279,0.000000,0.529412
10100470,noise,1854,0.072096,0.023529,0.116814,0.000000,0.466667
10100471,noise,1842,0.070810,0.023529,0.113926,0.000000,0.466667
10100472,noise,1844,0.072419,0.023529,0.117219,0.000000,0.490196
10100473,noise,1854,0.074212,0.023529,0.120781,0.000000,0.501961
10100474,noise,1834,0.071961,0.023529,0.120529,0.000000,0.474510
10100475,noise,1868,0.072314,0.023529,0.120431,0.000000,0.505882
10100476,noise,1844,0.072396,0.023529,0.117960,0.000000,0.486275
10100477,noise,1845,0.071049,0.023529,0.115768,0.000000,0.478431
10100478,noise,1836,0.071274,0.023529,0.117056,0.000000,0.474510
10100479,noise,1844,0.073040,0.023529,0.119883,0.000000,0.478431
10100480,noise,1845,0.072716,0.023529,0.118656,0.000000,0.470588
10100481,noise,1832,0.070740,0.023529,0.116509,0.000000,0.470588
10100482,noise,1856,0.072923,0.023529,0.118383,0.000000,0.474510
10100483,noise,1847,0.073270,0.023529,0.119008,0.000000,0.470588
10100484,noise,1854,0.072134,0.023529,0.118485,0.000000,0.474510
10100485,noise,1845,0.072229,0.023529,0.118749,0.000000,0.478431
10100486,noise,1841,0.072512,0.023529,0.118229,0.000000,0.466667
10100487,noise,1845,0.072344,0.023529,0.118202,0.000000,0.462745
10100488,noise,1830,0.072718,0.023529,0.118718,0.000000,0.462745
10100489,noise,1844,0.071779,0.023529,0.118553,0.000000,0.478431
10100490,noise,1834,0.072491,0.023529,0.118309,0.000000,0.458824
10100491,noise,1845,0.072046,0.023529,0.118071,0.000000,0.478431
10100492,noise,1856,0.072727,0.023529,0.117836,0.000000,0.466667
10100493,noise,1835,0.073204,0.023529,0.118297,0.000000,0.478431
10100494,noise,1859,0.072413,0.023529,0.117905,0.000000,0.490196
10100495,noise,1861,0.071119,0.023529,0.117352,0.000000,0.474510
10100496,noise,1833,0.071001,0.023529,0.117894,0.000000,0.494118
10100497,noise,1840,0.071720,0.023529,0.117665,0.000000,0.486275
10100498,noise,1855,0.071819,0.023529,0.116863,0.000000,0.509804
10100499,noise,1848,0.071993,0.023529,0.117578,0.000000,0.470588
10100500,noise,1879,0.073654,0.023529,0.123663,0.000000,0.513726
10100501,noise,1859,0.075550,0.023529,0.125675,0.000000,0.501961
10100502,noise,1836,0.070870,0.023529,0.116799,0.000000,0.486275
10100503,noise,1837,0.070603,0.023529,0.115206,0.000000,0.501961
10100504,noise,1864,0.068829,0.023529,0.113164,0.000000,0.482353
10100505,noise,1869,0.072535,0.023529,0.118501,0.000000,0.482353
10100506,noise,1878,0.071691,0.023529,0.118255,0.000000,0.494118
10100507,noise,1875,0.071900,0.023529,0.118154,0.000000,0.462745
10100508,noise,1879,0.071221,0.023529,0.116903,0.000000,0.466667
10100509,noise,1877,0.069602,0.023529,0.115956,0.000000,0.474510
10100510,noise,1897,0.070915,0.023529,0.116786,0.000000,0.462745
10100511,noise,1873,0.071170,0.023529,0.117302,0.000000,0.466667
10100512,noise,1844,0.071050,0.023529,0.117579,0.000000,0.466667
10100513,noise,1829,0.070069,0.023529,0.116732,0.000000,0.494118
10100514,noise,1822,0.069534,0.023529,0.114990,0.000000,0.478431
10100515,noise,1822,0.069899,0.023529,0.114692,0.000000,0.466667
10100516,noise,1819,0.068687,0.023529,0.114512,0.000000,0.478431
10100517,noise,1826,0.068941,0.023529,0.115249,0.000000,0.478431
10100518,noise,1820,0.066438,0.023529,0.112261,0.000000,0.454902
10100519,noise,1780,0.063653,0.019608,0.109045,0.000000,0.454902
10100520,noise,1766,0.063245,0.023529,0.108987,0.000000,0.470588
10100521,noise,1781,0.062723,0.023529,0.108434,0.000000,0.458824
10100522,noise,1767,0.060712,0.023529,0.106320,0.000000,0.474510
10100523,noise,1767,0.061058,0.019608,0.107455,0.000000,0.470588
10100524,noise,1741,0.060427,0.023529,0.106545,0.000000,0.466667
10100525,noise,1750,0.058647,0.019608,0.103976,0.000000,0.466667
10100526,noise,1728,0.055444,0.019608,0.098974,0.000000,0.474510
10100527,noise,1729,0.056921,0.019608,0.101516,0.000000,0.513726
10100528,noise,1728,0.057010,0.019608,0.101915,0.000000,0.482353
10100529,noise,1725,0.056727,0.019608,0.100996,0.000000,0.486275
10100530,noise,1696,0.052490,0.019608,0.096392,0.000000,0.498039
10100531,noise,1720,0.055071,0.019608,0.100108,0.000000,0.474510
10100532,noise,1699,0.051329,0.019608,0.093964,0.000000,0.478431
10100533,noise,1743,0.058214,0.019608,0.104777,0.000000,0.478431
10100534,noise,1801,0.058998,0.019608,0.105823,0.000000,0.478431
10100535,noise,1820,0.064473,0.023529,0.111396,0.000000,0.478431
10100536,noise,1789,0.061789,0.019608,0.110281,0.000000,0.509804
10100537,noise,1819,0.066509,0.023529,0.116158,0.000000,0.498039
10100538,noise,1883,0.074004,0.023529,0.121171,0.000000,0.478431
10100539,noise,1865,0.074089,0.023529,0.123474,0.000000,0.501961
10100540,noise,1883,0.073995,0.023529,0.121784,0.000000,0.478431
10100541,noise,1887,0.073383,0.023529,0.120131,0.000000,0.474510
10100542,noise,1864,0.073374,0.023529,0.120076,0.000000,0.466667
10100543,noise,1886,0.073859,0.023529,0.120622,0.000000,0.470588
10100544,noise,1898,0.074128,0.023529,0.121603,0.000000,0.466667
10100545,noise,1904,0.072582,0.023529,0.118117,0.000000,0.466667
10100546,noise,1884,0.074549,0.023529,0.121975,0.000000,0.482353
10100547,noise,1881,0.074925,0.023529,0.122398,0.000000,0.490196
10100548,noise,1874,0.072947,0.023529,0.119165,0.000000,0.478431
10100549,noise,1891,0.073450,0.023529,0.121492,0.000000,0.482353
10100550,noise,1881,0.073522,0.023529,0.120332,0.000000,0.478431
10100551,noise,1882,0.073616,0.023529,0.120614,0.000000,0.498039
10100552,noise,1879,0.073377,0.023529,0.119499,0.000000,0.474510
10100553,noise,1888,0.073677,0.023529,0.121198,0.000000,0.474510
10100554,noise,1874,0.073281,0.023529,0.120251,0.000000,0.490196
10100555,noise,1875,0.073454,0.023529,0.119899,0.000000,0.474510
10100556,noise,1874,0.072940,0.023529,0.119208,0.000000,0.478431
10100557,noise,1860,0.074674,0.023529,0.120935,0.000000,0.498039
10100558,noise,1838,0.073206,0.023529,0.120150,0.000000,0.474510
10100559,noise,1832,0.074182,0.023529,0.120918,0.000000,0.482353
10100560,noise,1831,0.073325,0.023529,0.120314,0.000000,0.482353
10100561,noise,1832,0.073619,0.023529,0.120104,0.000000,0.474510
10100562,noise,1848,0.072549,0.023529,0.119892,0.000000,0.478431
10100563,noise,1867,0.073691,0.023529,0.120043,0.000000,0.458824
10100564,noise,1846,0.072602,0.023529,0.118858,0.000000,0.478431
10100565,noise,1863,0.071571,0.023529,0.118783,0.000000,0.458824
10100566,noise,1855,0.072890,0.023529,0.118981,0.000000,0.470588
10100567,noise,1846,0.073354,0.023529,0.119547,0.000000,0.490196
10100568,noise,1862,0.072524,0.023529,0.119325,0.000000,0.458824
10100569,noise,1852,0.071808,0.023529,0.117839,0.000000,0.474510
10100570,noise,1852,0.072560,0.023529,0.119211,0.000000,0.478431
10100571,noise,1892,0.073254,0.023529,0.119336,0.000000,0.462745
10100572,noise,1882,0.073351,0.023529,0.119736,0.000000,0.474510
10100573,noise,1874,0.072982,0.023529,0.119528,0.000000,0.458824
10100574,noise,1876,0.073276,0.023529,0.119419,0.000000,0.549020
10100575,noise,1879,0.073671,0.023529,0.119374,0.000000,0.474510
10100576,noise,1878,0.072257,0.023529,0.118464,0.000000,0.474510
10100577,noise,1876,0.073371,0.023529,0.119265,0.000000,0.474510
10100578,noise,1889,0.072984,0.023529,0.119726,0.000000,0.501961
10100579,noise,1874,0.073491,0.023529,0.119898,0.000000,0.486275
10100580,noise,1868,0.072677,0.023529,0.118928,0.000000,0.466667
10100581,noise,1878,0.072242,0.023529,0.118298,0.000000,0.486275
10100582,noise,1859,0.072603,0.023529,0.118436,0.000000,0.474510
10100583,noise,1866,0.072978,0.023529,0.120104,0.000000,0.498039
10100584,noise,1870,0.072771,0.023529,0.119484,0.000000,0.498039
10100585,noise,1868,0.072440,0.023529,0.119227,0.000000,0.474510
10100586,noise,1869,0.072080,0.023529,0.118896,0.000000,0.470588
10100587,noise,1867,0.071744,0.023529,0.118259,0.000000,0.478431
10100588,noise,1867,0.071412,0.023529,0.117822,0.000000,0.482353
10100589,noise,1872,0.071265,0.023529,0.117209,0.000000,0.470588
10100590,noise,1861,0.070892,0.023529,0.115942,0.000000,0.462745
10100591,noise,1873,0.070008,0.023529,0.114929,0.000000,0.470588
10100592,noise,1860,0.070639,0.023529,0.115748,0.000000,0.450980
10100593,noise,1862,0.070698,0.023529,0.115720,0.000000,0.486275
10100594,noise,1868,0.070175,0.023529,0.115449,0.000000,0.443137
10100595,noise,1864,0.069698,0.023529,0.114513,0.000000,0.450980
10100596,noise,1867,0.069591,0.019608,0.114024,0.000000,0.443137
10100597,noise,1871,0.069150,0.023529,0.112977,0.000000,0.462745
10100598,noise,1858,0.068646,0.023529,0.113178,0.000000,0.462745
10100599,noise,1767,0.065235,0.023529,0.109774,0.000000,0.458824
10100600,noise,1766,0.064426,0.023529,0.108944,0.000000,0.462745
10100601,noise,1753,0.063418,0.023529,0.106930,0.000000,0.447059
10100602,noise,1749,0.063947,0.023529,0.105948,0.000000,0.435294
10100603,noise,1773,0.064428,0.023529,0.107102,0.000000,0.466667
10100604,noise,1773,0.064125,0.023529,0.106949,0.000000,0.443137
10100605,noise,1806,0.070163,0.023529,0.113859,0.000000,0.458824
10100606,noise,1806,0.065844,0.023529,0.110441,0.000000,0.439216
10100607,noise,1786,0.065927,0.023529,0.109461,0.000000,0.431373
10100608,noise,1813,0.069634,0.023529,0.112850,0.000000,0.447059
10100609,noise,1821,0.070373,0.023529,0.113106,0.000000,0.450980
10100610,noise,1837,0.069640,0.023529,0.111655,0.000000,0.447059
10100611,noise,1829,0.069977,0.023529,0.112718,0.000000,0.474510
10100612,noise,1836,0.070200,0.023529,0.112935,0.000000,0.450980
10100613,noise,1829,0.070395,0.023529,0.113343,0.000000,0.454902
10100614,noise,1824,0.070825,0.023529,0.114310,0.000000,0.450980
10100615,noise,1833,0.070396,0.023529,0.113505,0.000000,0.470588
10100616,noise,1835,0.070503,0.023529,0.113109,0.000000,0.447059
10100617,noise,1839,0.070637,0.023529,0.113549,0.000000,0.443137
10100618,noise,1826,0.070827,0.023529,0.113669,0.000000,0.447059
10100619,noise,1832,0.069597,0.023529,0.112372,0.000000,0.474510
10100620,noise,1826,0.070595,0.023529,0.113222,0.000000,0.450980
10100621,noise,1838,0.070699,0.023529,0.114607,0.000000,0.466667
10100622,noise,1829,0.071662,0.023529,0.115378,0.000000,0.443137
10100623,noise,1848,0.070542,0.023529,0.113839,0.000000,0.454902
10100624,noise,1848,0.069986,0.023529,0.112499,0.000000,0.458824
10100625,noise,1836,0.070879,0.023529,0.113761,0.000000,0.462745
10100626,noise,1832,0.070929,0.023529,0.114439,0.000000,0.462745
10100627,noise,1839,0.070870,0.023529,0.114207,0.000000,0.443137
10100628,noise,1838,0.070650,0.023529,0.113758,0.000000,0.458824
10100629,noise,1821,0.071275,0.023529,0.114785,0.000000,0.462745
10100630,noise,1832,0.070989,0.023529,0.113872,0.000000,0.470588
10100631,noise,1839,0.070360,0.023529,0.113646,0.000000,0.462745
10100632,noise,1842,0.070160,0.023529,0.113207,0.000000,0.447059
10100633,noise,1836,0.070919,0.023529,0.114458,0.000000,0.466667
10100634,noise,1837,0.070503,0.023529,0.113443,0.000000,0.478431
10100635,noise,1809,0.071544,0.023529,0.114312,0.000000,0.454902
10100636,noise,1791,0.072007,0.023529,0.114625,0.000000,0.466667
10100637,noise,1794,0.070597,0.023529,0.113295,0.000000,0.447059
10100638,noise,1804,0.070223,0.023529,0.112897,0.000000,0.447059
10100639,noise,1794,0.067613,0.023529,0.110426,0.000000,0.431373
10100640,noise,1809,0.066855,0.023529,0.111195,0.000000,0.443137
10100641,noise,1813,0.066991,0.023529,0.111168,0.000000,0.447059
10100642,noise,1770,0.068610,0.023529,0.112969,0.000000,0.505882
10100643,noise,1791,0.068088,0.023529,0.111870,0.000000,0.447059
10100644,noise,1810,0.067598,0.023529,0.112131,0.000000,0.450980
10100645,noise,1828,0.067662,0.023529,0.111904,0.000000,0.454902
10100646,noise,1798,0.067827,0.023529,0.112113,0.000000,0.450980
10100647,noise,1826,0.069117,0.023529,0.111842,0.000000,0.466667
10100648,noise,1809,0.068321,0.023529,0.111581,0.000000,0.466667
10100649,noise,1813,0.069645,0.023529,0.112746,0.000000,0.454902
10100650,noise,1828,0.067008,0.023529,0.109933,0.000000,0.466667
10100651,noise,1817,0.067670,0.023529,0.110732,0.000000,0.447059
10100652,noise,1797,0.067457,0.023529,0.111853,0.000000,0.462745
10100653,noise,1791,0.069489,0.023529,0.113632,0.000000,0.478431
10100654,noise,1801,0.069497,0.023529,0.114491,0.000000,0.454902
10100655,noise,1808,0.070937,0.023529,0.115388,0.000000,0.486275
10100656,noise,1795,0.070459,0.023529,0.114302,0.000000,0.466667
10100657,noise,1809,0.069565,0.023529,0.113322,0.000000,0.458824
10100658,noise,1793,0.070997,0.023529,0.115069,0.000000,0.447059
10100659,noise,1820,0.070933,0.023529,0.114125,0.000000,0.466667
10100660,noise,1821,0.070879,0.023529,0.114221,0.000000,0.454902
10100661,noise,1826,0.071780,0.023529,0.115069,0.000000,0.454902
10100662,noise,1804,0.072549,0.023529,0.115990,0.000000,0.458824
10100663,noise,1813,0.071858,0.023529,0.115591,0.000000,0.458824
10100664,noise,1809,0.071449,0.023529,0.115054,0.000000,0.470588
10100665,noise,1817,0.071439,0.023529,0.115031,0.000000,0.447059
10100666,noise,1809,0.072101,0.023529,0.115994,0.000000,0.501961
10100667,noise,1819,0.071597,0.023529,0.114406,0.000000,0.450980
10100668,noise,1828,0.071880,0.023529,0.115383,0.000000,0.490196
10100669,noise,1811,0.071978,0.023529,0.115224,0.000000,0.470588
10100670,noise,1828,0.070402,0.023529,0.114192,0.000000,0.462745
10100671,noise,1826,0.069826,0.023529,0.113787,0.000000,0.494118
10100672,noise,1810,0.068463,0.023529,0.112167,0.000000,0.454902
10100673,noise,1806,0.069989,0.023529,0.113730,0.000000,0.482353
10100674,noise,1811,0.071337,0.023529,0.114660,0.000000,0.462745
10100675,noise,1819,0.068570,0.023529,0.112283,0.000000,0.533333
10100676,noise,1811,0.068969,0.023529,0.112399,0.000000,0.486275
10100677,noise,1798,0.068863,0.023529,0.112360,0.000000,0.478431
10100678,noise,1802,0.068812,0.023529,0.112672,0.000000,0.450980
10100679,noise,1816,0.068370,0.023529,0.112673,0.000000,0.458824
10100680,noise,1826,0.068928,0.023529,0.113000,0.000000,0.447059
10100681,noise,1801,0.069547,0.023529,0.113966,0.000000,0.450980
10100682,noise,1792,0.069501,0.023529,0.114180,0.000000,0.450980
10100683,noise,1797,0.070014,0.023529,0.113671,0.000000,0.462745
10100684,noise,1811,0.069772,0.023529,0.114001,0.000000,0.474510
10100685,noise,1802,0.070575,0.023529,0.115107,0.000000,0.494118
10100686,noise,1791,0.069846,0.023529,0.114036,0.000000,0.486275
10100687,noise,1801,0.070120,0.023529,0.114282,0.000000,0.474510
10100688,noise,1821,0.070926,0.023529,0.114917,0.000000,0.474510
10100689,noise,1811,0.070943,0.023529,0.114397,0.000000,0.474510
10100690,noise,1808,0.071788,0.023529,0.115456,0.000000,0.462745
10100691,noise,1821,0.071693,0.023529,0.114469,0.000000,0.470588
10100692,noise,1815,0.072213,0.023529,0.115003,0.000000,0.474510
10100693,noise,1824,0.071691,0.023529,0.114940,0.000000,0.466667
10100694,noise,1823,0.072027,0.023529,0.115562,0.000000,0.462745
10100695,noise,1824,0.071973,0.023529,0.115133,0.000000,0.478431
10100696,noise,1807,0.073192,0.023529,0.116389,0.000000,0.458824
10100697,noise,1821,0.072285,0.023529,0.115582,0.000000,0.458824
10100698,noise,1843,0.071527,0.023529,0.115511,0.000000,0.474510
10100699,noise,1829,0.072786,0.023529,0.116922,0.000000,0.466667
10100700,noise,1821,0.072910,0.023529,0.117041,0.000000,0.458824
10100701,noise,1835,0.071714,0.023529,0.115649,0.000000,0.470588
10100702,noise,1823,0.072361,0.023529,0.116549,0.000000,0.466667
10100703,noise,1826,0.073348,0.023529,0.117683,0.000000,0.462745
10100704,noise,1850,0.071701,0.023529,0.115769,0.000000,0.454902
10100705,noise,1828,0.072626,0.023529,0.116333,0.000000,0.478431
10100706,noise,1830,0.071647,0.023529,0.115849,0.000000,0.474510
10100707,noise,1822,0.073020,0.023529,0.117256,0.000000,0.458824
10100708,noise,1827,0.072947,0.023529,0.116710,0.000000,0.462745
10100709,noise,1817,0.073139,0.023529,0.116753,0.000000,0.466667
10100710,noise,1831,0.072175,0.023529,0.116296,0.000000,0.458824
10100711,noise,1826,0.072736,0.023529,0.116342,0.000000,0.450980
10100712,noise,1835,0.072604,0.023529,0.116850,0.000000,0.462745
10100713,noise,1825,0.072606,0.023529,0.116935,0.000000,0.462745
10100714,noise,1823,0.073028,0.023529,0.117837,0.000000,0.474510
10100715,noise,1838,0.071832,0.023529,0.115416,0.000000,0.462745
10100716,noise,1839,0.071309,0.023529,0.114442,0.000000,0.458824
10100717,noise,1821,0.071820,0.023529,0.115915,0.000000,0.458824
10100718,noise,1830,0.072251,0.023529,0.116239,0.000000,0.486275
10100719,noise,1817,0.072837,0.023529,0.116581,0.000000,0.458824
10100720,noise,1822,0.071979,0.023529,0.115843,0.000000,0.478431
10100721,noise,1845,0.071215,0.023529,0.114711,0.000000,0.462745
10100722,noise,1820,0.072614,0.023529,0.116660,0.000000,0.462745
10100723,noise,1829,0.072087,0.023529,0.116459,0.000000,0.470588
10100724,noise,1825,0.072761,0.023529,0.116400,0.000000,0.490196
10100725,noise,1827,0.072247,0.023529,0.116237,0.000000,0.478431
10100726,noise,1834,0.072639,0.023529,0.116792,0.000000,0.478431
10100727,noise,1840,0.071799,0.023529,0.115528,0.000000,0.482353
10100728,noise,1834,0.072166,0.023529,0.116469,0.000000,0.482353
10100729,noise,1837,0.072358,0.023529,0.116325,0.000000,0.474510
10100730,noise,1823,0.072171,0.023529,0.115990,0.000000,0.490196
10100731,noise,1836,0.072410,0.023529,0.116824,0.000000,0.466667
10100732,noise,1832,0.072596,0.023529,0.116993,0.000000,0.478431
10100733,noise,1812,0.073471,0.023529,0.117313,0.000000,0.470588
10100734,noise,1836,0.072378,0.023529,0.116753,0.000000,0.458824
10100735,noise,1823,0.073684,0.023529,0.118105,0.000000,0.482353
10100736,noise,1828,0.073437,0.023529,0.117979,0.000000,0.478431
10100737,noise,1839,0.073000,0.023529,0.117733,0.000000,0.466667
10100738,noise,1823,0.073516,0.023529,0.117892,0.000000,0.466667
10100739,noise,1841,0.072618,0.023529,0.117478,0.000000,0.478431
10100740,noise,1825,0.073556,0.023529,0.118408,0.000000,0.482353
10100741,noise,1853,0.072491,0.023529,0.117611,0.000000,0.474510
10100742,noise,1811,0.071088,0.023529,0.115880,0.000000,0.474510
10100743,noise,1808,0.072208,0.023529,0.117672,0.000000,0.470588
10100744,noise,1828,0.071996,0.023529,0.117030,0.000000,0.470588
10100745,noise,1832,0.072603,0.023529,0.117940,0.000000,0.466667
10100746,noise,1814,0.073937,0.023529,0.118784,0.000000,0.478431
10100747,noise,1829,0.073120,0.023529,0.117545,0.000000,0.474510
10100748,noise,1806,0.073613,0.023529,0.117967,0.000000,0.494118
10100749,noise,1811,0.073581,0.023529,0.118274,0.000000,0.474510
10100750,noise,1801,0.073994,0.023529,0.118133,0.000000,0.490196
10100751,noise,1829,0.072801,0.023529,0.118126,0.000000,0.462745
10100752,noise,1829,0.073543,0.023529,0.118421,0.000000,0.478431
10100753,noise,1824,0.073293,0.023529,0.117409,0.000000,0.450980
10100754,noise,1825,0.073334,0.023529,0.117903,0.000000,0.490196
10100755,noise,1814,0.073546,0.023529,0.117962,0.000000,0.458824
10100756,noise,1833,0.072706,0.023529,0.116885,0.000000,0.490196
10100757,noise,1823,0.072565,0.023529,0.117017,0.000000,0.470588
10100758,noise,1824,0.072566,0.023529,0.116347,0.000000,0.474510
10100759,noise,1831,0.072689,0.023529,0.117199,0.000000,0.454902
10100760,noise,1836,0.072019,0.023529,0.116198,0.000000,0.486275
10100761,noise,1826,0.072143,0.023529,0.116595,0.000000,0.478431
10100762,noise,1836,0.072568,0.023529,0.116455,0.000000,0.462745
10100763,noise,1834,0.072271,0.023529,0.116954,0.000000,0.458824
10100764,noise,1832,0.072219,0.023529,0.116777,0.000000,0.462745
10100765,noise,1831,0.072846,0.023529,0.117508,0.000000,0.478431
10100766,noise,1832,0.073324,0.023529,0.117699,0.000000,0.474510
10100767,noise,1838,0.072963,0.023529,0.117632,0.000000,0.478431
10100768,noise,1824,0.072540,0.023529,0.116833,0.000000,0.462745
10100769,noise,1832,0.072224,0.023529,0.116736,0.000000,0.462745
10100770,noise,1835,0.072509,0.023529,0.117546,0.000000,0.470588
10100771,noise,1832,0.072504,0.023529,0.116112,0.000000,0.462745
10100772,noise,1835,0.072554,0.023529,0.116916,0.000000,0.474510
10100773,noise,1834,0.072780,0.023529,0.117883,0.000000,0.474510
10100774,noise,1822,0.072760,0.023529,0.117248,0.000000,0.478431
10100775,noise,1825,0.073098,0.023529,0.117424,0.000000,0.474510
10100776,noise,1819,0.073458,0.023529,0.117410,0.000000,0.466667
10100777,noise,1829,0.072777,0.023529,0.117950,0.000000,0.478431
10100778,noise,1837,0.072727,0.023529,0.117198,0.000000,0.478431
10100779,noise,1834,0.072998,0.023529,0.117331,0.000000,0.462745
10100780,noise,1826,0.072671,0.023529,0.117217,0.000000,0.474510
10100781,noise,1824,0.072508,0.023529,0.117299,0.000000,0.458824
10100782,noise,1836,0.073350,0.023529,0.118361,0.000000,0.470588
10100783,noise,1831,0.073019,0.023529,0.117335,0.000000,0.450980
10100784,noise,1830,0.073140,0.023529,0.118162,0.000000,0.513726
10100785,noise,1824,0.073108,0.023529,0.118001,0.000000,0.458824
10100786,noise,1816,0.072927,0.023529,0.117309,0.000000,0.490196
10100787,noise,1831,0.073141,0.023529,0.117624,0.000000,0.498039
10100788,noise,1839,0.072783,0.023529,0.117816,0.000000,0.474510
10100789,noise,1832,0.073001,0.023529,0.117854,0.000000,0.462745
10100790,noise,1821,0.074042,0.023529,0.118536,0.000000,0.478431
10100791,noise,1830,0.073550,0.023529,0.118457,0.000000,0.470588
10100792,noise,1827,0.073398,0.023529,0.117832,0.000000,0.490196
10100793,noise,1846,0.072651,0.023529,0.118015,0.000000,0.462745
10100794,noise,1826,0.073419,0.023529,0.118221,0.000000,0.474510
10100795,noise,1834,0.072990,0.023529,0.118196,0.000000,0.478431
10100796,noise,1849,0.072819,0.023529,0.117341,0.000000,0.462745
10100797,noise,1827,0.073228,0.023529,0.117799,0.000000,0.470588
10100798,noise,1841,0.072490,0.023529,0.117443,0.000000,0.466667
10100799,noise,1786,0.066774,0.023529,0.107217,0.000000,0.450980
10100800,noise,1808,0.067348,0.023529,0.108574,0.000000,0.505882
10100801,noise,1819,0.067270,0.023529,0.108884,0.000000,0.466667
10100802,noise,1806,0.067014,0.023529,0.107372,0.000000,0.443137
10100803,noise,1807,0.066563,0.023529,0.108596,0.000000,0.470588
10100804,noise,1819,0.066861,0.023529,0.107822,0.000000,0.447059
10100805,noise,1806,0.066736,0.023529,0.107453,0.000000,0.478431
10100806,noise,1822,0.067226,0.023529,0.108174,0.000000,0.447059
10100807,noise,1815,0.068054,0.023529,0.107738,0.000000,0.443137
10100808,noise,1807,0.067791,0.023529,0.107622,0.000000,0.458824
10100809,noise,1816,0.068550,0.023529,0.108702,0.000000,0.470588
10100810,noise,1825,0.067623,0.023529,0.107030,0.000000,0.447059
10100811,noise,1813,0.067367,0.023529,0.107524,0.000000,0.482353
10100812,noise,1794,0.068630,0.023529,0.108896,0.000000,0.486275
10100813,noise,1819,0.067482,0.023529,0.107947,0.000000,0.470588
10100814,noise,1822,0.068266,0.023529,0.107857,0.000000,0.447059
10100815,noise,1838,0.067962,0.023529,0.108590,0.000000,0.466667
10100816,noise,1825,0.068723,0.023529,0.109827,0.000000,0.462745
10100817,noise,1829,0.067494,0.023529,0.107669,0.000000,0.447059
10100818,noise,1823,0.067921,0.023529,0.107233,0.000000,0.454902
10100819,noise,1823,0.068280,0.023529,0.108192,0.000000,0.454902
10100820,noise,1817,0.068095,0.023529,0.108787,0.000000,0.458824
10100821,noise,1827,0.067888,0.023529,0.108474,0.000000,0.466667
10100822,noise,1825,0.067571,0.023529,0.108216,0.000000,0.470588
10100823,noise,1815,0.067909,0.023529,0.107995,0.000000,0.462745
10100824,noise,1829,0.067299,0.023529,0.107291,0.000000,0.447059
10100825,noise,1833,0.067839,0.023529,0.108278,0.000000,0.505882
10100826,noise,1846,0.067716,0.023529,0.108338,0.000000,0.458824
10100827,noise,1842,0.068257,0.023529,0.108145,0.000000,0.443137
10100828,noise,1843,0.068260,0.023529,0.108783,0.000000,0.462745
10100829,noise,1830,0.068520,0.023529,0.109556,0.000000,0.466667
10100830,noise,1836,0.066968,0.023529,0.107698,0.000000,0.474510
10100831,noise,1844,0.066879,0.023529,0.107295,0.000000,0.486275
10100832,noise,1825,0.067642,0.023529,0.107942,0.000000,0.458824
10100833,noise,1830,0.068094,0.023529,0.107879,0.000000,0.454902
10100834,noise,1838,0.068137,0.023529,0.108268,0.000000,0.498039
10100835,noise,1839,0.068784,0.023529,0.109040,0.000000,0.439216
10100836,noise,1843,0.068486,0.023529,0.109155,0.000000,0.505882
10100837,noise,1833,0.069142,0.023529,0.109389,0.000000,0.462745
10100838,noise,1833,0.067452,0.023529,0.108082,0.000000,0.462745
10100839,noise,1839,0.067829,0.023529,0.108854,0.000000,0.474510
10100840,noise,1840,0.068395,0.023529,0.109513,0.000000,0.482353
10100841,noise,1831,0.068461,0.023529,0.109159,0.000000,0.482353
10100842,noise,1828,0.067664,0.023529,0.107866,0.000000,0.486275
10100843,noise,1828,0.068104,0.023529,0.107865,0.000000,0.462745
10100844,noise,1854,0.068056,0.023529,0.108522,0.000000,0.458824
10100845,noise,1848,0.068252,0.023529,0.109302,0.000000,0.509804
10100846,noise,1828,0.068928,0.023529,0.111384,0.000000,0.470588
10100847,noise,1830,0.069305,0.023529,0.111759,0.000000,0.478431
10100848,noise,1828,0.066113,0.023529,0.104844,0.000000,0.466667
10100849,noise,1824,0.066714,0.023529,0.106154,0.000000,0.466667
10100850,noise,1822,0.066895,0.023529,0.105648,0.000000,0.454902
10100851,noise,1833,0.067978,0.023529,0.109080,0.000000,0.474510
10100852,noise,1842,0.068251,0.023529,0.109319,0.000000,0.454902
10100853,noise,1846,0.068043,0.023529,0.108548,0.000000,0.462745
10100854,noise,1821,0.068616,0.023529,0.108955,0.000000,0.462745
10100855,noise,1818,0.067844,0.023529,0.108384,0.000000,0.490196
10100856,noise,1835,0.068353,0.023529,0.108247,0.000000,0.466667
10100857,noise,1828,0.068271,0.023529,0.108322,0.000000,0.494118
10100858,noise,1835,0.068746,0.023529,0.109481,0.000000,0.470588
10100859,noise,1824,0.069305,0.023529,0.109716,0.000000,0.458824
10100860,noise,1833,0.068156,0.023529,0.108842,0.000000,0.458824
10100861,noise,1837,0.067651,0.023529,0.107827,0.000000,0.450980
10100862,noise,1825,0.068244,0.023529,0.109067,0.000000,0.454902
10100863,noise,1840,0.068299,0.023529,0.108919,0.000000,0.478431
10100864,noise,1828,0.068741,0.023529,0.110001,0.000000,0.482353
10100865,noise,1830,0.068780,0.023529,0.109819,0.000000,0.466667
10100866,noise,1836,0.069328,0.023529,0.110234,0.000000,0.490196
10100867,noise,1823,0.068781,0.023529,0.109287,0.000000,0.462745
10100868,noise,1836,0.067359,0.023529,0.108535,0.000000,0.443137
10100869,noise,1846,0.067268,0.023529,0.108580,0.000000,0.443137
10100870,noise,1827,0.068704,0.023529,0.109475,0.000000,0.458824
10100871,noise,1843,0.067641,0.023529,0.109042,0.000000,0.454902
10100872,noise,1820,0.068408,0.023529,0.109688,0.000000,0.466667
10100873,noise,1829,0.068614,0.023529,0.109931,0.000000,0.486275
10100874,noise,1832,0.068889,0.023529,0.109954,0.000000,0.478431
10100875,noise,1841,0.067706,0.023529,0.108572,0.000000,0.470588
10100876,noise,1841,0.067891,0.023529,0.108715,0.000000,0.450980
10100877,noise,1839,0.067251,0.023529,0.108472,0.000000,0.501961
10100878,noise,1841,0.067981,0.023529,0.109140,0.000000,0.462745
10100879,noise,1864,0.068274,0.023529,0.108844,0.000000,0.478431
10100880,noise,1837,0.068362,0.023529,0.109020,0.000000,0.490196
10100881,noise,1850,0.068102,0.023529,0.109079,0.000000,0.458824
10100882,noise,1853,0.068066,0.023529,0.109329,0.000000,0.478431
10100883,noise,1832,0.067820,0.023529,0.108821,0.000000,0.486275
10100884,noise,1841,0.067945,0.023529,0.109003,0.000000,0.509804
10100885,noise,1847,0.067618,0.023529,0.108689,0.000000,0.443137
10100886,noise,1863,0.067376,0.023529,0.108673,0.000000,0.454902
10100887,noise,1855,0.067705,0.023529,0.108970,0.000000,0.450980
10100888,noise,1843,0.068275,0.023529,0.108414,0.000000,0.482353
10100889,noise,1836,0.068014,0.023529,0.109644,0.000000,0.513726
10100890,noise,1842,0.066980,0.023529,0.108630,0.000000,0.462745
10100891,noise,1844,0.067522,0.023529,0.108646,0.000000,0.521569
10100892,noise,1840,0.067344,0.023529,0.107984,0.000000,0.478431
10100893,noise,1832,0.067955,0.023529,0.108292,0.000000,0.478431
10100894,noise,1837,0.067087,0.023529,0.107463,0.000000,0.474510
10100895,noise,1840,0.067813,0.023529,0.109113,0.000000,0.498039
10100896,noise,1851,0.066448,0.023529,0.107627,0.000000,0.470588
10100897,noise,1844,0.067258,0.023529,0.108795,0.000000,0.486275
10100898,noise,1853,0.067877,0.023529,0.108724,0.000000,0.494118
10100899,noise,1857,0.067769,0.023529,0.108302,0.000000,0.482353
10100900,noise,1853,0.068248,0.023529,0.108915,0.000000,0.466667
10100901,noise,1858,0.067002,0.023529,0.107162,0.000000,0.447059
10100902,noise,1853,0.066925,0.023529,0.108102,0.000000,0.478431
10100903,noise,1839,0.067068,0.023529,0.107136,0.000000,0.443137
10100904,noise,1846,0.066845,0.023529,0.107746,0.000000,0.462745
10100905,noise,1841,0.067127,0.023529,0.108022,0.000000,0.478431
10100906,noise,1852,0.066948,0.023529,0.107930,0.000000,0.447059
10100907,noise,1848,0.067456,0.023529,0.108827,0.000000,0.466667
10100908,noise,1844,0.066112,0.023529,0.108153,0.000000,0.462745
10100909,noise,1833,0.064820,0.023529,0.106035,0.000000,0.462745
10100910,noise,1837,0.067307,0.023529,0.108197,0.000000,0.470588
10100911,noise,1838,0.068260,0.023529,0.109395,0.000000,0.458824
10100912,noise,1851,0.067139,0.023529,0.107987,0.000000,0.474510
10100913,noise,1870,0.066912,0.023529,0.107756,0.000000,0.443137
10100914,noise,1860,0.066818,0.023529,0.108098,0.000000,0.447059
10100915,noise,1841,0.067382,0.023529,0.108763,0.000000,0.486275
10100916,noise,1855,0.067056,0.023529,0.108502,0.000000,0.450980
10100917,noise,1838,0.068139,0.023529,0.109178,0.000000,0.486275
10100918,noise,1840,0.067837,0.023529,0.108730,0.000000,0.458824
10100919,noise,1857,0.067442,0.023529,0.109171,0.000000,0.454902
10100920,noise,1862,0.067423,0.023529,0.108945,0.000000,0.474510
10100921,noise,1859,0.067532,0.023529,0.108359,0.000000,0.486275
10100922,noise,1850,0.067019,0.023529,0.108851,0.000000,0.474510
10100923,noise,1848,0.066966,0.023529,0.109129,0.000000,0.486275
10100924,noise,1857,0.067239,0.023529,0.109240,0.000000,0.458824
10100925,noise,1850,0.066633,0.023529,0.108358,0.000000,0.458824
10100926,noise,1836,0.067797,0.023529,0.109345,0.000000,0.458824
10100927,noise,1845,0.067687,0.023529,0.108803,0.000000,0.454902
10100928,noise,1837,0.067469,0.023529,0.108976,0.000000,0.478431
10100929,noise,1859,0.067221,0.023529,0.108278,0.000000,0.490196
10100930,noise,1844,0.067360,0.023529,0.109010,0.000000,0.462745
10100931,noise,1825,0.067788,0.023529,0.109654,0.000000,0.470588
10100932,noise,1836,0.067438,0.023529,0.108889,0.000000,0.474510
10100933,noise,1840,0.067012,0.023529,0.109516,0.000000,0.513726
10100934,noise,1843,0.066575,0.023529,0.108135,0.000000,0.474510
10100935,noise,1829,0.067636,0.023529,0.109197,0.000000,0.454902
10100936,noise,1841,0.067704,0.023529,0.109138,0.000000,0.478431
10100937,noise,1832,0.068255,0.023529,0.110799,0.000000,0.486275
10100938,noise,1841,0.068403,0.023529,0.110921,0.000000,0.501961
10100939,noise,1841,0.068166,0.023529,0.110263,0.000000,0.478431
10100940,noise,1836,0.067826,0.023529,0.109414,0.000000,0.478431
10100941,noise,1847,0.068070,0.023529,0.110044,0.000000,0.521569
10100942,noise,1847,0.067624,0.023529,0.109729,0.000000,0.462745
10100943,noise,1840,0.068199,0.023529,0.110072,0.000000,0.478431
10100944,noise,1837,0.067698,0.023529,0.109603,0.000000,0.486275
10100945,noise,1829,0.068451,0.023529,0.110282,0.000000,0.447059
10100946,noise,1843,0.067716,0.023529,0.109500,0.000000,0.450980
10100947,noise,1847,0.067907,0.023529,0.110070,0.000000,0.462745
10100948,noise,1852,0.067990,0.023529,0.110117,0.000000,0.482353
10100949,noise,1835,0.068077,0.023529,0.109805,0.000000,0.486275
10100950,noise,1837,0.068106,0.023529,0.109854,0.000000,0.458824
10100951,noise,1837,0.067751,0.023529,0.109941,0.000000,0.474510
10100952,noise,1835,0.068064,0.023529,0.110096,0.000000,0.454902
10100953,noise,1848,0.067982,0.023529,0.110042,0.000000,0.466667
10100954,noise,1843,0.068058,0.023529,0.109647,0.000000,0.447059
10100955,noise,1836,0.067406,0.023529,0.110094,0.000000,0.466667
10100956,noise,1840,0.068263,0.023529,0.110679,0.000000,0.462745
10100957,noise,1840,0.067837,0.023529,0.110055,0.000000,0.474510
10100958,noise,1843,0.068292,0.023529,0.110146,0.000000,0.466667
10100959,noise,1843,0.068709,0.023529,0.111024,0.000000,0.466667
10100960,noise,1840,0.067726,0.023529,0.110164,0.000000,0.498039
10100961,noise,1832,0.067724,0.023529,0.109857,0.000000,0.450980
10100962,noise,1844,0.067790,0.023529,0.109714,0.000000,0.450980
10100963,noise,1845,0.067719,0.023529,0.110066,0.000000,0.462745
10100964,noise,1841,0.067359,0.023529,0.110152,0.000000,0.498039
10100965,noise,1824,0.067965,0.023529,0.110485,0.000000,0.466667
10100966,noise,1832,0.068475,0.023529,0.111258,0.000000,0.454902
10100967,noise,1831,0.067791,0.023529,0.109867,0.000000,0.447059
10100968,noise,1844,0.068551,0.023529,0.111089,0.000000,0.462745
10100969,noise,1836,0.068369,0.023529,0.110429,0.000000,0.466667
10100970,noise,1836,0.068081,0.023529,0.110613,0.000000,0.450980
10100971,noise,1828,0.068192,0.023529,0.110068,0.000000,0.443137
10100972,noise,1834,0.068146,0.023529,0.110887,0.000000,0.494118
10100973,noise,1852,0.067937,0.023529,0.110525,0.000000,0.447059
10100974,noise,1843,0.067867,0.023529,0.110177,0.000000,0.470588
10100975,noise,1851,0.068097,0.023529,0.110603,0.000000,0.478431
10100976,noise,1843,0.068277,0.023529,0.110733,0.000000,0.470588
10100977,noise,1840,0.067436,0.023529,0.109982,0.000000,0.462745
10100978,noise,1844,0.068515,0.023529,0.110558,0.000000,0.447059
10100979,noise,1854,0.067860,0.023529,0.110652,0.000000,0.482353
10100980,noise,1855,0.067785,0.023529,0.110463,0.000000,0.482353
10100981,noise,1846,0.067899,0.023529,0.109906,0.000000,0.454902
10100982,noise,1853,0.068231,0.023529,0.110515,0.000000,0.498039
10100983,noise,1853,0.068502,0.023529,0.110905,0.000000,0.498039
10100984,noise,1846,0.068003,0.023529,0.110247,0.000000,0.478431
10100985,noise,1856,0.068294,0.023529,0.110764,0.000000,0.466667
10100986,noise,1844,0.068530,0.023529,0.110649,0.000000,0.450980
10100987,noise,1846,0.067905,0.023529,0.110762,0.000000,0.462745
10100988,noise,1850,0.068358,0.023529,0.110633,0.000000,0.486275
10100989,noise,1843,0.068367,0.023529,0.110400,0.000000,0.454902
10100990,noise,1853,0.067776,0.023529,0.110159,0.000000,0.447059
10100991,noise,1851,0.067826,0.023529,0.109992,0.000000,0.482353
10100992,noise,1853,0.068758,0.023529,0.110684,0.000000,0.443137
10100993,noise,1853,0.067985,0.023529,0.110891,0.000000,0.474510
10100994,noise,1844,0.068294,0.023529,0.110988,0.000000,0.474510
10100995,noise,1850,0.067474,0.023529,0.110495,0.000000,0.470588
10100996,noise,1851,0.068215,0.023529,0.111143,0.000000,0.466667
10100997,noise,1840,0.068679,0.023529,0.110770,0.000000,0.458824
10100998,noise,1850,0.068511,0.023529,0.111015,0.000000,0.462745
10100999,noise,1865,0.068515,0.023529,0.110251,0.000000,0.470588
10101000,noise,1835,0.069011,0.023529,0.112552,0.000000,0.501961
10101001,noise,1851,0.069851,0.023529,0.112688,0.000000,0.501961
10101002,noise,1831,0.068517,0.023529,0.109578,0.000000,0.474510
10101003,noise,1847,0.069482,0.023529,0.112331,0.000000,0.494118
10101004,noise,1837,0.069250,0.023529,0.109926,0.000000,0.501961
10101005,noise,1845,0.067802,0.023529,0.109062,0.000000,0.478431
10101006,noise,1842,0.068762,0.023529,0.110141,0.000000,0.470588
10101007,noise,1856,0.068406,0.023529,0.110431,0.000000,0.447059
10101008,noise,1838,0.068781,0.023529,0.110141,0.000000,0.454902
10101009,noise,1849,0.068972,0.023529,0.111782,0.000000,0.490196
10101010,noise,1863,0.068494,0.023529,0.109287,0.000000,0.470588
10101011,noise,1845,0.068087,0.023529,0.110610,0.000000,0.486275
10101012,noise,1849,0.068457,0.023529,0.109842,0.000000,0.447059
10101013,noise,1847,0.067688,0.023529,0.109938,0.000000,0.533333
10101014,noise,1856,0.068524,0.023529,0.110407,0.000000,0.509804
10101015,noise,1834,0.068717,0.023529,0.110397,0.000000,0.462745
10101016,noise,1844,0.069049,0.023529,0.111212,0.000000,0.462745
10101017,noise,1849,0.067988,0.023529,0.107650,0.000000,0.505882
10101018,noise,1858,0.068967,0.023529,0.111925,0.000000,0.470588
10101019,noise,1846,0.069481,0.023529,0.111691,0.000000,0.513726
10101020,noise,1848,0.069192,0.023529,0.111242,0.000000,0.513726
10101021,noise,1848,0.066851,0.023529,0.107643,0.000000,0.466667
10101022,noise,1832,0.068578,0.023529,0.111382,0.000000,0.474510
10101023,noise,1865,0.069127,0.023529,0.111434,0.000000,0.533333
10101024,noise,1849,0.068953,0.023529,0.110939,0.000000,0.490196
10101025,noise,1840,0.068146,0.023529,0.108786,0.000000,0.462745
10101026,noise,1838,0.068544,0.023529,0.109785,0.000000,0.443137
10101027,noise,1842,0.070288,0.023529,0.114650,0.000000,0.478431
10101028,noise,1845,0.068065,0.023529,0.107648,0.000000,0.454902
10101029,noise,1846,0.066849,0.023529,0.106999,0.000000,0.478431
10101030,noise,1856,0.069080,0.023529,0.110812,0.000000,0.490196
10101031,noise,1866,0.069846,0.023529,0.111209,0.000000,0.454902
10101032,noise,1862,0.068992,0.023529,0.111181,0.000000,0.478431
10101033,noise,1831,0.070061,0.023529,0.111375,0.000000,0.517647
10101034,noise,1817,0.069498,0.023529,0.109441,0.000000,0.435294
10101035,noise,1841,0.068379,0.023529,0.108300,0.000000,0.447059
10101036,noise,1822,0.069940,0.023529,0.110012,0.000000,0.470588
10101037,noise,1827,0.069030,0.023529,0.109866,0.000000,0.474510
10101038,noise,1834,0.068583,0.023529,0.108181,0.000000,0.525490
10101039,noise,1843,0.069731,0.023529,0.111706,0.000000,0.447059
10101040,noise,1826,0.070245,0.023529,0.111741,0.000000,0.482353
10101041,noise,1819,0.068605,0.023529,0.108487,0.000000,0.498039
10101042,noise,1839,0.070183,0.023529,0.111692,0.000000,0.494118
10101043,noise,1822,0.068718,0.023529,0.108048,0.000000,0.498039
10101044,noise,1832,0.068617,0.023529,0.108408,0.000000,0.462745
10101045,noise,1835,0.070054,0.023529,0.110023,0.000000,0.447059
10101046,noise,1824,0.071261,0.023529,0.113482,0.000000,0.486275
10101047,noise,1837,0.068848,0.023529,0.109782,0.000000,0.478431
10101048,noise,1822,0.068584,0.023529,0.109491,0.000000,0.498039
10101049,noise,1831,0.069667,0.023529,0.112210,0.000000,0.545098
10101050,noise,1855,0.069946,0.023529,0.111233,0.000000,0.470588
10101051,noise,1859,0.068622,0.023529,0.109157,0.000000,0.501961
10101052,noise,1868,0.068640,0.023529,0.110658,0.000000,0.478431
10101053,noise,1848,0.067329,0.023529,0.108097,0.000000,0.505882
10101054,noise,1828,0.067563,0.023529,0.108887,0.000000,0.498039
10101055,noise,1833,0.068560,0.023529,0.110090,0.000000,0.513726
10101056,noise,1848,0.067499,0.023529,0.108524,0.000000,0.458824
10101057,noise,1827,0.067512,0.023529,0.109829,0.000000,0.501961
10101058,noise,1853,0.070916,0.023529,0.113189,0.000000,0.513726
10101059,noise,1826,0.069895,0.023529,0.112107,0.000000,0.501961
10101060,noise,1837,0.069004,0.023529,0.109923,0.000000,0.443137
10101061,noise,1819,0.068314,0.023529,0.109551,0.000000,0.482353
10101062,noise,1827,0.068983,0.023529,0.110487,0.000000,0.447059
10101063,noise,1843,0.068409,0.023529,0.108910,0.000000,0.447059
10101064,noise,1821,0.067511,0.023529,0.108075,0.000000,0.478431
10101065,noise,1832,0.069691,0.023529,0.109743,0.000000,0.450980
10101066,noise,1833,0.069223,0.023529,0.111397,0.000000,0.462745
10101067,noise,1856,0.068699,0.023529,0.110935,0.000000,0.482353
10101068,noise,1844,0.070320,0.023529,0.112239,0.000000,0.454902
10101069,noise,1838,0.067987,0.023529,0.108761,0.000000,0.482353
10101070,noise,1845,0.068441,0.023529,0.107940,0.000000,0.443137
10101071,noise,1851,0.067275,0.023529,0.108618,0.000000,0.482353
10101072,noise,1851,0.067652,0.023529,0.106561,0.000000,0.490196
10101073,noise,1837,0.068381,0.023529,0.110457,0.000000,0.482353
10101074,noise,1851,0.069092,0.023529,0.110485,0.000000,0.462745
10101075,noise,1844,0.069614,0.023529,0.112974,0.000000,0.454902
10101076,noise,1822,0.069026,0.023529,0.109740,0.000000,0.498039
10101077,noise,1838,0.069150,0.023529,0.111045,0.000000,0.447059
10101078,noise,1844,0.068111,0.023529,0.107242,0.000000,0.501961
10101079,noise,1839,0.068592,0.023529,0.109699,0.000000,0.462745
10101080,noise,1833,0.069946,0.023529,0.111614,0.000000,0.486275
10101081,noise,1853,0.068940,0.023529,0.110191,0.000000,0.447059
10101082,noise,1848,0.068144,0.023529,0.108784,0.000000,0.462745
10101083,noise,1855,0.067345,0.023529,0.108183,0.000000,0.513726
10101084,noise,1850,0.068318,0.023529,0.109051,0.000000,0.474510
10101085,noise,1859,0.069217,0.023529,0.110383,0.000000,0.513726
10101086,noise,1852,0.068572,0.023529,0.109900,0.000000,0.521569
10101087,noise,1854,0.068386,0.023529,0.110480,0.000000,0.490196
10101088,noise,1851,0.068658,0.023529,0.110246,0.000000,0.533333
10101089,noise,1850,0.067275,0.023529,0.107692,0.000000,0.466667
10101090,noise,1862,0.069226,0.023529,0.110898,0.000000,0.482353
10101091,noise,1864,0.069227,0.023529,0.110584,0.000000,0.498039
10101092,noise,1866,0.070988,0.023529,0.113148,0.000000,0.490196
10101093,noise,1856,0.068452,0.023529,0.109597,0.000000,0.494118
10101094,noise,1836,0.069392,0.023529,0.112123,0.000000,0.470588
10101095,noise,1847,0.068374,0.023529,0.109841,0.000000,0.458824
10101096,noise,1869,0.069373,0.023529,0.110965,0.000000,0.458824
10101097,noise,1846,0.069050,0.023529,0.111327,0.000000,0.482353
10101098,noise,1845,0.067653,0.023529,0.106999,0.000000,0.498039
10101099,noise,1833,0.067856,0.023529,0.110637,0.000000,0.541176
10101100,noise,1861,0.069756,0.023529,0.114106,0.000000,0.462745
10101101,noise,1821,0.067373,0.023529,0.107925,0.000000,0.501961
10101102,noise,1830,0.067845,0.023529,0.109352,0.000000,0.447059
10101103,noise,1829,0.068221,0.023529,0.109454,0.000000,0.490196
10101104,noise,1822,0.068206,0.023529,0.108853,0.000000,0.498039
10101105,noise,1834,0.068985,0.023529,0.110538,0.000000,0.478431
10101106,noise,1838,0.066605,0.023529,0.106177,0.000000,0.509804
10101107,noise,1793,0.064508,0.023529,0.107134,0.000000,0.509804
10101108,noise,1811,0.066279,0.023529,0.110849,0.000000,0.470588
10101109,noise,1857,0.071629,0.023529,0.113639,0.000000,0.541176
10101110,noise,1837,0.070904,0.023529,0.113658,0.000000,0.482353
10101111,noise,1856,0.070341,0.023529,0.111388,0.000000,0.482353
10101112,noise,1855,0.070047,0.023529,0.110591,0.000000,0.490196
10101113,noise,1861,0.067448,0.023529,0.107344,0.000000,0.474510
10101114,noise,1863,0.069940,0.023529,0.112535,0.000000,0.521569
10101115,noise,1864,0.070557,0.023529,0.112702,0.000000,0.490196
10101116,noise,1865,0.070376,0.023529,0.112007,0.000000,0.454902
10101117,noise,1824,0.071377,0.023529,0.111778,0.000000,0.458824
10101118,noise,1857,0.070335,0.023529,0.111973,0.000000,0.486275
10101119,noise,1832,0.069929,0.023529,0.111819,0.000000,0.474510
10101120,noise,1831,0.071379,0.023529,0.112748,0.000000,0.505882
10101121,noise,1838,0.070776,0.023529,0.112705,0.000000,0.478431
10101122,noise,1854,0.070186,0.023529,0.111584,0.000000,0.486275
10101123,noise,1849,0.069085,0.023529,0.108908,0.000000,0.490196
10101124,noise,1834,0.068940,0.023529,0.108200,0.000000,0.501961
10101125,noise,1837,0.068601,0.023529,0.110014,0.000000,0.505882
10101126,noise,1850,0.069933,0.023529,0.110789,0.000000,0.486275
10101127,noise,1826,0.069948,0.023529,0.112361,0.000000,0.490196
10101128,noise,1842,0.071844,0.023529,0.114794,0.000000,0.478431
10101129,noise,1851,0.072048,0.023529,0.114221,0.000000,0.509804
10101130,noise,1828,0.068207,0.023529,0.109855,0.000000,0.498039
10101131,noise,1845,0.068894,0.023529,0.108827,0.000000,0.462745
10101132,noise,1842,0.069036,0.023529,0.112007,0.000000,0.533333
10101133,noise,1852,0.070366,0.023529,0.112851,0.000000,0.478431
10101134,noise,1834,0.068146,0.023529,0.110239,0.000000,0.482353
10101135,noise,1842,0.069083,0.023529,0.110474,0.000000,0.470588
10101136,noise,1840,0.069039,0.023529,0.110205,0.000000,0.447059
10101137,noise,1839,0.069138,0.023529,0.109646,0.000000,0.494118
10101138,noise,1861,0.069170,0.023529,0.109257,0.000000,0.474510
10101139,noise,1832,0.068912,0.023529,0.110419,0.000000,0.509804
10101140,noise,1853,0.069365,0.023529,0.110916,0.000000,0.482353
10101141,noise,1850,0.068973,0.023529,0.112426,0.000000,0.474510
10101142,noise,1837,0.069813,0.023529,0.111174,0.000000,0.450980
10101143,noise,1843,0.069199,0.023529,0.110016,0.000000,0.474510
10101144,noise,1859,0.068405,0.023529,0.108236,0.000000,0.541176
10101145,noise,1861,0.070116,0.023529,0.112241,0.000000,0.466667
10101146,noise,1836,0.070815,0.023529,0.114141,0.000000,0.509804
10101147,noise,1850,0.069993,0.023529,0.112464,0.000000,0.462745
10101148,noise,1836,0.070387,0.023529,0.113307,0.000000,0.505882
10101149,noise,1851,0.068209,0.023529,0.109384,0.000000,0.517647
10101150,noise,1826,0.069081,0.023529,0.110109,0.000000,0.490196
10101151,noise,1824,0.067656,0.023529,0.107419,0.000000,0.478431
10101152,noise,1837,0.070539,0.023529,0.111807,0.000000,0.470588
10101153,noise,1848,0.069686,0.023529,0.111023,0.000000,0.501961
10101154,noise,1838,0.069447,0.023529,0.110140,0.000000,0.501961
10101155,noise,1834,0.069774,0.023529,0.112021,0.000000,0.501961
10101156,noise,1821,0.070509,0.023529,0.113222,0.000000,0.490196
10101157,noise,1843,0.070888,0.023529,0.113205,0.000000,0.470588
10101158,noise,1840,0.072609,0.023529,0.114629,0.000000,0.537255
10101159,noise,1843,0.070554,0.023529,0.110089,0.000000,0.474510
10101160,noise,1830,0.069978,0.023529,0.111426,0.000000,0.498039
10101161,noise,1836,0.069499,0.023529,0.109811,0.000000,0.501961
10101162,noise,1815,0.068235,0.023529,0.108659,0.000000,0.478431
10101163,noise,1840,0.070620,0.023529,0.112977,0.000000,0.458824
10101164,noise,1831,0.069663,0.023529,0.111150,0.000000,0.509804
10101165,noise,1817,0.068549,0.023529,0.108390,0.000000,0.521569
10101166,noise,1813,0.069838,0.023529,0.111394,0.000000,0.494118
10101167,noise,1821,0.071469,0.023529,0.113639,0.000000,0.466667
10101168,noise,1812,0.068524,0.023529,0.109506,0.000000,0.462745
10101169,noise,1814,0.068197,0.023529,0.109531,0.000000,0.462745
10101170,noise,1812,0.067649,0.023529,0.108340,0.000000,0.537255
10101171,noise,1815,0.068471,0.023529,0.109931,0.000000,0.490196
10101172,noise,1819,0.067934,0.023529,0.109248,0.000000,0.482353
10101173,noise,1816,0.067546,0.023529,0.107898,0.000000,0.470588
10101174,noise,1821,0.068700,0.023529,0.110719,0.000000,0.470588
10101175,noise,1813,0.069024,0.023529,0.109648,0.000000,0.450980
10101176,noise,1829,0.069068,0.023529,0.109482,0.000000,0.450980
10101177,noise,1808,0.069079,0.023529,0.110748,0.000000,0.470588
10101178,noise,1827,0.070305,0.023529,0.110767,0.000000,0.450980
10101179,noise,1823,0.068616,0.023529,0.109261,0.000000,0.498039
10101180,noise,1807,0.067487,0.023529,0.106927,0.000000,0.509804
10101181,noise,1783,0.064852,0.023529,0.106439,0.000000,0.458824
10101182,noise,1775,0.065944,0.023529,0.107792,0.000000,0.474510
10101183,noise,1796,0.068298,0.023529,0.108430,0.000000,0.447059
10101184,noise,1791,0.068245,0.023529,0.109145,0.000000,0.482353
10101185,noise,1821,0.069511,0.023529,0.110076,0.000000,0.454902
10101186,noise,1760,0.063552,0.023529,0.107004,0.000000,0.501961
10101187,noise,1790,0.065135,0.023529,0.106178,0.000000,0.466667
10101188,noise,1777,0.064981,0.023529,0.108120,0.000000,0.462745
10101189,noise,1847,0.068784,0.023529,0.108253,0.000000,0.490196
10101190,noise,1844,0.069136,0.023529,0.111983,0.000000,0.513726
10101191,noise,1847,0.069474,0.023529,0.109289,0.000000,0.435294
10101192,noise,1845,0.069009,0.023529,0.110600,0.000000,0.505882
10101193,noise,1846,0.068538,0.023529,0.108923,0.000000,0.447059
10101194,noise,1847,0.067469,0.023529,0.107872,0.000000,0.454902
10101195,noise,1840,0.068672,0.023529,0.109295,0.000000,0.490196
10101196,noise,1837,0.068197,0.023529,0.107684,0.000000,0.447059
10101197,noise,1844,0.068598,0.023529,0.109090,0.000000,0.486275
10101198,noise,1838,0.069481,0.023529,0.111011,0.000000,0.458824
10101199,noise,1849,0.067914,0.023529,0.107309,0.000000,0.447059
10101200,noise,1824,0.068144,0.023529,0.108709,0.000000,0.470588
10101201,noise,1855,0.070808,0.023529,0.112589,0.000000,0.443137
10101202,noise,1843,0.070871,0.023529,0.113026,0.000000,0.478431
10101203,noise,1847,0.069535,0.023529,0.110934,0.000000,0.490196
10101204,noise,1858,0.069126,0.023529,0.110122,0.000000,0.470588
10101205,noise,1841,0.068486,0.023529,0.109108,0.000000,0.447059
10101206,noise,1851,0.069107,0.023529,0.109951,0.000000,0.482353
10101207,noise,1849,0.068660,0.023529,0.108814,0.000000,0.466667
10101208,noise,1839,0.068134,0.023529,0.108422,0.000000,0.474510
10101209,noise,1848,0.068840,0.023529,0.108687,0.000000,0.458824
10101210,noise,1843,0.068792,0.023529,0.107991,0.000000,0.435294
10101211,noise,1846,0.068910,0.023529,0.109136,0.000000,0.517647
10101212,noise,1853,0.067932,0.023529,0.107765,0.000000,0.474510
10101213,noise,1841,0.069504,0.023529,0.110364,0.000000,0.474510
10101214,noise,1834,0.069363,0.023529,0.109823,0.000000,0.478431
10101215,noise,1856,0.069965,0.023529,0.111791,0.000000,0.462745
10101216,noise,1817,0.068762,0.023529,0.108457,0.000000,0.450980
10101217,noise,1838,0.068544,0.023529,0.108327,0.000000,0.478431
10101218,noise,1826,0.068791,0.023529,0.108160,0.000000,0.439216
10101219,noise,1835,0.069419,0.023529,0.111025,0.000000,0.513726
10101220,noise,1850,0.069276,0.023529,0.109853,0.000000,0.454902
10101221,noise,1868,0.067857,0.023529,0.108625,0.000000,0.513726
10101222,noise,1850,0.069533,0.023529,0.111650,0.000000,0.517647
10101223,noise,1862,0.069649,0.023529,0.111876,0.000000,0.521569
10101224,noise,1847,0.066622,0.023529,0.106137,0.000000,0.447059
10101225,noise,1835,0.066122,0.023529,0.106484,0.000000,0.447059
10101226,noise,1841,0.067840,0.023529,0.107168,0.000000,0.443137
10101227,noise,1822,0.067616,0.023529,0.109222,0.000000,0.498039
10101228,noise,1832,0.068987,0.023529,0.108074,0.000000,0.447059
10101229,noise,1830,0.067385,0.023529,0.108331,0.000000,0.458824
10101230,noise,1822,0.069503,0.023529,0.110532,0.000000,0.494118
10101231,noise,1827,0.068427,0.023529,0.108168,0.000000,0.490196
10101232,noise,1826,0.068801,0.023529,0.107229,0.000000,0.478431
10101233,noise,1844,0.068006,0.023529,0.107615,0.000000,0.454902
10101234,noise,1837,0.068729,0.023529,0.108026,0.000000,0.454902
10101235,noise,1819,0.069678,0.023529,0.109561,0.000000,0.458824
10101236,noise,1803,0.068117,0.023529,0.109651,0.000000,0.458824
10101237,noise,1832,0.068101,0.023529,0.108308,0.000000,0.494118
10101238,noise,1807,0.066897,0.023529,0.105813,0.000000,0.482353
10101239,noise,1803,0.065805,0.023529,0.106839,0.000000,0.482353
10101240,noise,1815,0.066323,0.023529,0.105682,0.000000,0.478431
10101241,noise,1814,0.066911,0.023529,0.107483,0.000000,0.525490
10101242,noise,1827,0.069964,0.023529,0.110340,0.000000,0.458824
10101243,noise,1812,0.069359,0.023529,0.110396,0.000000,0.450980
10101244,noise,1809,0.068574,0.023529,0.108592,0.000000,0.494118
10101245,noise,1808,0.067825,0.023529,0.106698,0.000000,0.462745
10101246,noise,1836,0.067213,0.023529,0.105988,0.000000,0.474510
10101247,noise,1837,0.067815,0.023529,0.108147,0.000000,0.458824
10101248,noise,1834,0.067374,0.023529,0.105276,0.000000,0.486275
10101249,noise,1835,0.067342,0.023529,0.107493,0.000000,0.478431
10101250,noise,1814,0.066641,0.023529,0.105957,0.000000,0.458824
10101251,noise,1848,0.068137,0.023529,0.109769,0.000000,0.454902
10101252,noise,1840,0.065085,0.023529,0.104097,0.000000,0.462745
10101253,noise,1841,0.067076,0.023529,0.105110,0.000000,0.458824
10101254,noise,1826,0.067960,0.023529,0.108594,0.000000,0.494118
10101255,noise,1837,0.068108,0.023529,0.107050,0.000000,0.435294
10101256,noise,1837,0.068748,0.023529,0.110114,0.000000,0.474510
10101257,noise,1835,0.069246,0.023529,0.110115,0.000000,0.490196
10101258,noise,1837,0.067168,0.023529,0.106870,0.000000,0.443137
10101259,noise,1842,0.065394,0.023529,0.104969,0.000000,0.501961
10101260,noise,1847,0.068682,0.023529,0.109045,0.000000,0.498039
10101261,noise,1844,0.069004,0.023529,0.109352,0.000000,0.478431
10101262,noise,1847,0.068399,0.023529,0.108634,0.000000,0.450980
10101263,noise,1822,0.068231,0.023529,0.109012,0.000000,0.490196
10101264,noise,1843,0.066579,0.023529,0.106325,0.000000,0.474510
10101265,noise,1824,0.067090,0.023529,0.108190,0.000000,0.498039
10101266,noise,1831,0.066517,0.023529,0.106538,0.000000,0.474510
10101267,noise,1846,0.068207,0.023529,0.108930,0.000000,0.458824
10101268,noise,1848,0.068364,0.023529,0.109569,0.000000,0.474510
10101269,noise,1820,0.068293,0.023529,0.109616,0.000000,0.454902
10101270,noise,1830,0.066977,0.023529,0.108625,0.000000,0.494118
10101271,noise,1829,0.066652,0.023529,0.106759,0.000000,0.486275
10101272,noise,1814,0.068407,0.023529,0.109854,0.000000,0.454902
10101273,noise,1854,0.069463,0.023529,0.109034,0.000000,0.443137
10101274,noise,1842,0.069773,0.023529,0.111517,0.000000,0.521569
10101275,noise,1842,0.069317,0.023529,0.111266,0.000000,0.486275
10101276,noise,1844,0.068815,0.023529,0.109315,0.000000,0.474510
10101277,noise,1850,0.071252,0.023529,0.114355,0.000000,0.478431
10101278,noise,1842,0.069818,0.023529,0.111206,0.000000,0.462745
10101279,noise,1818,0.068211,0.023529,0.109374,0.000000,0.498039
10101280,noise,1835,0.068983,0.023529,0.107883,0.000000,0.482353
10101281,noise,1819,0.067320,0.023529,0.107683,0.000000,0.498039
10101282,noise,1810,0.068435,0.023529,0.108808,0.000000,0.490196
10101283,noise,1822,0.067827,0.023529,0.108348,0.000000,0.501961
10101284,noise,1787,0.066432,0.023529,0.108982,0.000000,0.474510
10101285,noise,1811,0.068044,0.023529,0.109022,0.000000,0.498039
10101286,noise,1803,0.065185,0.023529,0.106206,0.000000,0.466667
10101287,noise,1817,0.064416,0.023529,0.105821,0.000000,0.545098
10101288,noise,1810,0.065726,0.023529,0.106930,0.000000,0.443137
10101289,noise,1827,0.066025,0.023529,0.106724,0.000000,0.478431
10101290,noise,1795,0.064414,0.023529,0.108959,0.000000,0.533333
10101291,noise,1861,0.071440,0.023529,0.116030,0.000000,0.458824
10101292,noise,1851,0.072474,0.023529,0.116331,0.000000,0.482353
10101293,noise,1854,0.069188,0.023529,0.110565,0.000000,0.443137
10101294,noise,1833,0.065670,0.023529,0.104325,0.000000,0.486275
10101295,noise,1833,0.068410,0.023529,0.110021,0.000000,0.474510
10101296,noise,1829,0.071004,0.023529,0.113466,0.000000,0.498039
10101297,noise,1825,0.069879,0.023529,0.109508,0.000000,0.525490
10101298,noise,1851,0.068162,0.023529,0.108158,0.000000,0.501961
10101299,noise,1837,0.068629,0.023529,0.108461,0.000000,0.498039
10101300,noise,1847,0.068705,0.023529,0.107441,0.000000,0.423529
10101301,noise,1856,0.068332,0.023529,0.108212,0.000000,0.533333
10101302,noise,1843,0.068607,0.023529,0.109069,0.000000,0.458824
10101303,noise,1829,0.069025,0.023529,0.108280,0.000000,0.490196
10101304,noise,1840,0.067366,0.023529,0.107152,0.000000,0.501961
10101305,noise,1824,0.067290,0.023529,0.106545,0.000000,0.490196
10101306,noise,1845,0.067209,0.023529,0.106482,0.000000,0.494118
10101307,noise,1833,0.067565,0.023529,0.106660,0.000000,0.490196
10101308,noise,1843,0.067801,0.023529,0.107967,0.000000,0.478431
10101309,noise,1836,0.067100,0.023529,0.106089,0.000000,0.521569
10101310,noise,1846,0.066170,0.023529,0.104864,0.000000,0.490196
10101311,noise,1827,0.067611,0.023529,0.108183,0.000000,0.447059
10101312,noise,1833,0.068000,0.023529,0.108173,0.000000,0.478431
10101313,noise,1836,0.068845,0.023529,0.110121,0.000000,0.478431
10101314,noise,1845,0.067872,0.023529,0.106706,0.000000,0.529412
10101315,noise,1829,0.065938,0.023529,0.104487,0.000000,0.462745
10101316,noise,1843,0.067590,0.023529,0.108080,0.000000,0.482353
10101317,noise,1825,0.067374,0.023529,0.107021,0.000000,0.498039
10101318,noise,1825,0.067930,0.023529,0.108136,0.000000,0.494118
10101319,noise,1833,0.067914,0.023529,0.108322,0.000000,0.486275
10101320,noise,1847,0.068745,0.023529,0.108124,0.000000,0.474510
10101321,noise,1837,0.068172,0.023529,0.108392,0.000000,0.466667
10101322,noise,1834,0.067409,0.023529,0.106796,0.000000,0.509804
10101323,noise,1839,0.067142,0.023529,0.106110,0.000000,0.450980
10101324,noise,1843,0.067420,0.023529,0.107272,0.000000,0.490196
10101325,noise,1843,0.068271,0.023529,0.108658,0.000000,0.466667
10101326,noise,1835,0.068220,0.023529,0.109158,0.000000,0.474510
10101327,noise,1856,0.068746,0.023529,0.108886,0.000000,0.529412
10101328,noise,1835,0.066761,0.023529,0.107197,0.000000,0.466667
10101329,noise,1816,0.067969,0.023529,0.107186,0.000000,0.447059
10101330,noise,1824,0.067408,0.023529,0.109015,0.000000,0.466667
10101331,noise,1835,0.068750,0.023529,0.109315,0.000000,0.474510
10101332,noise,1830,0.067119,0.023529,0.107706,0.000000,0.525490
10101333,noise,1842,0.068338,0.023529,0.107274,0.000000,0.466667
10101334,noise,1841,0.067455,0.023529,0.105147,0.000000,0.513726
10101335,noise,1810,0.066225,0.023529,0.106619,0.000000,0.498039
10101336,noise,1833,0.068408,0.023529,0.109069,0.000000,0.454902
10101337,noise,1836,0.069341,0.023529,0.110918,0.000000,0.462745
10101338,noise,1817,0.065760,0.023529,0.105236,0.000000,0.490196
10101339,noise,1817,0.065326,0.023529,0.105961,0.000000,0.509804
10101340,noise,1843,0.068177,0.023529,0.108248,0.000000,0.482353
10101341,noise,1833,0.067766,0.023529,0.108231,0.000000,0.470588
10101342,noise,1810,0.066764,0.023529,0.106279,0.000000,0.435294
10101343,noise,1806,0.067060,0.023529,0.107337,0.000000,0.482353
10101344,noise,1813,0.066297,0.023529,0.106792,0.000000,0.450980
10101345,noise,1814,0.065964,0.023529,0.106042,0.000000,0.458824
10101346,noise,1809,0.065771,0.023529,0.105996,0.000000,0.494118
10101347,noise,1839,0.068505,0.023529,0.106594,0.000000,0.482353
10101348,noise,1812,0.067318,0.023529,0.106362,0.000000,0.458824
10101349,noise,1819,0.068131,0.023529,0.108838,0.000000,0.462745
10101350,noise,1826,0.070017,0.023529,0.110884,0.000000,0.443137
10101351,noise,1818,0.067715,0.023529,0.109292,0.000000,0.450980
10101352,noise,1809,0.066918,0.023529,0.107974,0.000000,0.521569
10101353,noise,1831,0.067999,0.023529,0.108233,0.000000,0.505882
10101354,noise,1814,0.070030,0.023529,0.111000,0.000000,0.454902
10101355,noise,1819,0.069193,0.023529,0.108942,0.000000,0.525490
10101356,noise,1802,0.068673,0.023529,0.108852,0.000000,0.533333
10101357,noise,1798,0.068780,0.023529,0.109449,0.000000,0.494118
10101358,noise,1794,0.066048,0.023529,0.107201,0.000000,0.458824
10101359,noise,1777,0.064806,0.023529,0.106720,0.000000,0.474510
10101360,noise,1780,0.066779,0.023529,0.108857,0.000000,0.482353
10101361,noise,1785,0.065408,0.023529,0.105610,0.000000,0.505882
10101362,noise,1793,0.065595,0.023529,0.106347,0.000000,0.486275
10101363,noise,1749,0.061613,0.023529,0.100338,0.000000,0.447059
10101364,noise,1774,0.064620,0.023529,0.106693,0.000000,0.474510
10101365,noise,1792,0.065268,0.023529,0.106449,0.000000,0.478431
10101366,noise,1769,0.061836,0.023529,0.103833,0.000000,0.443137
10101367,noise,1774,0.063994,0.023529,0.107210,0.000000,0.454902
10101368,noise,1819,0.067947,0.023529,0.109487,0.000000,0.470588
10101369,noise,1836,0.069597,0.023529,0.109627,0.000000,0.470588
10101370,noise,1826,0.067414,0.023529,0.107981,0.000000,0.474510
10101371,noise,1807,0.066938,0.023529,0.108590,0.000000,0.474510
10101372,noise,1823,0.067387,0.023529,0.109187,0.000000,0.486275
10101373,noise,1829,0.066761,0.023529,0.108020,0.000000,0.490196
10101374,noise,1825,0.068987,0.023529,0.109511,0.000000,0.513726
10101375,noise,1846,0.069373,0.023529,0.110298,0.000000,0.482353
10101376,noise,1852,0.069712,0.023529,0.110216,0.000000,0.462745
10101377,noise,1821,0.066264,0.023529,0.107139,0.000000,0.533333
10101378,noise,1822,0.066990,0.023529,0.106179,0.000000,0.443137
10101379,noise,1824,0.065809,0.023529,0.106577,0.000000,0.509804
10101380,noise,1810,0.066808,0.023529,0.107222,0.000000,0.494118
10101381,noise,1827,0.067062,0.023529,0.107670,0.000000,0.450980
10101382,noise,1827,0.064608,0.023529,0.103581,0.000000,0.533333
10101383,noise,1839,0.066622,0.023529,0.106749,0.000000,0.470588
10101384,noise,1824,0.066243,0.023529,0.108068,0.000000,0.478431
10101385,noise,1823,0.064974,0.023529,0.104908,0.000000,0.513726
10101386,noise,1821,0.068654,0.023529,0.112035,0.000000,0.466667
10101387,noise,1820,0.066479,0.023529,0.108443,0.000000,0.482353
10101388,noise,1818,0.065400,0.023529,0.105409,0.000000,0.505882
10101389,noise,1822,0.067228,0.023529,0.106597,0.000000,0.525490
10101390,noise,1835,0.067940,0.023529,0.109624,0.000000,0.447059
10101391,noise,1813,0.065237,0.023529,0.105995,0.000000,0.470588
10101392,noise,1813,0.067486,0.023529,0.109820,0.000000,0.478431
10101393,noise,1819,0.068437,0.023529,0.109790,0.000000,0.470588
10101394,noise,1825,0.067152,0.023529,0.109134,0.000000,0.509804
10101395,noise,1827,0.067590,0.023529,0.107836,0.000000,0.474510
10101396,noise,1830,0.068437,0.023529,0.107519,0.000000,0.450980
10101397,noise,1840,0.066336,0.023529,0.105330,0.000000,0.490196
10101398,noise,1829,0.067001,0.023529,0.106547,0.000000,0.478431
10101399,noise,1822,0.067586,0.023529,0.107932,0.000000,0.454902
10101400,noise,1826,0.065619,0.023529,0.105892,0.000000,0.494118
10101401,noise,1804,0.065449,0.023529,0.106142,0.000000,0.454902
10101402,noise,1821,0.065954,0.023529,0.107773,0.000000,0.474510
10101403,noise,1798,0.064952,0.023529,0.105935,0.000000,0.498039
10101404,noise,1821,0.066111,0.023529,0.105567,0.000000,0.439216
10101405,noise,1825,0.066821,0.023529,0.106563,0.000000,0.482353
10101406,noise,1840,0.066319,0.023529,0.106209,0.000000,0.513726
10101407,noise,1822,0.065457,0.023529,0.106580,0.000000,0.498039
10101408,noise,1816,0.064706,0.023529,0.105638,0.000000,0.478431
10101409,noise,1826,0.065423,0.023529,0.105438,0.000000,0.486275
10101410,noise,1823,0.065481,0.023529,0.105997,0.000000,0.474510
10101411,noise,1802,0.065633,0.023529,0.107060,0.000000,0.517647
10101412,noise,1821,0.063417,0.023529,0.103571,0.000000,0.478431
10101413,noise,1802,0.064469,0.023529,0.105162,0.000000,0.478431
10101414,noise,1832,0.067103,0.023529,0.106433,0.000000,0.474510
10101415,noise,1818,0.063970,0.023529,0.104826,0.000000,0.482353
10101416,noise,1816,0.063825,0.023529,0.103627,0.000000,0.490196
10101417,noise,1814,0.064931,0.023529,0.105202,0.000000,0.443137
10101418,noise,1796,0.063105,0.023529,0.104370,0.000000,0.517647
10101419,noise,1792,0.063585,0.023529,0.104497,0.000000,0.466667
10101420,noise,1803,0.065214,0.023529,0.107236,0.000000,0.513726
10101421,noise,1806,0.064322,0.023529,0.105324,0.000000,0.447059
10101422,noise,1816,0.064948,0.023529,0.105134,0.000000,0.478431
10101423,noise,1804,0.065784,0.023529,0.106472,0.000000,0.482353
10101424,noise,1829,0.066210,0.023529,0.105865,0.000000,0.470588
10101425,noise,1848,0.066225,0.023529,0.106429,0.000000,0.447059
10101426,noise,1825,0.066557,0.023529,0.106521,0.000000,0.454902
10101427,noise,1830,0.065512,0.023529,0.106330,0.000000,0.458824
10101428,noise,1835,0.067171,0.023529,0.107222,0.000000,0.454902
10101429,noise,1822,0.065298,0.023529,0.104958,0.000000,0.470588
10101430,noise,1834,0.066153,0.023529,0.106138,0.000000,0.462745
10101431,noise,1824,0.066806,0.023529,0.107772,0.000000,0.490196
10101432,noise,1813,0.066652,0.023529,0.106856,0.000000,0.482353
10101433,noise,1821,0.065956,0.023529,0.106271,0.000000,0.482353
10101434,noise,1834,0.066292,0.023529,0.106553,0.000000,0.478431
10101435,noise,1824,0.066566,0.023529,0.106483,0.000000,0.474510
10101436,noise,1817,0.066865,0.023529,0.106693,0.000000,0.450980
10101437,noise,1804,0.064995,0.023529,0.105146,0.000000,0.501961
10101438,noise,1837,0.065979,0.023529,0.106177,0.000000,0.470588
10101439,noise,1831,0.067637,0.023529,0.107354,0.000000,0.478431
10101440,noise,1826,0.067723,0.023529,0.107083,0.000000,0.498039
10101441,noise,1840,0.066021,0.023529,0.106694,0.000000,0.458824
10101442,noise,1830,0.066911,0.023529,0.107172,0.000000,0.458824
10101443,noise,1823,0.067000,0.023529,0.107285,0.000000,0.478431
10101444,noise,1780,0.063472,0.023529,0.104800,0.000000,0.486275
10101445,noise,1814,0.066321,0.023529,0.107020,0.000000,0.447059
10101446,noise,1815,0.064048,0.023529,0.103971,0.000000,0.474510
10101447,noise,1809,0.064653,0.023529,0.104905,0.000000,0.470588
10101448,noise,1818,0.064717,0.023529,0.105235,0.000000,0.470588
10101449,noise,1812,0.059830,0.023529,0.098649,0.000000,0.494118
10101450,noise,1804,0.060897,0.023529,0.100457,0.000000,0.450980
10101451,noise,1790,0.060992,0.023529,0.101236,0.000000,0.478431
10101452,noise,1784,0.060063,0.023529,0.100672,0.000000,0.501961
10101453,noise,1796,0.061352,0.023529,0.101900,0.000000,0.501961
10101454,noise,1813,0.062356,0.023529,0.103426,0.000000,0.482353
10101455,noise,1811,0.063421,0.023529,0.103092,0.000000,0.486275
10101456,noise,1806,0.064951,0.023529,0.104840,0.000000,0.501961
10101457,noise,1814,0.066189,0.023529,0.105961,0.000000,0.470588
10101458,noise,1835,0.065263,0.023529,0.105200,0.000000,0.513726
10101459,noise,1801,0.064798,0.023529,0.103971,0.000000,0.486275
10101460,noise,1799,0.066191,0.023529,0.106323,0.000000,0.505882
10101461,noise,1808,0.065326,0.023529,0.105232,0.000000,0.490196
10101462,noise,1788,0.063149,0.023529,0.103176,0.000000,0.462745
10101463,noise,1799,0.065132,0.023529,0.105781,0.000000,0.470588
10101464,noise,1798,0.064935,0.023529,0.104694,0.000000,0.498039
10101465,noise,1815,0.065688,0.023529,0.105638,0.000000,0.462745
10101466,noise,1787,0.063713,0.023529,0.104050,0.000000,0.462745
10101467,noise,1795,0.064897,0.023529,0.105464,0.000000,0.494118
10101468,noise,1802,0.064995,0.023529,0.105211,0.000000,0.478431
10101469,noise,1793,0.060766,0.023529,0.099550,0.000000,0.466667
10101470,noise,1786,0.061526,0.023529,0.100202,0.000000,0.454902
10101471,noise,1814,0.063746,0.023529,0.102787,0.000000,0.466667
10101472,noise,1847,0.065301,0.023529,0.104165,0.000000,0.466667
10101473,noise,1797,0.064316,0.023529,0.104092,0.000000,0.450980
10101474,noise,1811,0.060980,0.023529,0.102000,0.000000,0.494118
10101475,noise,1812,0.062317,0.023529,0.103234,0.000000,0.462745
10101476,noise,1809,0.065964,0.023529,0.106691,0.000000,0.494118
10101477,noise,1824,0.067512,0.023529,0.107333,0.000000,0.462745
10101478,noise,1818,0.064132,0.023529,0.104520,0.000000,0.478431
10101479,noise,1830,0.065070,0.023529,0.104806,0.000000,0.478431
10101480,noise,1804,0.065165,0.023529,0.105285,0.000000,0.450980
10101481,noise,1820,0.064212,0.023529,0.105075,0.000000,0.478431
10101482,noise,1824,0.066338,0.023529,0.106085,0.000000,0.486275
10101483,noise,1834,0.066838,0.023529,0.107062,0.000000,0.443137
10101484,noise,1834,0.066603,0.023529,0.106431,0.000000,0.501961
10101485,noise,1829,0.066296,0.023529,0.106448,0.000000,0.443137
10101486,noise,1838,0.066167,0.023529,0.106296,0.000000,0.474510
10101487,noise,1836,0.067431,0.023529,0.107133,0.000000,0.454902
10101488,noise,1827,0.065881,0.023529,0.105140,0.000000,0.443137
10101489,noise,1830,0.067275,0.023529,0.106909,0.000000,0.466667
10101490,noise,1823,0.064662,0.023529,0.104600,0.000000,0.545098
10101491,noise,1820,0.064449,0.023529,0.105498,0.000000,0.466667
10101492,noise,1835,0.066049,0.023529,0.105626,0.000000,0.482353
10101493,noise,1829,0.065397,0.023529,0.105694,0.000000,0.447059
10101494,noise,1828,0.065869,0.023529,0.106521,0.000000,0.466667
10101495,noise,1804,0.066236,0.023529,0.108183,0.000000,0.450980
10101496,noise,1840,0.065876,0.023529,0.107332,0.000000,0.470588
10101497,noise,1819,0.064429,0.023529,0.104752,0.000000,0.474510
10101498,noise,1820,0.064286,0.023529,0.105816,0.000000,0.498039
10101499,noise,1844,0.065778,0.023529,0.105701,0.000000,0.490196
10101500,noise,1836,0.067226,0.023529,0.107817,0.000000,0.458824
10101501,noise,1847,0.067365,0.023529,0.108457,0.000000,0.462745
10101502,noise,1840,0.065997,0.023529,0.105751,0.000000,0.470588
10101503,noise,1829,0.064799,0.023529,0.105921,0.000000,0.494118
10101504,noise,1825,0.064251,0.023529,0.104514,0.000000,0.533333
10101505,noise,1814,0.065184,0.023529,0.106186,0.000000,0.490196
10101506,noise,1825,0.064643,0.023529,0.106608,0.000000,0.521569
10101507,noise,1825,0.064052,0.023529,0.103939,0.000000,0.501961
10101508,noise,1813,0.064039,0.023529,0.103454,0.000000,0.454902
10101509,noise,1815,0.064681,0.023529,0.106036,0.000000,0.501961
10101510,noise,1839,0.065888,0.023529,0.107583,0.000000,0.521569
10101511,noise,1827,0.066516,0.023529,0.107376,0.000000,0.498039
10101512,noise,1819,0.064899,0.023529,0.106661,0.000000,0.458824
10101513,noise,1819,0.065235,0.023529,0.104802,0.000000,0.521569
10101514,noise,1812,0.065067,0.023529,0.105021,0.000000,0.505882
10101515,noise,1825,0.065474,0.023529,0.105585,0.000000,0.462745
10101516,noise,1835,0.066295,0.023529,0.106701,0.000000,0.498039
10101517,noise,1827,0.066808,0.023529,0.108574,0.000000,0.454902
10101518,noise,1835,0.067908,0.023529,0.109535,0.000000,0.482353
10101519,noise,1853,0.067799,0.023529,0.108859,0.000000,0.466667
10101520,noise,1844,0.067141,0.023529,0.106703,0.000000,0.462745
10101521,noise,1844,0.066752,0.023529,0.106967,0.000000,0.458824
10101522,noise,1846,0.065760,0.023529,0.106519,0.000000,0.454902
10101523,noise,1820,0.067348,0.023529,0.108190,0.000000,0.494118
10101524,noise,1847,0.068106,0.023529,0.108537,0.000000,0.470588
10101525,noise,1835,0.065487,0.023529,0.106377,0.000000,0.474510
10101526,noise,1838,0.065519,0.023529,0.107026,0.000000,0.486275
10101527,noise,1843,0.066662,0.023529,0.107486,0.000000,0.549020
10101528,noise,1846,0.067109,0.023529,0.107162,0.000000,0.447059
10101529,noise,1841,0.067636,0.023529,0.108284,0.000000,0.474510
10101530,noise,1860,0.066719,0.023529,0.107509,0.000000,0.525490
10101531,noise,1855,0.066542,0.023529,0.107233,0.000000,0.490196
10101532,noise,1863,0.066187,0.023529,0.107347,0.000000,0.466667
10101533,noise,1867,0.066742,0.023529,0.107177,0.000000,0.450980
10101534,noise,1870,0.067770,0.023529,0.108203,0.000000,0.443137
10101535,noise,1861,0.068083,0.023529,0.108700,0.000000,0.450980
10101536,noise,1867,0.066936,0.023529,0.108091,0.000000,0.454902
10101537,noise,1863,0.066618,0.023529,0.107656,0.000000,0.470588
10101538,noise,1852,0.066508,0.023529,0.107873,0.000000,0.454902
10101539,noise,1833,0.067514,0.023529,0.108488,0.000000,0.494118
10101540,noise,1846,0.066556,0.023529,0.108485,0.000000,0.478431
10101541,noise,1865,0.066608,0.023529,0.108238,0.000000,0.454902
10101542,noise,1870,0.067185,0.023529,0.109021,0.000000,0.458824
10101543,noise,1857,0.066477,0.023529,0.109468,0.000000,0.470588
10101544,noise,1855,0.066965,0.023529,0.108300,0.000000,0.498039
10101545,noise,1873,0.066776,0.023529,0.108275,0.000000,0.462745
10101546,noise,1854,0.066971,0.023529,0.108462,0.000000,0.494118
10101547,noise,1879,0.066986,0.023529,0.108395,0.000000,0.482353
10101548,noise,1871,0.067212,0.023529,0.108785,0.000000,0.458824
10101549,noise,1868,0.066327,0.023529,0.108012,0.000000,0.482353
10101550,noise,1880,0.067520,0.023529,0.108445,0.000000,0.470588
10101551,noise,1862,0.067345,0.023529,0.107993,0.000000,0.454902
10101552,noise,1867,0.067711,0.023529,0.109147,0.000000,0.478431
10101553,noise,1869,0.067634,0.023529,0.110090,0.000000,0.501961
10101554,noise,1872,0.068060,0.023529,0.109719,0.000000,0.478431
10101555,noise,1872,0.067132,0.023529,0.108680,0.000000,0.462745
10101556,noise,1867,0.066999,0.023529,0.109021,0.000000,0.498039
10101557,noise,1863,0.067595,0.023529,0.109022,0.000000,0.458824
10101558,noise,1866,0.066885,0.023529,0.109050,0.000000,0.447059
10101559,noise,1866,0.067566,0.023529,0.109092,0.000000,0.505882
10101560,noise,1871,0.066346,0.023529,0.108861,0.000000,0.501961
10101561,noise,1881,0.067480,0.023529,0.109685,0.000000,0.474510
10101562,noise,1867,0.065877,0.023529,0.107978,0.000000,0.474510
10101563,noise,1857,0.066312,0.023529,0.107966,0.000000,0.458824
10101564,noise,1865,0.066240,0.023529,0.108488,0.000000,0.482353
10101565,noise,1864,0.066768,0.023529,0.108379,0.000000,0.470588
10101566,noise,1881,0.066965,0.023529,0.109424,0.000000,0.474510
10101567,noise,1854,0.067322,0.023529,0.109237,0.000000,0.478431
10101568,noise,1883,0.066479,0.023529,0.108957,0.000000,0.560784
10101569,noise,1878,0.068250,0.023529,0.109996,0.000000,0.478431
10101570,noise,1880,0.066381,0.023529,0.108340,0.000000,0.450980
10101571,noise,1864,0.067001,0.023529,0.108758,0.000000,0.458824
10101572,noise,1880,0.067255,0.023529,0.109203,0.000000,0.454902
10101573,noise,1873,0.067758,0.023529,0.110152,0.000000,0.490196
10101574,noise,1881,0.067751,0.023529,0.109129,0.000000,0.450980
10101575,noise,1888,0.067520,0.023529,0.109143,0.000000,0.498039
10101576,noise,1872,0.068014,0.023529,0.110134,0.000000,0.498039
10101577,noise,1860,0.067742,0.023529,0.109858,0.000000,0.454902
10101578,noise,1869,0.067602,0.023529,0.109958,0.000000,0.450980
10101579,noise,1892,0.066897,0.023529,0.109147,0.000000,0.482353
10101580,noise,1882,0.067969,0.023529,0.109408,0.000000,0.462745
10101581,noise,1881,0.068180,0.023529,0.109720,0.000000,0.447059
10101582,noise,1877,0.066817,0.023529,0.108496,0.000000,0.505882
10101583,noise,1876,0.066757,0.023529,0.108039,0.000000,0.501961
10101584,noise,1883,0.067610,0.023529,0.109294,0.000000,0.454902
10101585,noise,1883,0.067437,0.023529,0.108988,0.000000,0.478431
10101586,noise,1869,0.067613,0.023529,0.109716,0.000000,0.509804
10101587,noise,1887,0.067727,0.023529,0.109375,0.000000,0.474510
10101588,noise,1878,0.068149,0.023529,0.109968,0.000000,0.494118
10101589,noise,1880,0.068283,0.023529,0.109936,0.000000,0.513726
10101590,noise,1880,0.067739,0.023529,0.108783,0.000000,0.447059
10101591,noise,1890,0.066899,0.023529,0.108466,0.000000,0.454902
10101592,noise,1890,0.066532,0.023529,0.107719,0.000000,0.478431
10101593,noise,1865,0.067209,0.023529,0.108785,0.000000,0.494118
10101594,noise,1868,0.066241,0.023529,0.108293,0.000000,0.454902
10101595,noise,1879,0.067497,0.023529,0.109408,0.000000,0.482353
10101596,noise,1882,0.066871,0.023529,0.107681,0.000000,0.458824
10101597,noise,1877,0.065854,0.023529,0.108435,0.000000,0.458824
10101598,noise,1852,0.066521,0.023529,0.108126,0.000000,0.474510
10101599,noise,1767,0.059119,0.019608,0.095146,0.000000,0.415686
10101600,noise,1781,0.059026,0.019608,0.095569,0.000000,0.415686
10101601,noise,1770,0.058509,0.019608,0.094474,0.000000,0.419608
10101602,noise,1786,0.060071,0.019608,0.095358,0.000000,0.392157
10101603,noise,1785,0.059300,0.019608,0.093720,0.000000,0.423529
10101604,noise,1784,0.060336,0.019608,0.096380,0.000000,0.423529
10101605,noise,1784,0.061200,0.019608,0.097594,0.000000,0.415686
10101606,noise,1782,0.059924,0.019608,0.096473,0.000000,0.407843
10101607,noise,1776,0.058863,0.019608,0.093379,0.000000,0.388235
10101608,noise,1784,0.059545,0.019608,0.096067,0.000000,0.415686
10101609,noise,1774,0.060108,0.019608,0.095062,0.000000,0.407843
10101610,noise,1797,0.059875,0.019608,0.096643,0.000000,0.415686
10101611,noise,1778,0.059509,0.019608,0.095175,0.000000,0.411765
10101612,noise,1766,0.057831,0.019608,0.094419,0.000000,0.419608
10101613,noise,1780,0.058365,0.019608,0.093091,0.000000,0.372549
10101614,noise,1778,0.059265,0.019608,0.095606,0.000000,0.435294
10101615,noise,1784,0.059617,0.019608,0.095070,0.000000,0.435294
10101616,noise,1787,0.059366,0.019608,0.095827,0.000000,0.407843
10101617,noise,1778,0.058338,0.019608,0.094011,0.000000,0.400000
10101618,noise,1774,0.059297,0.019608,0.095959,0.000000,0.415686
10101619,noise,1768,0.059686,0.019608,0.096373,0.000000,0.415686
10101620,noise,1755,0.058520,0.019608,0.093561,0.000000,0.447059
10101621,noise,1766,0.058020,0.019608,0.094231,0.000000,0.427451
10101622,noise,1745,0.057329,0.019608,0.094696,0.000000,0.407843
10101623,noise,1771,0.059585,0.023529,0.094953,0.000000,0.415686
10101624,noise,1765,0.058870,0.019608,0.094934,0.000000,0.443137
10101625,noise,1770,0.060855,0.021569,0.097742,0.000000,0.400000
10101626,noise,1774,0.059997,0.019608,0.095901,0.000000,0.447059
10101627,noise,1768,0.059442,0.019608,0.095757,0.000000,0.403922
10101628,noise,1772,0.058534,0.019608,0.094683,0.000000,0.407843
10101629,noise,1777,0.058186,0.019608,0.094207,0.000000,0.415686
10101630,noise,1762,0.058336,0.019608,0.093685,0.000000,0.450980
10101631,noise,1769,0.057997,0.019608,0.094633,0.000000,0.443137
10101632,noise,1777,0.060834,0.019608,0.098342,0.000000,0.400000
10101633,noise,1773,0.058425,0.019608,0.094230,0.000000,0.411765
10101634,noise,1775,0.057911,0.019608,0.094876,0.000000,0.419608
10101635,noise,1760,0.057923,0.019608,0.094695,0.000000,0.431373
10101636,noise,1764,0.057472,0.019608,0.092963,0.000000,0.415686
10101637,noise,1762,0.057755,0.019608,0.093860,0.000000,0.400000
10101638,noise,1767,0.058184,0.019608,0.093981,0.000000,0.384314
10101639,noise,1764,0.057447,0.019608,0.093964,0.000000,0.400000
10101640,noise,1777,0.057460,0.019608,0.092764,0.000000,0.427451
10101641,noise,1762,0.057103,0.019608,0.091995,0.000000,0.396078
10101642,noise,1777,0.057469,0.019608,0.093467,0.000000,0.411765
10101643,noise,1755,0.056097,0.019608,0.092116,0.000000,0.388235
10101644,noise,1781,0.058266,0.019608,0.094840,0.000000,0.396078
10101645,noise,1757,0.056433,0.019608,0.092203,0.000000,0.392157
10101646,noise,1784,0.057324,0.019608,0.091689,0.000000,0.415686
10101647,noise,1757,0.058109,0.019608,0.094134,0.000000,0.407843
10101648,noise,1773,0.058151,0.019608,0.094153,0.000000,0.407843
10101649,noise,1785,0.058215,0.019608,0.095948,0.000000,0.423529
10101650,noise,1770,0.057224,0.019608,0.093007,0.000000,0.396078
10101651,noise,1758,0.055473,0.019608,0.091761,0.000000,0.403922
10101652,noise,1734,0.055911,0.019608,0.093183,0.000000,0.400000
10101653,noise,1793,0.059117,0.019608,0.094659,0.000000,0.411765
10101654,noise,1748,0.057549,0.019608,0.094279,0.000000,0.411765
10101655,noise,1745,0.057997,0.019608,0.095406,0.000000,0.411765
10101656,noise,1749,0.057045,0.019608,0.093503,0.000000,0.419608
10101657,noise,1782,0.058172,0.019608,0.094706,0.000000,0.415686
10101658,noise,1760,0.057297,0.019608,0.094469,0.000000,0.415686
10101659,noise,1760,0.058148,0.019608,0.094907,0.000000,0.427451
10101660,noise,1762,0.057724,0.019608,0.094059,0.000000,0.400000
10101661,noise,1764,0.060000,0.019608,0.095822,0.000000,0.388235
10101662,noise,1782,0.060082,0.019608,0.095388,0.000000,0.403922
10101663,noise,1780,0.058409,0.019608,0.093960,0.000000,0.411765
10101664,noise,1769,0.058841,0.019608,0.095545,0.000000,0.407843
10101665,noise,1785,0.060267,0.019608,0.096364,0.000000,0.388235
10101666,noise,1780,0.059687,0.019608,0.095423,0.000000,0.423529
10101667,noise,1800,0.059031,0.019608,0.095587,0.000000,0.407843
10101668,noise,1785,0.060120,0.019608,0.095750,0.000000,0.392157
10101669,noise,1792,0.057806,0.019608,0.092557,0.000000,0.400000
10101670,noise,1780,0.058233,0.019608,0.093069,0.000000,0.419608
10101671,noise,1778,0.059037,0.019608,0.094495,0.000000,0.388235
10101672,noise,1779,0.059520,0.019608,0.095123,0.000000,0.423529
10101673,noise,1774,0.059330,0.019608,0.094817,0.000000,0.380392
10101674,noise,1767,0.059276,0.019608,0.095779,0.000000,0.407843
10101675,noise,1788,0.058440,0.019608,0.093889,0.000000,0.392157
10101676,noise,1767,0.057745,0.019608,0.092547,0.000000,0.403922
10101677,noise,1776,0.058589,0.019608,0.093892,0.000000,0.423529
10101678,noise,1797,0.060331,0.019608,0.096587,0.000000,0.380392
10101679,noise,1782,0.060111,0.019608,0.096511,0.000000,0.380392
10101680,noise,1777,0.059795,0.019608,0.096223,0.000000,0.403922
10101681,noise,1784,0.059386,0.019608,0.095273,0.000000,0.388235
10101682,noise,1786,0.060631,0.019608,0.098069,0.000000,0.396078
10101683,noise,1803,0.061112,0.019608,0.098884,0.000000,0.403922
10101684,noise,1760,0.058382,0.019608,0.095023,0.000000,0.435294
10101685,noise,1787,0.059837,0.019608,0.096490,0.000000,0.407843
10101686,noise,1767,0.058116,0.019608,0.095066,0.000000,0.411765
10101687,noise,1738,0.055342,0.019608,0.092678,0.000000,0.407843
10101688,noise,1741,0.056510,0.019608,0.094441,0.000000,0.396078
10101689,noise,1747,0.057097,0.019608,0.094986,0.000000,0.400000
10101690,noise,1767,0.059305,0.019608,0.095420,0.000000,0.396078
10101691,noise,1764,0.058065,0.019608,0.093233,0.000000,0.400000
10101692,noise,1731,0.056012,0.019608,0.094450,0.000000,0.419608
10101693,noise,1755,0.054390,0.019608,0.088993,0.000000,0.396078
10101694,noise,1715,0.056169,0.019608,0.096496,0.000000,0.431373
10101695,noise,1776,0.061935,0.019608,0.099217,0.000000,0.392157
10101696,noise,1747,0.060880,0.019608,0.107729,0.000000,0.450980
10101697,noise,1776,0.060380,0.019608,0.098012,0.000000,0.443137
10101698,noise,1757,0.058408,0.019608,0.097417,0.000000,0.423529
10101699,noise,1789,0.061708,0.019608,0.099110,0.000000,0.407843
10101700,noise,1799,0.061276,0.019608,0.098266,0.000000,0.396078
10101701,noise,1790,0.059610,0.019608,0.095692,0.000000,0.403922
10101702,noise,1776,0.058327,0.019608,0.093932,0.000000,0.392157
10101703,noise,1739,0.054697,0.019608,0.092895,0.000000,0.380392
10101704,noise,1726,0.056156,0.019608,0.094123,0.000000,0.372549
10101705,noise,1706,0.053102,0.019608,0.090466,0.000000,0.384314
10101706,noise,1740,0.055179,0.019608,0.092594,0.000000,0.372549
10101707,noise,1741,0.056202,0.019608,0.093895,0.000000,0.403922
10101708,noise,1771,0.057043,0.019608,0.093772,0.000000,0.396078
10101709,noise,1762,0.056353,0.019608,0.092734,0.000000,0.384314
10101710,noise,1751,0.055334,0.019608,0.091890,0.000000,0.396078
10101711,noise,1756,0.056642,0.019608,0.093204,0.000000,0.419608
10101712,noise,1765,0.058917,0.019608,0.095838,0.000000,0.411765
10101713,noise,1787,0.060430,0.019608,0.096704,0.000000,0.423529
10101714,noise,1793,0.060204,0.019608,0.096735,0.000000,0.380392
10101715,noise,1788,0.059966,0.019608,0.095928,0.000000,0.396078
10101716,noise,1794,0.060633,0.019608,0.096396,0.000000,0.423529
10101717,noise,1798,0.060154,0.019608,0.096131,0.000000,0.400000
10101718,noise,1804,0.060593,0.019608,0.096691,0.000000,0.411765
10101719,noise,1798,0.059982,0.019608,0.096568,0.000000,0.384314
10101720,noise,1796,0.061029,0.019608,0.097131,0.000000,0.427451
10101721,noise,1803,0.059874,0.019608,0.095762,0.000000,0.400000
10101722,noise,1795,0.059857,0.019608,0.095605,0.000000,0.396078
10101723,noise,1791,0.060838,0.019608,0.096750,0.000000,0.396078
10101724,noise,1794,0.060686,0.019608,0.096766,0.000000,0.388235
10101725,noise,1792,0.060520,0.019608,0.096799,0.000000,0.419608
10101726,noise,1798,0.060915,0.019608,0.097590,0.000000,0.435294
10101727,noise,1788,0.060620,0.019608,0.096419,0.000000,0.411765
10101728,noise,1805,0.060792,0.019608,0.097451,0.000000,0.411765
10101729,noise,1798,0.061668,0.019608,0.098833,0.000000,0.415686
10101730,noise,1797,0.060129,0.019608,0.096989,0.000000,0.400000
10101731,noise,1794,0.061545,0.019608,0.098848,0.000000,0.439216
10101732,noise,1791,0.061271,0.019608,0.098549,0.000000,0.392157
10101733,noise,1795,0.061026,0.019608,0.097050,0.000000,0.443137
10101734,noise,1780,0.061084,0.019608,0.096706,0.000000,0.388235
10101735,noise,1785,0.061910,0.019608,0.099672,0.000000,0.419608
10101736,noise,1779,0.061023,0.019608,0.097742,0.000000,0.400000
10101737,noise,1802,0.060736,0.019608,0.098243,0.000000,0.435294
10101738,noise,1798,0.061205,0.019608,0.098766,0.000000,0.423529
10101739,noise,1788,0.060618,0.019608,0.097433,0.000000,0.423529
10101740,noise,1776,0.060347,0.019608,0.096695,0.000000,0.423529
10101741,noise,1795,0.060488,0.019608,0.096359,0.000000,0.411765
10101742,noise,1776,0.062262,0.019608,0.099118,0.000000,0.415686
10101743,noise,1791,0.061155,0.019608,0.098136,0.000000,0.419608
10101744,noise,1777,0.061715,0.019608,0.097803,0.000000,0.415686
10101745,noise,1781,0.061173,0.019608,0.097145,0.000000,0.415686
10101746,noise,1776,0.061946,0.019608,0.098330,0.000000,0.415686
10101747,noise,1796,0.061706,0.019608,0.098439,0.000000,0.447059
10101748,noise,1783,0.061813,0.019608,0.098825,0.000000,0.419608
10101749,noise,1782,0.061541,0.019608,0.097916,0.000000,0.419608
10101750,noise,1787,0.060289,0.019608,0.096423,0.000000,0.419608
10101751,noise,1769,0.059832,0.019608,0.096135,0.000000,0.447059
10101752,noise,1799,0.058946,0.019608,0.095233,0.000000,0.423529
10101753,noise,1781,0.059486,0.019608,0.096970,0.000000,0.400000
10101754,noise,1778,0.060034,0.019608,0.096856,0.000000,0.423529
10101755,noise,1791,0.060963,0.019608,0.097541,0.000000,0.403922
10101756,noise,1792,0.061139,0.019608,0.098643,0.000000,0.419608
10101757,noise,1782,0.061440,0.019608,0.098349,0.000000,0.403922
10101758,noise,1794,0.061228,0.019608,0.097951,0.000000,0.415686
10101759,noise,1791,0.060715,0.019608,0.096893,0.000000,0.411765
10101760,noise,1788,0.060646,0.019608,0.097094,0.000000,0.403922
10101761,noise,1795,0.060733,0.019608,0.097052,0.000000,0.396078
10101762,noise,1777,0.059614,0.019608,0.096572,0.000000,0.415686
10101763,noise,1787,0.059234,0.019608,0.095817,0.000000,0.403922
10101764,noise,1766,0.059505,0.019608,0.096572,0.000000,0.415686
10101765,noise,1778,0.060354,0.019608,0.096752,0.000000,0.403922
10101766,noise,1782,0.060287,0.019608,0.096527,0.000000,0.415686
10101767,noise,1742,0.058146,0.019608,0.095165,0.000000,0.407843
10101768,noise,1754,0.056818,0.019608,0.093884,0.000000,0.403922
10101769,noise,1761,0.058514,0.019608,0.096077,0.000000,0.376471
10101770,noise,1730,0.056246,0.019608,0.092357,0.000000,0.407843
10101771,noise,1754,0.058533,0.019608,0.095966,0.000000,0.419608
10101772,noise,1754,0.057918,0.019608,0.094302,0.000000,0.396078
10101773,noise,1757,0.057317,0.019608,0.094422,0.000000,0.400000
10101774,noise,1766,0.058599,0.019608,0.095954,0.000000,0.396078
10101775,noise,1785,0.059478,0.019608,0.095797,0.000000,0.376471
10101776,noise,1770,0.060964,0.019608,0.096943,0.000000,0.435294
10101777,noise,1744,0.058621,0.019608,0.096467,0.000000,0.403922
10101778,noise,1769,0.060803,0.019608,0.098045,0.000000,0.400000
10101779,noise,1743,0.054731,0.019608,0.091749,0.000000,0.407843
10101780,noise,1718,0.055233,0.019608,0.092120,0.000000,0.447059
10101781,noise,1731,0.054945,0.019608,0.092950,0.000000,0.439216
10101782,noise,1723,0.054922,0.019608,0.092331,0.000000,0.423529
10101783,noise,1712,0.055142,0.019608,0.091863,0.000000,0.427451
10101784,noise,1715,0.055115,0.019608,0.092733,0.000000,0.435294
10101785,noise,1735,0.054301,0.019608,0.091482,0.000000,0.423529
10101786,noise,1723,0.053837,0.019608,0.091217,0.000000,0.423529
10101787,noise,1721,0.053485,0.019608,0.091075,0.000000,0.439216
10101788,noise,1710,0.053398,0.019608,0.090951,0.000000,0.443137
10101789,noise,1711,0.053715,0.019608,0.091329,0.000000,0.435294
10101790,noise,1720,0.053662,0.019608,0.090384,0.000000,0.427451
10101791,noise,1716,0.054511,0.019608,0.091888,0.000000,0.435294
10101792,noise,1715,0.055153,0.019608,0.092705,0.000000,0.419608
10101793,noise,1731,0.054336,0.019608,0.091365,0.000000,0.415686
10101794,noise,1720,0.054704,0.019608,0.092305,0.000000,0.435294
10101795,noise,1716,0.053407,0.019608,0.090077,0.000000,0.388235
10101796,noise,1720,0.054052,0.019608,0.091523,0.000000,0.415686
10101797,noise,1717,0.054002,0.019608,0.091251,0.000000,0.396078
10101798,noise,1720,0.053584,0.019608,0.089937,0.000000,0.403922
10101799,noise,1751,0.060566,0.019608,0.102488,0.000000,0.407843
10101800,noise,1745,0.059513,0.019608,0.099276,0.000000,0.407843
10101801,noise,1727,0.057116,0.019608,0.095641,0.000000,0.396078
10101802,noise,1705,0.056367,0.019608,0.093416,0.000000,0.372549
10101803,noise,1680,0.051660,0.019608,0.090523,0.000000,0.431373
10101804,noise,1682,0.052629,0.019608,0.093093,0.000000,0.407843
10101805,noise,1703,0.055418,0.019608,0.096104,0.000000,0.403922
10101806,noise,1741,0.055983,0.019608,0.093163,0.000000,0.415686
10101807,noise,1689,0.051909,0.019608,0.089954,0.000000,0.423529
10101808,noise,1690,0.052208,0.019608,0.090726,0.000000,0.396078
10101809,noise,1689,0.054707,0.019608,0.094833,0.000000,0.411765
10101810,noise,1692,0.053437,0.019608,0.092071,0.000000,0.388235
10101811,noise,1752,0.061536,0.019608,0.101046,0.000000,0.415686
10101812,noise,1770,0.060549,0.019608,0.099545,0.000000,0.411765
10101813,noise,1723,0.056973,0.019608,0.094875,0.000000,0.454902
10101814,noise,1722,0.054626,0.019608,0.091614,0.000000,0.415686
10101815,noise,1750,0.059175,0.019608,0.096875,0.000000,0.427451
10101816,noise,1735,0.059536,0.019608,0.098255,0.000000,0.447059
10101817,noise,1780,0.065067,0.019608,0.109177,0.000000,0.415686
10101818,noise,1699,0.056919,0.019608,0.097976,0.000000,0.411765
10101819,noise,1754,0.059883,0.019608,0.098129,0.000000,0.403922
10101820,noise,1754,0.056340,0.019608,0.091454,0.000000,0.415686
10101821,noise,1732,0.055765,0.019608,0.091740,0.000000,0.450980
10101822,noise,1747,0.058292,0.019608,0.095979,0.000000,0.447059
10101823,noise,1772,0.061973,0.019608,0.102806,0.000000,0.396078
10101824,noise,1762,0.058872,0.019608,0.097278,0.000000,0.415686
10101825,noise,1733,0.056491,0.019608,0.094208,0.000000,0.443137
10101826,noise,1749,0.059767,0.019608,0.098294,0.000000,0.392157
10101827,noise,1742,0.058619,0.019608,0.095254,0.000000,0.407843
10101828,noise,1722,0.056280,0.019608,0.095930,0.000000,0.415686
10101829,noise,1680,0.052134,0.019608,0.091563,0.000000,0.439216
10101830,noise,1680,0.052962,0.019608,0.091103,0.000000,0.411765
10101831,noise,1724,0.055507,0.019608,0.094132,0.000000,0.403922
10101832,noise,1741,0.056909,0.019608,0.093721,0.000000,0.380392
10101833,noise,1697,0.053592,0.019608,0.092625,0.000000,0.384314
10101834,noise,1740,0.059098,0.019608,0.100400,0.000000,0.419608
10101835,noise,1764,0.058972,0.019608,0.096447,0.000000,0.400000
10101836,noise,1774,0.059339,0.019608,0.098363,0.000000,0.388235
10101837,noise,1772,0.061227,0.019608,0.101018,0.000000,0.400000
10101838,noise,1742,0.058610,0.019608,0.097437,0.000000,0.447059
10101839,noise,1775,0.058536,0.019608,0.096716,0.000000,0.415686
10101840,noise,1755,0.056707,0.019608,0.093930,0.000000,0.466667
10101841,noise,1778,0.058402,0.019608,0.096110,0.000000,0.400000
10101842,noise,1742,0.059123,0.019608,0.096247,0.000000,0.407843
10101843,noise,1770,0.060532,0.019608,0.100758,0.000000,0.407843
10101844,noise,1757,0.060678,0.019608,0.100309,0.000000,0.411765
10101845,noise,1752,0.058358,0.019608,0.097560,0.000000,0.415686
10101846,noise,1721,0.057946,0.019608,0.096232,0.000000,0.419608
10101847,noise,1761,0.058405,0.019608,0.096500,0.000000,0.407843
10101848,noise,1751,0.058568,0.019608,0.095576,0.000000,0.427451
10101849,noise,1775,0.060279,0.019608,0.100622,0.000000,0.396078
10101850,noise,1758,0.060392,0.019608,0.099062,0.000000,0.396078
10101851,noise,1763,0.058828,0.019608,0.097317,0.000000,0.403922
10101852,noise,1751,0.059728,0.019608,0.098771,0.000000,0.407843
10101853,noise,1766,0.058266,0.019608,0.095809,0.000000,0.427451
10101854,noise,1787,0.059006,0.019608,0.097740,0.000000,0.407843
10101855,noise,1775,0.058629,0.019608,0.096569,0.000000,0.396078
10101856,noise,1755,0.058332,0.019608,0.096427,0.000000,0.407843
10101857,noise,1769,0.058828,0.019608,0.096353,0.000000,0.439216
10101858,noise,1752,0.057700,0.019608,0.095636,0.000000,0.396078
10101859,noise,1750,0.058909,0.019608,0.098366,0.000000,0.415686
10101860,noise,1769,0.059954,0.019608,0.098694,0.000000,0.407843
10101861,noise,1779,0.060098,0.019608,0.098578,0.000000,0.423529
10101862,noise,1774,0.057552,0.019608,0.093842,0.000000,0.380392
10101863,noise,1757,0.058359,0.019608,0.095846,0.000000,0.443137
10101864,noise,1762,0.059516,0.019608,0.096657,0.000000,0.435294
10101865,noise,1777,0.058985,0.019608,0.096426,0.000000,0.415686
10101866,noise,1786,0.059537,0.019608,0.098083,0.000000,0.423529
10101867,noise,1773,0.060140,0.019608,0.097972,0.000000,0.376471
10101868,noise,1767,0.059090,0.019608,0.096104,0.000000,0.415686
10101869,noise,1771,0.058305,0.019608,0.095083,0.000000,0.419608
10101870,noise,1761,0.058819,0.019608,0.095459,0.000000,0.431373
10101871,noise,1777,0.058113,0.019608,0.094663,0.000000,0.392157
10101872,noise,1776,0.058439,0.019608,0.095222,0.000000,0.439216
10101873,noise,1785,0.059111,0.019608,0.097060,0.000000,0.415686
10101874,noise,1758,0.060363,0.019608,0.097988,0.000000,0.415686
10101875,noise,1759,0.059347,0.019608,0.096350,0.000000,0.419608
10101876,noise,1755,0.058913,0.019608,0.095422,0.000000,0.403922
10101877,noise,1760,0.059008,0.019608,0.096241,0.000000,0.400000
10101878,noise,1781,0.058881,0.019608,0.096272,0.000000,0.396078
10101879,noise,1761,0.059369,0.019608,0.096571,0.000000,0.372549
10101880,noise,1767,0.058233,0.019608,0.094681,0.000000,0.431373
10101881,noise,1766,0.058291,0.019608,0.095151,0.000000,0.415686
10101882,noise,1772,0.059410,0.019608,0.096982,0.000000,0.435294
10101883,noise,1785,0.059008,0.019608,0.096929,0.000000,0.419608
10101884,noise,1750,0.060444,0.019608,0.098406,0.000000,0.396078
10101885,noise,1768,0.058994,0.019608,0.096103,0.000000,0.439216
10101886,noise,1766,0.057582,0.019608,0.093861,0.000000,0.427451
10101887,noise,1761,0.057443,0.019608,0.093424,0.000000,0.376471
10101888,noise,1752,0.057736,0.019608,0.094670,0.000000,0.396078
10101889,noise,1760,0.057152,0.019608,0.092967,0.000000,0.403922
10101890,noise,1761,0.056601,0.019608,0.092310,0.000000,0.384314
10101891,noise,1745,0.057841,0.019608,0.093992,0.000000,0.400000
10101892,noise,1757,0.057310,0.019608,0.095313,0.000000,0.368627
10101893,noise,1749,0.058176,0.019608,0.096752,0.000000,0.388235
10101894,noise,1764,0.057261,0.019608,0.094042,0.000000,0.392157
10101895,noise,1754,0.059226,0.019608,0.098122,0.000000,0.400000
10101896,noise,1772,0.058235,0.019608,0.095169,0.000000,0.411765
10101897,noise,1738,0.056283,0.019608,0.093778,0.000000,0.407843
10101898,noise,1761,0.058109,0.019608,0.097364,0.000000,0.415686
10101899,noise,1755,0.054801,0.019608,0.089317,0.000000,0.431373
10101900,noise,1779,0.057867,0.019608,0.095787,0.000000,0.407843
10101901,noise,1786,0.059032,0.019608,0.096849,0.000000,0.384314
10101902,noise,1776,0.060767,0.019608,0.100098,0.000000,0.400000
10101903,noise,1780,0.060701,0.019608,0.100481,0.000000,0.407843
10101904,noise,1775,0.058525,0.019608,0.095887,0.000000,0.407843
10101905,noise,1763,0.057542,0.019608,0.094759,0.000000,0.403922
10101906,noise,1771,0.057606,0.019608,0.093218,0.000000,0.427451
10101907,noise,1734,0.058125,0.019608,0.096898,0.000000,0.411765
10101908,noise,1752,0.060466,0.019608,0.100414,0.000000,0.411765
10101909,noise,1762,0.059852,0.019608,0.100833,0.000000,0.396078
10101910,noise,1753,0.057913,0.019608,0.096105,0.000000,0.419608
10101911,noise,1761,0.057576,0.019608,0.094534,0.000000,0.423529
10101912,noise,1757,0.056982,0.019608,0.092406,0.000000,0.392157
10101913,noise,1761,0.055906,0.019608,0.091409,0.000000,0.407843
10101914,noise,1764,0.055544,0.019608,0.090447,0.000000,0.407843
10101915,noise,1775,0.057544,0.019608,0.095642,0.000000,0.392157
10101916,noise,1766,0.057813,0.019608,0.096278,0.000000,0.384314
10101917,noise,1754,0.056968,0.019608,0.094429,0.000000,0.427451
10101918,noise,1755,0.057235,0.019608,0.093438,0.000000,0.380392
10101919,noise,1770,0.056792,0.019608,0.092906,0.000000,0.407843
10101920,noise,1769,0.056977,0.019608,0.093091,0.000000,0.403922
10101921,noise,1740,0.056759,0.019608,0.093023,0.000000,0.396078
10101922,noise,1753,0.057385,0.019608,0.096069,0.000000,0.407843
10101923,noise,1759,0.057435,0.019608,0.094665,0.000000,0.388235
10101924,noise,1777,0.056539,0.019608,0.094711,0.000000,0.403922
10101925,noise,1767,0.058442,0.019608,0.096730,0.000000,0.415686
10101926,noise,1762,0.058073,0.019608,0.096342,0.000000,0.388235
10101927,noise,1738,0.056660,0.019608,0.093183,0.000000,0.388235
10101928,noise,1738,0.054891,0.019608,0.091891,0.000000,0.411765
10101929,noise,1748,0.056300,0.019608,0.094498,0.000000,0.443137
10101930,noise,1776,0.058574,0.019608,0.097215,0.000000,0.388235
10101931,noise,1768,0.059658,0.019608,0.099709,0.000000,0.407843
10101932,noise,1766,0.060223,0.019608,0.101369,0.000000,0.384314
10101933,noise,1737,0.054794,0.019608,0.090045,0.000000,0.419608
10101934,noise,1757,0.056935,0.019608,0.095302,0.000000,0.407843
10101935,noise,1763,0.059013,0.019608,0.096070,0.000000,0.376471
10101936,noise,1767,0.057510,0.019608,0.096332,0.000000,0.403922
10101937,noise,1776,0.058910,0.019608,0.097264,0.000000,0.392157
10101938,noise,1744,0.058347,0.019608,0.096600,0.000000,0.411765
10101939,noise,1731,0.056599,0.019608,0.094140,0.000000,0.407843
10101940,noise,1761,0.056537,0.019608,0.093348,0.000000,0.407843
10101941,noise,1751,0.059207,0.019608,0.097332,0.000000,0.407843
10101942,noise,1749,0.059400,0.019608,0.097716,0.000000,0.372549
10101943,noise,1752,0.057834,0.019608,0.096027,0.000000,0.400000
10101944,noise,1753,0.056736,0.019608,0.093587,0.000000,0.400000
10101945,noise,1770,0.057654,0.019608,0.095108,0.000000,0.400000
10101946,noise,1767,0.056640,0.019608,0.092967,0.000000,0.403922
10101947,noise,1766,0.057420,0.019608,0.093825,0.000000,0.427451
10101948,noise,1762,0.058746,0.019608,0.096795,0.000000,0.388235
10101949,noise,1757,0.057596,0.019608,0.095191,0.000000,0.388235
10101950,noise,1757,0.057804,0.019608,0.095829,0.000000,0.419608
10101951,noise,1761,0.058581,0.019608,0.095921,0.000000,0.396078
10101952,noise,1775,0.057597,0.019608,0.095292,0.000000,0.411765
10101953,noise,1778,0.058570,0.019608,0.097119,0.000000,0.443137
10101954,noise,1769,0.057979,0.019608,0.095959,0.000000,0.384314
10101955,noise,1759,0.057566,0.019608,0.096205,0.000000,0.411765
10101956,noise,1750,0.058528,0.019608,0.095844,0.000000,0.411765
10101957,noise,1761,0.058427,0.019608,0.095655,0.000000,0.423529
10101958,noise,1768,0.058069,0.019608,0.094526,0.000000,0.376471
10101959,noise,1762,0.057824,0.019608,0.095836,0.000000,0.427451
10101960,noise,1763,0.058230,0.019608,0.095996,0.000000,0.439216
10101961,noise,1765,0.058944,0.019608,0.096859,0.000000,0.435294
10101962,noise,1761,0.057966,0.019608,0.095055,0.000000,0.384314
10101963,noise,1769,0.059172,0.019608,0.097095,0.000000,0.400000
10101964,noise,1765,0.058024,0.019608,0.096282,0.000000,0.435294
10101965,noise,1774,0.056931,0.019608,0.094882,0.000000,0.423529
10101966,noise,1763,0.058924,0.019608,0.096674,0.000000,0.400000
10101967,noise,1755,0.059065,0.019608,0.096472,0.000000,0.419608
10101968,noise,1781,0.059352,0.019608,0.098017,0.000000,0.407843
10101969,noise,1750,0.057717,0.019608,0.094766,0.000000,0.384314
10101970,noise,1755,0.057349,0.019608,0.095622,0.000000,0.407843
10101971,noise,1758,0.057974,0.019608,0.095845,0.000000,0.400000
10101972,noise,1755,0.059159,0.019608,0.098356,0.000000,0.407843
10101973,noise,1743,0.057336,0.019608,0.094147,0.000000,0.407843
10101974,noise,1757,0.057710,0.019608,0.096376,0.000000,0.388235
10101975,noise,1746,0.057957,0.019608,0.096115,0.000000,0.392157
10101976,noise,1772,0.057821,0.019608,0.096484,0.000000,0.403922
10101977,noise,1775,0.057215,0.019608,0.093539,0.000000,0.380392
10101978,noise,1769,0.057500,0.019608,0.094317,0.000000,0.407843
10101979,noise,1771,0.058347,0.019608,0.095980,0.000000,0.388235
10101980,noise,1758,0.057389,0.019608,0.095270,0.000000,0.392157
10101981,noise,1759,0.057901,0.019608,0.096560,0.000000,0.396078
10101982,noise,1754,0.056255,0.019608,0.093460,0.000000,0.427451
10101983,noise,1737,0.054408,0.019608,0.090901,0.000000,0.403922
10101984,noise,1738,0.054252,0.019608,0.091254,0.000000,0.411765
10101985,noise,1729,0.056426,0.019608,0.094494,0.000000,0.388235
10101986,noise,1721,0.056028,0.019608,0.094609,0.000000,0.411765
10101987,noise,1733,0.055436,0.019608,0.093674,0.000000,0.403922
10101988,noise,1732,0.054343,0.019608,0.091362,0.000000,0.400000
10101989,noise,1747,0.056940,0.019608,0.094832,0.000000,0.415686
10101990,noise,1751,0.055437,0.019608,0.091937,0.000000,0.403922
10101991,noise,1730,0.058298,0.019608,0.098426,0.000000,0.396078
10101992,noise,1745,0.055412,0.019608,0.091847,0.000000,0.427451
10101993,noise,1734,0.052986,0.019608,0.087858,0.000000,0.388235
10101994,noise,1763,0.055959,0.015686,0.093995,0.000000,0.407843
10101995,noise,1760,0.057172,0.019608,0.093834,0.000000,0.411765
10101996,noise,1749,0.057281,0.015686,0.098985,0.000000,0.407843
10101997,noise,1759,0.057892,0.019608,0.096387,0.000000,0.415686
10101998,noise,1749,0.056209,0.019608,0.094648,0.000000,0.415686
10101999,noise,1776,0.056543,0.017647,0.093992,0.000000,0.411765
10102000,noise,1761,0.054804,0.019608,0.091647,0.000000,0.423529
10102001,noise,1777,0.056003,0.019608,0.092724,0.000000,0.380392
10102002,noise,1763,0.056973,0.019608,0.094784,0.000000,0.403922
10102003,noise,1760,0.058799,0.019608,0.096765,0.000000,0.388235
10102004,noise,1778,0.058036,0.019608,0.096138,0.000000,0.384314
10102005,noise,1777,0.058064,0.019608,0.095548,0.000000,0.384314
10102006,noise,1752,0.056538,0.019608,0.092928,0.000000,0.396078
10102007,noise,1755,0.056466,0.019608,0.092969,0.000000,0.407843
10102008,noise,1768,0.057451,0.019608,0.094131,0.000000,0.380392
10102009,noise,1766,0.058022,0.019608,0.095189,0.000000,0.392157
10102010,noise,1756,0.058547,0.019608,0.096102,0.000000,0.403922
10102011,noise,1754,0.056659,0.019608,0.094459,0.000000,0.400000
10102012,noise,1752,0.056565,0.019608,0.094234,0.000000,0.411765
10102013,noise,1749,0.057167,0.019608,0.095516,0.000000,0.427451
10102014,noise,1753,0.056421,0.019608,0.092923,0.000000,0.407843
10102015,noise,1753,0.056996,0.019608,0.095559,0.000000,0.380392
10102016,noise,1762,0.057633,0.019608,0.096710,0.000000,0.411765
10102017,noise,1759,0.056425,0.019608,0.095190,0.000000,0.443137
10102018,noise,1758,0.057777,0.019608,0.095482,0.000000,0.392157
10102019,noise,1749,0.057330,0.019608,0.094809,0.000000,0.435294
10102020,noise,1754,0.059642,0.019608,0.099064,0.000000,0.403922
10102021,noise,1758,0.057811,0.019608,0.096040,0.000000,0.403922
10102022,noise,1739,0.056886,0.019608,0.094940,0.000000,0.427451
10102023,noise,1758,0.056718,0.019608,0.093969,0.000000,0.392157
10102024,noise,1750,0.056238,0.019608,0.093393,0.000000,0.388235
10102025,noise,1740,0.056536,0.019608,0.094997,0.000000,0.400000
10102026,noise,1737,0.057647,0.019608,0.096477,0.000000,0.403922
10102027,noise,1738,0.058253,0.019608,0.098466,0.000000,0.400000
10102028,noise,1749,0.058936,0.019608,0.097721,0.000000,0.419608
10102029,noise,1732,0.056888,0.019608,0.094821,0.000000,0.419608
10102030,noise,1747,0.057654,0.019608,0.095597,0.000000,0.384314
10102031,noise,1734,0.056969,0.019608,0.094532,0.000000,0.392157
10102032,noise,1754,0.058079,0.019608,0.096964,0.000000,0.392157
10102033,noise,1754,0.056874,0.019608,0.092901,0.000000,0.400000
10102034,noise,1759,0.058839,0.019608,0.097759,0.000000,0.388235
10102035,noise,1728,0.053420,0.019608,0.087502,0.000000,0.443137
10102036,noise,1758,0.058018,0.019608,0.097814,0.000000,0.407843
10102037,noise,1743,0.056108,0.019608,0.093245,0.000000,0.407843
10102038,noise,1773,0.058647,0.019608,0.097267,0.000000,0.396078
10102039,noise,1763,0.057071,0.019608,0.093730,0.000000,0.411765
10102040,noise,1749,0.056155,0.019608,0.091580,0.000000,0.415686
10102041,noise,1747,0.058824,0.019608,0.098079,0.000000,0.403922
10102042,noise,1753,0.057662,0.019608,0.095292,0.000000,0.396078
10102043,noise,1764,0.060727,0.019608,0.105001,0.000000,0.423529
10102044,noise,1741,0.058346,0.019608,0.097922,0.000000,0.415686
10102045,noise,1729,0.057184,0.019608,0.097074,0.000000,0.403922
10102046,noise,1728,0.057605,0.019608,0.096173,0.000000,0.435294
10102047,noise,1718,0.055475,0.019608,0.094085,0.000000,0.447059
10102048,noise,1742,0.059526,0.019608,0.099635,0.000000,0.443137
10102049,noise,1744,0.061427,0.019608,0.103181,0.000000,0.400000
10102050,noise,1748,0.059212,0.019608,0.099021,0.000000,0.419608
10102051,noise,1720,0.056297,0.019608,0.095498,0.000000,0.439216
10102052,noise,1733,0.058330,0.019608,0.097048,0.000000,0.384314
10102053,noise,1724,0.059829,0.019608,0.098239,0.000000,0.407843
10102054,noise,1722,0.060338,0.019608,0.099625,0.000000,0.396078
10102055,noise,1743,0.056895,0.019608,0.095016,0.000000,0.388235
10102056,noise,1721,0.057559,0.019608,0.095947,0.000000,0.431373
10102057,noise,1757,0.058980,0.019608,0.097815,0.000000,0.419608
10102058,noise,1738,0.058187,0.019608,0.095889,0.000000,0.407843
10102059,noise,1752,0.058871,0.019608,0.098761,0.000000,0.403922
10102060,noise,1759,0.056440,0.019608,0.093205,0.000000,0.388235
10102061,noise,1706,0.054405,0.019608,0.093198,0.000000,0.458824
10102062,noise,1757,0.058614,0.019608,0.096823,0.000000,0.376471
10102063,noise,1739,0.054584,0.019608,0.091092,0.000000,0.400000
10102064,noise,1750,0.056890,0.019608,0.094129,0.000000,0.376471
10102065,noise,1741,0.056294,0.019608,0.093509,0.000000,0.376471
10102066,noise,1771,0.056957,0.019608,0.095008,0.000000,0.388235
10102067,noise,1758,0.054012,0.019608,0.087875,0.000000,0.423529
10102068,noise,1778,0.057743,0.019608,0.096452,0.000000,0.396078
10102069,noise,1745,0.057814,0.019608,0.093866,0.000000,0.431373
10102070,noise,1753,0.055656,0.019608,0.091754,0.000000,0.423529
10102071,noise,1758,0.056785,0.019608,0.093912,0.000000,0.423529
10102072,noise,1741,0.055445,0.019608,0.091803,0.000000,0.423529
10102073,noise,1762,0.059364,0.019608,0.098324,0.000000,0.423529
10102074,noise,1769,0.059411,0.019608,0.097471,0.000000,0.407843
10102075,noise,1745,0.055871,0.019608,0.092425,0.000000,0.419608
10102076,noise,1760,0.057783,0.019608,0.095714,0.000000,0.439216
10102077,noise,1751,0.058230,0.019608,0.097005,0.000000,0.415686
10102078,noise,1760,0.056602,0.019608,0.092509,0.000000,0.407843
10102079,noise,1757,0.056779,0.019608,0.095553,0.000000,0.423529
10102080,noise,1781,0.060312,0.019608,0.099448,0.000000,0.411765
10102081,noise,1759,0.055437,0.019608,0.091990,0.000000,0.403922
10102082,noise,1756,0.055742,0.019608,0.092565,0.000000,0.419608
10102083,noise,1765,0.057293,0.019608,0.094401,0.000000,0.392157
10102084,noise,1771,0.057553,0.019608,0.094552,0.000000,0.407843
10102085,noise,1768,0.056475,0.019608,0.093037,0.000000,0.411765
10102086,noise,1746,0.055324,0.019608,0.089623,0.000000,0.423529
10102087,noise,1744,0.055860,0.019608,0.092311,0.000000,0.403922
10102088,noise,1753,0.055101,0.015686,0.090512,0.000000,0.403922
10102089,noise,1772,0.055705,0.015686,0.091241,0.000000,0.396078
10102090,noise,1740,0.054424,0.015686,0.089871,0.000000,0.423529
10102091,noise,1763,0.056693,0.015686,0.093264,0.000000,0.388235
10102092,noise,1747,0.055506,0.019608,0.091484,0.000000,0.407843
10102093,noise,1749,0.055519,0.019608,0.090175,0.000000,0.388235
10102094,noise,1750,0.055733,0.017647,0.092737,0.000000,0.400000
10102095,noise,1758,0.055317,0.015686,0.091259,0.000000,0.380392
10102096,noise,1756,0.056740,0.019608,0.095825,0.000000,0.400000
10102097,noise,1754,0.056118,0.019608,0.092787,0.000000,0.400000
10102098,noise,1753,0.055137,0.015686,0.094583,0.000000,0.427451
10102099,noise,1736,0.056958,0.019608,0.093628,0.000000,0.384314
10102100,noise,1758,0.055861,0.019608,0.091694,0.000000,0.400000
10102101,noise,1756,0.054424,0.015686,0.089003,0.000000,0.419608
10102102,noise,1766,0.056929,0.015686,0.094183,0.000000,0.388235
10102103,noise,1745,0.057170,0.019608,0.093233,0.000000,0.384314
10102104,noise,1741,0.055582,0.019608,0.091121,0.000000,0.400000
10102105,noise,1741,0.056740,0.019608,0.093249,0.000000,0.388235
10102106,noise,1740,0.056295,0.015686,0.093263,0.000000,0.384314
10102107,noise,1753,0.057137,0.019608,0.093778,0.000000,0.392157
10102108,noise,1766,0.056476,0.019608,0.092262,0.000000,0.427451
10102109,noise,1751,0.056797,0.019608,0.094090,0.000000,0.396078
10102110,noise,1760,0.057438,0.019608,0.094330,0.000000,0.380392
10102111,noise,1747,0.056372,0.019608,0.093188,0.000000,0.396078
10102112,noise,1759,0.054976,0.019608,0.090712,0.000000,0.384314
10102113,noise,1746,0.057004,0.019608,0.095082,0.000000,0.415686
10102114,noise,1758,0.058016,0.019608,0.096024,0.000000,0.411765
10102115,noise,1763,0.056904,0.019608,0.092798,0.000000,0.403922
10102116,noise,1750,0.057981,0.019608,0.096212,0.000000,0.400000
10102117,noise,1755,0.056135,0.019608,0.091930,0.000000,0.415686
10102118,noise,1761,0.054336,0.019608,0.090253,0.000000,0.407843
10102119,noise,1753,0.057345,0.019608,0.094440,0.000000,0.380392
10102120,noise,1734,0.055608,0.019608,0.091552,0.000000,0.403922
10102121,noise,1768,0.057597,0.019608,0.094982,0.000000,0.392157
10102122,noise,1762,0.057898,0.019608,0.095240,0.000000,0.376471
10102123,noise,1769,0.057272,0.019608,0.094789,0.000000,0.396078
10102124,noise,1762,0.056883,0.019608,0.093891,0.000000,0.372549
10102125,noise,1751,0.055276,0.015686,0.090662,0.000000,0.376471
10102126,noise,1746,0.057090,0.019608,0.095323,0.000000,0.411765
10102127,noise,1756,0.057957,0.015686,0.096478,0.000000,0.396078
10102128,noise,1759,0.057858,0.019608,0.095819,0.000000,0.384314
10102129,noise,1761,0.057710,0.019608,0.095561,0.000000,0.380392
10102130,noise,1766,0.057311,0.019608,0.093757,0.000000,0.403922
10102131,noise,1763,0.056626,0.015686,0.093037,0.000000,0.400000
10102132,noise,1767,0.057428,0.015686,0.094421,0.000000,0.396078
10102133,noise,1757,0.055558,0.015686,0.093894,0.000000,0.447059
10102134,noise,1765,0.057995,0.019608,0.098125,0.000000,0.388235
10102135,noise,1773,0.057136,0.015686,0.095133,0.000000,0.423529
10102136,noise,1785,0.056851,0.019608,0.094189,0.000000,0.407843
10102137,noise,1769,0.058059,0.019608,0.095758,0.000000,0.380392
10102138,noise,1770,0.057618,0.019608,0.096338,0.000000,0.419608
10102139,noise,1759,0.058431,0.019608,0.096678,0.000000,0.372549
10102140,noise,1752,0.057366,0.015686,0.095366,0.000000,0.396078
10102141,noise,1763,0.057798,0.015686,0.095918,0.000000,0.376471
10102142,noise,1759,0.057564,0.019608,0.095719,0.000000,0.400000
10102143,noise,1767,0.057812,0.019608,0.095596,0.000000,0.403922
10102144,noise,1750,0.057652,0.019608,0.093856,0.000000,0.403922
10102145,noise,1770,0.057510,0.019608,0.094991,0.000000,0.380392
10102146,noise,1767,0.058466,0.019608,0.096400,0.000000,0.411765
10102147,noise,1775,0.057469,0.019608,0.095249,0.000000,0.384314
10102148,noise,1760,0.058050,0.019608,0.094915,0.000000,0.396078
10102149,noise,1782,0.057545,0.019608,0.094973,0.000000,0.400000
10102150,noise,1755,0.059688,0.019608,0.098515,0.000000,0.400000
10102151,noise,1777,0.059713,0.019608,0.098553,0.000000,0.392157
10102152,noise,1772,0.059764,0.019608,0.099143,0.000000,0.396078
10102153,noise,1776,0.059049,0.019608,0.096768,0.000000,0.400000
10102154,noise,1764,0.058728,0.019608,0.096705,0.000000,0.411765
10102155,noise,1771,0.059045,0.019608,0.097013,0.000000,0.450980
10102156,noise,1780,0.059050,0.019608,0.097813,0.000000,0.392157
10102157,noise,1766,0.059516,0.019608,0.098138,0.000000,0.411765
10102158,noise,1765,0.059081,0.019608,0.097816,0.000000,0.392157
10102159,noise,1763,0.059491,0.019608,0.098397,0.000000,0.435294
10102160,noise,1762,0.058706,0.019608,0.096911,0.000000,0.431373
10102161,noise,1763,0.057751,0.019608,0.095186,0.000000,0.392157
10102162,noise,1755,0.058363,0.019608,0.095987,0.000000,0.403922
10102163,noise,1767,0.057867,0.019608,0.095092,0.000000,0.411765
10102164,noise,1777,0.057400,0.019608,0.095564,0.000000,0.400000
10102165,noise,1765,0.058197,0.019608,0.096050,0.000000,0.419608
10102166,noise,1762,0.057960,0.019608,0.096222,0.000000,0.403922
10102167,noise,1766,0.057138,0.019608,0.094249,0.000000,0.392157
10102168,noise,1769,0.057137,0.019608,0.094577,0.000000,0.423529
10102169,noise,1767,0.058566,0.019608,0.096562,0.000000,0.411765
10102170,noise,1768,0.057375,0.019608,0.095009,0.000000,0.380392
10102171,noise,1776,0.056033,0.019608,0.092599,0.000000,0.419608
10102172,noise,1781,0.057229,0.019608,0.095275,0.000000,0.415686
10102173,noise,1762,0.058372,0.019608,0.096587,0.000000,0.380392
10102174,noise,1776,0.058949,0.019608,0.097689,0.000000,0.447059
10102175,noise,1768,0.058670,0.019608,0.097694,0.000000,0.419608
10102176,noise,1764,0.058328,0.019608,0.095661,0.000000,0.384314
10102177,noise,1760,0.055989,0.019608,0.092657,0.000000,0.392157
10102178,noise,1763,0.057013,0.019608,0.093758,0.000000,0.415686
10102179,noise,1751,0.056257,0.019608,0.092566,0.000000,0.380392
10102180,noise,1757,0.056482,0.015686,0.093561,0.000000,0.380392
10102181,noise,1754,0.057648,0.015686,0.095608,0.000000,0.407843
10102182,noise,1765,0.057230,0.015686,0.095297,0.000000,0.372549
10102183,noise,1769,0.056831,0.015686,0.094279,0.000000,0.415686
10102184,noise,1759,0.057747,0.015686,0.095708,0.000000,0.403922
10102185,noise,1753,0.056132,0.015686,0.092988,0.000000,0.372549
10102186,noise,1752,0.054772,0.015686,0.090965,0.000000,0.388235
10102187,noise,1752,0.055974,0.015686,0.092402,0.000000,0.400000
10102188,noise,1749,0.056371,0.015686,0.093603,0.000000,0.415686
10102189,noise,1740,0.055249,0.015686,0.093189,0.000000,0.384314
10102190,noise,1735,0.054843,0.015686,0.093416,0.000000,0.415686
10102191,noise,1727,0.054895,0.015686,0.092941,0.000000,0.380392
10102192,noise,1734,0.056306,0.015686,0.095347,0.000000,0.392157
10102193,noise,1736,0.054658,0.015686,0.093198,0.000000,0.364706
10102194,noise,1700,0.052508,0.015686,0.089400,0.000000,0.403922
10102195,noise,1717,0.053388,0.015686,0.091306,0.000000,0.384314
10102196,noise,1720,0.052159,0.015686,0.088996,0.000000,0.403922
10102197,noise,1746,0.052813,0.015686,0.090602,0.000000,0.376471
10102198,noise,1739,0.054322,0.015686,0.092536,0.000000,0.388235
10102199,noise,1743,0.055865,0.015686,0.093124,0.000000,0.396078
10102200,noise,1728,0.054466,0.015686,0.092968,0.000000,0.384314
10102201,noise,1719,0.052059,0.015686,0.090071,0.000000,0.376471
10102202,noise,1739,0.054022,0.015686,0.092188,0.000000,0.392157
10102203,noise,1741,0.055416,0.015686,0.093341,0.000000,0.380392
10102204,noise,1741,0.054812,0.015686,0.094091,0.000000,0.411765
10102205,noise,1731,0.055489,0.015686,0.093294,0.000000,0.376471
10102206,noise,1720,0.054859,0.015686,0.092913,0.000000,0.384314
10102207,noise,1720,0.055137,0.015686,0.092933,0.000000,0.376471
10102208,noise,1707,0.053834,0.015686,0.092519,0.000000,0.388235
10102209,noise,1736,0.057021,0.015686,0.096779,0.000000,0.411765
10102210,noise,1729,0.056281,0.015686,0.095502,0.000000,0.423529
10102211,noise,1741,0.054798,0.015686,0.093044,0.000000,0.376471
10102212,noise,1703,0.051736,0.015686,0.088568,0.000000,0.384314
10102213,noise,1727,0.053991,0.015686,0.094159,0.000000,0.388235
10102214,noise,1728,0.054745,0.015686,0.092248,0.000000,0.396078
10102215,noise,1722,0.054198,0.015686,0.091483,0.000000,0.400000
10102216,noise,1741,0.054213,0.015686,0.092141,0.000000,0.396078
10102217,noise,1733,0.055237,0.015686,0.094171,0.000000,0.396078
10102218,noise,1717,0.054265,0.015686,0.092275,0.000000,0.407843
10102219,noise,1735,0.054341,0.015686,0.091158,0.000000,0.403922
10102220,noise,1722,0.053788,0.015686,0.091823,0.000000,0.400000
10102221,noise,1746,0.056173,0.015686,0.094432,0.000000,0.392157
10102222,noise,1753,0.054336,0.015686,0.091760,0.000000,0.384314
10102223,noise,1705,0.051302,0.015686,0.087671,0.000000,0.423529
10102224,noise,1701,0.052324,0.015686,0.091396,0.000000,0.403922
10102225,noise,1735,0.054703,0.015686,0.091465,0.000000,0.396078
10102226,noise,1726,0.054981,0.015686,0.095176,0.000000,0.407843
10102227,noise,1730,0.055287,0.015686,0.093569,0.000000,0.372549
10102228,noise,1724,0.054422,0.015686,0.094288,0.000000,0.396078
10102229,noise,1723,0.053987,0.015686,0.092368,0.000000,0.400000
10102230,noise,1741,0.053350,0.015686,0.091057,0.000000,0.388235
10102231,noise,1731,0.054052,0.015686,0.090567,0.000000,0.368627
10102232,noise,1730,0.056464,0.015686,0.095956,0.000000,0.415686
10102233,noise,1742,0.055413,0.015686,0.094690,0.000000,0.411765
10102234,noise,1730,0.054510,0.015686,0.093412,0.000000,0.376471
10102235,noise,1730,0.054168,0.015686,0.092767,0.000000,0.407843
10102236,noise,1724,0.053699,0.015686,0.092425,0.000000,0.388235
10102237,noise,1714,0.053657,0.015686,0.091814,0.000000,0.380392
10102238,noise,1718,0.053946,0.015686,0.092284,0.000000,0.388235
10102239,noise,1726,0.053920,0.015686,0.091554,0.000000,0.400000
10102240,noise,1722,0.056241,0.015686,0.098368,0.000000,0.400000
10102241,noise,1710,0.054127,0.015686,0.092630,0.000000,0.403922
10102242,noise,1727,0.054116,0.015686,0.093214,0.000000,0.388235
10102243,noise,1720,0.055194,0.019608,0.092657,0.000000,0.403922
10102244,noise,1725,0.053511,0.015686,0.091824,0.000000,0.388235
10102245,noise,1743,0.058074,0.019608,0.097534,0.000000,0.396078
10102246,noise,1750,0.058642,0.019608,0.101192,0.000000,0.392157
10102247,noise,1681,0.059390,0.019608,0.101860,0.000000,0.403922
10102248,noise,1692,0.052735,0.019608,0.088915,0.000000,0.396078
10102249,noise,1705,0.052466,0.015686,0.091596,0.000000,0.439216
10102250,noise,1723,0.056609,0.019608,0.094639,0.000000,0.400000
10102251,noise,1730,0.055496,0.015686,0.095734,0.000000,0.400000
10102252,noise,1736,0.058767,0.019608,0.101142,0.000000,0.396078
10102253,noise,1767,0.060803,0.019608,0.104425,0.000000,0.431373
10102254,noise,1666,0.047862,0.015686,0.086013,0.000000,0.431373
10102255,noise,1681,0.046056,0.015686,0.082477,0.000000,0.419608
10102256,noise,1693,0.053797,0.019608,0.092249,0.000000,0.439216
10102257,noise,1746,0.055028,0.019608,0.091138,0.000000,0.415686
10102258,noise,1715,0.054605,0.015686,0.095669,0.000000,0.400000
10102259,noise,1712,0.054183,0.015686,0.095949,0.000000,0.400000
10102260,noise,1720,0.053696,0.015686,0.093113,0.000000,0.372549
10102261,noise,1702,0.051149,0.015686,0.088811,0.000000,0.411765
10102262,noise,1691,0.049220,0.015686,0.088022,0.000000,0.427451
10102263,noise,1657,0.049269,0.015686,0.087631,0.000000,0.431373
10102264,noise,1748,0.057354,0.019608,0.096532,0.000000,0.380392
10102265,noise,1734,0.056698,0.017647,0.095861,0.000000,0.388235
10102266,noise,1738,0.056269,0.015686,0.093242,0.000000,0.400000
10102267,noise,1725,0.053795,0.015686,0.091231,0.000000,0.384314
10102268,noise,1745,0.055226,0.015686,0.091559,0.000000,0.380392
10102269,noise,1716,0.055711,0.015686,0.093418,0.000000,0.388235
10102270,noise,1745,0.056205,0.015686,0.093322,0.000000,0.419608
10102271,noise,1748,0.055306,0.015686,0.092748,0.000000,0.388235
10102272,noise,1721,0.056358,0.019608,0.094162,0.000000,0.439216
10102273,noise,1709,0.054654,0.015686,0.091121,0.000000,0.411765
10102274,noise,1739,0.055937,0.015686,0.094225,0.000000,0.400000
10102275,noise,1755,0.055910,0.015686,0.092998,0.000000,0.407843
10102276,noise,1744,0.056213,0.015686,0.094507,0.000000,0.419608
10102277,noise,1735,0.055786,0.015686,0.093937,0.000000,0.419608
10102278,noise,1743,0.054495,0.015686,0.091461,0.000000,0.392157
10102279,noise,1715,0.055030,0.015686,0.092807,0.000000,0.403922
10102280,noise,1779,0.057012,0.019608,0.095754,0.000000,0.384314
10102281,noise,1731,0.056572,0.019608,0.096382,0.000000,0.435294
10102282,noise,1774,0.059095,0.019608,0.098853,0.000000,0.396078
10102283,noise,1743,0.055476,0.019608,0.093160,0.000000,0.411765
10102284,noise,1727,0.053876,0.015686,0.090485,0.000000,0.415686
10102285,noise,1748,0.054653,0.015686,0.091126,0.000000,0.407843
10102286,noise,1736,0.055754,0.015686,0.094146,0.000000,0.423529
10102287,noise,1751,0.057744,0.019608,0.095810,0.000000,0.403922
10102288,noise,1753,0.056119,0.015686,0.094417,0.000000,0.384314
10102289,noise,1739,0.056426,0.019608,0.094031,0.000000,0.396078
10102290,noise,1763,0.056088,0.015686,0.093560,0.000000,0.407843
10102291,noise,1750,0.056085,0.019608,0.092380,0.000000,0.407843
10102292,noise,1727,0.055147,0.015686,0.092365,0.000000,0.450980
10102293,noise,1750,0.056231,0.015686,0.093671,0.000000,0.400000
10102294,noise,1761,0.055577,0.015686,0.093246,0.000000,0.407843
10102295,noise,1770,0.054773,0.015686,0.091920,0.000000,0.419608
10102296,noise,1747,0.056406,0.015686,0.093243,0.000000,0.368627
10102297,noise,1745,0.055201,0.015686,0.092816,0.000000,0.407843
10102298,noise,1727,0.054434,0.015686,0.090353,0.000000,0.380392
10102299,noise,1736,0.054068,0.015686,0.090760,0.000000,0.376471
10102300,noise,1742,0.053290,0.015686,0.089108,0.000000,0.376471
10102301,noise,1755,0.055063,0.015686,0.091838,0.000000,0.396078
10102302,noise,1742,0.055224,0.015686,0.092342,0.000000,0.403922
10102303,noise,1740,0.055490,0.015686,0.092810,0.000000,0.388235
10102304,noise,1752,0.054457,0.015686,0.092601,0.000000,0.396078
10102305,noise,1743,0.055084,0.015686,0.092432,0.000000,0.462745
10102306,noise,1760,0.055368,0.015686,0.092351,0.000000,0.419608
10102307,noise,1758,0.056504,0.015686,0.093472,0.000000,0.415686
10102308,noise,1764,0.055502,0.015686,0.093156,0.000000,0.376471
10102309,noise,1740,0.054780,0.015686,0.091526,0.000000,0.376471
10102310,noise,1735,0.055162,0.015686,0.091949,0.000000,0.384314
10102311,noise,1726,0.054718,0.019608,0.091681,0.000000,0.388235
10102312,noise,1761,0.055096,0.015686,0.092776,0.000000,0.415686
10102313,noise,1760,0.056863,0.019608,0.095338,0.000000,0.403922
10102314,noise,1761,0.057015,0.019608,0.094307,0.000000,0.384314
10102315,noise,1749,0.056758,0.019608,0.095084,0.000000,0.419608
10102316,noise,1751,0.056042,0.019608,0.093564,0.000000,0.435294
10102317,noise,1747,0.055553,0.019608,0.092845,0.000000,0.450980
10102318,noise,1742,0.055521,0.019608,0.092534,0.000000,0.419608
10102319,noise,1763,0.055458,0.015686,0.092308,0.000000,0.376471
10102320,noise,1769,0.055130,0.015686,0.092126,0.000000,0.396078
10102321,noise,1757,0.055081,0.015686,0.092029,0.000000,0.368627
10102322,noise,1750,0.054647,0.015686,0.092183,0.000000,0.368627
10102323,noise,1746,0.055744,0.015686,0.091857,0.000000,0.396078
10102324,noise,1760,0.056159,0.015686,0.093198,0.000000,0.388235
10102325,noise,1745,0.056484,0.019608,0.093054,0.000000,0.396078
10102326,noise,1766,0.055428,0.015686,0.092951,0.000000,0.388235
10102327,noise,1747,0.054507,0.015686,0.092782,0.000000,0.384314
10102328,noise,1758,0.055480,0.015686,0.092785,0.000000,0.396078
10102329,noise,1752,0.056999,0.015686,0.095908,0.000000,0.396078
10102330,noise,1767,0.057465,0.015686,0.095454,0.000000,0.392157
10102331,noise,1740,0.055691,0.019608,0.093809,0.000000,0.411765
10102332,noise,1748,0.056324,0.017647,0.095344,0.000000,0.403922
10102333,noise,1764,0.057523,0.015686,0.095421,0.000000,0.400000
10102334,noise,1770,0.055662,0.019608,0.091643,0.000000,0.400000
10102335,noise,1754,0.054962,0.019608,0.089143,0.000000,0.384314
10102336,noise,1752,0.054989,0.019608,0.090829,0.000000,0.411765
10102337,noise,1743,0.057512,0.019608,0.095589,0.000000,0.403922
10102338,noise,1774,0.059286,0.019608,0.098846,0.000000,0.419608
10102339,noise,1765,0.059450,0.019608,0.098708,0.000000,0.411765
10102340,noise,1771,0.056115,0.019608,0.092266,0.000000,0.376471
10102341,noise,1736,0.054482,0.015686,0.089604,0.000000,0.403922
10102342,noise,1758,0.053934,0.015686,0.089829,0.000000,0.435294
10102343,noise,1763,0.055783,0.015686,0.092000,0.000000,0.392157
10102344,noise,1775,0.056502,0.015686,0.093584,0.000000,0.400000
10102345,noise,1778,0.055716,0.015686,0.092101,0.000000,0.380392
10102346,noise,1754,0.054853,0.015686,0.091405,0.000000,0.419608
10102347,noise,1767,0.054241,0.015686,0.090251,0.000000,0.392157
10102348,noise,1747,0.054258,0.015686,0.089345,0.000000,0.392157
10102349,noise,1779,0.055480,0.015686,0.091942,0.000000,0.376471
10102350,noise,1774,0.055822,0.015686,0.092395,0.000000,0.400000
10102351,noise,1780,0.055999,0.015686,0.093732,0.000000,0.415686
10102352,noise,1760,0.054655,0.015686,0.090926,0.000000,0.403922
10102353,noise,1769,0.053616,0.015686,0.088918,0.000000,0.411765
10102354,noise,1770,0.053958,0.015686,0.090041,0.000000,0.396078
10102355,noise,1785,0.056080,0.015686,0.092993,0.000000,0.384314
10102356,noise,1771,0.056257,0.015686,0.093017,0.000000,0.403922
10102357,noise,1773,0.054734,0.015686,0.091233,0.000000,0.392157
10102358,noise,1756,0.054835,0.015686,0.091850,0.000000,0.403922
10102359,noise,1769,0.054357,0.015686,0.090124,0.000000,0.396078
10102360,noise,1788,0.055983,0.015686,0.093058,0.000000,0.403922
10102361,noise,1800,0.055608,0.015686,0.092783,0.000000,0.403922
10102362,noise,1753,0.056170,0.019608,0.093185,0.000000,0.419608
10102363,noise,1771,0.055684,0.015686,0.093070,0.000000,0.400000
10102364,noise,1750,0.056085,0.019608,0.093776,0.000000,0.439216
10102365,noise,1772,0.055831,0.015686,0.093366,0.000000,0.407843
10102366,noise,1780,0.057085,0.019608,0.094873,0.000000,0.419608
10102367,noise,1776,0.057335,0.015686,0.094654,0.000000,0.411765
10102368,noise,1760,0.055782,0.019608,0.092927,0.000000,0.392157
10102369,noise,1770,0.056242,0.019608,0.094200,0.000000,0.407843
10102370,noise,1763,0.056793,0.019608,0.094658,0.000000,0.400000
10102371,noise,1773,0.057010,0.019608,0.095335,0.000000,0.400000
10102372,noise,1776,0.056121,0.019608,0.092652,0.000000,0.400000
10102373,noise,1768,0.057426,0.019608,0.095925,0.000000,0.396078
10102374,noise,1770,0.056382,0.019608,0.094221,0.000000,0.403922
10102375,noise,1767,0.055825,0.019608,0.092515,0.000000,0.396078
10102376,noise,1772,0.056011,0.019608,0.093233,0.000000,0.415686
10102377,noise,1778,0.056997,0.019608,0.093710,0.000000,0.396078
10102378,noise,1773,0.056539,0.015686,0.093429,0.000000,0.411765
10102379,noise,1776,0.055639,0.015686,0.092982,0.000000,0.407843
10102380,noise,1769,0.056285,0.019608,0.094185,0.000000,0.419608
10102381,noise,1775,0.057281,0.015686,0.095810,0.000000,0.427451
10102382,noise,1767,0.057075,0.019608,0.095035,0.000000,0.392157
10102383,noise,1774,0.056852,0.019608,0.093372,0.000000,0.411765
10102384,noise,1774,0.056407,0.019608,0.092401,0.000000,0.384314
10102385,noise,1775,0.056201,0.015686,0.094414,0.000000,0.435294
10102386,noise,1756,0.056376,0.015686,0.094883,0.000000,0.407843
10102387,noise,1770,0.056180,0.015686,0.094563,0.000000,0.423529
10102388,noise,1778,0.057509,0.015686,0.095808,0.000000,0.396078
10102389,noise,1769,0.056536,0.015686,0.093258,0.000000,0.411765
10102390,noise,1766,0.055639,0.015686,0.092588,0.000000,0.392157
10102391,noise,1772,0.054915,0.015686,0.091326,0.000000,0.431373
10102392,noise,1765,0.054869,0.015686,0.091055,0.000000,0.400000
10102393,noise,1782,0.056658,0.015686,0.094720,0.000000,0.396078
10102394,noise,1783,0.057128,0.015686,0.094840,0.000000,0.380392
10102395,noise,1779,0.055987,0.015686,0.093055,0.000000,0.427451
10102396,noise,1768,0.056084,0.015686,0.093561,0.000000,0.392157
10102397,noise,1762,0.056591,0.019608,0.094228,0.000000,0.435294
10102398,noise,1776,0.055991,0.019608,0.093046,0.000000,0.403922
10102399,noise,1734,0.058360,0.015686,0.103000,0.000000,0.376471
10102400,noise,1741,0.057927,0.015686,0.102847,0.000000,0.396078
10102401,noise,1731,0.057967,0.015686,0.102483,0.000000,0.376471
10102402,noise,1740,0.057694,0.015686,0.102421,0.000000,0.380392
10102403,noise,1749,0.057507,0.015686,0.102768,0.000000,0.392157
10102404,noise,1733,0.058484,0.015686,0.103424,0.000000,0.396078
10102405,noise,1732,0.058794,0.015686,0.103782,0.000000,0.403922
10102406,noise,1749,0.058429,0.015686,0.102933,0.000000,0.396078
10102407,noise,1732,0.058785,0.015686,0.102998,0.000000,0.396078
10102408,noise,1738,0.058472,0.015686,0.103125,0.000000,0.396078
10102409,noise,1743,0.058907,0.015686,0.103239,0.000000,0.392157
10102410,noise,1719,0.059173,0.015686,0.103667,0.000000,0.384314
10102411,noise,1738,0.058402,0.015686,0.103166,0.000000,0.380392
10102412,noise,1723,0.059179,0.015686,0.103835,0.000000,0.380392
10102413,noise,1744,0.057618,0.015686,0.102314,0.000000,0.392157
10102414,noise,1767,0.057372,0.015686,0.102507,0.000000,0.388235
10102415,noise,1764,0.057499,0.015686,0.102298,0.000000,0.384314
10102416,noise,1741,0.057625,0.015686,0.102560,0.000000,0.392157
10102417,noise,1756,0.057673,0.015686,0.102299,0.000000,0.376471
10102418,noise,1746,0.058267,0.015686,0.103277,0.000000,0.388235
10102419,noise,1735,0.058573,0.015686,0.103302,0.000000,0.384314
10102420,noise,1757,0.057982,0.015686,0.102704,0.000000,0.388235
10102421,noise,1740,0.057987,0.015686,0.102624,0.000000,0.392157
10102422,noise,1742,0.057988,0.015686,0.103046,0.000000,0.392157
10102423,noise,1737,0.058081,0.015686,0.102938,0.000000,0.392157
10102424,noise,1737,0.057871,0.015686,0.103051,0.000000,0.396078
10102425,noise,1744,0.058417,0.015686,0.103213,0.000000,0.380392
10102426,noise,1739,0.057998,0.015686,0.103682,0.000000,0.403922
10102427,noise,1749,0.058198,0.015686,0.103027,0.000000,0.384314
10102428,noise,1741,0.059060,0.015686,0.103669,0.000000,0.372549
10102429,noise,1750,0.058642,0.015686,0.103382,0.000000,0.400000
10102430,noise,1738,0.059074,0.015686,0.103492,0.000000,0.392157
10102431,noise,1744,0.057978,0.015686,0.102906,0.000000,0.380392
10102432,noise,1748,0.058698,0.015686,0.103712,0.000000,0.396078
10102433,noise,1756,0.057879,0.015686,0.102924,0.000000,0.384314
10102434,noise,1744,0.058484,0.015686,0.103579,0.000000,0.403922
10102435,noise,1748,0.058673,0.015686,0.103362,0.000000,0.392157
10102436,noise,1750,0.058393,0.015686,0.103473,0.000000,0.372549
10102437,noise,1736,0.058107,0.015686,0.103091,0.000000,0.396078
10102438,noise,1735,0.058046,0.015686,0.102592,0.000000,0.403922
10102439,noise,1740,0.058422,0.015686,0.103782,0.000000,0.388235
10102440,noise,1749,0.058001,0.015686,0.103552,0.000000,0.392157
10102441,noise,1750,0.058176,0.015686,0.103692,0.000000,0.400000
10102442,noise,1734,0.059240,0.015686,0.104475,0.000000,0.400000
10102443,noise,1748,0.058453,0.015686,0.103761,0.000000,0.388235
10102444,noise,1754,0.059412,0.015686,0.104550,0.000000,0.396078
10102445,noise,1752,0.058647,0.015686,0.104011,0.000000,0.392157
10102446,noise,1749,0.058393,0.015686,0.103322,0.000000,0.384314
10102447,noise,1743,0.058776,0.015686,0.104279,0.000000,0.400000
10102448,noise,1743,0.058821,0.015686,0.103993,0.000000,0.376471
10102449,noise,1744,0.058729,0.015686,0.103507,0.000000,0.388235
10102450,noise,1746,0.058844,0.015686,0.104373,0.000000,0.388235
10102451,noise,1735,0.059065,0.015686,0.103973,0.000000,0.384314
10102452,noise,1740,0.058837,0.015686,0.103902,0.000000,0.388235
10102453,noise,1742,0.058490,0.015686,0.103774,0.000000,0.392157
10102454,noise,1732,0.058672,0.015686,0.103730,0.000000,0.388235
10102455,noise,1755,0.058721,0.015686,0.103920,0.000000,0.380392
10102456,noise,1752,0.058201,0.015686,0.103470,0.000000,0.396078
10102457,noise,1761,0.057761,0.015686,0.103382,0.000000,0.384314
10102458,noise,1746,0.058058,0.015686,0.102808,0.000000,0.372549
10102459,noise,1722,0.058960,0.015686,0.103910,0.000000,0.388235
10102460,noise,1758,0.058197,0.015686,0.103150,0.000000,0.388235
10102461,noise,1732,0.058332,0.015686,0.103865,0.000000,0.396078
10102462,noise,1732,0.057943,0.015686,0.103248,0.000000,0.392157
10102463,noise,1735,0.058586,0.015686,0.103640,0.000000,0.415686
10102464,noise,1737,0.058419,0.015686,0.103471,0.000000,0.396078
10102465,noise,1750,0.058537,0.015686,0.103657,0.000000,0.392157
10102466,noise,1758,0.059140,0.015686,0.104469,0.000000,0.384314
10102467,noise,1743,0.059265,0.015686,0.104462,0.000000,0.388235
10102468,noise,1748,0.058539,0.015686,0.103478,0.000000,0.384314
10102469,noise,1754,0.057983,0.015686,0.103185,0.000000,0.388235
10102470,noise,1741,0.059132,0.015686,0.104580,0.000000,0.411765
10102471,noise,1746,0.058875,0.015686,0.104325,0.000000,0.415686
10102472,noise,1758,0.058288,0.015686,0.103606,0.000000,0.400000
10102473,noise,1733,0.058509,0.015686,0.103696,0.000000,0.403922
10102474,noise,1755,0.058748,0.015686,0.104570,0.000000,0.403922
10102475,noise,1722,0.059101,0.015686,0.104221,0.000000,0.380392
10102476,noise,1753,0.058360,0.015686,0.103515,0.000000,0.396078
10102477,noise,1757,0.058600,0.015686,0.104662,0.000000,0.400000
10102478,noise,1737,0.058340,0.015686,0.103780,0.000000,0.392157
10102479,noise,1751,0.058591,0.015686,0.103564,0.000000,0.392157
10102480,noise,1741,0.058598,0.015686,0.103517,0.000000,0.380392
10102481,noise,1760,0.057616,0.015686,0.102727,0.000000,0.376471
10102482,noise,1743,0.058369,0.015686,0.103900,0.000000,0.400000
10102483,noise,1736,0.058661,0.015686,0.104331,0.000000,0.400000
10102484,noise,1744,0.058518,0.015686,0.104176,0.000000,0.396078
10102485,noise,1748,0.058844,0.015686,0.104321,0.000000,0.407843
10102486,noise,1747,0.058918,0.015686,0.104066,0.000000,0.384314
10102487,noise,1740,0.058368,0.015686,0.103517,0.000000,0.372549
10102488,noise,1730,0.059145,0.015686,0.103900,0.000000,0.400000
10102489,noise,1736,0.058921,0.015686,0.104167,0.000000,0.384314
10102490,noise,1737,0.058686,0.015686,0.103920,0.000000,0.384314
10102491,noise,1733,0.059054,0.015686,0.103869,0.000000,0.380392
10102492,noise,1727,0.059046,0.015686,0.103970,0.000000,0.380392
10102493,noise,1727,0.058789,0.015686,0.104166,0.000000,0.376471
10102494,noise,1734,0.058622,0.015686,0.103472,0.000000,0.384314
10102495,noise,1745,0.058907,0.015686,0.104019,0.000000,0.376471
10102496,noise,1725,0.059483,0.015686,0.103995,0.000000,0.376471
10102497,noise,1750,0.058413,0.015686,0.103610,0.000000,0.372549
10102498,noise,1737,0.058835,0.015686,0.103600,0.000000,0.431373
10102499,noise,1740,0.058618,0.015686,0.103321,0.000000,0.392157
10102500,noise,1749,0.058117,0.015686,0.103258,0.000000,0.400000
10102501,noise,1731,0.059279,0.015686,0.104872,0.000000,0.411765
10102502,noise,1726,0.058078,0.015686,0.102941,0.000000,0.372549
10102503,noise,1731,0.058470,0.015686,0.103499,0.000000,0.392157
10102504,noise,1720,0.058213,0.015686,0.103286,0.000000,0.388235
10102505,noise,1716,0.059212,0.015686,0.104307,0.000000,0.415686
10102506,noise,1730,0.059041,0.015686,0.103815,0.000000,0.400000
10102507,noise,1730,0.059052,0.015686,0.104094,0.000000,0.388235
10102508,noise,1728,0.058515,0.015686,0.103298,0.000000,0.396078
10102509,noise,1740,0.059008,0.015686,0.104441,0.000000,0.396078
10102510,noise,1732,0.059202,0.015686,0.105076,0.000000,0.427451
10102511,noise,1747,0.058904,0.015686,0.104598,0.000000,0.431373
10102512,noise,1737,0.059426,0.015686,0.105097,0.000000,0.435294
10102513,noise,1742,0.059116,0.015686,0.104688,0.000000,0.435294
10102514,noise,1732,0.058799,0.015686,0.104463,0.000000,0.427451
10102515,noise,1738,0.059731,0.015686,0.105486,0.000000,0.423529
10102516,noise,1731,0.059460,0.015686,0.104887,0.000000,0.427451
10102517,noise,1739,0.058668,0.015686,0.104559,0.000000,0.435294
10102518,noise,1744,0.058851,0.015686,0.104844,0.000000,0.439216
10102519,noise,1743,0.058862,0.015686,0.104151,0.000000,0.419608
10102520,noise,1740,0.059126,0.015686,0.104455,0.000000,0.443137
10102521,noise,1735,0.058720,0.015686,0.104579,0.000000,0.431373
10102522,noise,1730,0.059109,0.015686,0.104852,0.000000,0.419608
10102523,noise,1720,0.059430,0.015686,0.105402,0.000000,0.427451
10102524,noise,1733,0.058688,0.015686,0.104399,0.000000,0.419608
10102525,noise,1732,0.058891,0.015686,0.104554,0.000000,0.427451
10102526,noise,1750,0.058772,0.015686,0.104562,0.000000,0.439216
10102527,noise,1727,0.059666,0.015686,0.105554,0.000000,0.423529
10102528,noise,1748,0.058743,0.015686,0.104599,0.000000,0.415686
10102529,noise,1733,0.059258,0.015686,0.105136,0.000000,0.431373
10102530,noise,1736,0.059068,0.015686,0.105070,0.000000,0.427451
10102531,noise,1742,0.058308,0.015686,0.104256,0.000000,0.419608
10102532,noise,1739,0.058860,0.015686,0.104687,0.000000,0.419608
10102533,noise,1733,0.059355,0.015686,0.105149,0.000000,0.419608
10102534,noise,1738,0.058997,0.015686,0.104656,0.000000,0.415686
10102535,noise,1740,0.058808,0.015686,0.104259,0.000000,0.396078
10102536,noise,1758,0.058380,0.015686,0.104366,0.000000,0.400000
10102537,noise,1737,0.058912,0.015686,0.104721,0.000000,0.400000
10102538,noise,1749,0.058776,0.015686,0.104448,0.000000,0.407843
10102539,noise,1739,0.058772,0.015686,0.104647,0.000000,0.423529
10102540,noise,1742,0.058463,0.015686,0.104049,0.000000,0.411765
10102541,noise,1741,0.057546,0.015686,0.102481,0.000000,0.415686
10102542,noise,1730,0.059130,0.015686,0.104594,0.000000,0.392157
10102543,noise,1734,0.058903,0.015686,0.103909,0.000000,0.400000
10102544,noise,1748,0.058204,0.015686,0.103775,0.000000,0.419608
10102545,noise,1748,0.058200,0.015686,0.103932,0.000000,0.411765
10102546,noise,1734,0.059047,0.015686,0.104574,0.000000,0.400000
10102547,noise,1729,0.058674,0.015686,0.104036,0.000000,0.415686
10102548,noise,1740,0.059042,0.015686,0.104524,0.000000,0.400000
10102549,noise,1741,0.058447,0.015686,0.103875,0.000000,0.403922
10102550,noise,1728,0.059046,0.015686,0.104637,0.000000,0.407843
10102551,noise,1734,0.058810,0.015686,0.104084,0.000000,0.407843
10102552,noise,1752,0.058177,0.015686,0.103693,0.000000,0.419608
10102553,noise,1736,0.058688,0.015686,0.104355,0.000000,0.400000
10102554,noise,1737,0.058950,0.015686,0.104604,0.000000,0.407843
10102555,noise,1757,0.058248,0.015686,0.103572,0.000000,0.415686
10102556,noise,1743,0.058162,0.015686,0.103948,0.000000,0.396078
10102557,noise,1750,0.058192,0.015686,0.103594,0.000000,0.407843
10102558,noise,1749,0.058306,0.015686,0.104119,0.000000,0.423529
10102559,noise,1736,0.059047,0.015686,0.104375,0.000000,0.411765
10102560,noise,1746,0.058444,0.015686,0.103887,0.000000,0.431373
10102561,noise,1750,0.058884,0.015686,0.104705,0.000000,0.407843
10102562,noise,1734,0.058634,0.015686,0.104337,0.000000,0.403922
10102563,noise,1735,0.058593,0.015686,0.104074,0.000000,0.411765
10102564,noise,1731,0.058812,0.015686,0.104032,0.000000,0.411765
10102565,noise,1730,0.058699,0.015686,0.104632,0.000000,0.396078
10102566,noise,1754,0.058356,0.015686,0.104128,0.000000,0.403922
10102567,noise,1746,0.058866,0.015686,0.105235,0.000000,0.411765
10102568,noise,1754,0.058146,0.015686,0.103850,0.000000,0.407843
10102569,noise,1738,0.058539,0.015686,0.104442,0.000000,0.415686
10102570,noise,1749,0.058707,0.015686,0.104540,0.000000,0.423529
10102571,noise,1736,0.058955,0.015686,0.104389,0.000000,0.403922
10102572,noise,1758,0.058799,0.015686,0.104710,0.000000,0.411765
10102573,noise,1743,0.058653,0.015686,0.104370,0.000000,0.407843
10102574,noise,1735,0.058681,0.015686,0.104156,0.000000,0.403922
10102575,noise,1747,0.058307,0.015686,0.104386,0.000000,0.435294
10102576,noise,1735,0.058821,0.015686,0.104430,0.000000,0.403922
10102577,noise,1745,0.058601,0.015686,0.104834,0.000000,0.411765
10102578,noise,1736,0.058187,0.015686,0.103871,0.000000,0.435294
10102579,noise,1736,0.059113,0.015686,0.104806,0.000000,0.400000
10102580,noise,1742,0.058362,0.015686,0.104188,0.000000,0.400000
10102581,noise,1739,0.058506,0.015686,0.103574,0.000000,0.396078
10102582,noise,1729,0.058699,0.015686,0.104500,0.000000,0.400000
10102583,noise,1718,0.059412,0.015686,0.104726,0.000000,0.427451
10102584,noise,1718,0.059538,0.015686,0.104383,0.000000,0.392157
10102585,noise,1730,0.058871,0.015686,0.104374,0.000000,0.407843
10102586,noise,1738,0.058609,0.015686,0.104342,0.000000,0.411765
10102587,noise,1736,0.058437,0.015686,0.104238,0.000000,0.396078
10102588,noise,1743,0.058432,0.015686,0.104395,0.000000,0.407843
10102589,noise,1739,0.058501,0.015686,0.103895,0.000000,0.411765
10102590,noise,1736,0.058939,0.015686,0.104497,0.000000,0.415686
10102591,noise,1740,0.058724,0.015686,0.104602,0.000000,0.407843
10102592,noise,1735,0.058869,0.015686,0.104255,0.000000,0.403922
10102593,noise,1736,0.058647,0.015686,0.103827,0.000000,0.396078
10102594,noise,1731,0.058805,0.015686,0.104596,0.000000,0.427451
10102595,noise,1722,0.059536,0.015686,0.104825,0.000000,0.400000
10102596,noise,1742,0.058610,0.015686,0.104375,0.000000,0.415686
10102597,noise,1745,0.058612,0.015686,0.104376,0.000000,0.403922
10102598,noise,1744,0.058450,0.015686,0.104454,0.000000,0.411765
10102599,noise,1739,0.058488,0.015686,0.104100,0.000000,0.396078
10102600,noise,1727,0.058894,0.015686,0.104588,0.000000,0.411765
10102601,noise,1734,0.059020,0.015686,0.104639,0.000000,0.407843
10102602,noise,1745,0.058275,0.015686,0.103650,0.000000,0.400000
10102603,noise,1739,0.058569,0.015686,0.104206,0.000000,0.407843
10102604,noise,1735,0.059271,0.015686,0.104749,0.000000,0.403922
10102605,noise,1725,0.059683,0.015686,0.105199,0.000000,0.392157
10102606,noise,1734,0.059023,0.015686,0.104449,0.000000,0.400000
10102607,noise,1730,0.059250,0.015686,0.104727,0.000000,0.400000
10102608,noise,1733,0.059075,0.015686,0.104367,0.000000,0.407843
10102609,noise,1736,0.059095,0.015686,0.104889,0.000000,0.407843
10102610,noise,1731,0.058767,0.015686,0.104241,0.000000,0.403922
10102611,noise,1738,0.058927,0.015686,0.104398,0.000000,0.407843
10102612,noise,1738,0.058639,0.015686,0.104245,0.000000,0.400000
10102613,noise,1737,0.058968,0.015686,0.105041,0.000000,0.403922
10102614,noise,1724,0.059283,0.015686,0.104704,0.000000,0.415686
10102615,noise,1720,0.059284,0.015686,0.104675,0.000000,0.400000
10102616,noise,1737,0.058767,0.015686,0.104332,0.000000,0.400000
10102617,noise,1729,0.059658,0.015686,0.105402,0.000000,0.415686
10102618,noise,1744,0.059102,0.015686,0.105424,0.000000,0.407843
10102619,noise,1737,0.058923,0.015686,0.105061,0.000000,0.407843
10102620,noise,1737,0.059101,0.015686,0.104963,0.000000,0.411765
10102621,noise,1728,0.059498,0.015686,0.105572,0.000000,0.407843
10102622,noise,1744,0.058608,0.015686,0.104548,0.000000,0.415686
10102623,noise,1731,0.059447,0.015686,0.105343,0.000000,0.411765
10102624,noise,1740,0.059024,0.015686,0.104890,0.000000,0.400000
10102625,noise,1745,0.058752,0.015686,0.104446,0.000000,0.403922
10102626,noise,1725,0.059646,0.015686,0.105247,0.000000,0.411765
10102627,noise,1742,0.058677,0.015686,0.104490,0.000000,0.403922
10102628,noise,1719,0.059601,0.015686,0.105559,0.000000,0.407843
10102629,noise,1734,0.059113,0.015686,0.104816,0.000000,0.407843
10102630,noise,1731,0.059213,0.015686,0.104640,0.000000,0.415686
10102631,noise,1733,0.059708,0.015686,0.105380,0.000000,0.411765
10102632,noise,1722,0.059771,0.015686,0.105506,0.000000,0.407843
10102633,noise,1734,0.058812,0.015686,0.104746,0.000000,0.415686
10102634,noise,1749,0.058662,0.015686,0.104974,0.000000,0.415686
10102635,noise,1734,0.059371,0.015686,0.105594,0.000000,0.411765
10102636,noise,1732,0.059419,0.015686,0.105247,0.000000,0.411765
10102637,noise,1739,0.058580,0.015686,0.103875,0.000000,0.415686
10102638,noise,1748,0.059257,0.015686,0.104865,0.000000,0.400000
10102639,noise,1737,0.059189,0.015686,0.105255,0.000000,0.407843
10102640,noise,1741,0.059004,0.015686,0.104774,0.000000,0.407843
10102641,noise,1721,0.059286,0.015686,0.104784,0.000000,0.411765
10102642,noise,1726,0.059048,0.015686,0.104747,0.000000,0.407843
10102643,noise,1730,0.059277,0.015686,0.105375,0.000000,0.407843
10102644,noise,1733,0.059324,0.015686,0.105676,0.000000,0.403922
10102645,noise,1716,0.060044,0.015686,0.106102,0.000000,0.407843
10102646,noise,1746,0.058556,0.015686,0.104377,0.000000,0.407843
10102647,noise,1728,0.059159,0.015686,0.105054,0.000000,0.411765
10102648,noise,1745,0.058916,0.015686,0.104704,0.000000,0.411765
10102649,noise,1742,0.058902,0.015686,0.104715,0.000000,0.407843
10102650,noise,1743,0.058423,0.015686,0.104502,0.000000,0.407843
10102651,noise,1751,0.058479,0.015686,0.104209,0.000000,0.415686
10102652,noise,1734,0.059111,0.015686,0.104844,0.000000,0.407843
10102653,noise,1742,0.058607,0.015686,0.104438,0.000000,0.415686
10102654,noise,1755,0.058412,0.015686,0.104341,0.000000,0.400000
10102655,noise,1756,0.058518,0.015686,0.104587,0.000000,0.407843
10102656,noise,1752,0.058575,0.015686,0.104202,0.000000,0.396078
10102657,noise,1741,0.059274,0.015686,0.105026,0.000000,0.403922
10102658,noise,1747,0.059344,0.015686,0.104806,0.000000,0.396078
10102659,noise,1750,0.058994,0.015686,0.104222,0.000000,0.403922
10102660,noise,1746,0.058949,0.015686,0.104370,0.000000,0.388235
10102661,noise,1751,0.058582,0.015686,0.104162,0.000000,0.403922
10102662,noise,1767,0.058442,0.015686,0.103966,0.000000,0.407843
10102663,noise,1758,0.058402,0.015686,0.103587,0.000000,0.403922
10102664,noise,1749,0.058335,0.015686,0.103800,0.000000,0.411765
10102665,noise,1754,0.058768,0.015686,0.104318,0.000000,0.419608
10102666,noise,1758,0.058402,0.015686,0.103159,0.000000,0.400000
10102667,noise,1757,0.058408,0.015686,0.103100,0.000000,0.403922
10102668,noise,1742,0.058848,0.015686,0.104358,0.000000,0.396078
10102669,noise,1746,0.058727,0.015686,0.104295,0.000000,0.400000
10102670,noise,1742,0.059089,0.015686,0.103945,0.000000,0.392157
10102671,noise,1746,0.058651,0.015686,0.104071,0.000000,0.396078
10102672,noise,1758,0.058623,0.015686,0.103769,0.000000,0.403922
10102673,noise,1738,0.059074,0.015686,0.104319,0.000000,0.407843
10102674,noise,1759,0.058413,0.015686,0.103837,0.000000,0.396078
10102675,noise,1743,0.058488,0.015686,0.104073,0.000000,0.400000
10102676,noise,1748,0.058922,0.015686,0.104630,0.000000,0.407843
10102677,noise,1754,0.058488,0.015686,0.103661,0.000000,0.407843
10102678,noise,1748,0.058496,0.015686,0.104045,0.000000,0.403922
10102679,noise,1745,0.058920,0.015686,0.104188,0.000000,0.403922
10102680,noise,1735,0.059108,0.015686,0.104723,0.000000,0.411765
10102681,noise,1742,0.058637,0.015686,0.103500,0.000000,0.403922
10102682,noise,1748,0.058799,0.015686,0.103823,0.000000,0.400000
10102683,noise,1749,0.058353,0.015686,0.103542,0.000000,0.396078
10102684,noise,1751,0.058517,0.015686,0.103384,0.000000,0.388235
10102685,noise,1750,0.058281,0.015686,0.103639,0.000000,0.403922
10102686,noise,1743,0.058074,0.015686,0.102816,0.000000,0.400000
10102687,noise,1755,0.058663,0.015686,0.104371,0.000000,0.403922
10102688,noise,1756,0.058049,0.015686,0.103103,0.000000,0.400000
10102689,noise,1761,0.057641,0.015686,0.102966,0.000000,0.400000
10102690,noise,1750,0.058449,0.015686,0.103697,0.000000,0.392157
10102691,noise,1751,0.057708,0.015686,0.102471,0.000000,0.396078
10102692,noise,1744,0.058560,0.015686,0.103492,0.000000,0.407843
10102693,noise,1753,0.057913,0.015686,0.103240,0.000000,0.407843
10102694,noise,1755,0.057467,0.015686,0.101843,0.000000,0.392157
10102695,noise,1743,0.059118,0.015686,0.104008,0.000000,0.403922
10102696,noise,1753,0.058812,0.015686,0.103807,0.000000,0.400000
10102697,noise,1756,0.057725,0.015686,0.102895,0.000000,0.396078
10102698,noise,1752,0.058300,0.015686,0.103402,0.000000,0.411765
10102699,noise,1749,0.058359,0.015686,0.103593,0.000000,0.403922
10102700,noise,1735,0.058683,0.015686,0.103675,0.000000,0.400000
10102701,noise,1753,0.058099,0.015686,0.103534,0.000000,0.407843
10102702,noise,1746,0.057905,0.015686,0.102999,0.000000,0.400000
10102703,noise,1743,0.058239,0.015686,0.103185,0.000000,0.403922
10102704,noise,1746,0.058069,0.015686,0.103009,0.000000,0.392157
10102705,noise,1746,0.057564,0.015686,0.102991,0.000000,0.396078
10102706,noise,1753,0.057506,0.015686,0.103101,0.000000,0.396078
10102707,noise,1753,0.057589,0.015686,0.103315,0.000000,0.403922
10102708,noise,1745,0.058086,0.015686,0.103556,0.000000,0.400000
10102709,noise,1736,0.058686,0.015686,0.103750,0.000000,0.403922
10102710,noise,1758,0.058538,0.015686,0.104096,0.000000,0.403922
10102711,noise,1732,0.059016,0.015686,0.104428,0.000000,0.407843
10102712,noise,1744,0.058295,0.015686,0.103642,0.000000,0.403922
10102713,noise,1761,0.058483,0.015686,0.103526,0.000000,0.400000
10102714,noise,1741,0.059013,0.015686,0.104436,0.000000,0.415686
10102715,noise,1744,0.058028,0.015686,0.103401,0.000000,0.411765
10102716,noise,1748,0.058469,0.015686,0.103952,0.000000,0.407843
10102717,noise,1736,0.058430,0.015686,0.103994,0.000000,0.423529
10102718,noise,1744,0.058455,0.015686,0.103758,0.000000,0.400000
10102719,noise,1751,0.057690,0.015686,0.103161,0.000000,0.407843
10102720,noise,1744,0.058545,0.015686,0.104322,0.000000,0.403922
10102721,noise,1746,0.058069,0.015686,0.103314,0.000000,0.396078
10102722,noise,1760,0.057787,0.015686,0.103517,0.000000,0.403922
10102723,noise,1742,0.058200,0.015686,0.103600,0.000000,0.392157
10102724,noise,1747,0.058139,0.015686,0.103612,0.000000,0.400000
10102725,noise,1742,0.058132,0.015686,0.103297,0.000000,0.407843
10102726,noise,1737,0.058106,0.015686,0.103724,0.000000,0.400000
10102727,noise,1747,0.057825,0.015686,0.103665,0.000000,0.392157
10102728,noise,1733,0.058314,0.015686,0.103818,0.000000,0.392157
10102729,noise,1758,0.057670,0.015686,0.103185,0.000000,0.388235
10102730,noise,1735,0.057969,0.015686,0.103866,0.000000,0.403922
10102731,noise,1743,0.057696,0.015686,0.103785,0.000000,0.411765
10102732,noise,1728,0.058109,0.015686,0.103989,0.000000,0.403922
10102733,noise,1753,0.056819,0.015686,0.102348,0.000000,0.396078
10102734,noise,1732,0.058187,0.015686,0.103505,0.000000,0.403922
10102735,noise,1737,0.057925,0.015686,0.103006,0.000000,0.411765
10102736,noise,1745,0.057835,0.015686,0.103215,0.000000,0.407843
10102737,noise,1755,0.057362,0.015686,0.103480,0.000000,0.400000
10102738,noise,1740,0.058569,0.015686,0.104017,0.000000,0.407843
10102739,noise,1752,0.057986,0.015686,0.103898,0.000000,0.407843
10102740,noise,1739,0.058772,0.015686,0.104496,0.000000,0.407843
10102741,noise,1757,0.058020,0.015686,0.103081,0.000000,0.400000
10102742,noise,1754,0.057706,0.015686,0.103160,0.000000,0.396078
10102743,noise,1747,0.058422,0.015686,0.103832,0.000000,0.388235
10102744,noise,1742,0.058040,0.015686,0.103967,0.000000,0.407843
10102745,noise,1753,0.058135,0.015686,0.103505,0.000000,0.419608
10102746,noise,1742,0.058029,0.015686,0.103761,0.000000,0.407843
10102747,noise,1752,0.058159,0.015686,0.103776,0.000000,0.419608
10102748,noise,1749,0.058176,0.015686,0.103436,0.000000,0.411765
10102749,noise,1754,0.058198,0.015686,0.103628,0.000000,0.419608
10102750,noise,1749,0.058308,0.015686,0.103821,0.000000,0.411765
10102751,noise,1747,0.058316,0.015686,0.104205,0.000000,0.419608
10102752,noise,1756,0.057734,0.011765,0.103856,0.000000,0.400000
10102753,noise,1749,0.058149,0.015686,0.103505,0.000000,0.396078
10102754,noise,1750,0.058299,0.015686,0.103973,0.000000,0.407843
10102755,noise,1736,0.058810,0.015686,0.104752,0.000000,0.411765
10102756,noise,1750,0.058183,0.015686,0.103610,0.000000,0.400000
10102757,noise,1742,0.058295,0.015686,0.103690,0.000000,0.396078
10102758,noise,1750,0.057629,0.015686,0.103170,0.000000,0.403922
10102759,noise,1746,0.058172,0.015686,0.104742,0.000000,0.423529
10102760,noise,1755,0.058482,0.015686,0.104688,0.000000,0.415686
10102761,noise,1745,0.058379,0.015686,0.104093,0.000000,0.407843
10102762,noise,1762,0.057858,0.015686,0.104103,0.000000,0.400000
10102763,noise,1751,0.058456,0.015686,0.104872,0.000000,0.403922
10102764,noise,1742,0.058709,0.015686,0.104966,0.000000,0.407843
10102765,noise,1750,0.058915,0.015686,0.105156,0.000000,0.396078
10102766,noise,1747,0.058666,0.015686,0.104676,0.000000,0.400000
10102767,noise,1741,0.058443,0.015686,0.104083,0.000000,0.403922
10102768,noise,1754,0.058001,0.015686,0.103603,0.000000,0.407843
10102769,noise,1750,0.058245,0.015686,0.104058,0.000000,0.407843
10102770,noise,1740,0.058425,0.013725,0.104446,0.000000,0.419608
10102771,noise,1741,0.058607,0.015686,0.105265,0.000000,0.407843
10102772,noise,1738,0.058758,0.015686,0.104737,0.000000,0.400000
10102773,noise,1752,0.058092,0.015686,0.103878,0.000000,0.396078
10102774,noise,1733,0.058459,0.015686,0.103994,0.000000,0.407843
10102775,noise,1740,0.057963,0.015686,0.103285,0.000000,0.415686
10102776,noise,1746,0.058300,0.015686,0.104568,0.000000,0.403922
10102777,noise,1736,0.057997,0.015686,0.104225,0.000000,0.419608
10102778,noise,1741,0.058580,0.015686,0.104828,0.000000,0.403922
10102779,noise,1729,0.057889,0.015686,0.103833,0.000000,0.427451
10102780,noise,1737,0.058433,0.015686,0.104046,0.000000,0.411765
10102781,noise,1731,0.058001,0.015686,0.104369,0.000000,0.419608
10102782,noise,1724,0.057982,0.015686,0.103759,0.000000,0.407843
10102783,noise,1724,0.057964,0.015686,0.103931,0.000000,0.411765
10102784,noise,1742,0.057675,0.015686,0.103865,0.000000,0.411765
10102785,noise,1753,0.057365,0.011765,0.104125,0.000000,0.403922
10102786,noise,1728,0.058306,0.015686,0.104115,0.000000,0.400000
10102787,noise,1743,0.057588,0.011765,0.103719,0.000000,0.419608
10102788,noise,1753,0.057772,0.011765,0.104162,0.000000,0.411765
10102789,noise,1740,0.057764,0.015686,0.103608,0.000000,0.396078
10102790,noise,1747,0.057991,0.015686,0.104147,0.000000,0.423529
10102791,noise,1754,0.058054,0.011765,0.104475,0.000000,0.400000
10102792,noise,1752,0.058331,0.015686,0.104427,0.000000,0.403922
10102793,noise,1760,0.058458,0.015686,0.104553,0.000000,0.411765
10102794,noise,1756,0.058118,0.011765,0.104427,0.000000,0.423529
10102795,noise,1751,0.058396,0.015686,0.104607,0.000000,0.407843
10102796,noise,1762,0.058361,0.015686,0.104486,0.000000,0.407843
10102797,noise,1752,0.057845,0.015686,0.104618,0.000000,0.407843
10102798,noise,1741,0.058042,0.015686,0.104149,0.000000,0.403922
10102799,noise,1760,0.057645,0.011765,0.103812,0.000000,0.411765
10102800,noise,1757,0.057775,0.011765,0.104000,0.000000,0.415686
10102801,noise,1755,0.058455,0.011765,0.105219,0.000000,0.415686
10102802,noise,1748,0.058707,0.011765,0.105344,0.000000,0.411765
10102803,noise,1753,0.059063,0.015686,0.105821,0.000000,0.407843
10102804,noise,1749,0.058559,0.015686,0.105598,0.000000,0.427451
10102805,noise,1762,0.058361,0.011765,0.104980,0.000000,0.419608
10102806,noise,1758,0.058772,0.011765,0.105026,0.000000,0.415686
10102807,noise,1756,0.059473,0.015686,0.106326,0.000000,0.411765
10102808,noise,1752,0.058629,0.011765,0.105354,0.000000,0.411765
10102809,noise,1720,0.058313,0.011765,0.105182,0.000000,0.411765
10102810,noise,1729,0.059046,0.015686,0.106181,0.000000,0.407843
10102811,noise,1742,0.058576,0.011765,0.105076,0.000000,0.396078
10102812,noise,1728,0.058206,0.011765,0.104247,0.000000,0.396078
10102813,noise,1732,0.058699,0.015686,0.104106,0.000000,0.400000
10102814,noise,1754,0.058204,0.011765,0.104465,0.000000,0.407843
10102815,noise,1748,0.058240,0.015686,0.104544,0.000000,0.407843
10102816,noise,1731,0.057738,0.011765,0.104716,0.000000,0.403922
10102817,noise,1735,0.057180,0.011765,0.103452,0.000000,0.400000
10102818,noise,1724,0.057377,0.011765,0.103537,0.000000,0.411765
10102819,noise,1747,0.056972,0.011765,0.103956,0.000000,0.411765
10102820,noise,1744,0.058144,0.011765,0.104630,0.000000,0.407843
10102821,noise,1745,0.058388,0.015686,0.104327,0.000000,0.407843
10102822,noise,1757,0.057536,0.011765,0.103806,0.000000,0.400000
10102823,noise,1748,0.057915,0.011765,0.104425,0.000000,0.419608
10102824,noise,1746,0.057530,0.011765,0.103866,0.000000,0.400000
10102825,noise,1747,0.058002,0.015686,0.105054,0.000000,0.403922
10102826,noise,1742,0.058054,0.011765,0.104774,0.000000,0.411765
10102827,noise,1739,0.059311,0.015686,0.106385,0.000000,0.411765
10102828,noise,1745,0.058898,0.011765,0.106187,0.000000,0.407843
10102829,noise,1743,0.058792,0.015686,0.105642,0.000000,0.407843
10102830,noise,1760,0.058168,0.011765,0.104117,0.000000,0.411765
10102831,noise,1750,0.058644,0.011765,0.105327,0.000000,0.407843
10102832,noise,1733,0.059068,0.011765,0.105885,0.000000,0.400000
10102833,noise,1751,0.057643,0.011765,0.104948,0.000000,0.400000
10102834,noise,1731,0.057319,0.011765,0.104056,0.000000,0.411765
10102835,noise,1750,0.057775,0.015686,0.104426,0.000000,0.403922
10102836,noise,1752,0.057172,0.011765,0.104020,0.000000,0.407843
10102837,noise,1743,0.056290,0.011765,0.103104,0.000000,0.403922
10102838,noise,1753,0.056828,0.011765,0.103615,0.000000,0.407843
10102839,noise,1741,0.055147,0.011765,0.102041,0.000000,0.403922
10102840,noise,1705,0.053759,0.011765,0.101261,0.000000,0.403922
10102841,noise,1722,0.053526,0.011765,0.100770,0.000000,0.411765
10102842,noise,1701,0.051949,0.011765,0.098973,0.000000,0.407843
10102843,noise,1716,0.052048,0.011765,0.099362,0.000000,0.407843
10102844,noise,1692,0.052213,0.011765,0.099842,0.000000,0.407843
10102845,noise,1713,0.052343,0.011765,0.099219,0.000000,0.415686
10102846,noise,1731,0.053373,0.011765,0.100804,0.000000,0.415686
10102847,noise,1684,0.054478,0.015686,0.101123,0.000000,0.415686
10102848,noise,1690,0.052646,0.011765,0.100274,0.000000,0.403922
10102849,noise,1693,0.052725,0.011765,0.100331,0.000000,0.407843
10102850,noise,1704,0.052225,0.011765,0.100108,0.000000,0.435294
10102851,noise,1716,0.051579,0.011765,0.098825,0.000000,0.403922
10102852,noise,1691,0.052585,0.011765,0.100048,0.000000,0.411765
10102853,noise,1713,0.053139,0.011765,0.100589,0.000000,0.411765
10102854,noise,1705,0.053600,0.011765,0.101156,0.000000,0.396078
10102855,noise,1703,0.053541,0.011765,0.100516,0.000000,0.407843
10102856,noise,1711,0.054141,0.011765,0.101153,0.000000,0.400000
10102857,noise,1726,0.054866,0.011765,0.102179,0.000000,0.403922
10102858,noise,1721,0.056814,0.011765,0.103383,0.000000,0.407843
10102859,noise,1705,0.055258,0.015686,0.101331,0.000000,0.403922
10102860,noise,1750,0.055794,0.011765,0.101478,0.000000,0.403922
10102861,noise,1742,0.056800,0.011765,0.102516,0.000000,0.400000
10102862,noise,1730,0.056591,0.011765,0.103809,0.000000,0.423529
10102863,noise,1722,0.056243,0.011765,0.103219,0.000000,0.427451
10102864,noise,1733,0.055563,0.011765,0.101230,0.000000,0.403922
10102865,noise,1721,0.055451,0.011765,0.101505,0.000000,0.407843
10102866,noise,1720,0.056947,0.015686,0.103018,0.000000,0.415686
10102867,noise,1736,0.056422,0.011765,0.102897,0.000000,0.415686
10102868,noise,1715,0.058734,0.015686,0.105092,0.000000,0.403922
10102869,noise,1724,0.060157,0.015686,0.105938,0.000000,0.411765
10102870,noise,1754,0.059025,0.011765,0.105116,0.000000,0.403922
10102871,noise,1728,0.059234,0.015686,0.105849,0.000000,0.411765
10102872,noise,1725,0.057637,0.015686,0.102832,0.000000,0.400000
10102873,noise,1727,0.058031,0.015686,0.104596,0.000000,0.407843
10102874,noise,1736,0.059020,0.015686,0.105081,0.000000,0.407843
10102875,noise,1730,0.058443,0.015686,0.104975,0.000000,0.403922
10102876,noise,1750,0.060045,0.015686,0.107553,0.000000,0.403922
10102877,noise,1721,0.056798,0.015686,0.102843,0.000000,0.396078
10102878,noise,1711,0.057684,0.015686,0.103929,0.000000,0.400000
10102879,noise,1723,0.058284,0.015686,0.105800,0.000000,0.411765
10102880,noise,1677,0.054820,0.015686,0.099745,0.000000,0.384314
10102881,noise,1733,0.057421,0.015686,0.101943,0.000000,0.392157
10102882,noise,1729,0.058520,0.015686,0.104157,0.000000,0.403922
10102883,noise,1703,0.059574,0.015686,0.105279,0.000000,0.403922
10102884,noise,1713,0.058244,0.015686,0.104043,0.000000,0.407843
10102885,noise,1723,0.056318,0.015686,0.100348,0.000000,0.411765
10102886,noise,1701,0.054056,0.011765,0.101831,0.000000,0.423529
10102887,noise,1664,0.053427,0.011765,0.099973,0.000000,0.396078
10102888,noise,1698,0.052154,0.011765,0.097971,0.000000,0.400000
10102889,noise,1685,0.052344,0.011765,0.099263,0.000000,0.407843
10102890,noise,1661,0.050390,0.011765,0.097816,0.000000,0.403922
10102891,noise,1693,0.053943,0.011765,0.099930,0.000000,0.400000
10102892,noise,1689,0.052940,0.011765,0.098039,0.000000,0.419608
10102893,noise,1676,0.052880,0.011765,0.097624,0.000000,0.400000
10102894,noise,1678,0.052976,0.011765,0.098220,0.000000,0.400000
10102895,noise,1664,0.050973,0.011765,0.097099,0.000000,0.400000
10102896,noise,1657,0.047906,0.011765,0.093454,0.000000,0.392157
10102897,noise,1624,0.046161,0.011765,0.092112,0.000000,0.392157
10102898,noise,1648,0.049284,0.011765,0.094761,0.000000,0.407843
10102899,noise,1677,0.053286,0.011765,0.099291,0.000000,0.407843
10102900,noise,1700,0.057223,0.015686,0.104237,0.000000,0.419608
10102901,noise,1701,0.055333,0.015686,0.101348,0.000000,0.400000
10102902,noise,1704,0.054453,0.011765,0.100474,0.000000,0.411765
10102903,noise,1720,0.057729,0.015686,0.103380,0.000000,0.396078
10102904,noise,1696,0.054638,0.011765,0.101176,0.000000,0.407843
10102905,noise,1686,0.053709,0.011765,0.098141,0.000000,0.400000
10102906,noise,1711,0.055431,0.015686,0.101053,0.000000,0.423529
10102907,noise,1725,0.059887,0.015686,0.106755,0.000000,0.407843
10102908,noise,1709,0.057628,0.011765,0.105376,0.000000,0.400000
10102909,noise,1713,0.056209,0.015686,0.102246,0.000000,0.403922
10102910,noise,1689,0.052148,0.011765,0.096237,0.000000,0.376471
10102911,noise,1716,0.055409,0.011765,0.101466,0.000000,0.439216
10102912,noise,1736,0.056214,0.013725,0.100780,0.000000,0.427451
10102913,noise,1700,0.055174,0.011765,0.100648,0.000000,0.388235
10102914,noise,1715,0.056704,0.011765,0.103634,0.000000,0.403922
10102915,noise,1716,0.056355,0.011765,0.102249,0.000000,0.407843
10102916,noise,1700,0.055624,0.013725,0.101718,0.000000,0.388235
10102917,noise,1726,0.058417,0.011765,0.104357,0.000000,0.392157
10102918,noise,1724,0.058089,0.015686,0.102275,0.000000,0.392157
10102919,noise,1730,0.058334,0.015686,0.103303,0.000000,0.411765
10102920,noise,1734,0.059407,0.015686,0.105921,0.000000,0.403922
10102921,noise,1711,0.054464,0.011765,0.098424,0.000000,0.396078
10102922,noise,1736,0.055932,0.011765,0.101917,0.000000,0.407843
10102923,noise,1718,0.057611,0.015686,0.101867,0.000000,0.400000
10102924,noise,1704,0.055464,0.011765,0.100650,0.000000,0.396078
10102925,noise,1657,0.049641,0.011765,0.094117,0.000000,0.376471
10102926,noise,1644,0.047350,0.011765,0.094621,0.000000,0.392157
10102927,noise,1649,0.049989,0.011765,0.097620,0.000000,0.392157
10102928,noise,1704,0.056083,0.011765,0.104753,0.000000,0.403922
10102929,noise,1709,0.053789,0.011765,0.101455,0.000000,0.450980
10102930,noise,1709,0.053137,0.011765,0.098695,0.000000,0.407843
10102931,noise,1714,0.053719,0.011765,0.100394,0.000000,0.419608
10102932,noise,1712,0.052831,0.011765,0.096629,0.000000,0.388235
10102933,noise,1729,0.056887,0.011765,0.102156,0.000000,0.403922
10102934,noise,1753,0.060510,0.011765,0.110261,0.000000,0.415686
10102935,noise,1730,0.054902,0.011765,0.100544,0.000000,0.470588
10102936,noise,1727,0.054443,0.011765,0.099448,0.000000,0.419608
10102937,noise,1738,0.059938,0.011765,0.108453,0.000000,0.443137
10102938,noise,1723,0.057396,0.011765,0.101834,0.000000,0.400000
10102939,noise,1724,0.056255,0.011765,0.100919,0.000000,0.376471
10102940,noise,1736,0.057188,0.011765,0.102234,0.000000,0.396078
10102941,noise,1721,0.057939,0.011765,0.104477,0.000000,0.396078
10102942,noise,1732,0.058038,0.011765,0.103515,0.000000,0.403922
10102943,noise,1719,0.053453,0.011765,0.094802,0.000000,0.388235
10102944,noise,1735,0.057427,0.011765,0.103182,0.000000,0.419608
10102945,noise,1719,0.055611,0.011765,0.100270,0.000000,0.415686
10102946,noise,1715,0.055652,0.011765,0.099847,0.000000,0.396078
10102947,noise,1734,0.057354,0.011765,0.103893,0.000000,0.435294
10102948,noise,1727,0.056371,0.011765,0.100159,0.000000,0.396078
10102949,noise,1730,0.055362,0.011765,0.098331,0.000000,0.392157
10102950,noise,1724,0.053997,0.011765,0.097236,0.000000,0.400000
10102951,noise,1733,0.057550,0.011765,0.103776,0.000000,0.407843
10102952,noise,1738,0.058966,0.011765,0.105661,0.000000,0.423529
10102953,noise,1738,0.057364,0.011765,0.102166,0.000000,0.380392
10102954,noise,1722,0.056325,0.015686,0.099249,0.000000,0.376471
10102955,noise,1740,0.055026,0.011765,0.098182,0.000000,0.384314
10102956,noise,1729,0.056199,0.011765,0.099363,0.000000,0.384314
10102957,noise,1731,0.057790,0.011765,0.103674,0.000000,0.400000
10102958,noise,1735,0.058017,0.011765,0.103973,0.000000,0.407843
10102959,noise,1745,0.056358,0.011765,0.101004,0.000000,0.380392
10102960,noise,1729,0.058524,0.011765,0.104077,0.000000,0.396078
10102961,noise,1726,0.056717,0.011765,0.101426,0.000000,0.400000
10102962,noise,1715,0.056798,0.011765,0.101589,0.000000,0.392157
10102963,noise,1725,0.056502,0.011765,0.100254,0.000000,0.372549
10102964,noise,1721,0.055146,0.011765,0.099781,0.000000,0.392157
10102965,noise,1729,0.057177,0.011765,0.102764,0.000000,0.407843
10102966,noise,1728,0.056981,0.015686,0.101087,0.000000,0.392157
10102967,noise,1720,0.057141,0.015686,0.101621,0.000000,0.400000
10102968,noise,1723,0.057244,0.015686,0.101908,0.000000,0.392157
10102969,noise,1734,0.058263,0.011765,0.104433,0.000000,0.396078
10102970,noise,1731,0.055706,0.011765,0.100060,0.000000,0.376471
10102971,noise,1719,0.057341,0.011765,0.102908,0.000000,0.388235
10102972,noise,1711,0.057590,0.015686,0.101600,0.000000,0.376471
10102973,noise,1724,0.056911,0.015686,0.101251,0.000000,0.384314
10102974,noise,1722,0.055075,0.011765,0.097684,0.000000,0.384314
10102975,noise,1722,0.052955,0.011765,0.095622,0.000000,0.380392
10102976,noise,1695,0.058733,0.015686,0.105975,0.000000,0.407843
10102977,noise,1744,0.060656,0.011765,0.110687,0.000000,0.470588
10102978,noise,1701,0.054713,0.011765,0.097621,0.000000,0.380392
10102979,noise,1722,0.058231,0.011765,0.103676,0.000000,0.388235
10102980,noise,1707,0.053859,0.011765,0.095188,0.000000,0.372549
10102981,noise,1730,0.059259,0.015686,0.106116,0.000000,0.392157
10102982,noise,1710,0.056097,0.011765,0.100921,0.000000,0.415686
10102983,noise,1716,0.056502,0.015686,0.101415,0.000000,0.392157
10102984,noise,1727,0.057504,0.011765,0.102771,0.000000,0.380392
10102985,noise,1732,0.056163,0.011765,0.100702,0.000000,0.376471
10102986,noise,1717,0.056359,0.011765,0.099993,0.000000,0.372549
10102987,noise,1713,0.055000,0.015686,0.097286,0.000000,0.376471
10102988,noise,1719,0.055025,0.011765,0.099180,0.000000,0.384314
10102989,noise,1742,0.056739,0.011765,0.102175,0.000000,0.372549
10102990,noise,1724,0.054929,0.011765,0.099612,0.000000,0.400000
10102991,noise,1712,0.053754,0.011765,0.096298,0.000000,0.368627
10102992,noise,1723,0.054720,0.011765,0.097851,0.000000,0.376471
10102993,noise,1716,0.056456,0.011765,0.101740,0.000000,0.388235
10102994,noise,1729,0.053512,0.011765,0.096519,0.000000,0.376471
10102995,noise,1729,0.055161,0.011765,0.098296,0.000000,0.372549
10102996,noise,1722,0.055845,0.011765,0.098666,0.000000,0.376471
10102997,noise,1740,0.053117,0.011765,0.094294,0.000000,0.372549
10102998,noise,1714,0.052790,0.011765,0.092308,0.000000,0.372549
10102999,noise,1730,0.053245,0.011765,0.095302,0.000000,0.380392
10103000,noise,1713,0.054684,0.011765,0.097727,0.000000,0.368627
10103001,noise,1711,0.057602,0.011765,0.106848,0.000000,0.443137
10103002,noise,1717,0.057211,0.011765,0.106466,0.000000,0.478431
10103003,noise,1694,0.048756,0.011765,0.090737,0.000000,0.388235
10103004,noise,1721,0.055476,0.011765,0.099438,0.000000,0.384314
10103005,noise,1710,0.054026,0.011765,0.097073,0.000000,0.376471
10103006,noise,1729,0.055179,0.011765,0.098564,0.000000,0.407843
10103007,noise,1709,0.053610,0.011765,0.095852,0.000000,0.376471
10103008,noise,1733,0.055683,0.011765,0.099633,0.000000,0.364706
10103009,noise,1717,0.054578,0.011765,0.098292,0.000000,0.372549
10103010,noise,1728,0.055215,0.011765,0.100767,0.000000,0.388235
10103011,noise,1724,0.056119,0.011765,0.099720,0.000000,0.372549
10103012,noise,1720,0.055976,0.011765,0.100170,0.000000,0.376471
10103013,noise,1718,0.055386,0.011765,0.099168,0.000000,0.372549
10103014,noise,1718,0.053615,0.011765,0.096629,0.000000,0.384314
10103015,noise,1709,0.054337,0.011765,0.096982,0.000000,0.372549
10103016,noise,1699,0.053466,0.011765,0.097138,0.000000,0.384314
10103017,noise,1727,0.057570,0.011765,0.102766,0.000000,0.392157
10103018,noise,1720,0.058021,0.011765,0.104767,0.000000,0.403922
10103019,noise,1727,0.056080,0.011765,0.101247,0.000000,0.407843
10103020,noise,1704,0.052598,0.011765,0.095041,0.000000,0.372549
10103021,noise,1708,0.053191,0.011765,0.094970,0.000000,0.372549
10103022,noise,1718,0.053418,0.011765,0.095420,0.000000,0.364706
10103023,noise,1718,0.056217,0.011765,0.100299,0.000000,0.376471
10103024,noise,1725,0.057839,0.011765,0.102937,0.000000,0.396078
10103025,noise,1727,0.055958,0.011765,0.101410,0.000000,0.372549
10103026,noise,1723,0.055405,0.011765,0.100040,0.000000,0.388235
10103027,noise,1703,0.054778,0.011765,0.097696,0.000000,0.368627
10103028,noise,1721,0.054134,0.011765,0.096672,0.000000,0.392157
10103029,noise,1716,0.054162,0.011765,0.097003,0.000000,0.376471
10103030,noise,1724,0.055350,0.011765,0.099078,0.000000,0.380392
10103031,noise,1717,0.055902,0.011765,0.101548,0.000000,0.388235
10103032,noise,1705,0.056316,0.011765,0.101363,0.000000,0.376471
10103033,noise,1711,0.055910,0.011765,0.100751,0.000000,0.380392
10103034,noise,1727,0.056065,0.011765,0.100334,0.000000,0.388235
10103035,noise,1692,0.055727,0.011765,0.099049,0.000000,0.368627
10103036,noise,1715,0.055453,0.011765,0.099458,0.000000,0.372549
10103037,noise,1694,0.054937,0.011765,0.099748,0.000000,0.376471
10103038,noise,1704,0.056683,0.011765,0.102226,0.000000,0.396078
10103039,noise,1717,0.056955,0.011765,0.102052,0.000000,0.400000
10103040,noise,1719,0.055018,0.011765,0.099343,0.000000,0.368627
10103041,noise,1708,0.055329,0.011765,0.099634,0.000000,0.380392
10103042,noise,1705,0.054391,0.011765,0.097951,0.000000,0.372549
10103043,noise,1705,0.054470,0.011765,0.098413,0.000000,0.376471
10103044,noise,1706,0.055959,0.011765,0.100891,0.000000,0.380392
10103045,noise,1712,0.057662,0.013725,0.102899,0.000000,0.403922
10103046,noise,1722,0.054875,0.011765,0.097668,0.000000,0.380392
10103047,noise,1698,0.053258,0.011765,0.096029,0.000000,0.388235
10103048,noise,1698,0.053863,0.011765,0.096681,0.000000,0.368627
10103049,noise,1698,0.055299,0.011765,0.099012,0.000000,0.380392
10103050,noise,1730,0.056366,0.011765,0.101711,0.000000,0.396078
10103051,noise,1712,0.057859,0.011765,0.103426,0.000000,0.403922
10103052,noise,1712,0.055747,0.011765,0.100537,0.000000,0.372549
10103053,noise,1709,0.055145,0.011765,0.097852,0.000000,0.364706
10103054,noise,1700,0.057313,0.011765,0.101382,0.000000,0.388235
10103055,noise,1699,0.057016,0.011765,0.101129,0.000000,0.372549
10103056,noise,1703,0.057483,0.011765,0.102076,0.000000,0.396078
10103057,noise,1701,0.054561,0.011765,0.098223,0.000000,0.372549
10103058,noise,1705,0.055394,0.011765,0.100141,0.000000,0.388235
10103059,noise,1713,0.057487,0.011765,0.101759,0.000000,0.392157
10103060,noise,1724,0.056333,0.011765,0.100582,0.000000,0.392157
10103061,noise,1735,0.055930,0.011765,0.099475,0.000000,0.384314
10103062,noise,1677,0.052935,0.011765,0.095900,0.000000,0.388235
10103063,noise,1696,0.055099,0.011765,0.099118,0.000000,0.384314
10103064,noise,1680,0.053501,0.011765,0.095443,0.000000,0.380392
10103065,noise,1713,0.056532,0.011765,0.101589,0.000000,0.376471
10103066,noise,1720,0.056183,0.011765,0.101053,0.000000,0.376471
10103067,noise,1713,0.056694,0.011765,0.100698,0.000000,0.368627
10103068,noise,1706,0.052895,0.011765,0.093954,0.000000,0.364706
10103069,noise,1700,0.053550,0.011765,0.097499,0.000000,0.376471
10103070,noise,1723,0.055334,0.011765,0.098121,0.000000,0.364706
10103071,noise,1718,0.056742,0.011765,0.102761,0.000000,0.396078
10103072,noise,1723,0.056659,0.011765,0.101058,0.000000,0.403922
10103073,noise,1696,0.055325,0.011765,0.099571,0.000000,0.384314
10103074,noise,1710,0.054785,0.011765,0.097788,0.000000,0.403922
10103075,noise,1711,0.051407,0.011765,0.093067,0.000000,0.364706
10103076,noise,1701,0.054090,0.011765,0.094987,0.000000,0.372549
10103077,noise,1687,0.053389,0.011765,0.094815,0.000000,0.360784
10103078,noise,1714,0.054270,0.011765,0.096085,0.000000,0.360784
10103079,noise,1702,0.053457,0.011765,0.097067,0.000000,0.376471
10103080,noise,1712,0.057280,0.011765,0.101796,0.000000,0.384314
10103081,noise,1728,0.055742,0.011765,0.099749,0.000000,0.376471
10103082,noise,1707,0.054741,0.011765,0.096773,0.000000,0.384314
10103083,noise,1677,0.052690,0.011765,0.096657,0.000000,0.380392
10103084,noise,1693,0.051566,0.011765,0.092503,0.000000,0.368627
10103085,noise,1710,0.054870,0.011765,0.100783,0.000000,0.376471
10103086,noise,1705,0.053993,0.011765,0.096934,0.000000,0.403922
10103087,noise,1686,0.054365,0.011765,0.099698,0.000000,0.376471
10103088,noise,1707,0.054024,0.011765,0.097051,0.000000,0.396078
10103089,noise,1673,0.052448,0.011765,0.095346,0.000000,0.368627
10103090,noise,1668,0.055107,0.011765,0.099490,0.000000,0.372549
10103091,noise,1684,0.055277,0.011765,0.098621,0.000000,0.376471
10103092,noise,1711,0.056472,0.011765,0.101780,0.000000,0.388235
10103093,noise,1708,0.057517,0.011765,0.102871,0.000000,0.407843
10103094,noise,1697,0.054738,0.011765,0.099268,0.000000,0.368627
10103095,noise,1690,0.054002,0.011765,0.096952,0.000000,0.368627
10103096,noise,1688,0.053176,0.011765,0.095873,0.000000,0.368627
10103097,noise,1698,0.054188,0.011765,0.097095,0.000000,0.364706
10103098,noise,1694,0.054951,0.011765,0.097972,0.000000,0.368627
10103099,noise,1696,0.053339,0.011765,0.096725,0.000000,0.368627
10103100,noise,1700,0.054016,0.011765,0.097940,0.000000,0.368627
10103101,noise,1703,0.054451,0.011765,0.098232,0.000000,0.384314
10103102,noise,1718,0.054571,0.011765,0.098770,0.000000,0.376471
10103103,noise,1702,0.055123,0.011765,0.098501,0.000000,0.392157
10103104,noise,1696,0.053757,0.011765,0.097598,0.000000,0.368627
10103105,noise,1695,0.052558,0.011765,0.095307,0.000000,0.384314
10103106,noise,1674,0.054537,0.011765,0.099037,0.000000,0.392157
10103107,noise,1677,0.053917,0.011765,0.096825,0.000000,0.368627
10103108,noise,1689,0.054133,0.011765,0.097923,0.000000,0.372549
10103109,noise,1710,0.053920,0.011765,0.095462,0.000000,0.376471
10103110,noise,1679,0.053192,0.011765,0.096733,0.000000,0.368627
10103111,noise,1683,0.052618,0.011765,0.095256,0.000000,0.364706
10103112,noise,1694,0.055809,0.011765,0.099376,0.000000,0.384314
10103113,noise,1687,0.055541,0.011765,0.100103,0.000000,0.376471
10103114,noise,1718,0.058061,0.011765,0.103632,0.000000,0.396078
10103115,noise,1683,0.055932,0.011765,0.101604,0.000000,0.396078
10103116,noise,1711,0.056252,0.011765,0.102040,0.000000,0.380392
10103117,noise,1693,0.055678,0.011765,0.099481,0.000000,0.376471
10103118,noise,1693,0.055446,0.011765,0.098336,0.000000,0.368627
10103119,noise,1701,0.054625,0.011765,0.097952,0.000000,0.372549
10103120,noise,1695,0.053970,0.011765,0.099207,0.000000,0.384314
10103121,noise,1682,0.055172,0.011765,0.099801,0.000000,0.372549
10103122,noise,1675,0.052322,0.011765,0.095478,0.000000,0.376471
10103123,noise,1666,0.051364,0.011765,0.092880,0.000000,0.368627
10103124,noise,1674,0.054110,0.011765,0.098564,0.000000,0.384314
10103125,noise,1673,0.055017,0.011765,0.098875,0.000000,0.392157
10103126,noise,1692,0.055333,0.011765,0.101019,0.000000,0.372549
10103127,noise,1699,0.055567,0.011765,0.099776,0.000000,0.400000
10103128,noise,1695,0.055365,0.011765,0.099045,0.000000,0.372549
10103129,noise,1684,0.056809,0.011765,0.101057,0.000000,0.392157
10103130,noise,1674,0.054993,0.011765,0.100856,0.000000,0.372549
10103131,noise,1712,0.056478,0.011765,0.102694,0.000000,0.384314
10103132,noise,1700,0.057343,0.011765,0.103356,0.000000,0.396078
10103133,noise,1699,0.057353,0.011765,0.103110,0.000000,0.415686
10103134,noise,1661,0.053386,0.011765,0.098354,0.000000,0.376471
10103135,noise,1681,0.055425,0.011765,0.099196,0.000000,0.384314
10103136,noise,1668,0.054133,0.011765,0.099636,0.000000,0.372549
10103137,noise,1654,0.054127,0.011765,0.098559,0.000000,0.384314
10103138,noise,1667,0.053420,0.011765,0.097771,0.000000,0.376471
10103139,noise,1669,0.053640,0.011765,0.097014,0.000000,0.372549
10103140,noise,1653,0.053827,0.011765,0.098652,0.000000,0.372549
10103141,noise,1674,0.055635,0.011765,0.101795,0.000000,0.380392
10103142,noise,1696,0.054218,0.011765,0.099622,0.000000,0.380392
10103143,noise,1671,0.054071,0.011765,0.099585,0.000000,0.372549
10103144,noise,1690,0.054948,0.011765,0.097647,0.000000,0.384314
10103145,noise,1662,0.051931,0.011765,0.095665,0.000000,0.376471
10103146,noise,1684,0.054322,0.011765,0.098473,0.000000,0.380392
10103147,noise,1684,0.053912,0.011765,0.097828,0.000000,0.360784
10103148,noise,1669,0.053701,0.011765,0.097357,0.000000,0.364706
10103149,noise,1685,0.051381,0.011765,0.094650,0.000000,0.376471
10103150,noise,1661,0.050808,0.011765,0.093816,0.000000,0.372549
10103151,noise,1687,0.054646,0.011765,0.098915,0.000000,0.396078
10103152,noise,1698,0.056080,0.011765,0.101992,0.000000,0.384314
10103153,noise,1651,0.055301,0.011765,0.100484,0.000000,0.407843
10103154,noise,1668,0.053884,0.011765,0.098372,0.000000,0.384314
10103155,noise,1687,0.052373,0.011765,0.096282,0.000000,0.376471
10103156,noise,1680,0.053275,0.011765,0.096006,0.000000,0.372549
10103157,noise,1678,0.053988,0.011765,0.098459,0.000000,0.376471
10103158,noise,1695,0.054835,0.011765,0.099879,0.000000,0.364706
10103159,noise,1694,0.051788,0.011765,0.095008,0.000000,0.372549
10103160,noise,1697,0.052880,0.011765,0.096293,0.000000,0.364706
10103161,noise,1709,0.054617,0.011765,0.097603,0.000000,0.384314
10103162,noise,1701,0.056188,0.011765,0.101120,0.000000,0.384314
10103163,noise,1692,0.054427,0.011765,0.099294,0.000000,0.384314
10103164,noise,1670,0.051220,0.011765,0.094397,0.000000,0.360784
10103165,noise,1677,0.053719,0.011765,0.096805,0.000000,0.360784
10103166,noise,1683,0.052966,0.011765,0.095683,0.000000,0.372549
10103167,noise,1690,0.052906,0.011765,0.096133,0.000000,0.364706
10103168,noise,1669,0.051869,0.011765,0.093842,0.000000,0.368627
10103169,noise,1697,0.052469,0.011765,0.097503,0.000000,0.372549
10103170,noise,1709,0.054489,0.011765,0.098898,0.000000,0.368627
10103171,noise,1680,0.050362,0.011765,0.091941,0.000000,0.360784
10103172,noise,1663,0.048945,0.011765,0.093069,0.000000,0.376471
10103173,noise,1681,0.047973,0.011765,0.091208,0.000000,0.356863
10103174,noise,1691,0.052571,0.011765,0.096842,0.000000,0.364706
10103175,noise,1690,0.053995,0.011765,0.099892,0.000000,0.376471
10103176,noise,1697,0.051868,0.011765,0.096854,0.000000,0.384314
10103177,noise,1620,0.045025,0.011765,0.089185,0.000000,0.368627
10103178,noise,1656,0.050554,0.011765,0.093969,0.000000,0.376471
10103179,noise,1690,0.050354,0.011765,0.095587,0.000000,0.372549
10103180,noise,1682,0.053373,0.011765,0.098861,0.000000,0.376471
10103181,noise,1694,0.052254,0.011765,0.096233,0.000000,0.364706
10103182,noise,1674,0.051688,0.011765,0.095299,0.000000,0.364706
10103183,noise,1671,0.048988,0.011765,0.091589,0.000000,0.368627
10103184,noise,1659,0.048494,0.011765,0.091939,0.000000,0.380392
10103185,noise,1659,0.049338,0.011765,0.092846,0.000000,0.360784
10103186,noise,1687,0.050413,0.011765,0.095229,0.000000,0.368627
10103187,noise,1691,0.052796,0.011765,0.098483,0.000000,0.388235
10103188,noise,1700,0.053213,0.011765,0.097951,0.000000,0.380392
10103189,noise,1669,0.052162,0.011765,0.096631,0.000000,0.384314
10103190,noise,1664,0.052163,0.011765,0.096628,0.000000,0.380392
10103191,noise,1677,0.053525,0.011765,0.099636,0.000000,0.388235
10103192,noise,1683,0.053154,0.011765,0.098418,0.000000,0.396078
10103193,noise,1674,0.053475,0.011765,0.098388,0.000000,0.419608
10103194,noise,1675,0.052977,0.011765,0.097027,0.000000,0.368627
10103195,noise,1695,0.055589,0.011765,0.101688,0.000000,0.372549
10103196,noise,1682,0.054363,0.011765,0.098627,0.000000,0.372549
10103197,noise,1673,0.053608,0.011765,0.099601,0.000000,0.384314
10103198,noise,1685,0.050943,0.011765,0.094709,0.000000,0.380392
10103199,noise,1674,0.052899,0.011765,0.096870,0.000000,0.380392
10103200,noise,1685,0.054588,0.011765,0.099637,0.000000,0.384314
10103201,noise,1644,0.051026,0.011765,0.095145,0.000000,0.364706
10103202,noise,1652,0.051733,0.011765,0.096482,0.000000,0.368627
10103203,noise,1666,0.050950,0.011765,0.095857,0.000000,0.380392
10103204,noise,1637,0.046187,0.011765,0.090133,0.000000,0.368627
10103205,noise,1659,0.049862,0.011765,0.094399,0.000000,0.376471
10103206,noise,1670,0.052563,0.011765,0.098683,0.000000,0.368627
10103207,noise,1699,0.055410,0.011765,0.101086,0.000000,0.376471
10103208,noise,1698,0.052683,0.011765,0.095741,0.000000,0.396078
10103209,noise,1645,0.050160,0.011765,0.092515,0.000000,0.360784
10103210,noise,1666,0.049217,0.011765,0.092871,0.000000,0.368627
10103211,noise,1666,0.049182,0.011765,0.091863,0.000000,0.352941
10103212,noise,1670,0.051767,0.011765,0.095135,0.000000,0.392157
10103213,noise,1705,0.053984,0.011765,0.097193,0.000000,0.364706
10103214,noise,1694,0.052284,0.011765,0.095936,0.000000,0.368627
10103215,noise,1684,0.052077,0.011765,0.095765,0.000000,0.368627
10103216,noise,1668,0.050527,0.011765,0.093761,0.000000,0.368627
10103217,noise,1670,0.050546,0.011765,0.093424,0.000000,0.356863
10103218,noise,1695,0.053697,0.011765,0.098135,0.000000,0.364706
10103219,noise,1690,0.053486,0.011765,0.097657,0.000000,0.388235
10103220,noise,1685,0.055032,0.011765,0.101805,0.000000,0.368627
10103221,noise,1693,0.055194,0.011765,0.099382,0.000000,0.392157
10103222,noise,1683,0.050547,0.011765,0.092809,0.000000,0.364706
10103223,noise,1671,0.051670,0.011765,0.097720,0.000000,0.376471
10103224,noise,1701,0.056850,0.011765,0.103076,0.000000,0.407843
10103225,noise,1651,0.053819,0.011765,0.096227,0.000000,0.376471
10103226,noise,1638,0.049783,0.011765,0.091623,0.000000,0.360784
10103227,noise,1652,0.053297,0.011765,0.096373,0.000000,0.376471
10103228,noise,1653,0.053621,0.011765,0.098249,0.000000,0.368627
10103229,noise,1660,0.055967,0.011765,0.103436,0.000000,0.376471
10103230,noise,1682,0.055795,0.011765,0.102477,0.000000,0.396078
10103231,noise,1684,0.052156,0.011765,0.094230,0.000000,0.372549
10103232,noise,1657,0.051742,0.011765,0.094551,0.000000,0.372549
10103233,noise,1675,0.054406,0.011765,0.099500,0.000000,0.372549
10103234,noise,1666,0.052640,0.011765,0.097733,0.000000,0.396078
10103235,noise,1696,0.054685,0.011765,0.102848,0.000000,0.400000
10103236,noise,1722,0.058949,0.011765,0.105830,0.000000,0.419608
10103237,noise,1689,0.053599,0.011765,0.095902,0.000000,0.368627
10103238,noise,1673,0.051503,0.011765,0.092573,0.000000,0.376471
10103239,noise,1660,0.051328,0.011765,0.093623,0.000000,0.380392
10103240,noise,1688,0.054147,0.011765,0.097831,0.000000,0.360784
10103241,noise,1690,0.054665,0.011765,0.098177,0.000000,0.372549
10103242,noise,1695,0.057651,0.011765,0.104164,0.000000,0.384314
10103243,noise,1685,0.054283,0.011765,0.098346,0.000000,0.407843
10103244,noise,1664,0.051249,0.011765,0.093784,0.000000,0.364706
10103245,noise,1670,0.055280,0.011765,0.096996,0.000000,0.372549
10103246,noise,1678,0.057143,0.011765,0.102155,0.000000,0.384314
10103247,noise,1649,0.051392,0.011765,0.092885,0.000000,0.376471
10103248,noise,1685,0.051667,0.011765,0.091502,0.000000,0.368627
10103249,noise,1684,0.057128,0.011765,0.102053,0.000000,0.380392
10103250,noise,1702,0.056439,0.011765,0.100365,0.000000,0.384314
10103251,noise,1694,0.050622,0.011765,0.091295,0.000000,0.364706
10103252,noise,1702,0.053987,0.011765,0.095980,0.000000,0.364706
10103253,noise,1688,0.056995,0.011765,0.100867,0.000000,0.360784
10103254,noise,1694,0.054082,0.011765,0.095868,0.000000,0.352941
10103255,noise,1696,0.054960,0.011765,0.098337,0.000000,0.368627
10103256,noise,1642,0.047649,0.011765,0.087316,0.000000,0.345098
10103257,noise,1652,0.051284,0.011765,0.096923,0.000000,0.384314
10103258,noise,1682,0.053386,0.011765,0.099330,0.000000,0.388235
10103259,noise,1653,0.055659,0.011765,0.106435,0.000000,0.447059
10103260,noise,1663,0.053810,0.011765,0.103119,0.000000,0.482353
10103261,noise,1665,0.048868,0.011765,0.093352,0.000000,0.376471
10103262,noise,1667,0.048781,0.011765,0.092205,0.000000,0.419608
10103263,noise,1628,0.044303,0.011765,0.085350,0.000000,0.376471
10103264,noise,1666,0.050684,0.011765,0.092403,0.000000,0.349020
10103265,noise,1697,0.052041,0.011765,0.095116,0.000000,0.364706
10103266,noise,1715,0.054810,0.011765,0.097727,0.000000,0.364706
10103267,noise,1702,0.053006,0.011765,0.095065,0.000000,0.360784
10103268,noise,1708,0.053678,0.011765,0.095241,0.000000,0.360784
10103269,noise,1710,0.052794,0.011765,0.094066,0.000000,0.364706
10103270,noise,1702,0.053508,0.011765,0.095459,0.000000,0.364706
10103271,noise,1703,0.053341,0.011765,0.095785,0.000000,0.360784
10103272,noise,1716,0.053291,0.011765,0.095988,0.000000,0.356863
10103273,noise,1708,0.052693,0.011765,0.094749,0.000000,0.356863
10103274,noise,1725,0.054438,0.011765,0.097207,0.000000,0.368627
10103275,noise,1707,0.055159,0.011765,0.098967,0.000000,0.368627
10103276,noise,1721,0.054875,0.011765,0.097783,0.000000,0.368627
10103277,noise,1711,0.053325,0.011765,0.097625,0.000000,0.384314
10103278,noise,1709,0.054399,0.011765,0.097921,0.000000,0.376471
10103279,noise,1718,0.053480,0.011765,0.096062,0.000000,0.364706
10103280,noise,1702,0.055771,0.011765,0.099150,0.000000,0.364706
10103281,noise,1710,0.053104,0.011765,0.095075,0.000000,0.352941
10103282,noise,1724,0.052516,0.011765,0.094944,0.000000,0.368627
10103283,noise,1711,0.052461,0.011765,0.093881,0.000000,0.368627
10103284,noise,1702,0.053160,0.011765,0.095105,0.000000,0.364706
10103285,noise,1715,0.053537,0.011765,0.094837,0.000000,0.368627
10103286,noise,1711,0.054178,0.011765,0.095890,0.000000,0.360784
10103287,noise,1704,0.054964,0.011765,0.098486,0.000000,0.376471
10103288,noise,1711,0.054187,0.011765,0.098012,0.000000,0.368627
10103289,noise,1714,0.053898,0.011765,0.096968,0.000000,0.368627
10103290,noise,1713,0.054620,0.011765,0.097386,0.000000,0.380392
10103291,noise,1726,0.054650,0.011765,0.097846,0.000000,0.368627
10103292,noise,1721,0.054567,0.011765,0.097958,0.000000,0.368627
10103293,noise,1722,0.054431,0.011765,0.096058,0.000000,0.364706
10103294,noise,1697,0.052166,0.011765,0.093801,0.000000,0.372549
10103295,noise,1706,0.053718,0.011765,0.096554,0.000000,0.360784
10103296,noise,1715,0.055202,0.011765,0.098215,0.000000,0.372549
10103297,noise,1719,0.054519,0.011765,0.097132,0.000000,0.360784
10103298,noise,1719,0.054106,0.011765,0.096497,0.000000,0.376471
10103299,noise,1709,0.054223,0.011765,0.098069,0.000000,0.376471
10103300,noise,1694,0.052548,0.011765,0.095760,0.000000,0.372549
10103301,noise,1719,0.052253,0.011765,0.093300,0.000000,0.349020
10103302,noise,1709,0.052509,0.011765,0.094296,0.000000,0.368627
10103303,noise,1714,0.051930,0.011765,0.092070,0.000000,0.356863
10103304,noise,1703,0.052459,0.011765,0.095587,0.000000,0.380392
10103305,noise,1731,0.054506,0.011765,0.099313,0.000000,0.376471
10103306,noise,1702,0.054089,0.011765,0.096139,0.000000,0.368627
10103307,noise,1704,0.052966,0.011765,0.094205,0.000000,0.364706
10103308,noise,1705,0.052558,0.011765,0.092959,0.000000,0.356863
10103309,noise,1712,0.053257,0.011765,0.094745,0.000000,0.368627
10103310,noise,1717,0.053701,0.011765,0.095980,0.000000,0.360784
10103311,noise,1726,0.056161,0.011765,0.101166,0.000000,0.384314
10103312,noise,1727,0.055867,0.011765,0.099701,0.000000,0.384314
10103313,noise,1707,0.051927,0.011765,0.093176,0.000000,0.356863
10103314,noise,1710,0.050783,0.011765,0.090488,0.000000,0.352941
10103315,noise,1685,0.050247,0.011765,0.091337,0.000000,0.372549
10103316,noise,1708,0.052762,0.011765,0.093773,0.000000,0.356863
10103317,noise,1716,0.054132,0.011765,0.097229,0.000000,0.384314
10103318,noise,1712,0.055818,0.011765,0.098931,0.000000,0.364706
10103319,noise,1717,0.054466,0.011765,0.098636,0.000000,0.376471
10103320,noise,1717,0.055194,0.011765,0.099480,0.000000,0.372549
10103321,noise,1714,0.053472,0.011765,0.096528,0.000000,0.364706
10103322,noise,1714,0.053385,0.011765,0.095305,0.000000,0.372549
10103323,noise,1711,0.054549,0.011765,0.097618,0.000000,0.368627
10103324,noise,1714,0.054470,0.011765,0.097332,0.000000,0.364706
10103325,noise,1693,0.054165,0.011765,0.097645,0.000000,0.368627
10103326,noise,1714,0.055524,0.011765,0.098613,0.000000,0.376471
10103327,noise,1706,0.054716,0.011765,0.097114,0.000000,0.360784
10103328,noise,1701,0.053394,0.011765,0.095851,0.000000,0.372549
10103329,noise,1708,0.053478,0.011765,0.095448,0.000000,0.368627
10103330,noise,1713,0.052972,0.011765,0.095690,0.000000,0.368627
10103331,noise,1717,0.054596,0.011765,0.097739,0.000000,0.364706
10103332,noise,1723,0.054413,0.011765,0.096894,0.000000,0.368627
10103333,noise,1719,0.054644,0.011765,0.096529,0.000000,0.360784
10103334,noise,1710,0.052272,0.011765,0.093977,0.000000,0.384314
10103335,noise,1688,0.052702,0.011765,0.094348,0.000000,0.360784
10103336,noise,1710,0.052700,0.011765,0.095349,0.000000,0.360784
10103337,noise,1718,0.055272,0.011765,0.098375,0.000000,0.372549
10103338,noise,1711,0.056598,0.011765,0.100783,0.000000,0.368627
10103339,noise,1713,0.054369,0.011765,0.096777,0.000000,0.380392
10103340,noise,1708,0.051981,0.011765,0.095059,0.000000,0.364706
10103341,noise,1695,0.052456,0.011765,0.093037,0.000000,0.352941
10103342,noise,1704,0.052179,0.011765,0.094543,0.000000,0.368627
10103343,noise,1707,0.053174,0.011765,0.094487,0.000000,0.360784
10103344,noise,1695,0.051339,0.011765,0.093032,0.000000,0.364706
10103345,noise,1703,0.051911,0.011765,0.091871,0.000000,0.345098
10103346,noise,1701,0.052135,0.011765,0.094764,0.000000,0.368627
10103347,noise,1711,0.055390,0.011765,0.098492,0.000000,0.376471
10103348,noise,1726,0.054125,0.011765,0.096597,0.000000,0.356863
10103349,noise,1717,0.054283,0.011765,0.096762,0.000000,0.368627
10103350,noise,1708,0.052060,0.011765,0.093022,0.000000,0.364706
10103351,noise,1700,0.052048,0.011765,0.093164,0.000000,0.368627
10103352,noise,1703,0.051360,0.011765,0.092404,0.000000,0.364706
10103353,noise,1729,0.052886,0.011765,0.094666,0.000000,0.356863
10103354,noise,1714,0.055744,0.011765,0.100259,0.000000,0.368627
10103355,noise,1708,0.055132,0.011765,0.099219,0.000000,0.376471
10103356,noise,1714,0.053744,0.011765,0.096494,0.000000,0.368627
10103357,noise,1721,0.053838,0.011765,0.096057,0.000000,0.368627
10103358,noise,1719,0.053296,0.011765,0.095150,0.000000,0.376471
10103359,noise,1713,0.053936,0.011765,0.096149,0.000000,0.380392
10103360,noise,1721,0.055483,0.011765,0.099142,0.000000,0.380392
10103361,noise,1719,0.055404,0.011765,0.100195,0.000000,0.388235
10103362,noise,1722,0.056029,0.011765,0.099996,0.000000,0.388235
10103363,noise,1725,0.054793,0.011765,0.097387,0.000000,0.388235
10103364,noise,1710,0.053902,0.011765,0.095991,0.000000,0.380392
10103365,noise,1716,0.054214,0.011765,0.096694,0.000000,0.376471
10103366,noise,1701,0.054141,0.011765,0.098056,0.000000,0.376471
10103367,noise,1716,0.056150,0.011765,0.100252,0.000000,0.392157
10103368,noise,1713,0.055147,0.011765,0.098554,0.000000,0.364706
10103369,noise,1709,0.054457,0.011765,0.097833,0.000000,0.384314
10103370,noise,1710,0.054604,0.011765,0.098485,0.000000,0.372549
10103371,noise,1699,0.053997,0.011765,0.096031,0.000000,0.372549
10103372,noise,1701,0.051670,0.011765,0.093618,0.000000,0.368627
10103373,noise,1705,0.053936,0.011765,0.096008,0.000000,0.372549
10103374,noise,1717,0.055599,0.011765,0.099172,0.000000,0.384314
10103375,noise,1725,0.056089,0.011765,0.100244,0.000000,0.380392
10103376,noise,1715,0.056375,0.011765,0.101301,0.000000,0.372549
10103377,noise,1724,0.055832,0.011765,0.099038,0.000000,0.376471
10103378,noise,1710,0.055569,0.011765,0.098771,0.000000,0.384314
10103379,noise,1720,0.055748,0.011765,0.099193,0.000000,0.364706
10103380,noise,1685,0.054679,0.011765,0.098909,0.000000,0.400000
10103381,noise,1714,0.055918,0.011765,0.101225,0.000000,0.376471
10103382,noise,1711,0.055727,0.011765,0.100538,0.000000,0.384314
10103383,noise,1713,0.055147,0.011765,0.098855,0.000000,0.384314
10103384,noise,1705,0.054283,0.011765,0.096644,0.000000,0.388235
10103385,noise,1709,0.052272,0.011765,0.093615,0.000000,0.360784
10103386,noise,1712,0.052318,0.011765,0.094488,0.000000,0.388235
10103387,noise,1706,0.054720,0.011765,0.097911,0.000000,0.376471
10103388,noise,1729,0.056095,0.011765,0.100129,0.000000,0.364706
10103389,noise,1723,0.054140,0.011765,0.096599,0.000000,0.364706
10103390,noise,1686,0.054255,0.011765,0.098821,0.000000,0.380392
10103391,noise,1713,0.054705,0.011765,0.098998,0.000000,0.372549
10103392,noise,1709,0.051926,0.011765,0.092947,0.000000,0.368627
10103393,noise,1703,0.052972,0.011765,0.096294,0.000000,0.376471
10103394,noise,1728,0.055304,0.011765,0.099864,0.000000,0.372549
10103395,noise,1698,0.049946,0.011765,0.090580,0.000000,0.376471
10103396,noise,1692,0.050964,0.011765,0.093453,0.000000,0.368627
10103397,noise,1705,0.051332,0.011765,0.091272,0.000000,0.360784
10103398,noise,1720,0.055262,0.011765,0.101393,0.000000,0.403922
10103399,noise,1727,0.055912,0.011765,0.099976,0.000000,0.388235
10103400,noise,1707,0.056198,0.011765,0.101281,0.000000,0.384314
10103401,noise,1689,0.055636,0.011765,0.099181,0.000000,0.384314
10103402,noise,1706,0.052477,0.011765,0.094310,0.000000,0.372549
10103403,noise,1712,0.055344,0.011765,0.098185,0.000000,0.368627
10103404,noise,1717,0.055601,0.011765,0.099067,0.000000,0.392157
10103405,noise,1713,0.056056,0.011765,0.100340,0.000000,0.388235
10103406,noise,1724,0.054863,0.011765,0.097333,0.000000,0.364706
10103407,noise,1733,0.054361,0.011765,0.096391,0.000000,0.376471
10103408,noise,1715,0.053450,0.011765,0.094596,0.000000,0.364706
10103409,noise,1716,0.054845,0.011765,0.096791,0.000000,0.372549
10103410,noise,1723,0.053525,0.011765,0.094286,0.000000,0.356863
10103411,noise,1705,0.054964,0.011765,0.098520,0.000000,0.376471
10103412,noise,1726,0.055811,0.011765,0.099212,0.000000,0.384314
10103413,noise,1704,0.053404,0.011765,0.094681,0.000000,0.368627
10103414,noise,1716,0.053094,0.011765,0.094867,0.000000,0.364706
10103415,noise,1713,0.055076,0.011765,0.098822,0.000000,0.376471
10103416,noise,1730,0.054138,0.011765,0.096553,0.000000,0.376471
10103417,noise,1710,0.053973,0.011765,0.097208,0.000000,0.380392
10103418,noise,1711,0.054593,0.011765,0.097894,0.000000,0.368627
10103419,noise,1708,0.054234,0.011765,0.096913,0.000000,0.360784
10103420,noise,1713,0.054245,0.011765,0.097252,0.000000,0.368627
10103421,noise,1727,0.053639,0.011765,0.095516,0.000000,0.356863
10103422,noise,1718,0.052692,0.011765,0.093996,0.000000,0.368627
10103423,noise,1717,0.053561,0.011765,0.096160,0.000000,0.356863
10103424,noise,1701,0.054196,0.011765,0.097231,0.000000,0.368627
10103425,noise,1707,0.055040,0.011765,0.098355,0.000000,0.368627
10103426,noise,1702,0.053715,0.011765,0.094816,0.000000,0.360784
10103427,noise,1715,0.049414,0.011765,0.088866,0.000000,0.360784
10103428,noise,1706,0.052548,0.011765,0.095263,0.000000,0.384314
10103429,noise,1717,0.054333,0.011765,0.098060,0.000000,0.368627
10103430,noise,1708,0.053811,0.011765,0.097094,0.000000,0.376471
10103431,noise,1695,0.051746,0.011765,0.092618,0.000000,0.352941
10103432,noise,1708,0.051623,0.011765,0.092236,0.000000,0.364706
10103433,noise,1702,0.052890,0.011765,0.094055,0.000000,0.356863
10103434,noise,1701,0.051732,0.011765,0.094194,0.000000,0.376471
10103435,noise,1718,0.055411,0.011765,0.100727,0.000000,0.368627
10103436,noise,1716,0.053444,0.011765,0.097225,0.000000,0.411765
10103437,noise,1673,0.048032,0.011765,0.089339,0.000000,0.372549
10103438,noise,1692,0.051817,0.011765,0.093538,0.000000,0.356863
10103439,noise,1691,0.049716,0.011765,0.090935,0.000000,0.364706
10103440,noise,1709,0.053466,0.011765,0.095616,0.000000,0.364706
10103441,noise,1715,0.052190,0.011765,0.093831,0.000000,0.356863
10103442,noise,1707,0.053078,0.011765,0.097015,0.000000,0.372549
10103443,noise,1709,0.053190,0.011765,0.095722,0.000000,0.372549
10103444,noise,1692,0.052786,0.011765,0.096674,0.000000,0.376471
10103445,noise,1708,0.051740,0.011765,0.093127,0.000000,0.380392
10103446,noise,1670,0.052150,0.011765,0.098404,0.000000,0.384314
10103447,noise,1723,0.056454,0.011765,0.102411,0.000000,0.435294
10103448,noise,1668,0.048806,0.011765,0.089808,0.000000,0.360784
10103449,noise,1695,0.050226,0.011765,0.090008,0.000000,0.345098
10103450,noise,1674,0.050772,0.011765,0.093245,0.000000,0.388235
10103451,noise,1692,0.054183,0.011765,0.098343,0.000000,0.364706
10103452,noise,1713,0.055577,0.011765,0.100330,0.000000,0.388235
10103453,noise,1715,0.057298,0.011765,0.102642,0.000000,0.400000
10103454,noise,1700,0.051580,0.011765,0.093376,0.000000,0.356863
10103455,noise,1685,0.049896,0.011765,0.091024,0.000000,0.356863
10103456,noise,1670,0.050901,0.011765,0.093615,0.000000,0.360784
10103457,noise,1700,0.053264,0.011765,0.096818,0.000000,0.360784
10103458,noise,1717,0.053148,0.011765,0.095332,0.000000,0.372549
10103459,noise,1698,0.051010,0.011765,0.092271,0.000000,0.356863
10103460,noise,1688,0.049224,0.011765,0.089581,0.000000,0.349020
10103461,noise,1684,0.049918,0.011765,0.091516,0.000000,0.364706
10103462,noise,1692,0.052359,0.011765,0.093820,0.000000,0.372549
10103463,noise,1701,0.051158,0.011765,0.092963,0.000000,0.352941
10103464,noise,1698,0.051100,0.011765,0.093035,0.000000,0.364706
10103465,noise,1689,0.051036,0.011765,0.093467,0.000000,0.376471
10103466,noise,1699,0.051197,0.011765,0.093245,0.000000,0.356863
10103467,noise,1708,0.052971,0.011765,0.094235,0.000000,0.356863
10103468,noise,1693,0.052560,0.011765,0.095598,0.000000,0.368627
10103469,noise,1711,0.052507,0.011765,0.094824,0.000000,0.356863
10103470,noise,1709,0.049503,0.011765,0.089482,0.000000,0.356863
10103471,noise,1696,0.051734,0.011765,0.093839,0.000000,0.380392
10103472,noise,1712,0.055624,0.011765,0.100571,0.000000,0.376471
10103473,noise,1703,0.053405,0.011765,0.096622,0.000000,0.372549
10103474,noise,1704,0.052248,0.011765,0.093992,0.000000,0.368627
10103475,noise,1696,0.050301,0.011765,0.092144,0.000000,0.352941
10103476,noise,1688,0.051080,0.011765,0.092789,0.000000,0.360784
10103477,noise,1707,0.051557,0.011765,0.092916,0.000000,0.360784
10103478,noise,1701,0.050861,0.011765,0.092590,0.000000,0.364706
10103479,noise,1694,0.051943,0.011765,0.093481,0.000000,0.364706
10103480,noise,1710,0.052095,0.011765,0.094479,0.000000,0.364706
10103481,noise,1721,0.052721,0.011765,0.094565,0.000000,0.364706
10103482,noise,1702,0.052443,0.011765,0.096178,0.000000,0.372549
10103483,noise,1691,0.052840,0.011765,0.096357,0.000000,0.372549
10103484,noise,1703,0.052143,0.011765,0.094879,0.000000,0.360784
10103485,noise,1697,0.052672,0.011765,0.096149,0.000000,0.364706
10103486,noise,1702,0.053559,0.011765,0.096712,0.000000,0.368627
10103487,noise,1691,0.051889,0.011765,0.094141,0.000000,0.352941
10103488,noise,1700,0.050854,0.011765,0.091439,0.000000,0.349020
10103489,noise,1678,0.049195,0.011765,0.090414,0.000000,0.352941
10103490,noise,1700,0.050318,0.011765,0.091664,0.000000,0.368627
10103491,noise,1720,0.053304,0.011765,0.095165,0.000000,0.368627
10103492,noise,1701,0.053980,0.011765,0.097945,0.000000,0.364706
10103493,noise,1691,0.054336,0.011765,0.100026,0.000000,0.376471
10103494,noise,1700,0.052920,0.011765,0.097532,0.000000,0.376471
10103495,noise,1680,0.049783,0.011765,0.092095,0.000000,0.364706
10103496,noise,1697,0.048831,0.011765,0.089618,0.000000,0.352941
10103497,noise,1674,0.049010,0.011765,0.091751,0.000000,0.368627
10103498,noise,1712,0.056712,0.011765,0.103595,0.000000,0.400000
10103499,noise,1705,0.054187,0.011765,0.099960,0.000000,0.407843
10103500,noise,1681,0.055702,0.011765,0.103950,0.000000,0.400000
10103501,noise,1662,0.049791,0.011765,0.095822,0.000000,0.427451
10103502,noise,1623,0.047013,0.011765,0.090664,0.000000,0.423529
10103503,noise,1684,0.052347,0.011765,0.095172,0.000000,0.411765
10103504,noise,1683,0.051847,0.011765,0.097119,0.000000,0.407843
10103505,noise,1699,0.055874,0.011765,0.100473,0.000000,0.419608
10103506,noise,1680,0.049949,0.011765,0.092753,0.000000,0.360784
10103507,noise,1677,0.049474,0.011765,0.088902,0.000000,0.349020
10103508,noise,1700,0.048178,0.011765,0.088779,0.000000,0.368627
10103509,noise,1698,0.052433,0.011765,0.094005,0.000000,0.368627
10103510,noise,1712,0.053750,0.011765,0.096721,0.000000,0.356863
10103511,noise,1709,0.053250,0.011765,0.096824,0.000000,0.372549
10103512,noise,1704,0.051321,0.011765,0.093575,0.000000,0.349020
10103513,noise,1688,0.049157,0.011765,0.089402,0.000000,0.356863
10103514,noise,1688,0.049431,0.011765,0.091048,0.000000,0.349020
10103515,noise,1712,0.052343,0.011765,0.093840,0.000000,0.360784
10103516,noise,1702,0.053287,0.011765,0.096165,0.000000,0.372549
10103517,noise,1700,0.052473,0.011765,0.095294,0.000000,0.372549
10103518,noise,1704,0.050734,0.011765,0.091786,0.000000,0.349020
10103519,noise,1704,0.052842,0.011765,0.096057,0.000000,0.368627
10103520,noise,1717,0.053073,0.011765,0.095268,0.000000,0.392157
10103521,noise,1699,0.051054,0.011765,0.093081,0.000000,0.364706
10103522,noise,1694,0.051598,0.011765,0.094133,0.000000,0.364706
10103523,noise,1700,0.051896,0.011765,0.094935,0.000000,0.368627
10103524,noise,1702,0.052506,0.011765,0.095976,0.000000,0.364706
10103525,noise,1709,0.052518,0.011765,0.095327,0.000000,0.360784
10103526,noise,1706,0.052346,0.011765,0.094652,0.000000,0.364706
10103527,noise,1714,0.051690,0.011765,0.093709,0.000000,0.364706
10103528,noise,1699,0.051594,0.011765,0.093907,0.000000,0.352941
10103529,noise,1680,0.051492,0.011765,0.094515,0.000000,0.364706
10103530,noise,1725,0.053868,0.011765,0.096685,0.000000,0.360784
10103531,noise,1717,0.053783,0.011765,0.097458,0.000000,0.372549
10103532,noise,1713,0.052315,0.011765,0.094552,0.000000,0.356863
10103533,noise,1686,0.050317,0.011765,0.092878,0.000000,0.364706
10103534,noise,1682,0.049852,0.011765,0.090589,0.000000,0.356863
10103535,noise,1700,0.050558,0.011765,0.092928,0.000000,0.364706
10103536,noise,1726,0.051882,0.011765,0.092877,0.000000,0.364706
10103537,noise,1688,0.052460,0.011765,0.095568,0.000000,0.368627
10103538,noise,1707,0.051318,0.011765,0.094783,0.000000,0.368627
10103539,noise,1699,0.051987,0.011765,0.095423,0.000000,0.376471
10103540,noise,1713,0.053945,0.011765,0.095573,0.000000,0.364706
10103541,noise,1729,0.055217,0.011765,0.100012,0.000000,0.380392
10103542,noise,1701,0.051534,0.011765,0.093109,0.000000,0.388235
10103543,noise,1685,0.050415,0.011765,0.093453,0.000000,0.372549
10103544,noise,1701,0.052271,0.011765,0.094729,0.000000,0.360784
10103545,noise,1692,0.051036,0.011765,0.092649,0.000000,0.368627
10103546,noise,1684,0.053221,0.011765,0.097408,0.000000,0.376471
10103547,noise,1703,0.053483,0.011765,0.096536,0.000000,0.368627
10103548,noise,1672,0.050347,0.011765,0.093219,0.000000,0.356863
10103549,noise,1692,0.051562,0.011765,0.095305,0.000000,0.360784
10103550,noise,1707,0.052765,0.011765,0.094958,0.000000,0.368627
10103551,noise,1706,0.051879,0.011765,0.093765,0.000000,0.376471
10103552,noise,1708,0.052466,0.011765,0.095983,0.000000,0.368627
10103553,noise,1697,0.052485,0.011765,0.096153,0.000000,0.360784
10103554,noise,1711,0.052140,0.011765,0.094040,0.000000,0.360784
10103555,noise,1682,0.050745,0.011765,0.092315,0.000000,0.364706
10103556,noise,1682,0.049896,0.011765,0.090659,0.000000,0.360784
10103557,noise,1695,0.052829,0.011765,0.093844,0.000000,0.384314
10103558,noise,1696,0.053549,0.011765,0.096660,0.000000,0.372549
10103559,noise,1730,0.054251,0.011765,0.097180,0.000000,0.368627
10103560,noise,1716,0.057068,0.011765,0.100608,0.000000,0.364706
10103561,noise,1731,0.054703,0.011765,0.096840,0.000000,0.372549
10103562,noise,1724,0.052864,0.011765,0.094279,0.000000,0.368627
10103563,noise,1711,0.053300,0.011765,0.094145,0.000000,0.360784
10103564,noise,1711,0.054700,0.011765,0.096029,0.000000,0.360784
10103565,noise,1731,0.055539,0.011765,0.098484,0.000000,0.368627
10103566,noise,1733,0.054716,0.011765,0.096560,0.000000,0.364706
10103567,noise,1736,0.054459,0.011765,0.097332,0.000000,0.368627
10103568,noise,1727,0.053962,0.011765,0.095437,0.000000,0.360784
10103569,noise,1746,0.053366,0.011765,0.094412,0.000000,0.364706
10103570,noise,1738,0.053672,0.011765,0.094629,0.000000,0.356863
10103571,noise,1726,0.053739,0.011765,0.095433,0.000000,0.364706
10103572,noise,1730,0.054664,0.011765,0.096106,0.000000,0.372549
10103573,noise,1729,0.053788,0.011765,0.094745,0.000000,0.364706
10103574,noise,1720,0.053240,0.011765,0.094276,0.000000,0.376471
10103575,noise,1724,0.054417,0.011765,0.096154,0.000000,0.364706
10103576,noise,1727,0.054807,0.011765,0.096911,0.000000,0.376471
10103577,noise,1728,0.054882,0.011765,0.096925,0.000000,0.360784
10103578,noise,1729,0.053194,0.011765,0.093922,0.000000,0.368627
10103579,noise,1721,0.053615,0.011765,0.094633,0.000000,0.364706
10103580,noise,1724,0.052968,0.011765,0.093830,0.000000,0.364706
10103581,noise,1725,0.053972,0.011765,0.094740,0.000000,0.372549
10103582,noise,1723,0.054624,0.011765,0.096531,0.000000,0.356863
10103583,noise,1737,0.054292,0.011765,0.096839,0.000000,0.360784
10103584,noise,1722,0.052495,0.011765,0.093277,0.000000,0.349020
10103585,noise,1721,0.052079,0.011765,0.092015,0.000000,0.356863
10103586,noise,1726,0.052893,0.011765,0.093201,0.000000,0.352941
10103587,noise,1721,0.053760,0.011765,0.094863,0.000000,0.356863
10103588,noise,1724,0.054115,0.011765,0.095640,0.000000,0.356863
10103589,noise,1730,0.053508,0.011765,0.095334,0.000000,0.360784
10103590,noise,1718,0.051441,0.011765,0.091774,0.000000,0.360784
10103591,noise,1737,0.051448,0.011765,0.091180,0.000000,0.360784
10103592,noise,1727,0.051716,0.011765,0.091225,0.000000,0.352941
10103593,noise,1748,0.054651,0.011765,0.098414,0.000000,0.372549
10103594,noise,1724,0.051604,0.011765,0.092269,0.000000,0.372549
10103595,noise,1728,0.049460,0.011765,0.087469,0.000000,0.349020
10103596,noise,1728,0.052072,0.011765,0.092610,0.000000,0.352941
10103597,noise,1723,0.050675,0.011765,0.090405,0.000000,0.337255
10103598,noise,1724,0.051749,0.011765,0.094520,0.000000,0.364706
10103599,noise,1722,0.054103,0.011765,0.096816,0.000000,0.380392
10103600,noise,1730,0.052220,0.011765,0.093430,0.000000,0.364706
10103601,noise,1715,0.051701,0.011765,0.092091,0.000000,0.372549
10103602,noise,1721,0.049832,0.011765,0.089312,0.000000,0.364706
10103603,noise,1718,0.050433,0.011765,0.090380,0.000000,0.341176
10103604,noise,1712,0.052604,0.011765,0.095772,0.000000,0.368627
10103605,noise,1735,0.054136,0.011765,0.096431,0.000000,0.380392
10103606,noise,1734,0.053032,0.011765,0.094527,0.000000,0.360784
10103607,noise,1712,0.052291,0.011765,0.094713,0.000000,0.360784
10103608,noise,1724,0.051959,0.011765,0.092523,0.000000,0.349020
10103609,noise,1709,0.050225,0.011765,0.089742,0.000000,0.356863
10103610,noise,1709,0.050717,0.011765,0.091337,0.000000,0.360784
10103611,noise,1721,0.051409,0.011765,0.091106,0.000000,0.356863
10103612,noise,1711,0.052557,0.011765,0.093183,0.000000,0.368627
10103613,noise,1714,0.053657,0.011765,0.096242,0.000000,0.356863
10103614,noise,1719,0.054311,0.011765,0.097954,0.000000,0.368627
10103615,noise,1715,0.052846,0.011765,0.095086,0.000000,0.368627
10103616,noise,1717,0.052394,0.011765,0.093306,0.000000,0.352941
10103617,noise,1709,0.051056,0.011765,0.091278,0.000000,0.356863
10103618,noise,1711,0.051661,0.011765,0.092956,0.000000,0.368627
10103619,noise,1713,0.052011,0.011765,0.093601,0.000000,0.372549
10103620,noise,1723,0.052792,0.011765,0.094739,0.000000,0.356863
10103621,noise,1722,0.051600,0.011765,0.093053,0.000000,0.360784
10103622,noise,1738,0.052032,0.011765,0.093866,0.000000,0.352941
10103623,noise,1714,0.052184,0.011765,0.094962,0.000000,0.364706
10103624,noise,1723,0.051436,0.011765,0.093205,0.000000,0.360784
10103625,noise,1716,0.050395,0.011765,0.091047,0.000000,0.360784
10103626,noise,1706,0.050803,0.011765,0.092020,0.000000,0.364706
10103627,noise,1724,0.051508,0.011765,0.093823,0.000000,0.360784
10103628,noise,1702,0.049349,0.011765,0.089134,0.000000,0.356863
10103629,noise,1721,0.054214,0.011765,0.101641,0.000000,0.423529
10103630,noise,1720,0.050625,0.011765,0.094113,0.000000,0.419608
10103631,noise,1690,0.050985,0.011765,0.096910,0.000000,0.396078
10103632,noise,1702,0.050100,0.011765,0.091584,0.000000,0.388235
10103633,noise,1715,0.051209,0.011765,0.094445,0.000000,0.368627
10103634,noise,1701,0.048829,0.011765,0.089137,0.000000,0.360784
10103635,noise,1709,0.052222,0.011765,0.094515,0.000000,0.364706
10103636,noise,1718,0.053213,0.011765,0.095375,0.000000,0.364706
10103637,noise,1739,0.054349,0.011765,0.096944,0.000000,0.368627
10103638,noise,1721,0.052195,0.011765,0.092920,0.000000,0.372549
10103639,noise,1686,0.050408,0.011765,0.094538,0.000000,0.356863
10103640,noise,1697,0.049686,0.011765,0.092202,0.000000,0.352941
10103641,noise,1731,0.051123,0.011765,0.093655,0.000000,0.360784
10103642,noise,1710,0.050221,0.011765,0.089589,0.000000,0.360784
10103643,noise,1722,0.049696,0.011765,0.090329,0.000000,0.360784
10103644,noise,1740,0.051519,0.011765,0.092611,0.000000,0.356863
10103645,noise,1724,0.051108,0.011765,0.090446,0.000000,0.345098
10103646,noise,1696,0.050969,0.011765,0.092545,0.000000,0.360784
10103647,noise,1733,0.053212,0.011765,0.095218,0.000000,0.364706
10103648,noise,1735,0.055804,0.011765,0.102062,0.000000,0.400000
10103649,noise,1740,0.055652,0.011765,0.101716,0.000000,0.415686
10103650,noise,1677,0.046586,0.011765,0.087457,0.000000,0.360784
10103651,noise,1702,0.048271,0.011765,0.086909,0.000000,0.345098
10103652,noise,1696,0.049829,0.011765,0.090604,0.000000,0.364706
10103653,noise,1726,0.053112,0.011765,0.094640,0.000000,0.360784
10103654,noise,1714,0.052042,0.011765,0.095738,0.000000,0.376471
10103655,noise,1693,0.050719,0.011765,0.095307,0.000000,0.352941
10103656,noise,1699,0.049466,0.011765,0.091873,0.000000,0.356863
10103657,noise,1722,0.049318,0.011765,0.089759,0.000000,0.341176
10103658,noise,1721,0.050985,0.011765,0.092059,0.000000,0.360784
10103659,noise,1726,0.053359,0.011765,0.095562,0.000000,0.372549
10103660,noise,1737,0.053705,0.011765,0.096078,0.000000,0.360784
10103661,noise,1731,0.052559,0.011765,0.094351,0.000000,0.360784
10103662,noise,1721,0.051780,0.011765,0.094055,0.000000,0.360784
10103663,noise,1735,0.053686,0.011765,0.095615,0.000000,0.356863
10103664,noise,1733,0.053440,0.011765,0.095463,0.000000,0.356863
10103665,noise,1711,0.051883,0.011765,0.093426,0.000000,0.356863
10103666,noise,1722,0.051812,0.011765,0.093938,0.000000,0.356863
10103667,noise,1724,0.052846,0.011765,0.094848,0.000000,0.352941
10103668,noise,1744,0.053254,0.011765,0.095050,0.000000,0.364706
10103669,noise,1734,0.053626,0.011765,0.095310,0.000000,0.364706
10103670,noise,1724,0.051986,0.011765,0.093964,0.000000,0.356863
10103671,noise,1726,0.052169,0.011765,0.094358,0.000000,0.360784
10103672,noise,1724,0.051933,0.011765,0.093035,0.000000,0.356863
10103673,noise,1724,0.052413,0.011765,0.094210,0.000000,0.360784
10103674,noise,1736,0.053533,0.011765,0.094903,0.000000,0.356863
10103675,noise,1720,0.051931,0.011765,0.093899,0.000000,0.368627
10103676,noise,1721,0.052999,0.011765,0.094782,0.000000,0.360784
10103677,noise,1738,0.053235,0.011765,0.094915,0.000000,0.372549
10103678,noise,1745,0.053385,0.011765,0.096285,0.000000,0.360784
10103679,noise,1737,0.052768,0.011765,0.094307,0.000000,0.364706
10103680,noise,1725,0.051910,0.011765,0.093316,0.000000,0.372549
10103681,noise,1729,0.052623,0.011765,0.094150,0.000000,0.372549
10103682,noise,1716,0.051508,0.011765,0.093439,0.000000,0.356863
10103683,noise,1740,0.052290,0.011765,0.094361,0.000000,0.360784
10103684,noise,1735,0.051909,0.011765,0.092411,0.000000,0.356863
10103685,noise,1757,0.052795,0.011765,0.095240,0.000000,0.372549
10103686,noise,1713,0.052549,0.011765,0.094949,0.000000,0.376471
10103687,noise,1727,0.052640,0.011765,0.096434,0.000000,0.372549
10103688,noise,1720,0.050269,0.011765,0.091337,0.000000,0.396078
10103689,noise,1731,0.051742,0.011765,0.095990,0.000000,0.396078
10103690,noise,1733,0.054988,0.011765,0.098502,0.000000,0.396078
10103691,noise,1731,0.051372,0.011765,0.093683,0.000000,0.372549
10103692,noise,1722,0.051313,0.011765,0.093483,0.000000,0.356863
10103693,noise,1717,0.050313,0.011765,0.092825,0.000000,0.364706
10103694,noise,1725,0.051178,0.011765,0.092659,0.000000,0.360784
10103695,noise,1736,0.052815,0.011765,0.094720,0.000000,0.360784
10103696,noise,1743,0.053476,0.011765,0.096074,0.000000,0.368627
10103697,noise,1724,0.051369,0.011765,0.094002,0.000000,0.360784
10103698,noise,1714,0.050855,0.011765,0.093579,0.000000,0.356863
10103699,noise,1721,0.052598,0.011765,0.094496,0.000000,0.364706
10103700,noise,1733,0.053556,0.011765,0.095255,0.000000,0.360784
10103701,noise,1737,0.053317,0.011765,0.095921,0.000000,0.360784
10103702,noise,1721,0.052033,0.011765,0.095086,0.000000,0.368627
10103703,noise,1735,0.053035,0.011765,0.096419,0.000000,0.356863
10103704,noise,1724,0.052607,0.011765,0.095525,0.000000,0.380392
10103705,noise,1711,0.050284,0.011765,0.092121,0.000000,0.364706
10103706,noise,1716,0.051860,0.011765,0.094101,0.000000,0.364706
10103707,noise,1702,0.051432,0.011765,0.094129,0.000000,0.368627
10103708,noise,1719,0.051806,0.011765,0.094441,0.000000,0.364706
10103709,noise,1704,0.049646,0.011765,0.093674,0.000000,0.388235
10103710,noise,1713,0.051301,0.011765,0.093990,0.000000,0.372549
10103711,noise,1713,0.050861,0.011765,0.092961,0.000000,0.364706
10103712,noise,1704,0.050799,0.011765,0.093791,0.000000,0.356863
10103713,noise,1687,0.049707,0.011765,0.092165,0.000000,0.376471
10103714,noise,1713,0.050919,0.011765,0.093494,0.000000,0.368627
10103715,noise,1709,0.050001,0.011765,0.092071,0.000000,0.372549
10103716,noise,1695,0.052919,0.011765,0.096417,0.000000,0.372549
10103717,noise,1723,0.052671,0.011765,0.097174,0.000000,0.364706
10103718,noise,1700,0.051894,0.011765,0.094020,0.000000,0.384314
10103719,noise,1689,0.048594,0.011765,0.090870,0.000000,0.368627
10103720,noise,1707,0.049986,0.011765,0.091084,0.000000,0.368627
10103721,noise,1685,0.049274,0.011765,0.092312,0.000000,0.364706
10103722,noise,1711,0.051223,0.011765,0.094382,0.000000,0.360784
10103723,noise,1719,0.053524,0.011765,0.097832,0.000000,0.368627
10103724,noise,1697,0.053319,0.011765,0.098520,0.000000,0.372549
10103725,noise,1680,0.050273,0.011765,0.094149,0.000000,0.364706
10103726,noise,1705,0.050812,0.011765,0.093552,0.000000,0.368627
10103727,noise,1696,0.050021,0.011765,0.092122,0.000000,0.349020
10103728,noise,1705,0.050918,0.011765,0.093385,0.000000,0.364706
10103729,noise,1686,0.050797,0.011765,0.094210,0.000000,0.368627
10103730,noise,1680,0.046993,0.011765,0.090035,0.000000,0.364706
10103731,noise,1682,0.048054,0.011765,0.091440,0.000000,0.360784
10103732,noise,1686,0.046633,0.011765,0.087746,0.000000,0.364706
10103733,noise,1677,0.046895,0.011765,0.088645,0.000000,0.360784
10103734,noise,1674,0.044630,0.011765,0.083816,0.000000,0.337255
10103735,noise,1666,0.048867,0.011765,0.093814,0.000000,0.372549
10103736,noise,1677,0.049750,0.011765,0.094025,0.000000,0.384314
10103737,noise,1702,0.051612,0.011765,0.095945,0.000000,0.368627
10103738,noise,1698,0.053382,0.011765,0.098625,0.000000,0.364706
10103739,noise,1690,0.050878,0.011765,0.094817,0.000000,0.384314
10103740,noise,1675,0.048653,0.011765,0.090711,0.000000,0.372549
10103741,noise,1686,0.048036,0.011765,0.089874,0.000000,0.364706
10103742,noise,1686,0.048950,0.011765,0.091775,0.000000,0.368627
10103743,noise,1703,0.050490,0.011765,0.093514,0.000000,0.364706
10103744,noise,1713,0.050861,0.011765,0.094552,0.000000,0.360784
10103745,noise,1683,0.049480,0.011765,0.091590,0.000000,0.356863
10103746,noise,1697,0.049860,0.011765,0.091411,0.000000,0.364706
10103747,noise,1673,0.046862,0.011765,0.087740,0.000000,0.364706
10103748,noise,1722,0.050409,0.011765,0.093170,0.000000,0.388235
10103749,noise,1713,0.052155,0.011765,0.096403,0.000000,0.376471
10103750,noise,1687,0.051406,0.011765,0.095544,0.000000,0.364706
10103751,noise,1686,0.049789,0.011765,0.092585,0.000000,0.364706
10103752,noise,1692,0.047692,0.011765,0.087842,0.000000,0.352941
10103753,noise,1694,0.049730,0.011765,0.092591,0.000000,0.360784
10103754,noise,1710,0.051785,0.011765,0.095069,0.000000,0.360784
10103755,noise,1720,0.051585,0.011765,0.095841,0.000000,0.368627
10103756,noise,1702,0.050301,0.011765,0.092952,0.000000,0.360784
10103757,noise,1688,0.050235,0.011765,0.091966,0.000000,0.356863
10103758,noise,1696,0.048310,0.011765,0.088742,0.000000,0.376471
10103759,noise,1689,0.048826,0.011765,0.091056,0.000000,0.356863
10103760,noise,1704,0.051063,0.011765,0.093543,0.000000,0.360784
10103761,noise,1700,0.051504,0.011765,0.095121,0.000000,0.364706
10103762,noise,1701,0.051637,0.011765,0.095413,0.000000,0.380392
10103763,noise,1710,0.050595,0.011765,0.092802,0.000000,0.345098
10103764,noise,1689,0.049796,0.011765,0.092305,0.000000,0.356863
10103765,noise,1697,0.050437,0.011765,0.093131,0.000000,0.356863
10103766,noise,1703,0.050794,0.011765,0.093937,0.000000,0.376471
10103767,noise,1701,0.051229,0.011765,0.093569,0.000000,0.368627
10103768,noise,1692,0.051799,0.011765,0.094437,0.000000,0.360784
10103769,noise,1712,0.051109,0.011765,0.092968,0.000000,0.364706
10103770,noise,1694,0.050707,0.011765,0.094765,0.000000,0.364706
10103771,noise,1719,0.052231,0.011765,0.095655,0.000000,0.380392
10103772,noise,1693,0.051092,0.011765,0.093396,0.000000,0.356863
10103773,noise,1704,0.052060,0.011765,0.095667,0.000000,0.368627
10103774,noise,1702,0.051086,0.011765,0.093327,0.000000,0.376471
10103775,noise,1708,0.050381,0.011765,0.093175,0.000000,0.368627
10103776,noise,1717,0.049941,0.011765,0.092593,0.000000,0.364706
10103777,noise,1704,0.050861,0.011765,0.093204,0.000000,0.368627
10103778,noise,1722,0.051557,0.011765,0.094338,0.000000,0.349020
10103779,noise,1708,0.052236,0.011765,0.096303,0.000000,0.356863
10103780,noise,1700,0.051721,0.011765,0.095238,0.000000,0.368627
10103781,noise,1706,0.049716,0.011765,0.091548,0.000000,0.368627
10103782,noise,1708,0.052020,0.011765,0.094842,0.000000,0.368627
10103783,noise,1715,0.052611,0.011765,0.095971,0.000000,0.360784
10103784,noise,1715,0.051655,0.011765,0.093862,0.000000,0.380392
10103785,noise,1703,0.050835,0.011765,0.092656,0.000000,0.368627
10103786,noise,1709,0.050648,0.011765,0.093191,0.000000,0.364706
10103787,noise,1701,0.051707,0.011765,0.094092,0.000000,0.368627
10103788,noise,1695,0.051864,0.011765,0.094831,0.000000,0.368627
10103789,noise,1703,0.049055,0.011765,0.091106,0.000000,0.368627
10103790,noise,1704,0.051454,0.011765,0.093871,0.000000,0.380392
10103791,noise,1703,0.052664,0.011765,0.095775,0.000000,0.360784
10103792,noise,1696,0.052051,0.011765,0.094392,0.000000,0.356863
10103793,noise,1698,0.051498,0.011765,0.094431,0.000000,0.364706
10103794,noise,1697,0.051034,0.011765,0.094755,0.000000,0.396078
10103795,noise,1712,0.052291,0.011765,0.094528,0.000000,0.400000
10103796,noise,1715,0.051502,0.011765,0.093035,0.000000,0.372549
10103797,noise,1715,0.051200,0.011765,0.092741,0.000000,0.368627
10103798,noise,1708,0.048905,0.011765,0.089522,0.000000,0.352941
10103799,noise,1821,0.056636,0.011765,0.102914,0.000000,0.427451
10103800,noise,1833,0.056310,0.011765,0.103228,0.000000,0.431373
10103801,noise,1830,0.056359,0.011765,0.103270,0.000000,0.427451
10103802,noise,1798,0.057133,0.011765,0.103705,0.000000,0.435294
10103803,noise,1823,0.057290,0.011765,0.104272,0.000000,0.423529
10103804,noise,1822,0.056572,0.011765,0.103712,0.000000,0.435294
10103805,noise,1835,0.056695,0.011765,0.103371,0.000000,0.415686
10103806,noise,1818,0.056744,0.011765,0.103522,0.000000,0.415686
10103807,noise,1821,0.057622,0.011765,0.104489,0.000000,0.415686
10103808,noise,1816,0.057213,0.011765,0.104323,0.000000,0.431373
10103809,noise,1840,0.056718,0.011765,0.103880,0.000000,0.411765
10103810,noise,1831,0.056575,0.011765,0.103050,0.000000,0.415686
10103811,noise,1840,0.057159,0.011765,0.103886,0.000000,0.419608
10103812,noise,1827,0.057162,0.011765,0.103826,0.000000,0.423529
10103813,noise,1821,0.057650,0.011765,0.105083,0.000000,0.427451
10103814,noise,1812,0.057661,0.011765,0.105236,0.000000,0.427451
10103815,noise,1819,0.057672,0.011765,0.104296,0.000000,0.419608
10103816,noise,1825,0.057775,0.011765,0.104843,0.000000,0.423529
10103817,noise,1822,0.057313,0.011765,0.104628,0.000000,0.435294
10103818,noise,1833,0.057174,0.011765,0.104542,0.000000,0.439216
10103819,noise,1796,0.057863,0.011765,0.104610,0.000000,0.427451
10103820,noise,1835,0.056798,0.011765,0.103587,0.000000,0.435294
10103821,noise,1799,0.057995,0.011765,0.105242,0.000000,0.431373
10103822,noise,1845,0.056879,0.011765,0.103801,0.000000,0.419608
10103823,noise,1816,0.057217,0.011765,0.104650,0.000000,0.431373
10103824,noise,1813,0.057340,0.011765,0.104053,0.000000,0.423529
10103825,noise,1825,0.057500,0.011765,0.104129,0.000000,0.439216
10103826,noise,1811,0.057474,0.011765,0.104288,0.000000,0.427451
10103827,noise,1839,0.056574,0.011765,0.103687,0.000000,0.423529
10103828,noise,1826,0.057726,0.011765,0.105272,0.000000,0.423529
10103829,noise,1812,0.056817,0.011765,0.103640,0.000000,0.423529
10103830,noise,1824,0.057123,0.011765,0.104004,0.000000,0.427451
10103831,noise,1832,0.057445,0.011765,0.104559,0.000000,0.419608
10103832,noise,1797,0.058171,0.011765,0.104610,0.000000,0.423529
10103833,noise,1814,0.057738,0.011765,0.104490,0.000000,0.419608
10103834,noise,1819,0.057463,0.011765,0.104649,0.000000,0.435294
10103835,noise,1803,0.057736,0.011765,0.104720,0.000000,0.427451
10103836,noise,1820,0.057755,0.011765,0.104987,0.000000,0.427451
10103837,noise,1799,0.058281,0.011765,0.105361,0.000000,0.435294
10103838,noise,1812,0.057871,0.011765,0.105253,0.000000,0.423529
10103839,noise,1802,0.058826,0.011765,0.105793,0.000000,0.423529
10103840,noise,1805,0.057913,0.011765,0.104954,0.000000,0.431373
10103841,noise,1819,0.057888,0.011765,0.105107,0.000000,0.443137
10103842,noise,1824,0.057912,0.011765,0.105008,0.000000,0.427451
10103843,noise,1834,0.057047,0.011765,0.104409,0.000000,0.427451
10103844,noise,1813,0.057699,0.011765,0.104795,0.000000,0.427451
10103845,noise,1811,0.057888,0.011765,0.104898,0.000000,0.423529
10103846,noise,1820,0.057875,0.011765,0.104965,0.000000,0.423529
10103847,noise,1822,0.058163,0.011765,0.105666,0.000000,0.415686
10103848,noise,1827,0.057293,0.011765,0.104928,0.000000,0.423529
10103849,noise,1822,0.057282,0.011765,0.105821,0.000000,0.427451
10103850,noise,1819,0.058220,0.011765,0.105973,0.000000,0.423529
10103851,noise,1821,0.057859,0.011765,0.105388,0.000000,0.443137
10103852,noise,1830,0.057296,0.011765,0.104669,0.000000,0.423529
10103853,noise,1821,0.058001,0.011765,0.105257,0.000000,0.415686
10103854,noise,1796,0.057992,0.011765,0.104401,0.000000,0.435294
10103855,noise,1818,0.057885,0.011765,0.105738,0.000000,0.419608
10103856,noise,1818,0.057872,0.011765,0.105340,0.000000,0.415686
10103857,noise,1804,0.058130,0.011765,0.105359,0.000000,0.419608
10103858,noise,1809,0.058342,0.011765,0.105890,0.000000,0.439216
10103859,noise,1801,0.057907,0.011765,0.105869,0.000000,0.443137
10103860,noise,1806,0.058200,0.011765,0.105900,0.000000,0.427451
10103861,noise,1801,0.058260,0.011765,0.106178,0.000000,0.415686
10103862,noise,1813,0.057398,0.011765,0.104738,0.000000,0.415686
10103863,noise,1807,0.057979,0.011765,0.105043,0.000000,0.435294
10103864,noise,1820,0.058007,0.011765,0.105728,0.000000,0.427451
10103865,noise,1813,0.058328,0.011765,0.105906,0.000000,0.447059
10103866,noise,1800,0.058843,0.011765,0.105998,0.000000,0.423529
10103867,noise,1800,0.058669,0.011765,0.105911,0.000000,0.411765
10103868,noise,1831,0.057795,0.011765,0.105717,0.000000,0.423529
10103869,noise,1819,0.057832,0.011765,0.105895,0.000000,0.427451
10103870,noise,1817,0.058142,0.011765,0.105836,0.000000,0.431373
10103871,noise,1822,0.058193,0.011765,0.106455,0.000000,0.427451
10103872,noise,1806,0.059008,0.011765,0.107165,0.000000,0.450980
10103873,noise,1826,0.057707,0.011765,0.105716,0.000000,0.443137
10103874,noise,1812,0.058109,0.011765,0.106122,0.000000,0.443137
10103875,noise,1829,0.058204,0.011765,0.106209,0.000000,0.435294
10103876,noise,1817,0.059037,0.011765,0.107290,0.000000,0.431373
10103877,noise,1804,0.058706,0.011765,0.107195,0.000000,0.435294
10103878,noise,1790,0.059674,0.011765,0.107736,0.000000,0.431373
10103879,noise,1809,0.058815,0.011765,0.106702,0.000000,0.450980
10103880,noise,1805,0.059132,0.011765,0.107190,0.000000,0.435294
10103881,noise,1813,0.058402,0.011765,0.106239,0.000000,0.435294
10103882,noise,1816,0.058634,0.011765,0.106540,0.000000,0.439216
10103883,noise,1826,0.057292,0.011765,0.105745,0.000000,0.431373
10103884,noise,1819,0.058356,0.011765,0.106021,0.000000,0.435294
10103885,noise,1799,0.058010,0.011765,0.105320,0.000000,0.435294
10103886,noise,1827,0.057604,0.011765,0.105337,0.000000,0.443137
10103887,noise,1817,0.058716,0.011765,0.107091,0.000000,0.435294
10103888,noise,1814,0.058772,0.011765,0.106867,0.000000,0.435294
10103889,noise,1823,0.058226,0.011765,0.105955,0.000000,0.447059
10103890,noise,1806,0.058630,0.011765,0.106763,0.000000,0.447059
10103891,noise,1793,0.058994,0.011765,0.107292,0.000000,0.423529
10103892,noise,1796,0.059188,0.011765,0.106853,0.000000,0.423529
10103893,noise,1812,0.058124,0.011765,0.105754,0.000000,0.435294
10103894,noise,1797,0.058381,0.011765,0.106184,0.000000,0.423529
10103895,noise,1810,0.058416,0.011765,0.106120,0.000000,0.431373
10103896,noise,1804,0.059024,0.011765,0.106727,0.000000,0.435294
10103897,noise,1808,0.059307,0.011765,0.107302,0.000000,0.443137
10103898,noise,1814,0.058837,0.011765,0.107492,0.000000,0.431373
10103899,noise,1804,0.059052,0.011765,0.106982,0.000000,0.427451
10103900,noise,1800,0.058000,0.011765,0.105781,0.000000,0.431373
10103901,noise,1811,0.058274,0.011765,0.106113,0.000000,0.435294
10103902,noise,1797,0.059439,0.011765,0.107553,0.000000,0.427451
10103903,noise,1785,0.058971,0.011765,0.106578,0.000000,0.431373
10103904,noise,1797,0.058664,0.011765,0.106669,0.000000,0.435294
10103905,noise,1805,0.059010,0.011765,0.107029,0.000000,0.439216
10103906,noise,1814,0.058722,0.011765,0.106628,0.000000,0.443137
10103907,noise,1808,0.058928,0.011765,0.107403,0.000000,0.439216
10103908,noise,1793,0.059047,0.011765,0.107740,0.000000,0.443137
10103909,noise,1810,0.058908,0.011765,0.106710,0.000000,0.443137
10103910,noise,1804,0.059130,0.011765,0.107342,0.000000,0.431373
10103911,noise,1809,0.058858,0.011765,0.106658,0.000000,0.423529
10103912,noise,1812,0.059062,0.011765,0.106926,0.000000,0.431373
10103913,noise,1804,0.059195,0.011765,0.107850,0.000000,0.447059
10103914,noise,1810,0.059625,0.011765,0.107665,0.000000,0.454902
10103915,noise,1823,0.059092,0.011765,0.107524,0.000000,0.423529
10103916,noise,1805,0.059604,0.011765,0.107582,0.000000,0.443137
10103917,noise,1818,0.059298,0.011765,0.107965,0.000000,0.435294
10103918,noise,1813,0.059178,0.011765,0.107162,0.000000,0.447059
10103919,noise,1817,0.059035,0.011765,0.107404,0.000000,0.443137
10103920,noise,1825,0.058778,0.011765,0.107329,0.000000,0.431373
10103921,noise,1814,0.058960,0.011765,0.107115,0.000000,0.439216
10103922,noise,1814,0.058290,0.011765,0.106812,0.000000,0.439216
10103923,noise,1821,0.059159,0.011765,0.107336,0.000000,0.407843
10103924,noise,1808,0.058980,0.011765,0.107199,0.000000,0.435294
10103925,noise,1815,0.059208,0.011765,0.107429,0.000000,0.439216
10103926,noise,1824,0.058974,0.011765,0.107388,0.000000,0.435294
10103927,noise,1791,0.059658,0.011765,0.107642,0.000000,0.423529
10103928,noise,1791,0.060326,0.011765,0.108913,0.000000,0.431373
10103929,noise,1802,0.059590,0.011765,0.107854,0.000000,0.447059
10103930,noise,1804,0.059608,0.011765,0.108085,0.000000,0.443137
10103931,noise,1806,0.058667,0.011765,0.106470,0.000000,0.443137
10103932,noise,1796,0.059789,0.011765,0.108466,0.000000,0.431373
10103933,noise,1793,0.059508,0.011765,0.107259,0.000000,0.435294
10103934,noise,1784,0.058529,0.011765,0.107173,0.000000,0.439216
10103935,noise,1781,0.057311,0.011765,0.106129,0.000000,0.439216
10103936,noise,1772,0.054778,0.011765,0.103308,0.000000,0.427451
10103937,noise,1792,0.056145,0.011765,0.104095,0.000000,0.447059
10103938,noise,1776,0.056816,0.011765,0.105344,0.000000,0.427451
10103939,noise,1786,0.055927,0.011765,0.105265,0.000000,0.447059
10103940,noise,1795,0.056855,0.011765,0.106199,0.000000,0.439216
10103941,noise,1759,0.053205,0.011765,0.102414,0.000000,0.435294
10103942,noise,1791,0.055988,0.011765,0.105023,0.000000,0.450980
10103943,noise,1820,0.058617,0.011765,0.108665,0.000000,0.443137
10103944,noise,1815,0.060291,0.011765,0.109802,0.000000,0.435294
10103945,noise,1819,0.059848,0.011765,0.109023,0.000000,0.439216
10103946,noise,1829,0.059999,0.011765,0.109488,0.000000,0.443137
10103947,noise,1819,0.059945,0.011765,0.109846,0.000000,0.454902
10103948,noise,1828,0.060203,0.011765,0.110128,0.000000,0.447059
10103949,noise,1824,0.060361,0.011765,0.109964,0.000000,0.443137
10103950,noise,1825,0.059696,0.011765,0.109206,0.000000,0.447059
10103951,noise,1814,0.060771,0.011765,0.109706,0.000000,0.450980
10103952,noise,1816,0.060372,0.011765,0.110387,0.000000,0.454902
10103953,noise,1827,0.060410,0.011765,0.110538,0.000000,0.447059
10103954,noise,1811,0.060556,0.011765,0.110443,0.000000,0.443137
10103955,noise,1840,0.060399,0.011765,0.110746,0.000000,0.478431
10103956,noise,1807,0.060495,0.011765,0.109859,0.000000,0.443137
10103957,noise,1830,0.060283,0.011765,0.110262,0.000000,0.454902
10103958,noise,1826,0.060971,0.011765,0.110717,0.000000,0.435294
10103959,noise,1817,0.060921,0.011765,0.110564,0.000000,0.439216
10103960,noise,1822,0.061223,0.011765,0.111718,0.000000,0.447059
10103961,noise,1816,0.060653,0.011765,0.110419,0.000000,0.443137
10103962,noise,1822,0.060786,0.011765,0.111192,0.000000,0.447059
10103963,noise,1821,0.060232,0.011765,0.110473,0.000000,0.435294
10103964,noise,1817,0.060505,0.011765,0.110271,0.000000,0.443137
10103965,noise,1817,0.060615,0.011765,0.110521,0.000000,0.439216
10103966,noise,1817,0.061066,0.011765,0.111319,0.000000,0.447059
10103967,noise,1848,0.060207,0.011765,0.109997,0.000000,0.443137
10103968,noise,1826,0.060823,0.011765,0.111406,0.000000,0.431373
10103969,noise,1820,0.060605,0.011765,0.110750,0.000000,0.450980
10103970,noise,1807,0.061504,0.011765,0.112070,0.000000,0.443137
10103971,noise,1818,0.061056,0.011765,0.112120,0.000000,0.447059
10103972,noise,1828,0.060267,0.011765,0.111253,0.000000,0.443137
10103973,noise,1830,0.059929,0.011765,0.110597,0.000000,0.454902
10103974,noise,1829,0.061019,0.011765,0.111427,0.000000,0.443137
10103975,noise,1812,0.060977,0.011765,0.110809,0.000000,0.427451
10103976,noise,1837,0.060753,0.011765,0.111212,0.000000,0.439216
10103977,noise,1831,0.060779,0.011765,0.111753,0.000000,0.454902
10103978,noise,1812,0.060209,0.011765,0.109968,0.000000,0.447059
10103979,noise,1804,0.061482,0.011765,0.111794,0.000000,0.447059
10103980,noise,1817,0.060956,0.011765,0.111674,0.000000,0.439216
10103981,noise,1832,0.060168,0.011765,0.110272,0.000000,0.439216
10103982,noise,1827,0.060603,0.011765,0.111192,0.000000,0.450980
10103983,noise,1829,0.060991,0.011765,0.111289,0.000000,0.443137
10103984,noise,1818,0.060737,0.011765,0.110769,0.000000,0.439216
10103985,noise,1845,0.060037,0.011765,0.110500,0.000000,0.435294
10103986,noise,1825,0.060863,0.011765,0.111454,0.000000,0.443137
10103987,noise,1841,0.060413,0.011765,0.111557,0.000000,0.447059
10103988,noise,1830,0.060632,0.011765,0.111287,0.000000,0.450980
10103989,noise,1860,0.059947,0.011765,0.110866,0.000000,0.447059
10103990,noise,1852,0.060367,0.011765,0.111486,0.000000,0.439216
10103991,noise,1848,0.060154,0.011765,0.110700,0.000000,0.462745
10103992,noise,1855,0.060177,0.011765,0.111840,0.000000,0.443137
10103993,noise,1864,0.059730,0.011765,0.111050,0.000000,0.454902
10103994,noise,1863,0.060097,0.011765,0.111791,0.000000,0.466667
10103995,noise,1876,0.060845,0.011765,0.112161,0.000000,0.450980
10103996,noise,1856,0.061746,0.011765,0.113634,0.000000,0.462745
10103997,noise,1845,0.062326,0.011765,0.114190,0.000000,0.470588
10103998,noise,1854,0.060577,0.011765,0.112869,0.000000,0.447059
10103999,noise,1839,0.062090,0.011765,0.112272,0.000000,0.447059
10104000,noise,1863,0.061301,0.011765,0.113310,0.000000,0.450980
10104001,noise,1846,0.062567,0.011765,0.115181,0.000000,0.458824
10104002,noise,1852,0.062811,0.011765,0.115962,0.000000,0.474510
10104003,noise,1851,0.063728,0.011765,0.117698,0.000000,0.474510
10104004,noise,1868,0.063495,0.011765,0.117815,0.000000,0.478431
10104005,noise,1859,0.063091,0.011765,0.117018,0.000000,0.458824
10104006,noise,1888,0.062886,0.011765,0.117092,0.000000,0.466667
10104007,noise,1859,0.063437,0.011765,0.117419,0.000000,0.458824
10104008,noise,1861,0.062324,0.011765,0.115410,0.000000,0.458824
10104009,noise,1821,0.063594,0.011765,0.115404,0.000000,0.474510
10104010,noise,1850,0.061897,0.011765,0.113503,0.000000,0.443137
10104011,noise,1852,0.061320,0.011765,0.112968,0.000000,0.447059
10104012,noise,1855,0.061658,0.011765,0.114297,0.000000,0.450980
10104013,noise,1843,0.062020,0.011765,0.113933,0.000000,0.458824
10104014,noise,1846,0.061815,0.011765,0.114326,0.000000,0.462745
10104015,noise,1847,0.063756,0.011765,0.117362,0.000000,0.470588
10104016,noise,1848,0.063299,0.011765,0.116240,0.000000,0.454902
10104017,noise,1851,0.063934,0.011765,0.118239,0.000000,0.486275
10104018,noise,1858,0.062929,0.011765,0.116652,0.000000,0.470588
10104019,noise,1842,0.063073,0.011765,0.116116,0.000000,0.466667
10104020,noise,1846,0.061749,0.011765,0.113214,0.000000,0.454902
10104021,noise,1305,0.064927,0.015686,0.108405,0.000000,0.443137
10104022,noise,1084,0.058357,0.011765,0.105893,0.000000,0.450980
10104023,noise,1585,0.057532,0.015686,0.095361,0.000000,0.431373
10104024,noise,1660,0.056678,0.015686,0.095598,0.000000,0.427451
10104025,noise,1668,0.055859,0.015686,0.094618,0.000000,0.419608
10104026,noise,1670,0.056076,0.015686,0.095308,0.000000,0.423529
10104027,noise,1685,0.055274,0.015686,0.094202,0.000000,0.427451
10104028,noise,1693,0.055796,0.015686,0.095664,0.000000,0.419608
10104029,noise,1669,0.056768,0.015686,0.096962,0.000000,0.427451
10104030,noise,1663,0.057755,0.015686,0.097571,0.000000,0.423529
10104031,noise,1674,0.057238,0.015686,0.096418,0.000000,0.431373
10104032,noise,1686,0.055837,0.015686,0.095157,0.000000,0.423529
10104033,noise,1628,0.055926,0.015686,0.094892,0.000000,0.419608
10104034,noise,1676,0.053898,0.015686,0.090620,0.000000,0.400000
10104035,noise,1667,0.055168,0.015686,0.093367,0.000000,0.411765
10104036,noise,1693,0.054874,0.015686,0.092707,0.000000,0.407843
10104037,noise,1693,0.055368,0.015686,0.094049,0.000000,0.415686
10104038,noise,1688,0.054737,0.015686,0.092417,0.000000,0.400000
10104039,noise,1696,0.054005,0.015686,0.091869,0.000000,0.411765
10104040,noise,1699,0.053522,0.015686,0.091097,0.000000,0.396078
10104041,noise,1697,0.053335,0.015686,0.090390,0.000000,0.384314
10104042,noise,1702,0.053321,0.015686,0.091457,0.000000,0.407843
10104043,noise,1711,0.052731,0.011765,0.090163,0.000000,0.388235
10104044,noise,1704,0.052559,0.011765,0.089489,0.000000,0.396078
10104045,noise,1698,0.052232,0.011765,0.088906,0.000000,0.400000
10104046,noise,1708,0.051412,0.011765,0.087645,0.000000,0.407843
10104047,noise,1721,0.051470,0.011765,0.087952,0.000000,0.415686
10104048,noise,1698,0.052357,0.011765,0.089253,0.000000,0.415686
10104049,noise,1691,0.052049,0.011765,0.087860,0.000000,0.396078
10104050,noise,1710,0.050804,0.011765,0.086353,0.000000,0.396078
10104051,noise,1709,0.051894,0.011765,0.088681,0.000000,0.400000
10104052,noise,1709,0.052465,0.011765,0.089861,0.000000,0.407843
10104053,noise,1698,0.052793,0.015686,0.089810,0.000000,0.396078
10104054,noise,1725,0.051465,0.011765,0.088338,0.000000,0.400000
10104055,noise,1701,0.051988,0.011765,0.088891,0.000000,0.407843
10104056,noise,1703,0.052910,0.011765,0.090893,0.000000,0.403922
10104057,noise,1691,0.052328,0.011765,0.089186,0.000000,0.392157
10104058,noise,1698,0.052609,0.015686,0.090068,0.000000,0.411765
10104059,noise,1721,0.051965,0.011765,0.089110,0.000000,0.400000
10104060,noise,1691,0.053030,0.015686,0.089842,0.000000,0.403922
10104061,noise,1716,0.052365,0.015686,0.089620,0.000000,0.407843
10104062,noise,1719,0.052249,0.011765,0.089224,0.000000,0.407843
10104063,noise,1711,0.052608,0.011765,0.089804,0.000000,0.400000
10104064,noise,1719,0.052803,0.011765,0.090289,0.000000,0.407843
10104065,noise,1697,0.053307,0.015686,0.090332,0.000000,0.396078
10104066,noise,1712,0.052726,0.015686,0.089671,0.000000,0.403922
10104067,noise,1717,0.051851,0.011765,0.089493,0.000000,0.423529
10104068,noise,1711,0.052397,0.015686,0.089411,0.000000,0.400000
10104069,noise,1729,0.052430,0.015686,0.089550,0.000000,0.392157
10104070,noise,1717,0.052305,0.015686,0.089409,0.000000,0.400000
10104071,noise,1695,0.052517,0.011765,0.089986,0.000000,0.411765
10104072,noise,1698,0.052877,0.011765,0.090581,0.000000,0.403922
10104073,noise,1699,0.052645,0.011765,0.089743,0.000000,0.407843
10104074,noise,1695,0.052891,0.015686,0.090223,0.000000,0.403922
10104075,noise,1695,0.053414,0.015686,0.090455,0.000000,0.400000
10104076,noise,1692,0.052950,0.015686,0.089859,0.000000,0.403922
10104077,noise,1686,0.053462,0.015686,0.090217,0.000000,0.403922
10104078,noise,1688,0.053759,0.015686,0.091174,0.000000,0.403922
10104079,noise,1690,0.053902,0.015686,0.091421,0.000000,0.403922
10104080,noise,1708,0.052921,0.015686,0.090256,0.000000,0.403922
10104081,noise,1688,0.053134,0.015686,0.090578,0.000000,0.396078
10104082,noise,1684,0.053509,0.015686,0.090681,0.000000,0.407843
10104083,noise,1715,0.052128,0.011765,0.089703,0.000000,0.427451
10104084,noise,1705,0.052632,0.015686,0.089552,0.000000,0.407843
10104085,noise,1694,0.053001,0.015686,0.090285,0.000000,0.396078
10104086,noise,1710,0.052989,0.015686,0.090092,0.000000,0.396078
10104087,noise,1727,0.052477,0.015686,0.090139,0.000000,0.403922
10104088,noise,1698,0.053856,0.015686,0.091368,0.000000,0.415686
10104089,noise,1690,0.053816,0.015686,0.091381,0.000000,0.411765
10104090,noise,1707,0.053632,0.011765,0.091521,0.000000,0.403922
10104091,noise,1727,0.053269,0.015686,0.091269,0.000000,0.407843
10104092,noise,1714,0.053367,0.015686,0.090742,0.000000,0.400000
10104093,noise,1688,0.053936,0.015686,0.091565,0.000000,0.388235
10104094,noise,1703,0.053746,0.015686,0.091466,0.000000,0.400000
10104095,noise,1711,0.053343,0.015686,0.091199,0.000000,0.411765
10104096,noise,1696,0.053461,0.015686,0.091211,0.000000,0.415686
10104097,noise,1711,0.053492,0.015686,0.091827,0.000000,0.411765
10104098,noise,1716,0.053293,0.015686,0.091003,0.000000,0.415686
10104099,noise,1740,0.053088,0.015686,0.091442,0.000000,0.415686
10104100,noise,1729,0.053645,0.015686,0.092392,0.000000,0.423529
10104101,noise,1726,0.054064,0.015686,0.093229,0.000000,0.423529
10104102,noise,1737,0.053877,0.015686,0.092697,0.000000,0.427451
10104103,noise,1732,0.053652,0.015686,0.092573,0.000000,0.427451
10104104,noise,1703,0.054881,0.015686,0.093505,0.000000,0.447059
10104105,noise,1724,0.054495,0.015686,0.093820,0.000000,0.415686
10104106,noise,1726,0.054295,0.015686,0.093173,0.000000,0.419608
10104107,noise,1725,0.054647,0.015686,0.093862,0.000000,0.447059
10104108,noise,1723,0.054347,0.015686,0.093488,0.000000,0.431373
10104109,noise,1732,0.054239,0.015686,0.093827,0.000000,0.439216
10104110,noise,1725,0.054138,0.015686,0.093750,0.000000,0.431373
10104111,noise,1706,0.055074,0.015686,0.094255,0.000000,0.439216
10104112,noise,1725,0.054234,0.015686,0.093246,0.000000,0.427451
10104113,noise,1713,0.055309,0.015686,0.094449,0.000000,0.431373
10104114,noise,1715,0.054637,0.015686,0.093764,0.000000,0.431373
10104115,noise,1728,0.054548,0.015686,0.093764,0.000000,0.447059
10104116,noise,1729,0.054770,0.015686,0.094432,0.000000,0.435294
10104117,noise,1725,0.054716,0.015686,0.093760,0.000000,0.423529
10104118,noise,1730,0.054900,0.015686,0.094409,0.000000,0.431373
10104119,noise,1714,0.054820,0.015686,0.094150,0.000000,0.423529
10104120,noise,1726,0.055159,0.015686,0.094489,0.000000,0.431373
10104121,noise,1739,0.054564,0.015686,0.094971,0.000000,0.427451
10104122,noise,1712,0.054792,0.015686,0.093800,0.000000,0.427451
10104123,noise,1730,0.054503,0.015686,0.093787,0.000000,0.439216
10104124,noise,1722,0.055036,0.015686,0.094475,0.000000,0.427451
10104125,noise,1736,0.054696,0.015686,0.095162,0.000000,0.435294
10104126,noise,1736,0.054516,0.015686,0.094246,0.000000,0.450980
10104127,noise,1719,0.054849,0.015686,0.094567,0.000000,0.435294
10104128,noise,1739,0.054875,0.015686,0.094324,0.000000,0.447059
10104129,noise,1737,0.054818,0.015686,0.094752,0.000000,0.435294
10104130,noise,1730,0.054474,0.015686,0.094282,0.000000,0.431373
10104131,noise,1716,0.054541,0.015686,0.093795,0.000000,0.419608
10104132,noise,1726,0.055122,0.015686,0.095520,0.000000,0.443137
10104133,noise,1740,0.054442,0.015686,0.094635,0.000000,0.419608
10104134,noise,1727,0.054852,0.015686,0.094577,0.000000,0.443137
10104135,noise,1744,0.054252,0.015686,0.094612,0.000000,0.427451
10104136,noise,1714,0.054751,0.015686,0.094354,0.000000,0.431373
10104137,noise,1724,0.055157,0.015686,0.095392,0.000000,0.447059
10104138,noise,1727,0.054466,0.015686,0.094153,0.000000,0.419608
10104139,noise,1733,0.054800,0.015686,0.094707,0.000000,0.419608
10104140,noise,1726,0.054956,0.015686,0.094707,0.000000,0.439216
10104141,noise,1728,0.055322,0.015686,0.094804,0.000000,0.431373
10104142,noise,1722,0.055526,0.015686,0.095350,0.000000,0.419608
10104143,noise,1747,0.054754,0.015686,0.094867,0.000000,0.435294
10104144,noise,1741,0.054512,0.015686,0.094185,0.000000,0.431373
10104145,noise,1728,0.055263,0.015686,0.095075,0.000000,0.435294
10104146,noise,1738,0.054688,0.015686,0.094593,0.000000,0.431373
10104147,noise,1732,0.055013,0.015686,0.094802,0.000000,0.447059
10104148,noise,1732,0.055103,0.015686,0.095216,0.000000,0.435294
10104149,noise,1739,0.054800,0.015686,0.094589,0.000000,0.439216
10104150,noise,1746,0.054931,0.015686,0.094925,0.000000,0.423529
10104151,noise,1757,0.054494,0.015686,0.095049,0.000000,0.435294
10104152,noise,1732,0.055113,0.015686,0.094871,0.000000,0.427451
10104153,noise,1747,0.054700,0.015686,0.095331,0.000000,0.439216
10104154,noise,1758,0.053860,0.015686,0.094003,0.000000,0.447059
10104155,noise,1765,0.054271,0.011765,0.095033,0.000000,0.435294
10104156,noise,1749,0.054880,0.015686,0.095188,0.000000,0.431373
10104157,noise,1747,0.054514,0.015686,0.094690,0.000000,0.439216
10104158,noise,1730,0.055104,0.015686,0.095191,0.000000,0.439216
10104159,noise,1741,0.054747,0.015686,0.094979,0.000000,0.435294
10104160,noise,1735,0.054879,0.015686,0.094801,0.000000,0.427451
10104161,noise,1748,0.054373,0.015686,0.094865,0.000000,0.435294
10104162,noise,1736,0.054954,0.015686,0.094934,0.000000,0.439216
10104163,noise,1754,0.054703,0.015686,0.095342,0.000000,0.439216
10104164,noise,1744,0.054643,0.015686,0.094830,0.000000,0.443137
10104165,noise,1751,0.054947,0.015686,0.095159,0.000000,0.435294
10104166,noise,1743,0.054933,0.015686,0.096068,0.000000,0.443137
10104167,noise,1740,0.055213,0.015686,0.095289,0.000000,0.439216
10104168,noise,1746,0.055017,0.015686,0.095313,0.000000,0.447059
10104169,noise,1749,0.054985,0.015686,0.095812,0.000000,0.427451
10104170,noise,1755,0.054560,0.011765,0.095053,0.000000,0.435294
10104171,noise,1730,0.055426,0.015686,0.096002,0.000000,0.431373
10104172,noise,1743,0.055201,0.015686,0.095853,0.000000,0.439216
10104173,noise,1752,0.055361,0.015686,0.096360,0.000000,0.439216
10104174,noise,1730,0.055648,0.015686,0.096717,0.000000,0.431373
10104175,noise,1750,0.054705,0.015686,0.095966,0.000000,0.435294
10104176,noise,1737,0.055405,0.015686,0.096522,0.000000,0.435294
10104177,noise,1758,0.054840,0.015686,0.095745,0.000000,0.435294
10104178,noise,1739,0.055479,0.015686,0.096673,0.000000,0.435294
10104179,noise,1721,0.055720,0.015686,0.097019,0.000000,0.431373
10104180,noise,1749,0.055155,0.015686,0.096541,0.000000,0.423529
10104181,noise,1717,0.056620,0.015686,0.097486,0.000000,0.431373
10104182,noise,1731,0.055090,0.015686,0.096037,0.000000,0.443137
10104183,noise,1745,0.055702,0.015686,0.097090,0.000000,0.427451
10104184,noise,1745,0.055280,0.015686,0.096707,0.000000,0.431373
10104185,noise,1751,0.054644,0.015686,0.095388,0.000000,0.435294
10104186,noise,1746,0.055450,0.015686,0.096644,0.000000,0.435294
10104187,noise,1742,0.055472,0.015686,0.096586,0.000000,0.447059
10104188,noise,1733,0.055402,0.015686,0.096458,0.000000,0.431373
10104189,noise,1740,0.055758,0.015686,0.096810,0.000000,0.431373
10104190,noise,1741,0.055684,0.015686,0.096666,0.000000,0.443137
10104191,noise,1721,0.055499,0.015686,0.096414,0.000000,0.427451
10104192,noise,1736,0.056063,0.015686,0.096934,0.000000,0.443137
10104193,noise,1721,0.055752,0.015686,0.096033,0.000000,0.427451
10104194,noise,1748,0.055003,0.015686,0.095785,0.000000,0.419608
10104195,noise,1740,0.056042,0.015686,0.097576,0.000000,0.427451
10104196,noise,1746,0.055084,0.015686,0.096343,0.000000,0.431373
10104197,noise,1759,0.054982,0.015686,0.096636,0.000000,0.427451
10104198,noise,1747,0.055046,0.015686,0.097140,0.000000,0.435294
10104199,noise,1799,0.066089,0.011765,0.126305,0.000000,0.498039
10104200,noise,1826,0.066319,0.011765,0.125376,0.000000,0.501961
10104201,noise,1816,0.066127,0.011765,0.125586,0.000000,0.490196
10104202,noise,1807,0.064685,0.011765,0.123967,0.000000,0.498039
10104203,noise,1797,0.064412,0.011765,0.124093,0.000000,0.486275
10104204,noise,1807,0.065111,0.011765,0.124684,0.000000,0.494118
10104205,noise,1803,0.065860,0.011765,0.125423,0.000000,0.513726
10104206,noise,1817,0.067588,0.011765,0.126742,0.000000,0.494118
10104207,noise,1816,0.067492,0.011765,0.127764,0.000000,0.498039
10104208,noise,1809,0.067482,0.011765,0.127405,0.000000,0.498039
10104209,noise,1816,0.067559,0.011765,0.127772,0.000000,0.490196
10104210,noise,1822,0.067579,0.011765,0.127506,0.000000,0.509804
10104211,noise,1819,0.067684,0.011765,0.127543,0.000000,0.498039
10104212,noise,1828,0.066772,0.007843,0.126759,0.000000,0.482353
10104213,noise,1817,0.067129,0.011765,0.126616,0.000000,0.490196
10104214,noise,1836,0.067143,0.011765,0.126562,0.000000,0.486275
10104215,noise,1835,0.066985,0.011765,0.126496,0.000000,0.494118
10104216,noise,1850,0.066760,0.011765,0.126643,0.000000,0.517647
10104217,noise,1845,0.066805,0.007843,0.127927,0.000000,0.498039
10104218,noise,1849,0.066569,0.007843,0.126593,0.000000,0.478431
10104219,noise,1853,0.065676,0.007843,0.124864,0.000000,0.490196
10104220,noise,1846,0.065719,0.007843,0.124146,0.000000,0.501961
10104221,noise,1846,0.066964,0.011765,0.126859,0.000000,0.482353
10104222,noise,1845,0.066924,0.011765,0.127326,0.000000,0.494118
10104223,noise,1835,0.067220,0.007843,0.127545,0.000000,0.498039
10104224,noise,1825,0.066542,0.007843,0.125202,0.000000,0.478431
10104225,noise,1844,0.065461,0.007843,0.124498,0.000000,0.486275
10104226,noise,1837,0.066483,0.011765,0.126334,0.000000,0.478431
10104227,noise,1858,0.065459,0.007843,0.124876,0.000000,0.482353
10104228,noise,1841,0.066390,0.011765,0.126750,0.000000,0.498039
10104229,noise,1827,0.064771,0.007843,0.124849,0.000000,0.494118
10104230,noise,1839,0.065524,0.011765,0.125316,0.000000,0.494118
10104231,noise,1840,0.065251,0.011765,0.124674,0.000000,0.470588
10104232,noise,1853,0.065670,0.011765,0.124794,0.000000,0.486275
10104233,noise,1854,0.065469,0.007843,0.124155,0.000000,0.482353
10104234,noise,1832,0.065581,0.011765,0.123758,0.000000,0.478431
10104235,noise,1837,0.065166,0.011765,0.124054,0.000000,0.494118
10104236,noise,1811,0.065801,0.011765,0.124815,0.000000,0.494118
10104237,noise,1834,0.065185,0.011765,0.123405,0.000000,0.490196
10104238,noise,1817,0.065408,0.011765,0.123648,0.000000,0.498039
10104239,noise,1817,0.064232,0.007843,0.123230,0.000000,0.478431
10104240,noise,1808,0.065066,0.011765,0.124407,0.000000,0.501961
10104241,noise,1821,0.065245,0.011765,0.123077,0.000000,0.490196
10104242,noise,1814,0.064049,0.011765,0.121921,0.000000,0.474510
10104243,noise,1818,0.064794,0.011765,0.123246,0.000000,0.490196
10104244,noise,1835,0.065145,0.011765,0.123378,0.000000,0.494118
10104245,noise,1809,0.063367,0.011765,0.121516,0.000000,0.478431
10104246,noise,1818,0.064307,0.011765,0.122176,0.000000,0.474510
10104247,noise,1820,0.064167,0.007843,0.122429,0.000000,0.505882
10104248,noise,1803,0.063693,0.007843,0.121801,0.000000,0.486275
10104249,noise,1797,0.063254,0.011765,0.121862,0.000000,0.482353
10104250,noise,1812,0.065569,0.011765,0.124439,0.000000,0.498039
10104251,noise,1809,0.064889,0.011765,0.124670,0.000000,0.498039
10104252,noise,1796,0.063453,0.011765,0.122296,0.000000,0.486275
10104253,noise,1787,0.060836,0.007843,0.118154,0.000000,0.482353
10104254,noise,1799,0.061897,0.007843,0.120318,0.000000,0.490196
10104255,noise,1807,0.065905,0.011765,0.124954,0.000000,0.490196
10104256,noise,1814,0.066736,0.011765,0.126534,0.000000,0.478431
10104257,noise,1810,0.066632,0.011765,0.126482,0.000000,0.498039
10104258,noise,1817,0.067008,0.011765,0.127154,0.000000,0.501961
10104259,noise,1710,0.068075,0.011765,0.124623,0.000000,0.482353
10104260,noise,1714,0.065431,0.011765,0.123490,0.000000,0.478431
10104261,noise,1730,0.066921,0.011765,0.125263,0.000000,0.478431
10104262,noise,1721,0.067890,0.011765,0.126897,0.000000,0.501961
10104263,noise,1715,0.069445,0.011765,0.128964,0.000000,0.494118
10104264,noise,1768,0.066866,0.011765,0.126418,0.000000,0.509804
10104265,noise,1764,0.067474,0.011765,0.127407,0.000000,0.494118
10104266,noise,1738,0.068228,0.011765,0.126802,0.000000,0.490196
10104267,noise,1728,0.067470,0.011765,0.128370,0.000000,0.517647
10104268,noise,1729,0.064503,0.011765,0.126023,0.000000,0.498039
10104269,noise,1801,0.069084,0.011765,0.128908,0.000000,0.501961
10104270,noise,1797,0.069351,0.011765,0.128760,0.000000,0.486275
10104271,noise,1802,0.068567,0.011765,0.128017,0.000000,0.498039
10104272,noise,1831,0.067406,0.011765,0.127341,0.000000,0.517647
10104273,noise,1826,0.067043,0.011765,0.124857,0.000000,0.490196
10104274,noise,1830,0.067462,0.011765,0.126506,0.000000,0.482353
10104275,noise,1810,0.068452,0.011765,0.128032,0.000000,0.505882
10104276,noise,1832,0.066626,0.011765,0.125249,0.000000,0.494118
10104277,noise,1824,0.066976,0.011765,0.126331,0.000000,0.498039
10104278,noise,1832,0.066673,0.011765,0.124588,0.000000,0.490196
10104279,noise,1824,0.064790,0.009804,0.123816,0.000000,0.494118
10104280,noise,1788,0.063372,0.011765,0.123083,0.000000,0.486275
10104281,noise,1796,0.063033,0.011765,0.122905,0.000000,0.490196
10104282,noise,1792,0.064682,0.011765,0.123983,0.000000,0.494118
10104283,noise,1806,0.064259,0.011765,0.123055,0.000000,0.482353
10104284,noise,1810,0.065148,0.011765,0.123206,0.000000,0.482353
10104285,noise,1815,0.065273,0.011765,0.123442,0.000000,0.478431
10104286,noise,1814,0.064488,0.011765,0.123592,0.000000,0.501961
10104287,noise,1828,0.064468,0.011765,0.122025,0.000000,0.486275
10104288,noise,1816,0.064479,0.011765,0.120967,0.000000,0.474510
10104289,noise,1819,0.065246,0.011765,0.122364,0.000000,0.494118
10104290,noise,1830,0.066060,0.011765,0.123698,0.000000,0.486275
10104291,noise,1815,0.066172,0.011765,0.123753,0.000000,0.478431
10104292,noise,1819,0.065336,0.011765,0.122229,0.000000,0.478431
10104293,noise,1825,0.066254,0.011765,0.123640,0.000000,0.478431
10104294,noise,1830,0.066579,0.011765,0.124422,0.000000,0.494118
10104295,noise,1836,0.065586,0.011765,0.122898,0.000000,0.478431
10104296,noise,1830,0.065754,0.011765,0.122979,0.000000,0.494118
10104297,noise,1853,0.064910,0.011765,0.121965,0.000000,0.478431
10104298,noise,1827,0.065040,0.011765,0.122117,0.000000,0.486275
10104299,noise,1824,0.065822,0.011765,0.123205,0.000000,0.486275
10104300,noise,1834,0.065337,0.011765,0.123020,0.000000,0.498039
10104301,noise,1840,0.065748,0.011765,0.123701,0.000000,0.474510
10104302,noise,1830,0.065921,0.011765,0.123252,0.000000,0.494118
10104303,noise,1828,0.066107,0.011765,0.123548,0.000000,0.478431
10104304,noise,1840,0.066336,0.011765,0.124540,0.000000,0.498039
10104305,noise,1845,0.066975,0.011765,0.125326,0.000000,0.486275
10104306,noise,1819,0.066565,0.011765,0.124061,0.000000,0.486275
10104307,noise,1822,0.066972,0.011765,0.125282,0.000000,0.498039
10104308,noise,1830,0.066909,0.011765,0.125207,0.000000,0.482353
10104309,noise,1834,0.066496,0.011765,0.124829,0.000000,0.490196
10104310,noise,1851,0.066343,0.011765,0.123997,0.000000,0.486275
10104311,noise,1834,0.066423,0.011765,0.124954,0.000000,0.509804
10104312,noise,1824,0.067258,0.011765,0.126228,0.000000,0.501961
10104313,noise,1837,0.067410,0.011765,0.126090,0.000000,0.498039
10104314,noise,1823,0.068048,0.011765,0.126700,0.000000,0.498039
10104315,noise,1839,0.066357,0.011765,0.124813,0.000000,0.498039
10104316,noise,1837,0.066481,0.011765,0.124063,0.000000,0.505882
10104317,noise,1837,0.066714,0.011765,0.124232,0.000000,0.498039
10104318,noise,1839,0.066289,0.011765,0.124312,0.000000,0.498039
10104319,noise,1841,0.066677,0.011765,0.125522,0.000000,0.490196
10104320,noise,1837,0.065971,0.011765,0.124151,0.000000,0.509804
10104321,noise,1843,0.065145,0.011765,0.123199,0.000000,0.478431
10104322,noise,1833,0.066510,0.011765,0.124436,0.000000,0.486275
10104323,noise,1836,0.067538,0.011765,0.127037,0.000000,0.498039
10104324,noise,1830,0.067644,0.011765,0.126897,0.000000,0.498039
10104325,noise,1834,0.065619,0.011765,0.124023,0.000000,0.494118
10104326,noise,1833,0.066175,0.011765,0.123051,0.000000,0.494118
10104327,noise,1819,0.066589,0.011765,0.124500,0.000000,0.478431
10104328,noise,1837,0.066526,0.011765,0.124241,0.000000,0.482353
10104329,noise,1823,0.065058,0.011765,0.122380,0.000000,0.478431
10104330,noise,1815,0.065729,0.011765,0.123557,0.000000,0.482353
10104331,noise,1807,0.063772,0.007843,0.122820,0.000000,0.490196
10104332,noise,1816,0.065317,0.011765,0.123880,0.000000,0.494118
10104333,noise,1804,0.065721,0.011765,0.123900,0.000000,0.474510
10104334,noise,1793,0.065085,0.011765,0.121976,0.000000,0.470588
10104335,noise,1796,0.062983,0.011765,0.119899,0.000000,0.490196
10104336,noise,1799,0.064199,0.007843,0.121575,0.000000,0.474510
10104337,noise,1824,0.065415,0.007843,0.123171,0.000000,0.486275
10104338,noise,1820,0.065126,0.011765,0.122301,0.000000,0.462745
10104339,noise,1820,0.065247,0.011765,0.122675,0.000000,0.482353
10104340,noise,1803,0.064270,0.011765,0.121527,0.000000,0.490196
10104341,noise,1817,0.065147,0.011765,0.121927,0.000000,0.478431
10104342,noise,1811,0.063754,0.007843,0.121051,0.000000,0.478431
10104343,noise,1809,0.065149,0.011765,0.122164,0.000000,0.478431
10104344,noise,1827,0.064260,0.011765,0.120411,0.000000,0.486275
10104345,noise,1831,0.065632,0.011765,0.123374,0.000000,0.482353
10104346,noise,1828,0.065729,0.011765,0.123236,0.000000,0.474510
10104347,noise,1832,0.064569,0.011765,0.121504,0.000000,0.470588
10104348,noise,1819,0.064616,0.011765,0.121375,0.000000,0.474510
10104349,noise,1818,0.065586,0.011765,0.123478,0.000000,0.482353
10104350,noise,1811,0.065307,0.011765,0.122196,0.000000,0.470588
10104351,noise,1836,0.064093,0.007843,0.120607,0.000000,0.482353
10104352,noise,1826,0.064697,0.007843,0.122290,0.000000,0.482353
10104353,noise,1809,0.064399,0.007843,0.121579,0.000000,0.478431
10104354,noise,1802,0.063185,0.007843,0.121168,0.000000,0.486275
10104355,noise,1821,0.065443,0.011765,0.123110,0.000000,0.498039
10104356,noise,1830,0.065209,0.007843,0.123007,0.000000,0.478431
10104357,noise,1815,0.065284,0.011765,0.121826,0.000000,0.482353
10104358,noise,1826,0.065189,0.007843,0.122613,0.000000,0.486275
10104359,noise,1822,0.066923,0.011765,0.124533,0.000000,0.486275
10104360,noise,1832,0.065631,0.011765,0.123076,0.000000,0.474510
10104361,noise,1830,0.065471,0.011765,0.122154,0.000000,0.486275
10104362,noise,1824,0.065678,0.011765,0.122876,0.000000,0.470588
10104363,noise,1837,0.063744,0.011765,0.118934,0.000000,0.482353
10104364,noise,1826,0.065376,0.011765,0.122234,0.000000,0.494118
10104365,noise,1814,0.065757,0.011765,0.122385,0.000000,0.474510
10104366,noise,1844,0.065019,0.011765,0.122678,0.000000,0.486275
10104367,noise,1844,0.066256,0.011765,0.125724,0.000000,0.505882
10104368,noise,1826,0.066439,0.011765,0.125329,0.000000,0.482353
10104369,noise,1831,0.066016,0.011765,0.123839,0.000000,0.490196
10104370,noise,1840,0.065661,0.011765,0.123686,0.000000,0.490196
10104371,noise,1838,0.066170,0.011765,0.125272,0.000000,0.509804
10104372,noise,1834,0.067381,0.011765,0.126934,0.000000,0.486275
10104373,noise,1843,0.065381,0.007843,0.125135,0.000000,0.490196
10104374,noise,1823,0.065395,0.011765,0.123804,0.000000,0.486275
10104375,noise,1819,0.065339,0.011765,0.124777,0.000000,0.494118
10104376,noise,1825,0.067604,0.011765,0.126766,0.000000,0.498039
10104377,noise,1835,0.067598,0.011765,0.126695,0.000000,0.478431
10104378,noise,1827,0.067257,0.011765,0.125895,0.000000,0.490196
10104379,noise,1835,0.067214,0.011765,0.126564,0.000000,0.498039
10104380,noise,1828,0.067482,0.011765,0.127253,0.000000,0.490196
10104381,noise,1814,0.067495,0.011765,0.125931,0.000000,0.494118
10104382,noise,1816,0.067200,0.011765,0.125483,0.000000,0.478431
10104383,noise,1808,0.066615,0.011765,0.125599,0.000000,0.482353
10104384,noise,1811,0.066862,0.011765,0.125432,0.000000,0.494118
10104385,noise,1827,0.065329,0.011765,0.123786,0.000000,0.482353
10104386,noise,1806,0.065863,0.011765,0.124236,0.000000,0.486275
10104387,noise,1798,0.066143,0.011765,0.124672,0.000000,0.486275
10104388,noise,1802,0.065185,0.011765,0.123703,0.000000,0.490196
10104389,noise,1793,0.067345,0.011765,0.125976,0.000000,0.498039
10104390,noise,1799,0.067545,0.011765,0.126335,0.000000,0.494118
10104391,noise,1812,0.066641,0.011765,0.125375,0.000000,0.486275
10104392,noise,1807,0.065948,0.011765,0.124433,0.000000,0.478431
10104393,noise,1788,0.066572,0.011765,0.124407,0.000000,0.494118
10104394,noise,1784,0.066856,0.011765,0.124665,0.000000,0.474510
10104395,noise,1783,0.068431,0.011765,0.127286,0.000000,0.494118
10104396,noise,1793,0.068403,0.011765,0.127879,0.000000,0.501961
10104397,noise,1795,0.068989,0.011765,0.128241,0.000000,0.494118
10104398,noise,1792,0.067794,0.011765,0.126798,0.000000,0.490196
