Frame_Index,Frame_ID,Points_Within_1m,Avg_Height_m,Status
0,00000000,1498,1.3600382,OK
1,00000001,1523,1.3645737,OK
2,00000002,1516,1.3623611,OK
3,00000003,1456,1.3639375,OK
4,00000004,1507,1.358626,OK
5,00000005,1515,1.3666039,OK
6,00000006,1496,1.3606476,OK
7,00000007,1478,1.3613216,OK
8,00000008,1511,1.3650893,OK
9,00000009,1551,1.3705397,OK
10,00000010,1485,1.3669261,OK
11,00000011,1536,1.3611279,OK
12,00000012,1554,1.3620961,OK
13,00000013,1484,1.3668664,OK
14,00000014,1485,1.3616027,OK
15,00000015,1529,1.358859,OK
16,00000016,1539,1.3621005,OK
17,00000017,1545,1.3630663,OK
18,00000018,1512,1.3631469,OK
19,00000019,1594,1.3647285,OK
20,00000020,1533,1.3705361,OK
21,00000021,1581,1.3674506,OK
22,00000022,1521,1.3613108,OK
23,00000023,1584,1.3685452,OK
24,00000024,1517,1.362597,OK
25,00000025,1557,1.3679365,OK
26,00000026,1499,1.3627025,OK
27,00000027,1573,1.3674066,OK
28,00000028,1467,1.3576958,OK
29,00000029,1534,1.3592863,OK
30,00000030,1485,1.3596604,OK
31,00000031,1480,1.3602107,OK
32,00000032,1481,1.3639008,OK
33,00000033,1601,1.3640251,OK
34,00000034,1451,1.3601403,OK
35,00000035,1407,1.3545148,OK
36,00000036,1462,1.3629066,OK
37,00000037,1494,1.361776,OK
38,00000038,1444,1.3587085,OK
39,00000039,1407,1.3565534,OK
40,00000040,1538,1.3662757,OK
41,00000041,1545,1.365382,OK
42,00000042,1534,1.3627924,OK
43,00000043,1482,1.3656415,OK
44,00000044,1506,1.3610047,OK
45,00000045,1480,1.3636626,OK
46,00000046,1468,1.3630936,OK
47,00000047,1433,1.3721383,OK
48,00000048,1441,1.3636657,OK
49,00000049,1434,1.3622954,OK
50,00000050,1531,1.3649015,OK
51,00000051,1525,1.3627747,OK
52,00000052,1533,1.3655033,OK
53,00000053,1541,1.3648943,OK
54,00000054,1523,1.361558,OK
55,00000055,1555,1.3714589,OK
56,00000056,1539,1.3673102,OK
57,00000057,1494,1.3637908,OK
58,00000058,1528,1.3610234,OK
59,00000059,1429,1.3621752,OK
60,00000060,1496,1.3642887,OK
61,00000061,1447,1.3631467,OK
62,00000062,1426,1.361524,OK
63,00000063,1470,1.3614339,OK
64,00000064,1438,1.3615614,OK
65,00000065,1506,1.3611224,OK
66,00000066,1466,1.3658563,OK
67,00000067,1457,1.3625636,OK
68,00000068,1524,1.3664708,OK
69,00000069,1538,1.3699994,OK
70,00000070,1500,1.3627664,OK
71,00000071,1413,1.3619249,OK
72,00000072,1476,1.359972,OK
73,00000073,1531,1.3668603,OK
74,00000074,1456,1.3618662,OK
75,00000075,1511,1.3695326,OK
76,00000076,1458,1.3626283,OK
77,00000077,1429,1.3647199,OK
78,00000078,1506,1.3658947,OK
79,00000079,1480,1.3652031,OK
80,00000080,1505,1.3657025,OK
81,00000081,1503,1.3649001,OK
82,00000082,1527,1.3649892,OK
83,00000083,1450,1.368386,OK
84,00000084,1488,1.3653599,OK
85,00000085,1479,1.3635502,OK
86,00000086,2095,1.3649437,OK
87,00000087,2074,1.3553315,OK
88,00000088,2033,1.3482373,OK
89,00000089,2060,1.3529531,OK
90,00000090,1528,1.3557518,OK
91,00000091,1417,1.373302,OK
92,00000092,1465,1.369683,OK
93,00000093,1467,1.3710456,OK
94,00000094,1475,1.3706222,OK
95,00000095,1490,1.3677927,OK
96,00000096,1556,1.3701504,OK
97,00000097,1480,1.3678043,OK
98,00000098,1514,1.3677893,OK
99,00000099,1504,1.3678755,OK
100,00000100,1543,1.365394,OK
101,00000101,1584,1.3700697,OK
102,00000102,1498,1.3619525,OK
103,00000103,1482,1.3633922,OK
104,00000104,1562,1.3635068,OK
105,00000105,1532,1.368809,OK
106,00000106,1421,1.3679162,OK
107,00000107,1484,1.3698345,OK
108,00000108,1478,1.3642539,OK
109,00000109,1448,1.3658662,OK
110,00000110,1500,1.3600467,OK
111,00000111,1407,1.365419,OK
112,00000112,1383,1.3601223,OK
113,00000113,1402,1.3611546,OK
114,00000114,1421,1.3676504,OK
115,00000115,1497,1.3661845,OK
116,00000116,1422,1.3696636,OK
117,00000117,1506,1.3655056,OK
118,00000118,1480,1.3615679,OK
119,00000119,1552,1.3658566,OK
120,00000120,1480,1.368129,OK
121,00000121,1440,1.3664851,OK
122,00000122,1459,1.3672745,OK
123,00000123,1423,1.3677387,OK
124,00000124,1499,1.3639187,OK
125,00000125,1497,1.363391,OK
126,00000126,1484,1.3622864,OK
127,00000127,1510,1.3693013,OK
128,00000128,1501,1.3693624,OK
129,00000129,1515,1.3733305,OK
130,00000130,1485,1.3671132,OK
131,00000131,1482,1.3686975,OK
132,00000132,1474,1.3657651,OK
133,00000133,1544,1.3705572,OK
134,00000134,1540,1.3724359,OK
135,00000135,1516,1.3651857,OK
136,00000136,1574,1.3725432,OK
137,00000137,1555,1.3719566,OK
138,00000138,1440,1.3699352,OK
139,00000139,1475,1.3697044,OK
140,00000140,1528,1.3674974,OK
141,00000141,1513,1.3691775,OK
142,00000142,1479,1.3650414,OK
143,00000143,1521,1.3715701,OK
144,00000144,1562,1.3690828,OK
145,00000145,1543,1.3722447,OK
146,00000146,1572,1.3724852,OK
147,00000147,1615,1.3690774,OK
148,00000148,1553,1.363019,OK
149,00000149,1515,1.3687092,OK
150,00000150,1525,1.3634655,OK
151,00000151,1618,1.3717077,OK
152,00000152,1646,1.365261,OK
153,00000153,1457,1.3732483,OK
154,00000154,1525,1.3690585,OK
155,00000155,1600,1.3637775,OK
156,00000156,1483,1.3631644,OK
157,00000157,1610,1.36743,OK
158,00000158,1451,1.3708464,OK
159,00000159,1483,1.3692576,OK
160,00000160,1491,1.3685122,OK
161,00000161,1523,1.3654207,OK
162,00000162,1486,1.3690189,OK
163,00000163,1572,1.367389,OK
164,00000164,1515,1.3720214,OK
165,00000165,1586,1.369644,OK
166,00000166,1517,1.3701154,OK
167,00000167,1633,1.3636647,OK
168,00000168,1678,1.3627985,OK
169,00000169,1669,1.3547574,OK
170,00000170,1590,1.3443059,OK
171,00000171,2126,1.3646414,OK
172,00000172,1838,1.3396353,OK
173,00000173,1700,1.3592641,OK
174,00000174,1700,1.3617765,OK
175,00000175,1635,1.3717991,OK
176,00000176,1530,1.3768765,OK
177,00000177,1551,1.3691378,OK
178,00000178,1497,1.3740628,OK
179,00000179,1557,1.3709157,OK
180,00000180,1492,1.3705472,OK
181,00000181,1602,1.3671777,OK
182,00000182,1598,1.3686839,OK
183,00000183,1574,1.3689268,OK
184,00000184,1593,1.3679128,OK
185,00000185,1617,1.3675151,OK
186,00000186,1488,1.3687081,OK
187,00000187,1506,1.3674982,OK
188,00000188,1640,1.3692927,OK
189,00000189,1544,1.3652002,OK
190,00000190,1523,1.3673048,OK
191,00000191,1572,1.3709997,OK
192,00000192,1538,1.3680787,OK
193,00000193,1534,1.3690996,OK
194,00000194,1608,1.368683,OK
195,00000195,1619,1.3695692,OK
196,00000196,1615,1.3692428,OK
197,00000197,1604,1.3705269,OK
198,00000198,1566,1.3715683,OK
199,00000199,1602,1.3707511,OK
200,00000200,1400,1.3780484,OK
201,00000201,1375,1.3742546,OK
202,00000202,1403,1.3711996,OK
203,00000203,1338,1.3712395,OK
204,00000204,1443,1.3772525,OK
205,00000205,1432,1.3777752,OK
206,00000206,1405,1.3716826,OK
207,00000207,1360,1.3781139,OK
208,00000208,1313,1.3730648,OK
209,00000209,1408,1.3710043,OK
210,00000210,1405,1.3716497,OK
211,00000211,1368,1.3754505,OK
212,00000212,1418,1.3759815,OK
213,00000213,1454,1.3681543,OK
214,00000214,1513,1.3736912,OK
215,00000215,1448,1.3726162,OK
216,00000216,1451,1.3769032,OK
217,00000217,1397,1.3703313,OK
218,00000218,1394,1.370891,OK
219,00000219,1431,1.3727233,OK
220,00000220,1502,1.3717597,OK
221,00000221,1508,1.3699607,OK
222,00000222,1441,1.3685207,OK
223,00000223,1454,1.3668658,OK
224,00000224,1433,1.3697774,OK
225,00000225,1465,1.3696688,OK
226,00000226,1477,1.3740743,OK
227,00000227,1451,1.3705759,OK
228,00000228,1457,1.3699113,OK
229,00000229,1463,1.3740435,OK
230,00000230,1400,1.3722262,OK
231,00000231,1439,1.3692793,OK
232,00000232,1449,1.3704468,OK
233,00000233,1431,1.3654362,OK
234,00000234,1402,1.3714615,OK
235,00000235,1399,1.3714904,OK
236,00000236,1421,1.3687749,OK
237,00000237,1418,1.3722478,OK
238,00000238,1466,1.3695215,OK
239,00000239,1486,1.368309,OK
240,00000240,1467,1.3678598,OK
241,00000241,1458,1.3720933,OK
242,00000242,1389,1.3663195,OK
243,00000243,1406,1.3696029,OK
244,00000244,1465,1.367606,OK
245,00000245,1392,1.3720369,OK
246,00000246,1353,1.3747095,OK
247,00000247,1410,1.3669012,OK
248,00000248,1394,1.3704348,OK
249,00000249,1355,1.3707182,OK
250,00000250,1384,1.3767457,OK
251,00000251,1431,1.3753664,OK
252,00000252,1374,1.371255,OK
253,00000253,1471,1.3785272,OK
254,00000254,1512,1.3745376,OK
255,00000255,1415,1.3722191,OK
256,00000256,1412,1.3751854,OK
257,00000257,1459,1.3756418,OK
258,00000258,1434,1.3676695,OK
259,00000259,1459,1.367644,OK
260,00000260,1454,1.370074,OK
261,00000261,1416,1.3723937,OK
262,00000262,1462,1.3783607,OK
263,00000263,1462,1.3734326,OK
264,00000264,1424,1.37304,OK
265,00000265,1408,1.3726182,OK
266,00000266,1448,1.3748001,OK
267,00000267,1437,1.3694733,OK
268,00000268,1398,1.368529,OK
269,00000269,1423,1.3712548,OK
270,00000270,1504,1.3679651,OK
271,00000271,1440,1.3699127,OK
272,00000272,1465,1.37274,OK
273,00000273,1479,1.3705653,OK
274,00000274,1468,1.3739401,OK
275,00000275,1430,1.3701456,OK
276,00000276,1425,1.374224,OK
277,00000277,1463,1.3766521,OK
278,00000278,1470,1.3712083,OK
279,00000279,1434,1.3715559,OK
280,00000280,1473,1.3764813,OK
281,00000281,1466,1.3704038,OK
282,00000282,1409,1.3749143,OK
283,00000283,1470,1.369507,OK
284,00000284,1502,1.3759772,OK
285,00000285,1400,1.3729407,OK
286,00000286,1447,1.3718088,OK
287,00000287,1462,1.3716807,OK
288,00000288,1406,1.3801038,OK
289,00000289,1426,1.3733028,OK
290,00000290,1431,1.374402,OK
291,00000291,1433,1.372231,OK
292,00000292,1470,1.3727088,OK
293,00000293,1436,1.3707789,OK
294,00000294,1420,1.3720497,OK
295,00000295,1440,1.3739679,OK
296,00000296,1478,1.3739848,OK
297,00000297,1446,1.3713684,OK
298,00000298,1406,1.3660764,OK
299,00000299,1449,1.3675535,OK
300,00000300,1412,1.3717716,OK
301,00000301,1418,1.3710706,OK
302,00000302,1396,1.3736308,OK
303,00000303,1384,1.370687,OK
304,00000304,1434,1.3742484,OK
305,00000305,1400,1.371067,OK
306,00000306,1377,1.3740069,OK
307,00000307,1403,1.3743765,OK
308,00000308,1372,1.3695431,OK
309,00000309,1377,1.3703843,OK
310,00000310,1365,1.3710093,OK
311,00000311,1369,1.3719283,OK
312,00000312,1391,1.3737156,OK
313,00000313,1393,1.370116,OK
314,00000314,1384,1.3701682,OK
315,00000315,1397,1.3778498,OK
316,00000316,1341,1.374791,OK
317,00000317,1415,1.3719211,OK
318,00000318,1396,1.3757799,OK
319,00000319,1430,1.369395,OK
320,00000320,1408,1.3711182,OK
321,00000321,1361,1.3695493,OK
322,00000322,1432,1.3691126,OK
323,00000323,1419,1.3702052,OK
324,00000324,1378,1.3691666,OK
325,00000325,1389,1.3745408,OK
326,00000326,1320,1.3739383,OK
327,00000327,1348,1.3700278,OK
328,00000328,1396,1.373199,OK
329,00000329,1368,1.3712722,OK
330,00000330,1363,1.371153,OK
331,00000331,1466,1.3725531,OK
332,00000332,1406,1.3714958,OK
333,00000333,1448,1.3690976,OK
334,00000334,1421,1.3746265,OK
335,00000335,1393,1.373982,OK
336,00000336,1420,1.3734874,OK
337,00000337,1388,1.3742795,OK
338,00000338,1392,1.369058,OK
339,00000339,1472,1.3757138,OK
340,00000340,1456,1.3753389,OK
341,00000341,1369,1.37782,OK
342,00000342,1378,1.3739384,OK
343,00000343,1388,1.3773792,OK
344,00000344,1442,1.371537,OK
345,00000345,1457,1.3726965,OK
346,00000346,1402,1.3709553,OK
347,00000347,1406,1.3681816,OK
348,00000348,1335,1.3722076,OK
349,00000349,1408,1.3687545,OK
350,00000350,1408,1.371561,OK
351,00000351,1355,1.369988,OK
352,00000352,1369,1.3704106,OK
353,00000353,1370,1.3726497,OK
354,00000354,1354,1.367143,OK
355,00000355,1399,1.3710309,OK
356,00000356,1374,1.3644516,OK
357,00000357,1443,1.3699095,OK
358,00000358,1352,1.3722689,OK
359,00000359,1398,1.3712647,OK
360,00000360,1316,1.373306,OK
361,00000361,1363,1.3738058,OK
362,00000362,1436,1.3730373,OK
363,00000363,1415,1.3692257,OK
364,00000364,1349,1.3705499,OK
365,00000365,1399,1.3735102,OK
366,00000366,1368,1.3700311,OK
367,00000367,1370,1.3700377,OK
368,00000368,1399,1.3707262,OK
369,00000369,1395,1.3744433,OK
370,00000370,1415,1.3732983,OK
371,00000371,1442,1.3758503,OK
372,00000372,1435,1.3704304,OK
373,00000373,1387,1.3709291,OK
374,00000374,1383,1.3681223,OK
375,00000375,1464,1.3758222,OK
376,00000376,1467,1.37264,OK
377,00000377,1494,1.3720741,OK
378,00000378,1493,1.3805352,OK
379,00000379,1458,1.3707054,OK
380,00000380,1518,1.374944,OK
381,00000381,1450,1.3806988,OK
382,00000382,1491,1.3754084,OK
383,00000383,1534,1.3778778,OK
384,00000384,1414,1.3770713,OK
385,00000385,1521,1.3783557,OK
386,00000386,1502,1.376798,OK
387,00000387,1495,1.3746499,OK
388,00000388,1483,1.3762299,OK
389,00000389,1481,1.3761904,OK
390,00000390,1547,1.3784003,OK
391,00000391,1492,1.3761929,OK
392,00000392,1562,1.377226,OK
393,00000393,1520,1.3752548,OK
394,00000394,1543,1.3760524,OK
395,00000395,1525,1.3760773,OK
396,00000396,1461,1.3724191,OK
397,00000397,1448,1.3760339,OK
398,00000398,1486,1.3781728,OK
399,00000399,1672,1.3665582,OK
400,00000400,1738,1.3650031,OK
401,00000401,1617,1.3608193,OK
402,00000402,1702,1.3571037,OK
403,00000403,1742,1.3492979,OK
404,00000404,1666,1.3412989,OK
405,00000405,1674,1.3494769,OK
406,00000406,1669,1.3471293,OK
407,00000407,1573,1.3374171,OK
408,00000408,1651,1.3431407,OK
409,00000409,1768,1.3335925,OK
410,00000410,1711,1.3336177,OK
411,00000411,1647,1.3338062,OK
412,00000412,1553,1.3342862,OK
413,00000413,1570,1.3480742,OK
414,00000414,1582,1.3538334,OK
415,00000415,1436,1.3541089,OK
416,00000416,1508,1.3609416,OK
417,00000417,1448,1.3562028,OK
418,00000418,1501,1.356852,OK
419,00000419,1556,1.3600384,OK
420,00000420,1562,1.3622912,OK
421,00000421,1489,1.3582871,OK
422,00000422,1524,1.3608865,OK
423,00000423,1516,1.3603122,OK
424,00000424,1491,1.3626931,OK
425,00000425,1582,1.3609828,OK
426,00000426,1646,1.3692379,OK
427,00000427,1685,1.3716252,OK
428,00000428,1654,1.3669837,OK
429,00000429,1566,1.3633659,OK
430,00000430,1618,1.3676003,OK
431,00000431,1650,1.365532,OK
432,00000432,1633,1.3638754,OK
433,00000433,1660,1.3624413,OK
434,00000434,1648,1.3649387,OK
435,00000435,1667,1.3633902,OK
436,00000436,1757,1.3657364,OK
437,00000437,1639,1.3618182,OK
438,00000438,1754,1.3723645,OK
439,00000439,1737,1.3619182,OK
440,00000440,1675,1.3655889,OK
441,00000441,1733,1.3651924,OK
442,00000442,1713,1.3681077,OK
443,00000443,1656,1.3632188,OK
444,00000444,1802,1.3675759,OK
445,00000445,1691,1.3685546,OK
446,00000446,1710,1.3645467,OK
447,00000447,1731,1.367445,OK
448,00000448,1728,1.3668364,OK
449,00000449,1714,1.3638151,OK
450,00000450,1695,1.3727425,OK
451,00000451,1674,1.3720102,OK
452,00000452,1741,1.3711901,OK
453,00000453,1801,1.371074,OK
454,00000454,1752,1.3677299,OK
455,00000455,1663,1.3732249,OK
456,00000456,1718,1.3719984,OK
457,00000457,1696,1.370545,OK
458,00000458,1753,1.3699152,OK
459,00000459,1689,1.3731712,OK
460,00000460,1767,1.3682635,OK
461,00000461,1779,1.3687356,OK
462,00000462,1818,1.368788,OK
463,00000463,1737,1.3693236,OK
464,00000464,1721,1.3704188,OK
465,00000465,1699,1.3679848,OK
466,00000466,1711,1.3711822,OK
467,00000467,1792,1.3715582,OK
468,00000468,1692,1.3660669,OK
469,00000469,1708,1.3664691,OK
470,00000470,1668,1.3613132,OK
471,00000471,1771,1.3674533,OK
472,00000472,1663,1.3647968,OK
473,00000473,1719,1.3625311,OK
474,00000474,1660,1.3626432,OK
475,00000475,1656,1.3648993,OK
476,00000476,1731,1.3685867,OK
477,00000477,1718,1.3672148,OK
478,00000478,1690,1.3603379,OK
479,00000479,1725,1.3721468,OK
480,00000480,1739,1.3689508,OK
481,00000481,1684,1.3673251,OK
482,00000482,1624,1.365409,OK
483,00000483,1663,1.3657596,OK
484,00000484,1746,1.3680365,OK
485,00000485,1704,1.3679773,OK
486,00000486,1621,1.3632237,OK
487,00000487,1688,1.3628901,OK
488,00000488,1697,1.367414,OK
489,00000489,1705,1.3654186,OK
490,00000490,1678,1.3635962,OK
491,00000491,1633,1.3633407,OK
492,00000492,1722,1.3611535,OK
493,00000493,1725,1.3671136,OK
494,00000494,1665,1.3694184,OK
495,00000495,1671,1.3695105,OK
496,00000496,1818,1.3651508,OK
497,00000497,1773,1.3682203,OK
498,00000498,1686,1.3669319,OK
499,00000499,1669,1.3673029,OK
500,00000500,1700,1.3647686,OK
501,00000501,1736,1.3649619,OK
502,00000502,1707,1.3630708,OK
503,00000503,1709,1.3691376,OK
504,00000504,1698,1.369189,OK
505,00000505,1770,1.3665136,OK
506,00000506,1661,1.3660243,OK
507,00000507,1611,1.3657317,OK
508,00000508,1723,1.369635,OK
509,00000509,1736,1.3681151,OK
510,00000510,1664,1.3689613,OK
511,00000511,1694,1.367629,OK
512,00000512,1693,1.3685001,OK
513,00000513,1714,1.3679593,OK
514,00000514,1713,1.3670113,OK
515,00000515,1633,1.3672985,OK
516,00000516,1739,1.3663647,OK
517,00000517,1608,1.3651958,OK
518,00000518,1614,1.3684236,OK
519,00000519,1630,1.365421,OK
520,00000520,1703,1.3660539,OK
521,00000521,1674,1.371174,OK
522,00000522,1678,1.3661062,OK
523,00000523,1746,1.3661587,OK
524,00000524,1696,1.3662181,OK
525,00000525,1716,1.3666611,OK
526,00000526,1682,1.3661482,OK
527,00000527,1662,1.3678409,OK
528,00000528,1649,1.3657097,OK
529,00000529,1675,1.3673111,OK
530,00000530,1690,1.365551,OK
531,00000531,1698,1.3638598,OK
532,00000532,1654,1.3652184,OK
533,00000533,1725,1.3674581,OK
534,00000534,1739,1.3668472,OK
535,00000535,1633,1.3657055,OK
536,00000536,1701,1.3636937,OK
537,00000537,1645,1.367692,OK
538,00000538,1705,1.3690201,OK
539,00000539,1649,1.3673838,OK
540,00000540,1720,1.3643621,OK
541,00000541,1686,1.3644905,OK
542,00000542,1675,1.3646914,OK
543,00000543,1731,1.3680512,OK
544,00000544,1689,1.3703744,OK
545,00000545,1749,1.3681616,OK
546,00000546,1687,1.3716333,OK
547,00000547,1689,1.3686632,OK
548,00000548,1803,1.3687899,OK
549,00000549,1703,1.3677341,OK
550,00000550,1743,1.3728979,OK
551,00000551,1699,1.3676631,OK
552,00000552,1733,1.3680598,OK
553,00000553,1802,1.3686447,OK
554,00000554,1711,1.3708977,OK
555,00000555,1782,1.3636135,OK
556,00000556,1800,1.3707108,OK
557,00000557,1719,1.3678697,OK
558,00000558,2755,1.4380951,OK
559,00000559,3991,1.4309509,OK
560,00000560,3657,1.4161398,OK
561,00000561,3416,1.3998277,OK
562,00000562,3256,1.3900782,OK
563,00000563,1788,1.3559177,OK
564,00000564,1801,1.3665648,OK
565,00000565,1764,1.3717582,OK
566,00000566,1708,1.3705409,OK
567,00000567,1790,1.372201,OK
568,00000568,1826,1.372637,OK
569,00000569,1726,1.3678033,OK
570,00000570,1692,1.3660861,OK
571,00000571,1658,1.3685876,OK
572,00000572,1804,1.3689761,OK
573,00000573,1751,1.3710511,OK
574,00000574,1700,1.3695531,OK
575,00000575,1704,1.3687747,OK
576,00000576,1760,1.3707595,OK
577,00000577,1768,1.3699832,OK
578,00000578,1789,1.3646913,OK
579,00000579,1872,1.359858,OK
580,00000580,1829,1.3601891,OK
581,00000581,1732,1.3656088,OK
582,00000582,1737,1.3622296,OK
583,00000583,1683,1.3643593,OK
584,00000584,1668,1.3643152,OK
585,00000585,1696,1.3646159,OK
586,00000586,1744,1.364876,OK
587,00000587,1727,1.3651485,OK
588,00000588,1723,1.366089,OK
589,00000589,1717,1.3637297,OK
590,00000590,1626,1.3604828,OK
591,00000591,1650,1.3600739,OK
592,00000592,1668,1.361663,OK
593,00000593,1585,1.3663582,OK
594,00000594,1697,1.3670062,OK
595,00000595,1673,1.3662571,OK
596,00000596,1636,1.3647786,OK
597,00000597,1711,1.3664386,OK
598,00000598,1708,1.3644974,OK
599,00000599,1650,1.3680216,OK
600,00000600,1682,1.3719554,OK
601,00000601,1643,1.369636,OK
602,00000602,1731,1.3651291,OK
603,00000603,1716,1.3689172,OK
604,00000604,1662,1.3653249,OK
605,00000605,1655,1.3657153,OK
606,00000606,1646,1.368645,OK
607,00000607,1583,1.3643128,OK
608,00000608,1553,1.3660936,OK
609,00000609,1607,1.3662723,OK
610,00000610,1638,1.361546,OK
611,00000611,1645,1.3645681,OK
612,00000612,1627,1.3644253,OK
613,00000613,1687,1.3646393,OK
614,00000614,1681,1.3663408,OK
615,00000615,1687,1.3652183,OK
616,00000616,1663,1.3635564,OK
617,00000617,1668,1.369206,OK
618,00000618,1651,1.3676087,OK
619,00000619,1629,1.3689278,OK
620,00000620,1648,1.369174,OK
621,00000621,1626,1.3632702,OK
622,00000622,1584,1.3628591,OK
623,00000623,1725,1.3649977,OK
624,00000624,1640,1.3667135,OK
625,00000625,1616,1.3664511,OK
626,00000626,1684,1.3706754,OK
627,00000627,1669,1.366864,OK
628,00000628,1630,1.3612362,OK
629,00000629,1660,1.3669442,OK
630,00000630,1629,1.3654253,OK
631,00000631,1560,1.3615048,OK
632,00000632,1632,1.3635112,OK
633,00000633,1594,1.360648,OK
634,00000634,1589,1.3606998,OK
635,00000635,1687,1.3648233,OK
636,00000636,1650,1.365533,OK
637,00000637,1651,1.3662521,OK
638,00000638,1692,1.3653462,OK
639,00000639,1594,1.3638014,OK
640,00000640,1642,1.3668672,OK
641,00000641,1623,1.3634515,OK
642,00000642,1640,1.3624729,OK
643,00000643,1633,1.3645704,OK
644,00000644,1669,1.3640437,OK
645,00000645,1638,1.3657439,OK
646,00000646,1606,1.3628453,OK
647,00000647,1646,1.3646472,OK
648,00000648,1683,1.3633697,OK
649,00000649,1629,1.362649,OK
650,00000650,1575,1.3617901,OK
651,00000651,1484,1.3620778,OK
652,00000652,1592,1.3649491,OK
653,00000653,1520,1.3658401,OK
654,00000654,1549,1.3675115,OK
655,00000655,1511,1.3642709,OK
656,00000656,1531,1.3599963,OK
657,00000657,1451,1.3625281,OK
658,00000658,1510,1.3652617,OK
659,00000659,1460,1.3619851,OK
660,00000660,1466,1.3566962,OK
661,00000661,1557,1.3628495,OK
662,00000662,1549,1.3644625,OK
663,00000663,1510,1.3645223,OK
664,00000664,1533,1.3619075,OK
665,00000665,1495,1.3670114,OK
666,00000666,1488,1.3626089,OK
667,00000667,1573,1.3655992,OK
668,00000668,1532,1.3652437,OK
669,00000669,1513,1.3602463,OK
670,00000670,1483,1.3663627,OK
671,00000671,1445,1.3639988,OK
672,00000672,1490,1.3646338,OK
673,00000673,1504,1.361628,OK
674,00000674,1485,1.3615967,OK
675,00000675,1464,1.3639982,OK
676,00000676,1491,1.3651545,OK
677,00000677,1434,1.3639641,OK
678,00000678,1536,1.3616194,OK
679,00000679,1497,1.3661311,OK
680,00000680,1483,1.3624431,OK
681,00000681,1523,1.3632985,OK
682,00000682,1520,1.3670117,OK
683,00000683,1490,1.3614352,OK
684,00000684,1497,1.3587829,OK
685,00000685,1513,1.3675827,OK
686,00000686,1374,1.3567964,OK
687,00000687,1513,1.364425,OK
688,00000688,1460,1.3592035,OK
689,00000689,1563,1.3630825,OK
690,00000690,1494,1.3569784,OK
691,00000691,1500,1.3543514,OK
692,00000692,1442,1.3554,OK
693,00000693,1419,1.3518652,OK
694,00000694,1365,1.3567148,OK
695,00000695,1514,1.3630136,OK
696,00000696,1413,1.3536369,OK
697,00000697,1417,1.3591186,OK
698,00000698,1593,1.3587737,OK
699,00000699,1448,1.3569237,OK
700,00000700,1505,1.3575221,OK
701,00000701,1503,1.3623976,OK
702,00000702,1507,1.3620157,OK
703,00000703,1458,1.3602567,OK
704,00000704,1432,1.3559024,OK
705,00000705,1472,1.3615097,OK
706,00000706,1390,1.3594036,OK
707,00000707,1518,1.3574512,OK
708,00000708,1374,1.3580031,OK
709,00000709,1400,1.3581681,OK
710,00000710,1438,1.361754,OK
711,00000711,1466,1.3578109,OK
712,00000712,1475,1.3569528,OK
713,00000713,1354,1.363785,OK
714,00000714,1494,1.361262,OK
715,00000715,1475,1.3675044,OK
716,00000716,1496,1.3620423,OK
717,00000717,1474,1.3606436,OK
718,00000718,1503,1.3627776,OK
719,00000719,1508,1.3630068,OK
720,00000720,1494,1.3615131,OK
721,00000721,1442,1.3614568,OK
722,00000722,1512,1.3611131,OK
723,00000723,1518,1.3637736,OK
724,00000724,1438,1.3624985,OK
725,00000725,1487,1.3617522,OK
726,00000726,1471,1.3656843,OK
727,00000727,1492,1.3646386,OK
728,00000728,1511,1.3673297,OK
729,00000729,1472,1.3668672,OK
730,00000730,1511,1.3659256,OK
731,00000731,1477,1.3681085,OK
732,00000732,1479,1.3628639,OK
733,00000733,1459,1.3621848,OK
734,00000734,1465,1.3605962,OK
735,00000735,1545,1.3594565,OK
736,00000736,1437,1.3594047,OK
737,00000737,1440,1.364394,OK
738,00000738,1538,1.3637699,OK
739,00000739,1445,1.3628688,OK
740,00000740,1527,1.3617765,OK
741,00000741,1464,1.3602049,OK
742,00000742,1491,1.3599458,OK
743,00000743,1507,1.3644477,OK
744,00000744,1453,1.3662361,OK
745,00000745,1530,1.3620255,OK
746,00000746,1523,1.3605785,OK
747,00000747,1515,1.3619066,OK
748,00000748,1465,1.3596275,OK
749,00000749,1486,1.3644724,OK
750,00000750,1506,1.3634168,OK
751,00000751,1490,1.3579962,OK
752,00000752,1479,1.3590213,OK
753,00000753,1502,1.3626391,OK
754,00000754,1508,1.3663688,OK
755,00000755,1569,1.362813,OK
756,00000756,1486,1.3635826,OK
757,00000757,1466,1.3573729,OK
758,00000758,1486,1.3637512,OK
759,00000759,1540,1.3648798,OK
760,00000760,1499,1.3630149,OK
761,00000761,1498,1.3596716,OK
762,00000762,1548,1.3657362,OK
763,00000763,1477,1.3670664,OK
764,00000764,1480,1.36272,OK
765,00000765,1576,1.365037,OK
766,00000766,1543,1.3662776,OK
767,00000767,1520,1.3644353,OK
768,00000768,1498,1.3610481,OK
769,00000769,1570,1.3659394,OK
770,00000770,1535,1.3623457,OK
771,00000771,1510,1.3658906,OK
772,00000772,1509,1.3634624,OK
773,00000773,1591,1.3597608,OK
774,00000774,1546,1.3624437,OK
775,00000775,1563,1.3633467,OK
776,00000776,1511,1.3624853,OK
777,00000777,1516,1.362849,OK
778,00000778,1496,1.3636222,OK
779,00000779,1494,1.3642548,OK
780,00000780,1512,1.3723116,OK
781,00000781,1551,1.3703791,OK
782,00000782,1554,1.3696977,OK
783,00000783,1512,1.3685994,OK
784,00000784,1473,1.3710271,OK
785,00000785,1454,1.3670231,OK
786,00000786,1469,1.3651851,OK
787,00000787,1523,1.3669842,OK
788,00000788,1534,1.3667654,OK
789,00000789,1514,1.3688929,OK
790,00000790,1526,1.3633674,OK
791,00000791,1488,1.3640136,OK
792,00000792,1498,1.3615294,OK
793,00000793,1506,1.3609886,OK
794,00000794,1466,1.3653573,OK
795,00000795,1491,1.3605862,OK
796,00000796,1476,1.3628465,OK
797,00000797,1442,1.360258,OK
798,00000798,1446,1.3626096,OK
799,00000799,1536,1.3617048,OK
800,00000800,1499,1.3611641,OK
801,00000801,1477,1.3665355,OK
802,00000802,1477,1.3667945,OK
803,00000803,1471,1.3655874,OK
804,00000804,1452,1.3595066,OK
805,00000805,1502,1.3645852,OK
806,00000806,1446,1.3633231,OK
807,00000807,1420,1.3664508,OK
808,00000808,1492,1.3696349,OK
809,00000809,1493,1.3647504,OK
810,00000810,1459,1.3647622,OK
811,00000811,1412,1.36664,OK
812,00000812,1428,1.3668978,OK
813,00000813,1427,1.3655457,OK
814,00000814,1448,1.3692704,OK
815,00000815,1428,1.3657495,OK
816,00000816,1516,1.3704307,OK
817,00000817,1440,1.3648432,OK
818,00000818,1504,1.3641003,OK
819,00000819,1427,1.3655357,OK
820,00000820,1504,1.366981,OK
821,00000821,1371,1.3676934,OK
822,00000822,1454,1.3677725,OK
823,00000823,1485,1.367537,OK
824,00000824,1399,1.3662561,OK
825,00000825,1463,1.3640194,OK
826,00000826,1394,1.3681849,OK
827,00000827,1459,1.3646429,OK
828,00000828,1469,1.3591809,OK
829,00000829,1442,1.3597304,OK
830,00000830,1431,1.3622706,OK
831,00000831,1411,1.3619967,OK
832,00000832,1450,1.3652967,OK
833,00000833,1459,1.3650932,OK
834,00000834,1433,1.3674887,OK
835,00000835,1395,1.3620632,OK
836,00000836,1398,1.3620223,OK
837,00000837,1404,1.3588908,OK
838,00000838,1399,1.3647281,OK
839,00000839,1454,1.3608131,OK
840,00000840,1492,1.3594534,OK
841,00000841,1434,1.3620712,OK
842,00000842,1480,1.362614,OK
843,00000843,1455,1.3670557,OK
844,00000844,1464,1.3632323,OK
845,00000845,1425,1.3628942,OK
846,00000846,1480,1.3667419,OK
847,00000847,1544,1.3623215,OK
848,00000848,1467,1.3639022,OK
849,00000849,1515,1.3651232,OK
850,00000850,1542,1.3684279,OK
851,00000851,1500,1.3658174,OK
852,00000852,1529,1.3664451,OK
853,00000853,1465,1.3728992,OK
854,00000854,1552,1.3680204,OK
855,00000855,1496,1.3667632,OK
856,00000856,1569,1.368789,OK
857,00000857,1505,1.3692948,OK
858,00000858,1493,1.3729197,OK
859,00000859,1549,1.3688611,OK
860,00000860,1548,1.3710985,OK
861,00000861,1551,1.3734665,OK
862,00000862,1600,1.3701694,OK
863,00000863,1529,1.3711756,OK
864,00000864,1519,1.3722465,OK
865,00000865,1590,1.3742682,OK
866,00000866,1600,1.3739433,OK
867,00000867,1543,1.3733649,OK
868,00000868,1604,1.3745766,OK
869,00000869,1619,1.3758975,OK
870,00000870,1599,1.3729317,OK
871,00000871,1638,1.376213,OK
872,00000872,1618,1.3769177,OK
873,00000873,1591,1.3736689,OK
874,00000874,1625,1.372336,OK
875,00000875,1652,1.3724988,OK
876,00000876,1646,1.3713253,OK
877,00000877,1574,1.3743311,OK
878,00000878,1557,1.3718103,OK
879,00000879,1596,1.3712109,OK
880,00000880,1629,1.3687023,OK
881,00000881,1609,1.3664173,OK
882,00000882,1627,1.3725837,OK
883,00000883,1601,1.3671715,OK
884,00000884,1622,1.373037,OK
885,00000885,1616,1.3719331,OK
886,00000886,1618,1.3674502,OK
887,00000887,1666,1.3667859,OK
888,00000888,1557,1.3591169,OK
889,00000889,1633,1.3614818,OK
890,00000890,1586,1.364352,OK
891,00000891,1525,1.3680748,OK
892,00000892,1583,1.3694111,OK
893,00000893,1492,1.3662714,OK
894,00000894,1505,1.3716187,OK
895,00000895,1528,1.368443,OK
896,00000896,1452,1.3674477,OK
897,00000897,1495,1.3677071,OK
898,00000898,1514,1.3664757,OK
899,00000899,1512,1.3662227,OK
900,00000900,1530,1.3665243,OK
901,00000901,1542,1.3692442,OK
902,00000902,1485,1.3678604,OK
903,00000903,1518,1.3685292,OK
904,00000904,1483,1.364374,OK
905,00000905,1445,1.3625948,OK
906,00000906,1461,1.3630475,OK
907,00000907,1392,1.3654941,OK
908,00000908,1389,1.3614767,OK
909,00000909,1407,1.3641813,OK
910,00000910,1473,1.3628018,OK
911,00000911,1455,1.3647907,OK
912,00000912,1420,1.3632176,OK
913,00000913,1413,1.3641143,OK
914,00000914,1367,1.3638768,OK
915,00000915,1379,1.3626441,OK
916,00000916,1417,1.3649842,OK
917,00000917,1394,1.3615103,OK
918,00000918,1394,1.368303,OK
919,00000919,1373,1.3626361,OK
920,00000920,1358,1.3670051,OK
921,00000921,1394,1.3628749,OK
922,00000922,1397,1.366662,OK
923,00000923,1430,1.3649993,OK
924,00000924,1468,1.366205,OK
925,00000925,1385,1.3614019,OK
926,00000926,1408,1.3609551,OK
927,00000927,1363,1.3607458,OK
928,00000928,1357,1.3678482,OK
929,00000929,1336,1.3618058,OK
930,00000930,1387,1.3655388,OK
931,00000931,1399,1.3622503,OK
932,00000932,1391,1.3690437,OK
933,00000933,1395,1.3684614,OK
934,00000934,1324,1.3647686,OK
935,00000935,1422,1.3638592,OK
936,00000936,1386,1.3633598,OK
937,00000937,1383,1.3657924,OK
938,00000938,1464,1.3626186,OK
939,00000939,1353,1.3640622,OK
940,00000940,1419,1.3629041,OK
941,00000941,1358,1.3643671,OK
942,00000942,1349,1.3649026,OK
943,00000943,1386,1.363881,OK
944,00000944,1395,1.355586,OK
945,00000945,1381,1.3660606,OK
946,00000946,1358,1.3619713,OK
947,00000947,1405,1.3654748,OK
948,00000948,1432,1.3618604,OK
949,00000949,1329,1.3653125,OK
950,00000950,1356,1.3605547,OK
951,00000951,1382,1.3628081,OK
952,00000952,1374,1.3621246,OK
953,00000953,1337,1.3639718,OK
954,00000954,1409,1.3627186,OK
955,00000955,1354,1.366543,OK
956,00000956,1286,1.3576615,OK
957,00000957,1327,1.3627026,OK
958,00000958,1387,1.3622619,OK
959,00000959,1317,1.3631885,OK
960,00000960,1330,1.362565,OK
961,00000961,1359,1.368274,OK
962,00000962,1329,1.3606186,OK
963,00000963,1296,1.3643756,OK
964,00000964,1335,1.3660734,OK
965,00000965,1277,1.3596559,OK
966,00000966,1342,1.362995,OK
967,00000967,1258,1.3598646,OK
968,00000968,1367,1.363359,OK
969,00000969,1307,1.3582358,OK
970,00000970,1330,1.3634458,OK
971,00000971,1319,1.3576272,OK
972,00000972,1305,1.3632149,OK
973,00000973,1365,1.3594285,OK
974,00000974,1308,1.3624113,OK
975,00000975,1307,1.3584238,OK
976,00000976,1329,1.3615533,OK
977,00000977,1314,1.3581465,OK
978,00000978,1400,1.3600954,OK
979,00000979,1403,1.3645765,OK
980,00000980,1379,1.3570726,OK
981,00000981,1414,1.3602272,OK
982,00000982,1357,1.3630282,OK
983,00000983,1360,1.364363,OK
984,00000984,1368,1.3653563,OK
985,00000985,1353,1.3597015,OK
986,00000986,1376,1.3603975,OK
987,00000987,1345,1.3610983,OK
988,00000988,1414,1.361546,OK
989,00000989,1385,1.3587642,OK
990,00000990,1428,1.3593948,OK
991,00000991,1401,1.3694036,OK
992,00000992,1318,1.3578753,OK
993,00000993,1329,1.3589205,OK
994,00000994,1343,1.3436073,OK
995,00000995,1411,1.3533398,OK
996,00000996,1396,1.3553556,OK
997,00000997,1325,1.3624226,OK
998,00000998,1410,1.3633088,OK
999,00000999,1738,1.3751353,OK
1000,00001000,1681,1.3704312,OK
1001,00001001,1718,1.369123,OK
1002,00001002,1671,1.3706344,OK
1003,00001003,1744,1.3623141,OK
1004,00001004,1533,1.3651092,OK
1005,00001005,1644,1.3622793,OK
1006,00001006,1761,1.3702483,OK
1007,00001007,1635,1.3664227,OK
1008,00001008,1794,1.3689458,OK
1009,00001009,1455,1.3607868,OK
1010,00001010,1546,1.3626221,OK
1011,00001011,1618,1.364434,OK
1012,00001012,1568,1.3629928,OK
1013,00001013,1568,1.359606,OK
1014,00001014,1591,1.3645416,OK
1015,00001015,1411,1.3535393,OK
1016,00001016,1406,1.3620598,OK
1017,00001017,1467,1.3548986,OK
1018,00001018,1514,1.3553278,OK
1019,00001019,1511,1.3599166,OK
1020,00001020,1468,1.3574451,OK
1021,00001021,1509,1.364035,OK
1022,00001022,1596,1.3583212,OK
1023,00001023,1683,1.3680546,OK
1024,00001024,1530,1.3684112,OK
1025,00001025,1755,1.3753649,OK
1026,00001026,1802,1.3706505,OK
1027,00001027,1642,1.3619847,OK
1028,00001028,1582,1.3688616,OK
1029,00001029,1667,1.3660954,OK
1030,00001030,1636,1.3642529,OK
1031,00001031,1746,1.3581742,OK
1032,00001032,1579,1.3592865,OK
1033,00001033,1529,1.3613831,OK
1034,00001034,1565,1.3636413,OK
1035,00001035,1650,1.3603749,OK
1036,00001036,1794,1.3616441,OK
1037,00001037,1525,1.3605968,OK
1038,00001038,1616,1.3646374,OK
1039,00001039,1576,1.3614979,OK
1040,00001040,1643,1.3700461,OK
1041,00001041,1497,1.3682381,OK
1042,00001042,1478,1.3638656,OK
1043,00001043,1605,1.3667427,OK
1044,00001044,1647,1.3672698,OK
1045,00001045,1609,1.3673301,OK
1046,00001046,1672,1.371999,OK
1047,00001047,1637,1.3727711,OK
1048,00001048,1733,1.3770332,OK
1049,00001049,1673,1.3752456,OK
1050,00001050,1709,1.3812423,OK
1051,00001051,1726,1.3888699,OK
1052,00001052,1728,1.3769785,OK
1053,00001053,1711,1.3757018,OK
1054,00001054,1663,1.3785285,OK
1055,00001055,1652,1.3661387,OK
1056,00001056,1594,1.3744278,OK
1057,00001057,1604,1.3680562,OK
1058,00001058,1570,1.3674951,OK
1059,00001059,1593,1.3711072,OK
1060,00001060,1506,1.3728586,OK
1061,00001061,1601,1.370719,OK
1062,00001062,1520,1.3685534,OK
1063,00001063,1530,1.3638897,OK
1064,00001064,1552,1.364994,OK
1065,00001065,1539,1.3641887,OK
1066,00001066,1626,1.3695743,OK
1067,00001067,1618,1.3662158,OK
1068,00001068,1474,1.361409,OK
1069,00001069,1546,1.3627411,OK
1070,00001070,1495,1.3652617,OK
1071,00001071,1534,1.3649375,OK
1072,00001072,1571,1.3676102,OK
1073,00001073,1531,1.3630654,OK
1074,00001074,1452,1.368563,OK
1075,00001075,1526,1.3646759,OK
1076,00001076,1442,1.3645316,OK
1077,00001077,1558,1.3649055,OK
1078,00001078,1463,1.3649553,OK
1079,00001079,1529,1.3657689,OK
1080,00001080,1516,1.3611832,OK
1081,00001081,1533,1.3666413,OK
1082,00001082,1479,1.3685882,OK
1083,00001083,1511,1.3722157,OK
1084,00001084,1549,1.3639969,OK
1085,00001085,1511,1.3633932,OK
1086,00001086,1527,1.3614378,OK
1087,00001087,1488,1.3644934,OK
1088,00001088,1513,1.3626955,OK
1089,00001089,1394,1.363583,OK
1090,00001090,1461,1.3646313,OK
1091,00001091,1500,1.3605171,OK
1092,00001092,1489,1.3627566,OK
1093,00001093,1498,1.3616927,OK
1094,00001094,1392,1.363414,OK
1095,00001095,1485,1.3637613,OK
1096,00001096,1418,1.3686314,OK
1097,00001097,1468,1.3665347,OK
1098,00001098,1485,1.3605058,OK
1099,00001099,1495,1.3643378,OK
1100,00001100,1468,1.3628309,OK
1101,00001101,1460,1.3659693,OK
1102,00001102,1485,1.3642434,OK
1103,00001103,1452,1.3630637,OK
1104,00001104,1463,1.3630142,OK
1105,00001105,1469,1.3658546,OK
1106,00001106,1424,1.3647636,OK
1107,00001107,1470,1.3611394,OK
1108,00001108,1424,1.3644938,OK
1109,00001109,1451,1.3656291,OK
1110,00001110,1534,1.366345,OK
1111,00001111,1534,1.3626962,OK
1112,00001112,1554,1.364341,OK
1113,00001113,1548,1.3656284,OK
1114,00001114,1511,1.3612446,OK
1115,00001115,1489,1.3685491,OK
1116,00001116,1477,1.3647139,OK
1117,00001117,1491,1.3651295,OK
1118,00001118,1508,1.3602206,OK
1119,00001119,1509,1.3639792,OK
1120,00001120,1568,1.3665613,OK
1121,00001121,1537,1.3685675,OK
1122,00001122,1556,1.3663642,OK
1123,00001123,1490,1.3663114,OK
1124,00001124,1561,1.3693739,OK
1125,00001125,1566,1.3709114,OK
1126,00001126,1592,1.3680174,OK
1127,00001127,1610,1.3695089,OK
1128,00001128,1606,1.367007,OK
1129,00001129,1578,1.3669468,OK
1130,00001130,1658,1.3682604,OK
1131,00001131,1594,1.3710852,OK
1132,00001132,1576,1.3703542,OK
1133,00001133,1620,1.3713574,OK
1134,00001134,1569,1.3664279,OK
1135,00001135,1583,1.3685018,OK
1136,00001136,1590,1.3743914,OK
1137,00001137,1589,1.3678823,OK
1138,00001138,1564,1.3689624,OK
1139,00001139,1581,1.3724895,OK
1140,00001140,1522,1.3706914,OK
1141,00001141,1591,1.371176,OK
1142,00001142,1649,1.3715619,OK
1143,00001143,1618,1.3674777,OK
1144,00001144,1566,1.3693572,OK
1145,00001145,1563,1.366096,OK
1146,00001146,1554,1.36903,OK
1147,00001147,1536,1.3702984,OK
1148,00001148,1491,1.3701742,OK
1149,00001149,1584,1.367733,OK
1150,00001150,1598,1.3698145,OK
1151,00001151,1588,1.3650498,OK
1152,00001152,1553,1.3640255,OK
1153,00001153,1520,1.3725466,OK
1154,00001154,1600,1.3699634,OK
1155,00001155,1562,1.3653713,OK
1156,00001156,1621,1.3682722,OK
1157,00001157,1556,1.3708079,OK
1158,00001158,1643,1.3695387,OK
1159,00001159,1595,1.3703499,OK
1160,00001160,1605,1.3720846,OK
1161,00001161,1692,1.372123,OK
1162,00001162,1610,1.3735363,OK
1163,00001163,1649,1.3679003,OK
1164,00001164,1710,1.372163,OK
1165,00001165,1684,1.371043,OK
1166,00001166,1672,1.3701738,OK
1167,00001167,1703,1.3705418,OK
1168,00001168,1712,1.3657606,OK
1169,00001169,1637,1.3649445,OK
1170,00001170,1690,1.3667758,OK
1171,00001171,1676,1.3665061,OK
1172,00001172,1629,1.3683064,OK
1173,00001173,1642,1.3649974,OK
1174,00001174,1628,1.3657422,OK
1175,00001175,1701,1.3664896,OK
1176,00001176,1648,1.3659182,OK
1177,00001177,1692,1.3649949,OK
1178,00001178,1645,1.3663602,OK
1179,00001179,1654,1.367669,OK
1180,00001180,1632,1.3615674,OK
1181,00001181,1698,1.3669503,OK
1182,00001182,1655,1.3655705,OK
1183,00001183,1629,1.3657074,OK
1184,00001184,1657,1.3664908,OK
1185,00001185,1746,1.3664542,OK
1186,00001186,1571,1.3618888,OK
1187,00001187,1670,1.367366,OK
1188,00001188,1712,1.3685455,OK
1189,00001189,1686,1.3679103,OK
1190,00001190,1632,1.3648323,OK
1191,00001191,1704,1.3688527,OK
1192,00001192,1665,1.3610381,OK
1193,00001193,1563,1.3598124,OK
1194,00001194,1597,1.3631192,OK
1195,00001195,1604,1.3699769,OK
1196,00001196,1589,1.3681278,OK
1197,00001197,1515,1.3693625,OK
1198,00001198,1628,1.3733441,OK
1199,00001199,1523,1.3558525,OK
1200,00001200,1447,1.3578985,OK
1201,00001201,1427,1.3605798,OK
1202,00001202,1508,1.3667973,OK
1203,00001203,1439,1.3609538,OK
1204,00001204,1449,1.3586723,OK
1205,00001205,1386,1.3591481,OK
1206,00001206,1461,1.3608414,OK
1207,00001207,1440,1.3650666,OK
1208,00001208,1516,1.3654956,OK
1209,00001209,1508,1.3570051,OK
1210,00001210,1532,1.3648728,OK
1211,00001211,1521,1.3616472,OK
1212,00001212,1495,1.3597511,OK
1213,00001213,1570,1.3665515,OK
1214,00001214,1481,1.3701651,OK
1215,00001215,1560,1.3656452,OK
1216,00001216,1477,1.3621905,OK
1217,00001217,1463,1.3606203,OK
1218,00001218,1446,1.3629503,OK
1219,00001219,1432,1.3624616,OK
1220,00001220,1492,1.3597124,OK
1221,00001221,1460,1.3597755,OK
1222,00001222,1542,1.359989,OK
1223,00001223,1421,1.3626392,OK
1224,00001224,1432,1.3600198,OK
1225,00001225,1437,1.3600508,OK
1226,00001226,1420,1.3563652,OK
1227,00001227,1415,1.3531476,OK
1228,00001228,1426,1.3589495,OK
1229,00001229,1475,1.3610959,OK
1230,00001230,1455,1.3593532,OK
1231,00001231,1409,1.3620536,OK
1232,00001232,1487,1.3599869,OK
1233,00001233,1507,1.3599963,OK
1234,00001234,1387,1.3650149,OK
1235,00001235,1389,1.3620688,OK
1236,00001236,1529,1.3616419,OK
1237,00001237,1569,1.3659937,OK
1238,00001238,1484,1.3649882,OK
1239,00001239,1516,1.3667556,OK
1240,00001240,1545,1.3621593,OK
1241,00001241,1497,1.3636216,OK
1242,00001242,1521,1.3595135,OK
1243,00001243,1494,1.3686631,OK
1244,00001244,1526,1.3637742,OK
1245,00001245,1482,1.3656508,OK
1246,00001246,1496,1.3603977,OK
1247,00001247,1492,1.361269,OK
1248,00001248,1491,1.3556459,OK
1249,00001249,1439,1.3583057,OK
1250,00001250,1494,1.3583108,OK
1251,00001251,1492,1.3657893,OK
1252,00001252,1468,1.3680493,OK
1253,00001253,1546,1.3630649,OK
1254,00001254,1416,1.3594638,OK
1255,00001255,1495,1.3662422,OK
1256,00001256,1471,1.3602445,OK
1257,00001257,1524,1.3647435,OK
1258,00001258,1462,1.3625326,OK
1259,00001259,1526,1.3668518,OK
1260,00001260,1519,1.3655585,OK
1261,00001261,1544,1.3665392,OK
1262,00001262,1433,1.3632256,OK
1263,00001263,1505,1.3636417,OK
1264,00001264,1435,1.3650213,OK
1265,00001265,1450,1.3646191,OK
1266,00001266,1559,1.3621923,OK
1267,00001267,1514,1.3631275,OK
1268,00001268,1514,1.3620796,OK
1269,00001269,1495,1.3589191,OK
1270,00001270,1464,1.358867,OK
1271,00001271,1529,1.3691285,OK
1272,00001272,1597,1.364632,OK
1273,00001273,1414,1.3626559,OK
1274,00001274,1494,1.3610919,OK
1275,00001275,1548,1.3634576,OK
1276,00001276,1480,1.362457,OK
1277,00001277,1472,1.3567175,OK
1278,00001278,1538,1.3611639,OK
1279,00001279,1459,1.3586562,OK
1280,00001280,1483,1.3630522,OK
1281,00001281,1483,1.3588812,OK
1282,00001282,1478,1.3651186,OK
1283,00001283,1443,1.3595746,OK
1284,00001284,1458,1.3585289,OK
1285,00001285,1448,1.3594522,OK
1286,00001286,1439,1.360332,OK
1287,00001287,1487,1.3634232,OK
1288,00001288,1480,1.3572576,OK
1289,00001289,1514,1.3624556,OK
1290,00001290,1531,1.3601056,OK
1291,00001291,1437,1.362596,OK
1292,00001292,1473,1.3587185,OK
1293,00001293,1453,1.3565499,OK
1294,00001294,1454,1.3614066,OK
1295,00001295,1495,1.3587605,OK
1296,00001296,52905,1.5881346,OK
1297,00001297,1506,1.362366,OK
1298,00001298,1488,1.3617527,OK
1299,00001299,1471,1.3649666,OK
1300,00001300,1424,1.3607941,OK
1301,00001301,1468,1.3633204,OK
1302,00001302,1467,1.3637234,OK
1303,00001303,1436,1.3580691,OK
1304,00001304,1415,1.3632135,OK
1305,00001305,1478,1.3594748,OK
1306,00001306,1434,1.3624632,OK
1307,00001307,1445,1.3646399,OK
1308,00001308,1515,1.3610551,OK
1309,00001309,1503,1.3584847,OK
1310,00001310,1514,1.3612033,OK
1311,00001311,1457,1.3642689,OK
1312,00001312,1478,1.3604133,OK
1313,00001313,1466,1.3606681,OK
1314,00001314,1443,1.3642083,OK
1315,00001315,1437,1.3581079,OK
1316,00001316,1431,1.3630387,OK
1317,00001317,1434,1.3622264,OK
1318,00001318,1467,1.3644973,OK
1319,00001319,1483,1.3579575,OK
1320,00001320,1483,1.3648611,OK
1321,00001321,1451,1.3595836,OK
1322,00001322,1447,1.363611,OK
1323,00001323,1475,1.3620945,OK
1324,00001324,1465,1.366484,OK
1325,00001325,1487,1.3608631,OK
1326,00001326,1488,1.360681,OK
1327,00001327,1441,1.359591,OK
1328,00001328,1497,1.3596405,OK
1329,00001329,1474,1.3615209,OK
1330,00001330,1506,1.3627006,OK
1331,00001331,1449,1.3625838,OK
1332,00001332,1420,1.3633353,OK
1333,00001333,1439,1.3585987,OK
1334,00001334,1438,1.3645359,OK
1335,00001335,1514,1.3607671,OK
1336,00001336,1485,1.3578669,OK
1337,00001337,1487,1.3562082,OK
1338,00001338,1446,1.3637573,OK
1339,00001339,1498,1.3624895,OK
1340,00001340,1452,1.3625265,OK
1341,00001341,1464,1.3636087,OK
1342,00001342,1470,1.3632034,OK
1343,00001343,1439,1.3622252,OK
1344,00001344,1459,1.3667018,OK
1345,00001345,1529,1.3669562,OK
1346,00001346,1484,1.36098,OK
1347,00001347,1436,1.3611597,OK
1348,00001348,1518,1.3634652,OK
1349,00001349,1497,1.3655623,OK
1350,00001350,1524,1.3638147,OK
1351,00001351,1503,1.3668579,OK
1352,00001352,1522,1.3677955,OK
1353,00001353,1494,1.3653926,OK
1354,00001354,1527,1.3636175,OK
1355,00001355,1466,1.364525,OK
1356,00001356,1483,1.3594328,OK
1357,00001357,1515,1.3646404,OK
1358,00001358,1438,1.3618536,OK
1359,00001359,1473,1.3642752,OK
1360,00001360,1459,1.3621145,OK
1361,00001361,1465,1.360042,OK
1362,00001362,1469,1.3615242,OK
1363,00001363,1510,1.3599864,OK
1364,00001364,1447,1.3580564,OK
1365,00001365,1497,1.3633983,OK
1366,00001366,1497,1.3610582,OK
1367,00001367,1519,1.358564,OK
1368,00001368,1479,1.3588387,OK
1369,00001369,1488,1.3644832,OK
1370,00001370,1463,1.362456,OK
1371,00001371,1482,1.3662419,OK
1372,00001372,1458,1.3581862,OK
1373,00001373,1481,1.3632046,OK
1374,00001374,1505,1.363194,OK
1375,00001375,1502,1.3616773,OK
1376,00001376,1463,1.3572046,OK
1377,00001377,1560,1.3588557,OK
1378,00001378,1434,1.3588347,OK
1379,00001379,1513,1.3641744,OK
1380,00001380,1457,1.3598249,OK
1381,00001381,1456,1.3607085,OK
1382,00001382,1556,1.3643789,OK
1383,00001383,1495,1.3659261,OK
1384,00001384,1484,1.361489,OK
1385,00001385,1504,1.3626328,OK
1386,00001386,1493,1.3600029,OK
1387,00001387,1513,1.3615557,OK
1388,00001388,1519,1.36263,OK
1389,00001389,1556,1.3646086,OK
1390,00001390,1506,1.3630593,OK
1391,00001391,1476,1.3624065,OK
1392,00001392,1507,1.3601332,OK
1393,00001393,1537,1.3621662,OK
1394,00001394,1508,1.360056,OK
1395,00001395,1484,1.3654569,OK
1396,00001396,1504,1.3622092,OK
1397,00001397,1428,1.3606484,OK
1398,00001398,1471,1.3642224,OK
1399,00001399,1468,1.3559003,OK
1400,00001400,1499,1.3625097,OK
1401,00001401,1531,1.3636624,OK
1402,00001402,1496,1.3646405,OK
1403,00001403,1492,1.3641256,OK
1404,00001404,1436,1.3574386,OK
1405,00001405,1469,1.3614146,OK
1406,00001406,1476,1.3596209,OK
1407,00001407,1463,1.3634399,OK
1408,00001408,1505,1.3630161,OK
1409,00001409,1523,1.3611906,OK
1410,00001410,1563,1.3638003,OK
1411,00001411,1440,1.3595278,OK
1412,00001412,1494,1.366129,OK
1413,00001413,1411,1.3604331,OK
1414,00001414,1550,1.3575068,OK
1415,00001415,1481,1.3623962,OK
1416,00001416,1472,1.3641734,OK
1417,00001417,1500,1.3625013,OK
1418,00001418,1455,1.3604017,OK
1419,00001419,1481,1.3614267,OK
1420,00001420,1518,1.3619596,OK
1421,00001421,1547,1.361979,OK
1422,00001422,1516,1.3626361,OK
1423,00001423,1560,1.3602221,OK
1424,00001424,1531,1.3601094,OK
1425,00001425,1468,1.3612541,OK
1426,00001426,1541,1.362364,OK
1427,00001427,1469,1.3601066,OK
1428,00001428,1505,1.3587852,OK
1429,00001429,1519,1.362856,OK
1430,00001430,1510,1.3647281,OK
1431,00001431,1498,1.3620914,OK
1432,00001432,1493,1.3629246,OK
1433,00001433,1522,1.3640156,OK
1434,00001434,1499,1.3560761,OK
1435,00001435,1513,1.3632222,OK
1436,00001436,1505,1.3592358,OK
1437,00001437,1473,1.3635873,OK
1438,00001438,1486,1.3629377,OK
1439,00001439,1454,1.3611248,OK
1440,00001440,1497,1.3624413,OK
1441,00001441,1462,1.3643612,OK
1442,00001442,1365,1.3617812,OK
1443,00001443,1437,1.362773,OK
1444,00001444,1571,1.3630022,OK
1445,00001445,1493,1.3603108,OK
1446,00001446,1477,1.3593525,OK
1447,00001447,1414,1.3584934,OK
1448,00001448,1476,1.358757,OK
1449,00001449,1422,1.3611408,OK
1450,00001450,1463,1.358207,OK
1451,00001451,1490,1.3642286,OK
1452,00001452,1442,1.3594673,OK
1453,00001453,1456,1.3634677,OK
1454,00001454,1443,1.3612814,OK
1455,00001455,1465,1.3611002,OK
1456,00001456,1440,1.3603423,OK
1457,00001457,1388,1.3631303,OK
1458,00001458,1520,1.360887,OK
1459,00001459,1500,1.3642726,OK
1460,00001460,1423,1.365765,OK
1461,00001461,1437,1.358599,OK
1462,00001462,1458,1.3643974,OK
1463,00001463,1469,1.3665453,OK
1464,00001464,1468,1.363434,OK
1465,00001465,1451,1.3643509,OK
1466,00001466,1477,1.3665845,OK
1467,00001467,1505,1.3625674,OK
1468,00001468,1411,1.3606079,OK
1469,00001469,1492,1.3700441,OK
1470,00001470,1506,1.3660293,OK
1471,00001471,1439,1.3720537,OK
1472,00001472,1518,1.3685366,OK
1473,00001473,1471,1.3672031,OK
1474,00001474,1474,1.3648725,OK
1475,00001475,1530,1.3683248,OK
1476,00001476,1468,1.3670777,OK
1477,00001477,1529,1.3633852,OK
1478,00001478,1498,1.3717223,OK
1479,00001479,1545,1.3672172,OK
1480,00001480,1515,1.3636668,OK
1481,00001481,1473,1.3696752,OK
1482,00001482,1512,1.3649657,OK
1483,00001483,1522,1.3696905,OK
1484,00001484,1486,1.3674893,OK
1485,00001485,1461,1.365249,OK
1486,00001486,1481,1.3619266,OK
1487,00001487,1427,1.3636004,OK
1488,00001488,1462,1.362263,OK
1489,00001489,1465,1.3619391,OK
1490,00001490,1483,1.3625929,OK
1491,00001491,1479,1.3646122,OK
1492,00001492,1525,1.3675296,OK
1493,00001493,1502,1.3692775,OK
1494,00001494,1473,1.3634144,OK
1495,00001495,1427,1.3644444,OK
1496,00001496,1523,1.3641015,OK
1497,00001497,1470,1.362359,OK
1498,00001498,1463,1.3612329,OK
1499,00001499,1442,1.3646828,OK
1500,00001500,1426,1.3633096,OK
1501,00001501,1410,1.3644764,OK
1502,00001502,1462,1.3611202,OK
1503,00001503,1386,1.3621646,OK
1504,00001504,1438,1.3638628,OK
1505,00001505,1473,1.3632947,OK
1506,00001506,1442,1.3640368,OK
1507,00001507,1482,1.3627151,OK
1508,00001508,1457,1.3672174,OK
1509,00001509,1380,1.3637313,OK
1510,00001510,1454,1.3635973,OK
1511,00001511,1448,1.3586905,OK
1512,00001512,1445,1.3645604,OK
1513,00001513,1428,1.3654548,OK
1514,00001514,1459,1.3664894,OK
1515,00001515,1483,1.3683006,OK
1516,00001516,1541,1.3639416,OK
1517,00001517,1549,1.371983,OK
1518,00001518,1556,1.3647611,OK
1519,00001519,1496,1.3670782,OK
1520,00001520,1445,1.3631443,OK
1521,00001521,1455,1.363484,OK
1522,00001522,1500,1.3667816,OK
1523,00001523,1504,1.3748605,OK
1524,00001524,1495,1.3664609,OK
1525,00001525,1500,1.3667301,OK
1526,00001526,1544,1.3634434,OK
1527,00001527,1464,1.3655434,OK
1528,00001528,1521,1.3656328,OK
1529,00001529,1508,1.3716918,OK
1530,00001530,1563,1.3636833,OK
1531,00001531,1535,1.3655308,OK
1532,00001532,1497,1.3652916,OK
1533,00001533,1488,1.3683023,OK
1534,00001534,1451,1.3610481,OK
1535,00001535,1466,1.363679,OK
1536,00001536,1486,1.3710759,OK
1537,00001537,1500,1.3654245,OK
1538,00001538,1515,1.3679571,OK
1539,00001539,1573,1.3678341,OK
1540,00001540,1598,1.3741397,OK
1541,00001541,1495,1.3751926,OK
1542,00001542,1504,1.3677018,OK
1543,00001543,1502,1.3670702,OK
1544,00001544,1582,1.373262,OK
1545,00001545,1567,1.36973,OK
1546,00001546,1476,1.3687723,OK
1547,00001547,1505,1.3669348,OK
1548,00001548,1455,1.3647196,OK
1549,00001549,1457,1.3599559,OK
1550,00001550,1435,1.3660586,OK
1551,00001551,1489,1.3675396,OK
1552,00001552,1506,1.3620142,OK
1553,00001553,1483,1.3632214,OK
1554,00001554,1386,1.361679,OK
1555,00001555,1462,1.3618904,OK
1556,00001556,1401,1.3627055,OK
1557,00001557,1510,1.3681359,OK
1558,00001558,1475,1.3670695,OK
1559,00001559,1527,1.3685395,OK
1560,00001560,1461,1.362415,OK
1561,00001561,1390,1.3688343,OK
1562,00001562,1543,1.3709067,OK
1563,00001563,1508,1.3703578,OK
1564,00001564,1540,1.3727989,OK
1565,00001565,1530,1.3694245,OK
1566,00001566,1427,1.3695633,OK
1567,00001567,1438,1.3679291,OK
1568,00001568,1485,1.3640088,OK
1569,00001569,1508,1.3625019,OK
1570,00001570,1534,1.3662761,OK
1571,00001571,1436,1.3659065,OK
1572,00001572,1453,1.366566,OK
1573,00001573,1459,1.3693582,OK
1574,00001574,1503,1.3658545,OK
1575,00001575,1469,1.3657662,OK
1576,00001576,1476,1.3604268,OK
1577,00001577,1432,1.3593427,OK
1578,00001578,1499,1.3688222,OK
1579,00001579,1505,1.3649061,OK
1580,00001580,1496,1.366455,OK
1581,00001581,1456,1.368741,OK
1582,00001582,1490,1.3683617,OK
1583,00001583,1468,1.3647498,OK
1584,00001584,1497,1.3639228,OK
1585,00001585,1494,1.3644621,OK
1586,00001586,1522,1.3671016,OK
1587,00001587,1546,1.3667629,OK
1588,00001588,1501,1.366944,OK
1589,00001589,1468,1.3661195,OK
1590,00001590,1429,1.3667802,OK
1591,00001591,1504,1.3676142,OK
1592,00001592,1483,1.3625194,OK
1593,00001593,1521,1.3677667,OK
1594,00001594,1535,1.3687071,OK
1595,00001595,1450,1.3667313,OK
1596,00001596,1527,1.3634542,OK
1597,00001597,1489,1.3653663,OK
1598,00001598,1504,1.3689114,OK
1599,00001599,1514,1.3665016,OK
1600,00001600,1513,1.3668854,OK
1601,00001601,1442,1.3679528,OK
1602,00001602,1494,1.3671297,OK
1603,00001603,1499,1.3695285,OK
1604,00001604,1393,1.3650635,OK
1605,00001605,1495,1.3701277,OK
1606,00001606,1523,1.3683636,OK
1607,00001607,1439,1.3685155,OK
1608,00001608,1555,1.3665477,OK
1609,00001609,1614,1.3666743,OK
1610,00001610,1609,1.3654289,OK
1611,00001611,1663,1.3643332,OK
1612,00001612,1650,1.3691134,OK
1613,00001613,1647,1.3688208,OK
1614,00001614,1646,1.3712375,OK
1615,00001615,1743,1.3708614,OK
1616,00001616,1683,1.3643353,OK
1617,00001617,1707,1.3726395,OK
1618,00001618,1618,1.3638937,OK
1619,00001619,1700,1.3647263,OK
1620,00001620,1604,1.364507,OK
1621,00001621,1614,1.3653884,OK
1622,00001622,1649,1.363501,OK
1623,00001623,1666,1.361608,OK
1624,00001624,1587,1.3633788,OK
1625,00001625,1607,1.3603638,OK
1626,00001626,1619,1.3659605,OK
1627,00001627,1562,1.3689412,OK
1628,00001628,1552,1.361045,OK
1629,00001629,1654,1.3632143,OK
1630,00001630,1628,1.3651141,OK
1631,00001631,1660,1.3662765,OK
1632,00001632,1665,1.3669732,OK
1633,00001633,1623,1.3620026,OK
1634,00001634,1573,1.3688138,OK
1635,00001635,1563,1.3684807,OK
1636,00001636,1668,1.364502,OK
1637,00001637,1672,1.3618088,OK
1638,00001638,1654,1.362718,OK
1639,00001639,1665,1.3685491,OK
1640,00001640,1721,1.3742502,OK
1641,00001641,1626,1.3694974,OK
1642,00001642,1695,1.3718566,OK
1643,00001643,1706,1.3693041,OK
1644,00001644,1635,1.3735292,OK
1645,00001645,1636,1.3676552,OK
1646,00001646,1603,1.3680247,OK
1647,00001647,1604,1.3646616,OK
1648,00001648,1716,1.3675823,OK
1649,00001649,1688,1.3680276,OK
1650,00001650,1616,1.3660204,OK
1651,00001651,1663,1.3637136,OK
1652,00001652,1648,1.3679309,OK
1653,00001653,1649,1.3623365,OK
1654,00001654,1666,1.3623575,OK
1655,00001655,1633,1.366878,OK
1656,00001656,1606,1.3665159,OK
1657,00001657,1588,1.3649216,OK
1658,00001658,1496,1.3689142,OK
1659,00001659,1626,1.3669335,OK
1660,00001660,1470,1.3694519,OK
1661,00001661,1519,1.3708218,OK
1662,00001662,1523,1.368619,OK
1663,00001663,1474,1.3697852,OK
1664,00001664,1525,1.3689674,OK
1665,00001665,1499,1.3702074,OK
1666,00001666,1499,1.3638343,OK
1667,00001667,1498,1.3702902,OK
1668,00001668,1520,1.3719968,OK
1669,00001669,1482,1.3675421,OK
1670,00001670,1574,1.3682996,OK
1671,00001671,1594,1.3716367,OK
1672,00001672,1626,1.3699424,OK
1673,00001673,1492,1.3653702,OK
1674,00001674,1601,1.373913,OK
1675,00001675,1537,1.3675407,OK
1676,00001676,1626,1.3734688,OK
1677,00001677,1554,1.3686438,OK
1678,00001678,1561,1.3686229,OK
1679,00001679,1486,1.3654125,OK
1680,00001680,1505,1.369891,OK
1681,00001681,1565,1.3647126,OK
1682,00001682,1471,1.3655901,OK
1683,00001683,1505,1.3696065,OK
1684,00001684,1495,1.3659043,OK
1685,00001685,1515,1.3684332,OK
1686,00001686,1525,1.368557,OK
1687,00001687,1536,1.3706638,OK
1688,00001688,1536,1.371193,OK
1689,00001689,1528,1.3675064,OK
1690,00001690,1569,1.3707966,OK
1691,00001691,1525,1.3723552,OK
1692,00001692,1580,1.3740374,OK
1693,00001693,1518,1.375994,OK
1694,00001694,1496,1.3670992,OK
1695,00001695,1610,1.3661367,OK
1696,00001696,1548,1.3732475,OK
1697,00001697,1592,1.3747249,OK
1698,00001698,1557,1.3741283,OK
1699,00001699,1514,1.3716942,OK
1700,00001700,1491,1.3690727,OK
1701,00001701,1456,1.3680689,OK
1702,00001702,1497,1.3679186,OK
1703,00001703,1398,1.3638872,OK
1704,00001704,1455,1.364809,OK
1705,00001705,1448,1.3619915,OK
1706,00001706,1451,1.3612045,OK
1707,00001707,1520,1.3661695,OK
1708,00001708,1478,1.3672261,OK
1709,00001709,1496,1.365282,OK
1710,00001710,1466,1.3689295,OK
1711,00001711,1447,1.3648357,OK
1712,00001712,1527,1.3676004,OK
1713,00001713,1495,1.3626108,OK
1714,00001714,1504,1.3666072,OK
1715,00001715,1494,1.3679843,OK
1716,00001716,1492,1.3670335,OK
1717,00001717,1518,1.3684214,OK
1718,00001718,1488,1.3710122,OK
1719,00001719,1498,1.3705297,OK
1720,00001720,1614,1.3720399,OK
1721,00001721,1676,1.372426,OK
1722,00001722,1709,1.3685976,OK
1723,00001723,1637,1.3656586,OK
1724,00001724,1717,1.3726413,OK
1725,00001725,1621,1.3646172,OK
1726,00001726,1673,1.3670496,OK
1727,00001727,1632,1.3693026,OK
1728,00001728,1620,1.3651401,OK
1729,00001729,1678,1.3653438,OK
1730,00001730,1650,1.3668096,OK
1731,00001731,1632,1.3667879,OK
1732,00001732,1688,1.3687308,OK
1733,00001733,1717,1.3663585,OK
1734,00001734,1669,1.3674742,OK
1735,00001735,1630,1.3699677,OK
1736,00001736,1650,1.3641981,OK
1737,00001737,1627,1.3656167,OK
1738,00001738,1615,1.3654835,OK
1739,00001739,1591,1.3636107,OK
1740,00001740,1536,1.3682089,OK
1741,00001741,1494,1.365882,OK
1742,00001742,1446,1.365977,OK
1743,00001743,1449,1.3640537,OK
1744,00001744,1463,1.3681177,OK
1745,00001745,1514,1.3646742,OK
1746,00001746,1481,1.3664228,OK
1747,00001747,1539,1.368369,OK
1748,00001748,1504,1.3709065,OK
1749,00001749,1493,1.3697524,OK
1750,00001750,1422,1.3680216,OK
1751,00001751,1551,1.3744731,OK
1752,00001752,1545,1.3772297,OK
1753,00001753,1586,1.371776,OK
1754,00001754,1507,1.3691944,OK
1755,00001755,1501,1.3710622,OK
1756,00001756,1547,1.3663154,OK
1757,00001757,1590,1.3700277,OK
1758,00001758,1483,1.3660387,OK
1759,00001759,1519,1.3657818,OK
1760,00001760,1489,1.3597114,OK
1761,00001761,1550,1.3670582,OK
1762,00001762,1548,1.3655529,OK
1763,00001763,1652,1.3632765,OK
1764,00001764,1716,1.3689198,OK
1765,00001765,1713,1.3667269,OK
1766,00001766,1637,1.3664266,OK
1767,00001767,1612,1.3641639,OK
1768,00001768,48339,1.5880748,OK
1769,00001769,1744,1.365245,OK
1770,00001770,1697,1.3634275,OK
1771,00001771,1765,1.3718235,OK
1772,00001772,1733,1.366713,OK
1773,00001773,1729,1.369425,OK
1774,00001774,1697,1.3630573,OK
1775,00001775,1697,1.3663231,OK
1776,00001776,1736,1.3684856,OK
1777,00001777,1730,1.3656874,OK
1778,00001778,1692,1.3667463,OK
1779,00001779,1766,1.3657777,OK
1780,00001780,1720,1.3655899,OK
1781,00001781,1691,1.3638914,OK
1782,00001782,1661,1.3591686,OK
1783,00001783,1642,1.3610746,OK
1784,00001784,1696,1.3688501,OK
1785,00001785,1751,1.3654602,OK
1786,00001786,1626,1.3679392,OK
1787,00001787,1575,1.3658617,OK
1788,00001788,1618,1.362052,OK
1789,00001789,1653,1.3677413,OK
1790,00001790,1671,1.3653016,OK
1791,00001791,1710,1.3709565,OK
1792,00001792,1688,1.3689482,OK
1793,00001793,1711,1.3676938,OK
1794,00001794,1660,1.3671448,OK
1795,00001795,1726,1.3646462,OK
1796,00001796,1640,1.3642445,OK
1797,00001797,1624,1.3638448,OK
1798,00001798,1631,1.3652647,OK
1799,00001799,1598,1.3656788,OK
1800,00001800,1630,1.3692734,OK
1801,00001801,1640,1.3655944,OK
1802,00001802,1595,1.3610991,OK
1803,00001803,1571,1.3586539,OK
1804,00001804,1462,1.3628205,OK
1805,00001805,1551,1.3668274,OK
1806,00001806,1416,1.3655375,OK
1807,00001807,1464,1.3666819,OK
1808,00001808,1396,1.3660002,OK
1809,00001809,1407,1.3608499,OK
1810,00001810,1525,1.3614872,OK
1811,00001811,1485,1.3648758,OK
1812,00001812,1523,1.3666621,OK
1813,00001813,1546,1.3632832,OK
1814,00001814,1509,1.3682292,OK
1815,00001815,1474,1.3637232,OK
1816,00001816,1419,1.3627903,OK
1817,00001817,1451,1.3648537,OK
1818,00001818,1516,1.3662016,OK
1819,00001819,1454,1.3644522,OK
1820,00001820,1376,1.3581347,OK
1821,00001821,1417,1.363561,OK
1822,00001822,1509,1.360886,OK
1823,00001823,1496,1.366207,OK
1824,00001824,1477,1.3705025,OK
1825,00001825,1496,1.3699532,OK
1826,00001826,1475,1.3667448,OK
1827,00001827,1448,1.3682454,OK
1828,00001828,1377,1.367733,OK
1829,00001829,1428,1.3691244,OK
1830,00001830,1495,1.3712058,OK
1831,00001831,1489,1.3701677,OK
1832,00001832,1437,1.3740611,OK
1833,00001833,1477,1.3750842,OK
1834,00001834,1483,1.3697394,OK
1835,00001835,1472,1.3652874,OK
1836,00001836,1497,1.3645654,OK
1837,00001837,1458,1.3618305,OK
1838,00001838,1465,1.3626771,OK
1839,00001839,1457,1.3614687,OK
1840,00001840,1424,1.3606181,OK
1841,00001841,1450,1.366483,OK
1842,00001842,1424,1.3673081,OK
1843,00001843,1408,1.3623314,OK
1844,00001844,1451,1.3607537,OK
1845,00001845,1459,1.3622599,OK
1846,00001846,1379,1.3627483,OK
1847,00001847,1436,1.3584905,OK
1848,00001848,1400,1.3604596,OK
1849,00001849,1335,1.3662657,OK
1850,00001850,1449,1.3609661,OK
1851,00001851,1367,1.3625933,OK
1852,00001852,1342,1.3623006,OK
1853,00001853,1411,1.360907,OK
1854,00001854,1344,1.3593326,OK
1855,00001855,1384,1.365321,OK
1856,00001856,1448,1.3647195,OK
1857,00001857,1366,1.37011,OK
1858,00001858,1380,1.3633271,OK
1859,00001859,1361,1.3623818,OK
1860,00001860,1381,1.3647661,OK
1861,00001861,1485,1.3610921,OK
1862,00001862,1460,1.365734,OK
1863,00001863,1401,1.3632002,OK
1864,00001864,1471,1.3666971,OK
1865,00001865,1460,1.366549,OK
1866,00001866,1504,1.3689276,OK
1867,00001867,1387,1.3670021,OK
1868,00001868,1447,1.3645393,OK
1869,00001869,1440,1.3650848,OK
1870,00001870,1455,1.370362,OK
1871,00001871,1469,1.366483,OK
1872,00001872,1456,1.3662862,OK
1873,00001873,1442,1.3688794,OK
1874,00001874,1431,1.364356,OK
1875,00001875,1494,1.3659664,OK
1876,00001876,1449,1.3696831,OK
1877,00001877,1501,1.3739138,OK
1878,00001878,1462,1.3652024,OK
1879,00001879,1432,1.3670436,OK
1880,00001880,1529,1.366461,OK
1881,00001881,1528,1.3665174,OK
1882,00001882,1527,1.3660342,OK
1883,00001883,1575,1.3715205,OK
1884,00001884,1516,1.3705187,OK
1885,00001885,1552,1.3673539,OK
1886,00001886,1657,1.3649453,OK
1887,00001887,1656,1.3661345,OK
1888,00001888,1717,1.3678728,OK
1889,00001889,1665,1.3632227,OK
1890,00001890,1700,1.3647742,OK
1891,00001891,1736,1.3669124,OK
1892,00001892,1659,1.3696996,OK
1893,00001893,1634,1.3694111,OK
1894,00001894,1717,1.3652017,OK
1895,00001895,1706,1.3678206,OK
1896,00001896,1674,1.3708968,OK
1897,00001897,1685,1.3665336,OK
1898,00001898,1700,1.3691068,OK
1899,00001899,1612,1.3671057,OK
1900,00001900,1695,1.3634584,OK
1901,00001901,1606,1.3656621,OK
1902,00001902,1648,1.3671523,OK
1903,00001903,1644,1.3628516,OK
1904,00001904,1758,1.3664924,OK
1905,00001905,1652,1.3668023,OK
1906,00001906,1745,1.3702613,OK
1907,00001907,1739,1.3706079,OK
1908,00001908,1624,1.3659265,OK
1909,00001909,1669,1.3713855,OK
1910,00001910,1725,1.3660926,OK
1911,00001911,1664,1.3707205,OK
1912,00001912,1692,1.3700008,OK
1913,00001913,1707,1.3696213,OK
1914,00001914,1672,1.3674214,OK
1915,00001915,1637,1.3650587,OK
1916,00001916,1668,1.3679032,OK
1917,00001917,1681,1.3674365,OK
1918,00001918,1663,1.3643874,OK
1919,00001919,1595,1.3666023,OK
1920,00001920,1644,1.3670541,OK
1921,00001921,1668,1.3672177,OK
1922,00001922,1580,1.3677292,OK
1923,00001923,1620,1.3654974,OK
1924,00001924,1566,1.3661957,OK
1925,00001925,1592,1.3659838,OK
1926,00001926,1588,1.3660374,OK
1927,00001927,1628,1.3679178,OK
1928,00001928,1643,1.3718956,OK
1929,00001929,1579,1.3714862,OK
1930,00001930,1653,1.3689148,OK
1931,00001931,1617,1.3685913,OK
1932,00001932,1559,1.3676128,OK
1933,00001933,1568,1.3673133,OK
1934,00001934,1603,1.3661804,OK
1935,00001935,1545,1.3724514,OK
1936,00001936,1592,1.3722041,OK
1937,00001937,1609,1.3713441,OK
1938,00001938,1649,1.3681617,OK
1939,00001939,1586,1.3696003,OK
1940,00001940,1637,1.3710872,OK
1941,00001941,1566,1.3743131,OK
1942,00001942,1643,1.3710406,OK
1943,00001943,1623,1.3684652,OK
1944,00001944,1623,1.3720239,OK
1945,00001945,1639,1.3688332,OK
1946,00001946,1667,1.3712065,OK
1947,00001947,1683,1.3709838,OK
1948,00001948,1647,1.3738879,OK
1949,00001949,1656,1.3684118,OK
1950,00001950,1643,1.3685329,OK
1951,00001951,1632,1.3637589,OK
1952,00001952,1656,1.3716834,OK
1953,00001953,1625,1.3682749,OK
1954,00001954,1633,1.3679386,OK
1955,00001955,1720,1.367976,OK
1956,00001956,1664,1.3652096,OK
1957,00001957,1641,1.3689904,OK
1958,00001958,1661,1.368769,OK
1959,00001959,1639,1.3664988,OK
1960,00001960,1686,1.3690021,OK
1961,00001961,1643,1.3698272,OK
1962,00001962,1657,1.3716055,OK
1963,00001963,1623,1.36797,OK
1964,00001964,1639,1.3706837,OK
1965,00001965,1697,1.3724909,OK
1966,00001966,1659,1.3708597,OK
1967,00001967,1636,1.3688565,OK
1968,00001968,1671,1.3640983,OK
1969,00001969,1572,1.3693534,OK
1970,00001970,1587,1.3643277,OK
1971,00001971,1560,1.3620342,OK
1972,00001972,1618,1.3633121,OK
1973,00001973,1588,1.3621851,OK
1974,00001974,1560,1.3636864,OK
1975,00001975,1443,1.3688774,OK
1976,00001976,1452,1.3687329,OK
1977,00001977,1501,1.3689197,OK
1978,00001978,1493,1.3676463,OK
1979,00001979,1484,1.3700986,OK
1980,00001980,1401,1.3725564,OK
1981,00001981,1501,1.3736529,OK
1982,00001982,1429,1.3692833,OK
1983,00001983,1524,1.3727007,OK
1984,00001984,1509,1.3711672,OK
1985,00001985,1511,1.374949,OK
1986,00001986,1522,1.3724388,OK
1987,00001987,1511,1.3708775,OK
1988,00001988,1437,1.3698572,OK
1989,00001989,1497,1.3656439,OK
1990,00001990,1434,1.3639474,OK
1991,00001991,1401,1.3652618,OK
1992,00001992,1447,1.3672318,OK
1993,00001993,1463,1.3690157,OK
1994,00001994,1459,1.3715194,OK
1995,00001995,1457,1.3669881,OK
1996,00001996,1415,1.3635898,OK
1997,00001997,1500,1.368388,OK
1998,00001998,1459,1.367628,OK
1999,00001999,1570,1.3575002,OK
2000,00002000,1642,1.358521,OK
2001,00002001,1618,1.3593062,OK
2002,00002002,1631,1.356915,OK
2003,00002003,1638,1.3613458,OK
2004,00002004,1620,1.3588039,OK
2005,00002005,1622,1.3565922,OK
2006,00002006,1723,1.3598078,OK
2007,00002007,1642,1.3647509,OK
2008,00002008,1629,1.3617336,OK
2009,00002009,1630,1.3607962,OK
2010,00002010,1709,1.3661433,OK
2011,00002011,1660,1.36301,OK
2012,00002012,1644,1.3613179,OK
2013,00002013,1672,1.3616216,OK
2014,00002014,1692,1.3639321,OK
2015,00002015,1670,1.3660012,OK
2016,00002016,1623,1.3725172,OK
2017,00002017,1663,1.3620921,OK
2018,00002018,1731,1.3650904,OK
2019,00002019,1664,1.3676726,OK
2020,00002020,1672,1.370652,OK
2021,00002021,1716,1.3642284,OK
2022,00002022,1688,1.3663261,OK
2023,00002023,1664,1.3637954,OK
2024,00002024,1611,1.3628124,OK
2025,00002025,1674,1.3642728,OK
2026,00002026,1619,1.3628243,OK
2027,00002027,1708,1.3675998,OK
2028,00002028,1632,1.3612847,OK
2029,00002029,1657,1.3622404,OK
2030,00002030,1599,1.3607713,OK
2031,00002031,1615,1.3616767,OK
2032,00002032,1697,1.3640034,OK
2033,00002033,1643,1.3660163,OK
2034,00002034,1714,1.3682413,OK
2035,00002035,1618,1.3636093,OK
2036,00002036,1739,1.3645573,OK
2037,00002037,1673,1.3631613,OK
2038,00002038,1736,1.3687047,OK
2039,00002039,1693,1.3627009,OK
2040,00002040,1661,1.36609,OK
2041,00002041,1670,1.3704668,OK
2042,00002042,1693,1.3649777,OK
2043,00002043,1655,1.361829,OK
2044,00002044,1706,1.3611462,OK
2045,00002045,1716,1.3638932,OK
2046,00002046,1712,1.3646536,OK
2047,00002047,1680,1.3639373,OK
2048,00002048,1652,1.3696587,OK
2049,00002049,1659,1.3647857,OK
2050,00002050,1669,1.3681097,OK
2051,00002051,1682,1.36816,OK
2052,00002052,1628,1.3633181,OK
2053,00002053,1618,1.3620038,OK
2054,00002054,1686,1.365212,OK
2055,00002055,1648,1.3673505,OK
2056,00002056,1769,1.3659801,OK
2057,00002057,1633,1.3640478,OK
2058,00002058,1655,1.3618642,OK
2059,00002059,1690,1.3667563,OK
2060,00002060,1776,1.3666396,OK
2061,00002061,1782,1.3652775,OK
2062,00002062,1702,1.3665285,OK
2063,00002063,1760,1.368419,OK
2064,00002064,1671,1.3652706,OK
2065,00002065,1600,1.368247,OK
2066,00002066,1649,1.3692402,OK
2067,00002067,1594,1.3674595,OK
2068,00002068,1700,1.3655571,OK
2069,00002069,1732,1.3639063,OK
2070,00002070,1722,1.366641,OK
2071,00002071,1664,1.3701401,OK
2072,00002072,1667,1.372444,OK
2073,00002073,1733,1.3693401,OK
2074,00002074,1717,1.3672729,OK
2075,00002075,1711,1.36845,OK
2076,00002076,1716,1.3654525,OK
2077,00002077,1696,1.3676635,OK
2078,00002078,1646,1.36412,OK
2079,00002079,1647,1.3680094,OK
2080,00002080,1596,1.3667812,OK
2081,00002081,1656,1.3653573,OK
2082,00002082,1646,1.3664137,OK
2083,00002083,1600,1.3703027,OK
2084,00002084,1560,1.3680135,OK
2085,00002085,1596,1.3712302,OK
2086,00002086,1595,1.3715369,OK
2087,00002087,1548,1.3717438,OK
2088,00002088,1610,1.3700525,OK
2089,00002089,1612,1.3672545,OK
2090,00002090,1593,1.3670866,OK
2091,00002091,1571,1.3672956,OK
2092,00002092,1665,1.3664753,OK
2093,00002093,1564,1.366605,OK
2094,00002094,1606,1.3640794,OK
2095,00002095,1635,1.3666956,OK
2096,00002096,1639,1.3673246,OK
2097,00002097,1675,1.3639115,OK
2098,00002098,1768,1.3647505,OK
2099,00002099,1689,1.3660533,OK
2100,00002100,1705,1.3658706,OK
2101,00002101,1708,1.3641832,OK
2102,00002102,1564,1.3515283,OK
2103,00002103,1587,1.3565336,OK
2104,00002104,1629,1.3580196,OK
2105,00002105,1602,1.3587843,OK
2106,00002106,1586,1.3606992,OK
2107,00002107,1574,1.356749,OK
2108,00002108,1554,1.364524,OK
2109,00002109,1533,1.3602419,OK
2110,00002110,1605,1.3595657,OK
2111,00002111,1585,1.3576487,OK
2112,00002112,1505,1.3483973,OK
2113,00002113,1485,1.3409923,OK
2114,00002114,1448,1.3387325,OK
2115,00002115,1366,1.3388023,OK
2116,00002116,1409,1.3371954,OK
2117,00002117,1374,1.3446401,OK
2118,00002118,1363,1.3342446,OK
2119,00002119,1409,1.3443353,OK
2120,00002120,1410,1.3431913,OK
2121,00002121,1460,1.3499703,OK
2122,00002122,1513,1.3537501,OK
2123,00002123,1473,1.3526587,OK
2124,00002124,1543,1.3539419,OK
2125,00002125,1550,1.3559672,OK
2126,00002126,1540,1.3648071,OK
2127,00002127,1616,1.3634517,OK
2128,00002128,1622,1.3623997,OK
2129,00002129,1615,1.3657919,OK
2130,00002130,1687,1.3713992,OK
2131,00002131,1713,1.3654692,OK
2132,00002132,1779,1.3723333,OK
2133,00002133,1744,1.3744769,OK
2134,00002134,1763,1.3728154,OK
2135,00002135,1753,1.374252,OK
2136,00002136,1731,1.3732191,OK
2137,00002137,1722,1.3730638,OK
2138,00002138,1755,1.3727232,OK
2139,00002139,1789,1.3718874,OK
2140,00002140,1703,1.369713,OK
2141,00002141,1736,1.371582,OK
2142,00002142,1743,1.3724428,OK
2143,00002143,1739,1.3710012,OK
2144,00002144,1720,1.3730551,OK
2145,00002145,1785,1.3740798,OK
2146,00002146,1744,1.3745456,OK
2147,00002147,1733,1.3708451,OK
2148,00002148,1748,1.3686181,OK
2149,00002149,1778,1.3707279,OK
2150,00002150,1787,1.3719348,OK
2151,00002151,1732,1.3683845,OK
2152,00002152,1821,1.3705182,OK
2153,00002153,1866,1.3712107,OK
2154,00002154,1770,1.3716608,OK
2155,00002155,1723,1.370516,OK
2156,00002156,1720,1.373433,OK
2157,00002157,1776,1.3676871,OK
2158,00002158,1709,1.3662767,OK
2159,00002159,1728,1.3661729,OK
2160,00002160,1762,1.3682806,OK
2161,00002161,1783,1.3671587,OK
2162,00002162,1789,1.3668914,OK
2163,00002163,1764,1.3734876,OK
2164,00002164,1815,1.3710976,OK
2165,00002165,1753,1.3757551,OK
2166,00002166,1809,1.3721772,OK
2167,00002167,1867,1.3712205,OK
2168,00002168,1805,1.3736129,OK
2169,00002169,1839,1.3725435,OK
2170,00002170,1820,1.373492,OK
2171,00002171,1748,1.3717147,OK
2172,00002172,1768,1.3695781,OK
2173,00002173,1856,1.3704326,OK
2174,00002174,1788,1.373659,OK
2175,00002175,1730,1.371393,OK
2176,00002176,1727,1.368878,OK
2177,00002177,1761,1.3695176,OK
2178,00002178,1735,1.3728364,OK
2179,00002179,1763,1.3709393,OK
2180,00002180,1723,1.3708647,OK
2181,00002181,1672,1.3626661,OK
2182,00002182,1693,1.3660687,OK
2183,00002183,1693,1.3620695,OK
2184,00002184,1672,1.3584828,OK
2185,00002185,1647,1.3631377,OK
2186,00002186,1576,1.3600414,OK
2187,00002187,1591,1.3632272,OK
2188,00002188,1527,1.3611866,OK
2189,00002189,1589,1.3594704,OK
2190,00002190,1554,1.3636979,OK
2191,00002191,1649,1.356889,OK
2192,00002192,1554,1.357238,OK
2193,00002193,1602,1.3617376,OK
2194,00002194,1628,1.3607625,OK
2195,00002195,1621,1.3605595,OK
2196,00002196,1679,1.3630171,OK
2197,00002197,1657,1.362941,OK
2198,00002198,1618,1.3661779,OK
2199,00002199,1648,1.3682133,OK
2200,00002200,1685,1.3675593,OK
2201,00002201,1708,1.3659533,OK
2202,00002202,1716,1.3636231,OK
2203,00002203,1650,1.3675685,OK
2204,00002204,1666,1.3595337,OK
2205,00002205,1691,1.3663836,OK
2206,00002206,1669,1.3654146,OK
2207,00002207,1636,1.3680404,OK
2208,00002208,1658,1.3659154,OK
2209,00002209,1712,1.3678954,OK
2210,00002210,1723,1.3666446,OK
2211,00002211,1665,1.3707457,OK
2212,00002212,1740,1.3670979,OK
2213,00002213,1775,1.3768442,OK
2214,00002214,1820,1.3714898,OK
2215,00002215,1729,1.367828,OK
2216,00002216,1794,1.3711487,OK
2217,00002217,1716,1.3723919,OK
2218,00002218,1749,1.3738235,OK
2219,00002219,1771,1.3703282,OK
2220,00002220,1767,1.3712568,OK
2221,00002221,1723,1.367186,OK
2222,00002222,1656,1.3710749,OK
2223,00002223,1760,1.3739061,OK
2224,00002224,1769,1.3708376,OK
2225,00002225,1810,1.3712137,OK
2226,00002226,1768,1.3705509,OK
2227,00002227,1704,1.3684113,OK
2228,00002228,1699,1.3719059,OK
2229,00002229,1707,1.3686997,OK
2230,00002230,1697,1.3689549,OK
2231,00002231,1755,1.3703574,OK
2232,00002232,1664,1.3719242,OK
2233,00002233,1776,1.3705562,OK
2234,00002234,1759,1.3731172,OK
2235,00002235,1830,1.3713851,OK
2236,00002236,1713,1.3726045,OK
2237,00002237,1747,1.3701975,OK
2238,00002238,1789,1.3685895,OK
2239,00002239,1772,1.3706948,OK
2240,00002240,1726,1.3700496,OK
2241,00002241,1765,1.3669946,OK
2242,00002242,1753,1.3654598,OK
2243,00002243,1776,1.3640372,OK
2244,00002244,1772,1.3721739,OK
2245,00002245,1728,1.3699961,OK
2246,00002246,1741,1.3700438,OK
2247,00002247,1705,1.36666,OK
2248,00002248,1796,1.3696684,OK
2249,00002249,1752,1.3671609,OK
2250,00002250,1763,1.3713515,OK
2251,00002251,1801,1.3675253,OK
2252,00002252,1773,1.3706318,OK
2253,00002253,1809,1.3762541,OK
2254,00002254,1760,1.3716972,OK
2255,00002255,1742,1.3711983,OK
2256,00002256,1660,1.3705399,OK
2257,00002257,1699,1.3689866,OK
2258,00002258,1746,1.3679873,OK
2259,00002259,1741,1.3716782,OK
2260,00002260,1644,1.3679252,OK
2261,00002261,1623,1.3635869,OK
2262,00002262,1701,1.3671757,OK
2263,00002263,1687,1.363447,OK
2264,00002264,1716,1.3624561,OK
2265,00002265,1714,1.3656976,OK
2266,00002266,1664,1.3651713,OK
2267,00002267,1681,1.3642845,OK
2268,00002268,1695,1.3670985,OK
2269,00002269,1666,1.3676814,OK
2270,00002270,1719,1.3682986,OK
2271,00002271,1663,1.3676156,OK
2272,00002272,1730,1.3715718,OK
2273,00002273,1718,1.3692967,OK
2274,00002274,1740,1.3664796,OK
2275,00002275,1748,1.3731141,OK
2276,00002276,1714,1.3664633,OK
2277,00002277,1636,1.3676553,OK
2278,00002278,1589,1.3678992,OK
2279,00002279,1635,1.3591454,OK
2280,00002280,1639,1.3565246,OK
2281,00002281,1670,1.364958,OK
2282,00002282,1688,1.3616118,OK
2283,00002283,1641,1.365318,OK
2284,00002284,1651,1.3667976,OK
2285,00002285,1658,1.3646314,OK
2286,00002286,1593,1.3626568,OK
2287,00002287,1633,1.3662951,OK
2288,00002288,1690,1.3619305,OK
2289,00002289,1693,1.3661268,OK
2290,00002290,1763,1.3651114,OK
2291,00002291,1652,1.3626455,OK
2292,00002292,1662,1.366409,OK
2293,00002293,1640,1.3664429,OK
2294,00002294,1587,1.3699228,OK
2295,00002295,1683,1.3633404,OK
2296,00002296,1699,1.3654242,OK
2297,00002297,1686,1.3662006,OK
2298,00002298,1667,1.3642948,OK
2299,00002299,1646,1.3640882,OK
2300,00002300,1681,1.3692724,OK
2301,00002301,1666,1.3630768,OK
2302,00002302,1636,1.3645486,OK
2303,00002303,1662,1.3638741,OK
2304,00002304,1637,1.3658824,OK
2305,00002305,1699,1.3649554,OK
2306,00002306,1664,1.3687562,OK
2307,00002307,1638,1.366256,OK
2308,00002308,1731,1.3653108,OK
2309,00002309,1744,1.3645495,OK
2310,00002310,1651,1.3665351,OK
2311,00002311,1717,1.3629252,OK
2312,00002312,1753,1.3678975,OK
2313,00002313,1628,1.3698655,OK
2314,00002314,1693,1.3651294,OK
2315,00002315,1688,1.3667367,OK
2316,00002316,1770,1.370556,OK
2317,00002317,1711,1.3712097,OK
2318,00002318,1763,1.3727084,OK
2319,00002319,1719,1.3728727,OK
2320,00002320,1735,1.3718338,OK
2321,00002321,1712,1.3737446,OK
2322,00002322,1750,1.3699645,OK
2323,00002323,1810,1.3710393,OK
2324,00002324,1794,1.3757716,OK
2325,00002325,1766,1.3741255,OK
2326,00002326,1759,1.3729938,OK
2327,00002327,1787,1.3749052,OK
2328,00002328,1740,1.369291,OK
2329,00002329,1826,1.3729897,OK
2330,00002330,1780,1.3749791,OK
2331,00002331,1826,1.3699782,OK
2332,00002332,1834,1.3743483,OK
2333,00002333,1832,1.3727821,OK
2334,00002334,1866,1.3723011,OK
2335,00002335,1908,1.3758936,OK
2336,00002336,1827,1.3786734,OK
2337,00002337,1848,1.3747852,OK
2338,00002338,1859,1.3777614,OK
2339,00002339,1767,1.3756782,OK
2340,00002340,1871,1.376064,OK
2341,00002341,1873,1.37709,OK
2342,00002342,1912,1.377625,OK
2343,00002343,1912,1.377274,OK
2344,00002344,1887,1.3756016,OK
2345,00002345,1821,1.3768567,OK
2346,00002346,1887,1.3791077,OK
2347,00002347,1899,1.378201,OK
2348,00002348,1929,1.3719317,OK
2349,00002349,1800,1.3692712,OK
2350,00002350,1864,1.3715258,OK
2351,00002351,1802,1.3707689,OK
2352,00002352,1832,1.3664631,OK
2353,00002353,1798,1.3706832,OK
2354,00002354,1828,1.3731883,OK
2355,00002355,1794,1.372946,OK
2356,00002356,1844,1.367061,OK
2357,00002357,1734,1.3703499,OK
2358,00002358,1782,1.3643715,OK
2359,00002359,1733,1.3684067,OK
2360,00002360,1801,1.3657863,OK
2361,00002361,1782,1.3709661,OK
2362,00002362,1811,1.3780609,OK
2363,00002363,1857,1.3718126,OK
2364,00002364,1889,1.3704315,OK
2365,00002365,1767,1.3689362,OK
2366,00002366,1726,1.3662723,OK
2367,00002367,1731,1.3691906,OK
2368,00002368,1766,1.3653117,OK
2369,00002369,1727,1.3652616,OK
2370,00002370,1761,1.3727828,OK
2371,00002371,1758,1.3673444,OK
2372,00002372,1855,1.3660874,OK
2373,00002373,1752,1.3715249,OK
2374,00002374,1842,1.373046,OK
2375,00002375,1769,1.3691394,OK
2376,00002376,1797,1.3754144,OK
2377,00002377,1820,1.3745303,OK
2378,00002378,1821,1.3737502,OK
2379,00002379,1887,1.375746,OK
2380,00002380,1874,1.376391,OK
2381,00002381,1850,1.3730612,OK
2382,00002382,1879,1.3692583,OK
2383,00002383,1810,1.3682245,OK
2384,00002384,1787,1.3646532,OK
2385,00002385,1724,1.3665876,OK
2386,00002386,1815,1.3683655,OK
2387,00002387,1791,1.3682269,OK
2388,00002388,1676,1.3652847,OK
2389,00002389,1806,1.3677095,OK
2390,00002390,1720,1.3682288,OK
2391,00002391,1744,1.3649226,OK
2392,00002392,1703,1.3674289,OK
2393,00002393,1727,1.3696165,OK
2394,00002394,1770,1.3647591,OK
2395,00002395,1787,1.3675941,OK
2396,00002396,1835,1.3698827,OK
2397,00002397,1788,1.371925,OK
2398,00002398,1778,1.3733097,OK
2399,00002399,1768,1.3717135,OK
2400,00002400,1802,1.3701979,OK
2401,00002401,1793,1.3721534,OK
2402,00002402,1802,1.3703284,OK
2403,00002403,1813,1.3720558,OK
2404,00002404,1764,1.372674,OK
2405,00002405,1753,1.3729663,OK
2406,00002406,1804,1.3743054,OK
2407,00002407,1736,1.367172,OK
2408,00002408,1735,1.3688728,OK
2409,00002409,1783,1.3719392,OK
2410,00002410,1808,1.3721021,OK
2411,00002411,1818,1.3713032,OK
2412,00002412,1813,1.3712026,OK
2413,00002413,1840,1.3733035,OK
2414,00002414,1757,1.3730114,OK
2415,00002415,1804,1.3754771,OK
2416,00002416,1804,1.3692676,OK
2417,00002417,1705,1.366239,OK
2418,00002418,1700,1.3664392,OK
2419,00002419,1683,1.3639445,OK
2420,00002420,1733,1.3667818,OK
2421,00002421,1775,1.3673402,OK
2422,00002422,1705,1.3650914,OK
2423,00002423,1703,1.3640568,OK
2424,00002424,1677,1.363398,OK
2425,00002425,1681,1.3664453,OK
2426,00002426,1795,1.3697717,OK
2427,00002427,1737,1.3623827,OK
2428,00002428,1830,1.3688674,OK
2429,00002429,1854,1.3690666,OK
2430,00002430,1805,1.3641336,OK
2431,00002431,1694,1.3702505,OK
2432,00002432,1727,1.3701346,OK
2433,00002433,1769,1.3635846,OK
2434,00002434,1641,1.3661252,OK
2435,00002435,1702,1.3611159,OK
2436,00002436,1689,1.366278,OK
2437,00002437,1707,1.3633585,OK
2438,00002438,1741,1.3666474,OK
2439,00002439,1733,1.3653754,OK
2440,00002440,1724,1.3644717,OK
2441,00002441,1699,1.3670352,OK
2442,00002442,1745,1.3689395,OK
2443,00002443,1657,1.3685265,OK
2444,00002444,1721,1.3647027,OK
2445,00002445,1749,1.3645333,OK
2446,00002446,1661,1.3627563,OK
2447,00002447,1678,1.3631963,OK
2448,00002448,1656,1.3651751,OK
2449,00002449,1625,1.3602666,OK
2450,00002450,1609,1.35825,OK
2451,00002451,1697,1.3655835,OK
2452,00002452,1633,1.3587983,OK
2453,00002453,1666,1.3657781,OK
2454,00002454,1573,1.3600368,OK
2455,00002455,1570,1.3636261,OK
2456,00002456,1684,1.3635265,OK
2457,00002457,1680,1.3610276,OK
2458,00002458,1643,1.3592683,OK
2459,00002459,1642,1.3631724,OK
2460,00002460,1604,1.3626946,OK
2461,00002461,1608,1.3640912,OK
2462,00002462,1491,1.3515806,OK
2463,00002463,1472,1.3580408,OK
2464,00002464,1494,1.3606772,OK
2465,00002465,1467,1.3583786,OK
2466,00002466,1568,1.3619796,OK
2467,00002467,1407,1.3591835,OK
2468,00002468,1481,1.3616686,OK
2469,00002469,1541,1.3598899,OK
2470,00002470,1530,1.3605413,OK
2471,00002471,1529,1.36233,OK
2472,00002472,1484,1.3627005,OK
2473,00002473,1534,1.3652191,OK
2474,00002474,1554,1.368817,OK
2475,00002475,1468,1.3628659,OK
2476,00002476,1528,1.3633593,OK
2477,00002477,1481,1.3588746,OK
2478,00002478,1538,1.3653008,OK
2479,00002479,1498,1.3649417,OK
2480,00002480,1498,1.3600492,OK
2481,00002481,1546,1.3641857,OK
2482,00002482,1464,1.3620301,OK
2483,00002483,1477,1.3616045,OK
2484,00002484,1528,1.3643764,OK
2485,00002485,1465,1.358461,OK
2486,00002486,1476,1.3619487,OK
2487,00002487,1476,1.3574305,OK
2488,00002488,1536,1.3595076,OK
2489,00002489,1574,1.3636574,OK
2490,00002490,1530,1.3602947,OK
2491,00002491,1504,1.3598199,OK
2492,00002492,1481,1.3611356,OK
2493,00002493,1459,1.3599305,OK
2494,00002494,1481,1.3633484,OK
2495,00002495,1487,1.3647139,OK
2496,00002496,1535,1.363349,OK
2497,00002497,1523,1.3591907,OK
2498,00002498,1524,1.3626088,OK
2499,00002499,1539,1.3613856,OK
2500,00002500,1498,1.3616526,OK
2501,00002501,1457,1.3559382,OK
2502,00002502,1482,1.3601867,OK
2503,00002503,1419,1.3609645,OK
2504,00002504,1453,1.3555849,OK
2505,00002505,1385,1.3602535,OK
2506,00002506,1382,1.3588219,OK
2507,00002507,1346,1.3611883,OK
2508,00002508,1387,1.3561996,OK
2509,00002509,1409,1.359098,OK
2510,00002510,1492,1.3601434,OK
2511,00002511,1592,1.3611931,OK
2512,00002512,1400,1.3594657,OK
2513,00002513,1439,1.3597323,OK
2514,00002514,1416,1.3610414,OK
2515,00002515,1452,1.3567367,OK
2516,00002516,1539,1.3565156,OK
2517,00002517,1489,1.3593625,OK
2518,00002518,1422,1.35884,OK
2519,00002519,1397,1.354228,OK
2520,00002520,1426,1.3575042,OK
2521,00002521,1497,1.3562979,OK
2522,00002522,1406,1.3587517,OK
2523,00002523,1415,1.3594028,OK
2524,00002524,1447,1.3555214,OK
2525,00002525,1433,1.3610692,OK
2526,00002526,1431,1.3582054,OK
2527,00002527,1459,1.3589267,OK
2528,00002528,1505,1.3619624,OK
2529,00002529,1436,1.3605809,OK
2530,00002530,1545,1.3701793,OK
2531,00002531,1527,1.3622462,OK
2532,00002532,1430,1.3623055,OK
2533,00002533,1458,1.3562666,OK
2534,00002534,1351,1.3552278,OK
2535,00002535,1495,1.3615329,OK
2536,00002536,1535,1.354891,OK
2537,00002537,1433,1.3613651,OK
2538,00002538,1368,1.359739,OK
2539,00002539,1413,1.3582386,OK
2540,00002540,1503,1.3584044,OK
2541,00002541,1397,1.3585311,OK
2542,00002542,1503,1.3534147,OK
2543,00002543,1357,1.3595463,OK
2544,00002544,1396,1.3544734,OK
2545,00002545,1485,1.3567476,OK
2546,00002546,1459,1.3534969,OK
2547,00002547,1449,1.3597142,OK
2548,00002548,1526,1.3564122,OK
2549,00002549,1573,1.363145,OK
2550,00002550,1465,1.3623956,OK
2551,00002551,1585,1.3626142,OK
2552,00002552,1487,1.3686407,OK
2553,00002553,1641,1.3643788,OK
2554,00002554,1543,1.3661419,OK
2555,00002555,1593,1.362,OK
2556,00002556,1659,1.3650969,OK
2557,00002557,1506,1.3648046,OK
2558,00002558,1538,1.3631428,OK
2559,00002559,1653,1.3670365,OK
2560,00002560,1682,1.3698671,OK
2561,00002561,1697,1.3700188,OK
2562,00002562,1608,1.3659191,OK
2563,00002563,1699,1.370985,OK
2564,00002564,1570,1.3642924,OK
2565,00002565,1633,1.3675176,OK
2566,00002566,1679,1.3738455,OK
2567,00002567,1694,1.3653848,OK
2568,00002568,1713,1.3713235,OK
2569,00002569,1676,1.3654319,OK
2570,00002570,1722,1.3669358,OK
2571,00002571,1678,1.367974,OK
2572,00002572,1629,1.3651768,OK
2573,00002573,1601,1.366328,OK
2574,00002574,1586,1.3708427,OK
2575,00002575,1605,1.3633704,OK
2576,00002576,1579,1.3623629,OK
2577,00002577,1549,1.3589954,OK
2578,00002578,1482,1.3601763,OK
2579,00002579,1494,1.3557445,OK
2580,00002580,1462,1.3546693,OK
2581,00002581,1458,1.3610426,OK
2582,00002582,1549,1.36281,OK
2583,00002583,1532,1.3623478,OK
2584,00002584,1670,1.3637295,OK
2585,00002585,1679,1.3653986,OK
2586,00002586,1668,1.3704197,OK
2587,00002587,1653,1.3631885,OK
2588,00002588,1651,1.3666273,OK
2589,00002589,1692,1.3639381,OK
2590,00002590,1660,1.3668811,OK
2591,00002591,1653,1.3621191,OK
2592,00002592,1674,1.3627216,OK
2593,00002593,1577,1.3638479,OK
2594,00002594,1665,1.3641648,OK
2595,00002595,1641,1.3658456,OK
2596,00002596,1645,1.3600143,OK
2597,00002597,1618,1.3598202,OK
2598,00002598,1513,1.3562673,OK
2599,00002599,1763,1.3654715,OK
2600,00002600,1784,1.3645735,OK
2601,00002601,1739,1.3697078,OK
2602,00002602,1756,1.3666435,OK
2603,00002603,1676,1.3660027,OK
2604,00002604,1636,1.3617707,OK
2605,00002605,1644,1.3639222,OK
2606,00002606,1728,1.3632586,OK
2607,00002607,1714,1.3671055,OK
2608,00002608,1653,1.3639876,OK
2609,00002609,1639,1.3645346,OK
2610,00002610,1702,1.3640137,OK
2611,00002611,1697,1.3670554,OK
2612,00002612,1643,1.3680093,OK
2613,00002613,1667,1.3677865,OK
2614,00002614,1678,1.3675095,OK
2615,00002615,1657,1.3658662,OK
2616,00002616,1694,1.3643591,OK
2617,00002617,1620,1.3654047,OK
2618,00002618,1672,1.3685899,OK
2619,00002619,1702,1.36716,OK
2620,00002620,1627,1.3660191,OK
2621,00002621,1672,1.3643259,OK
2622,00002622,1690,1.3674175,OK
2623,00002623,1811,1.3692819,OK
2624,00002624,1730,1.3685448,OK
2625,00002625,1805,1.3691206,OK
2626,00002626,1785,1.3703374,OK
2627,00002627,1757,1.3684146,OK
2628,00002628,1794,1.373046,OK
2629,00002629,1737,1.3722817,OK
2630,00002630,1792,1.3707447,OK
2631,00002631,1726,1.3673892,OK
2632,00002632,1763,1.3735263,OK
2633,00002633,1842,1.3739442,OK
2634,00002634,1807,1.3728688,OK
2635,00002635,1851,1.3763708,OK
2636,00002636,1803,1.369807,OK
2637,00002637,1749,1.3672996,OK
2638,00002638,1731,1.3618841,OK
2639,00002639,1643,1.3663789,OK
2640,00002640,1671,1.3651633,OK
2641,00002641,1698,1.3714528,OK
2642,00002642,1753,1.3689607,OK
2643,00002643,1776,1.3661993,OK
2644,00002644,1696,1.3671598,OK
2645,00002645,1778,1.3700757,OK
2646,00002646,1712,1.3682648,OK
2647,00002647,1641,1.3706279,OK
2648,00002648,1644,1.3698916,OK
2649,00002649,1727,1.3671273,OK
2650,00002650,1677,1.3694036,OK
2651,00002651,1760,1.3741271,OK
2652,00002652,1761,1.3739352,OK
2653,00002653,1816,1.3693608,OK
2654,00002654,1810,1.3682475,OK
2655,00002655,1768,1.3714497,OK
2656,00002656,1823,1.3669354,OK
2657,00002657,1772,1.3728858,OK
2658,00002658,1860,1.3684957,OK
2659,00002659,1764,1.3665766,OK
2660,00002660,1795,1.3709329,OK
2661,00002661,1797,1.3693615,OK
2662,00002662,1820,1.3712316,OK
2663,00002663,1720,1.3663883,OK
2664,00002664,1742,1.3656203,OK
2665,00002665,1740,1.3636496,OK
2666,00002666,1611,1.3626456,OK
2667,00002667,1645,1.3629007,OK
2668,00002668,1622,1.3617069,OK
2669,00002669,1610,1.3601844,OK
2670,00002670,1605,1.3651366,OK
2671,00002671,1523,1.3599358,OK
2672,00002672,1542,1.3613931,OK
2673,00002673,1523,1.359838,OK
2674,00002674,1522,1.3589246,OK
2675,00002675,1533,1.3598802,OK
2676,00002676,1529,1.3586948,OK
2677,00002677,1517,1.3621399,OK
2678,00002678,1524,1.3568128,OK
2679,00002679,1553,1.3611591,OK
2680,00002680,1477,1.3614035,OK
2681,00002681,1590,1.363617,OK
2682,00002682,1587,1.3642672,OK
2683,00002683,1544,1.370072,OK
2684,00002684,1585,1.3700429,OK
2685,00002685,1638,1.3666013,OK
2686,00002686,1649,1.3669772,OK
2687,00002687,1590,1.3691299,OK
2688,00002688,1515,1.3638469,OK
2689,00002689,1539,1.3589828,OK
2690,00002690,1603,1.362039,OK
2691,00002691,1488,1.3609117,OK
2692,00002692,1550,1.3636785,OK
2693,00002693,1476,1.3638021,OK
2694,00002694,1496,1.3622813,OK
2695,00002695,1429,1.3606033,OK
2696,00002696,1521,1.3618777,OK
2697,00002697,1516,1.363722,OK
2698,00002698,1545,1.3610393,OK
2699,00002699,1544,1.3657111,OK
2700,00002700,1593,1.3631458,OK
2701,00002701,1510,1.3608735,OK
2702,00002702,1514,1.3641595,OK
2703,00002703,1526,1.3640996,OK
2704,00002704,1517,1.3630991,OK
2705,00002705,1520,1.3627626,OK
2706,00002706,1527,1.3661777,OK
2707,00002707,1515,1.3624836,OK
2708,00002708,1490,1.3682168,OK
2709,00002709,1520,1.3657678,OK
2710,00002710,1521,1.3618749,OK
2711,00002711,1536,1.3609314,OK
2712,00002712,1530,1.3657213,OK
2713,00002713,1555,1.3615988,OK
2714,00002714,1562,1.3625146,OK
2715,00002715,1517,1.3622586,OK
2716,00002716,1518,1.3616773,OK
2717,00002717,1525,1.3619213,OK
2718,00002718,1545,1.3655043,OK
2719,00002719,1482,1.3668363,OK
2720,00002720,1492,1.3629183,OK
2721,00002721,1523,1.3643671,OK
2722,00002722,1524,1.3599578,OK
2723,00002723,1564,1.3662391,OK
2724,00002724,1549,1.3673106,OK
2725,00002725,1534,1.3654028,OK
2726,00002726,1531,1.3646163,OK
2727,00002727,1514,1.3670398,OK
2728,00002728,1494,1.3631544,OK
2729,00002729,1554,1.3632021,OK
2730,00002730,1570,1.3607311,OK
2731,00002731,1600,1.3631743,OK
2732,00002732,1608,1.3681678,OK
2733,00002733,1621,1.3658091,OK
2734,00002734,1563,1.3684137,OK
2735,00002735,1685,1.3692391,OK
2736,00002736,1662,1.3667774,OK
2737,00002737,1737,1.3613182,OK
2738,00002738,1672,1.3636272,OK
2739,00002739,1733,1.3675241,OK
2740,00002740,1654,1.3698547,OK
2741,00002741,1697,1.3653294,OK
2742,00002742,1757,1.366654,OK
2743,00002743,1715,1.3722999,OK
2744,00002744,1700,1.3689548,OK
2745,00002745,1723,1.366388,OK
2746,00002746,1748,1.369056,OK
2747,00002747,1702,1.3684398,OK
2748,00002748,1801,1.3700145,OK
2749,00002749,1809,1.3693218,OK
2750,00002750,1732,1.3711231,OK
2751,00002751,1764,1.3685123,OK
2752,00002752,1810,1.3728067,OK
2753,00002753,1879,1.3721027,OK
2754,00002754,1779,1.3719612,OK
2755,00002755,1769,1.3730016,OK
2756,00002756,1760,1.3741064,OK
2757,00002757,1829,1.3722967,OK
2758,00002758,1795,1.3714265,OK
2759,00002759,1760,1.3701055,OK
2760,00002760,1777,1.3724463,OK
2761,00002761,1774,1.3696352,OK
2762,00002762,1766,1.3640023,OK
2763,00002763,1744,1.368993,OK
2764,00002764,1756,1.3628569,OK
2765,00002765,1752,1.3671353,OK
2766,00002766,1742,1.3681982,OK
2767,00002767,1749,1.36893,OK
2768,00002768,1835,1.3725625,OK
2769,00002769,1821,1.36963,OK
2770,00002770,1855,1.3728563,OK
2771,00002771,1827,1.3726912,OK
2772,00002772,1794,1.3704228,OK
2773,00002773,1868,1.3718891,OK
2774,00002774,1782,1.3670822,OK
2775,00002775,1787,1.3702348,OK
2776,00002776,1791,1.3666954,OK
2777,00002777,1810,1.3604859,OK
2778,00002778,1757,1.3654147,OK
2779,00002779,1765,1.3651714,OK
2780,00002780,1756,1.3667856,OK
2781,00002781,1699,1.3659047,OK
2782,00002782,1710,1.3691162,OK
2783,00002783,1749,1.3691387,OK
2784,00002784,1758,1.3694764,OK
2785,00002785,1833,1.3708969,OK
2786,00002786,1727,1.3669349,OK
2787,00002787,1773,1.3668545,OK
2788,00002788,1797,1.3648888,OK
2789,00002789,1757,1.3698773,OK
2790,00002790,1728,1.3637694,OK
2791,00002791,1761,1.3676003,OK
2792,00002792,1767,1.368827,OK
2793,00002793,1797,1.3663664,OK
2794,00002794,1686,1.3733872,OK
2795,00002795,1736,1.3682792,OK
2796,00002796,1796,1.3739074,OK
2797,00002797,1837,1.3727092,OK
2798,00002798,1799,1.3728365,OK
2799,00002799,1761,1.3743687,OK
2800,00002800,1685,1.3683909,OK
2801,00002801,1718,1.3659656,OK
2802,00002802,1624,1.3627102,OK
2803,00002803,1655,1.3616874,OK
2804,00002804,1659,1.3625978,OK
2805,00002805,1678,1.3596687,OK
2806,00002806,1741,1.3651496,OK
2807,00002807,1713,1.360611,OK
2808,00002808,1625,1.3643699,OK
2809,00002809,1696,1.3651742,OK
2810,00002810,1682,1.3678683,OK
2811,00002811,1792,1.3689507,OK
2812,00002812,1742,1.3660991,OK
2813,00002813,1740,1.3716782,OK
2814,00002814,1759,1.3669318,OK
2815,00002815,1731,1.3682474,OK
2816,00002816,1700,1.3661112,OK
2817,00002817,1691,1.3623592,OK
2818,00002818,1706,1.3623174,OK
2819,00002819,1721,1.3587815,OK
2820,00002820,1738,1.3680179,OK
2821,00002821,1706,1.3658503,OK
2822,00002822,1630,1.3636557,OK
2823,00002823,1675,1.3705982,OK
2824,00002824,1704,1.3630683,OK
2825,00002825,1765,1.362828,OK
2826,00002826,1652,1.3615696,OK
2827,00002827,1708,1.3659081,OK
2828,00002828,1674,1.3671119,OK
2829,00002829,1704,1.364629,OK
2830,00002830,1746,1.366143,OK
2831,00002831,1703,1.3685964,OK
2832,00002832,1742,1.3673717,OK
2833,00002833,1676,1.3680212,OK
2834,00002834,1698,1.3679025,OK
2835,00002835,1644,1.3653588,OK
2836,00002836,1756,1.3670331,OK
2837,00002837,1737,1.3639677,OK
2838,00002838,1750,1.3654531,OK
2839,00002839,1718,1.3711108,OK
2840,00002840,1638,1.3684157,OK
2841,00002841,1695,1.3662227,OK
2842,00002842,1654,1.3643402,OK
2843,00002843,1721,1.3632021,OK
2844,00002844,1723,1.3636101,OK
2845,00002845,1749,1.3645397,OK
2846,00002846,1701,1.3619766,OK
2847,00002847,1731,1.3662188,OK
2848,00002848,1649,1.3666806,OK
2849,00002849,1668,1.3675936,OK
2850,00002850,1718,1.3703318,OK
2851,00002851,1777,1.3711928,OK
2852,00002852,1764,1.36851,OK
2853,00002853,1793,1.3766375,OK
2854,00002854,1785,1.3733453,OK
2855,00002855,1763,1.3686975,OK
2856,00002856,1706,1.3668976,OK
2857,00002857,1725,1.368669,OK
2858,00002858,1730,1.3668649,OK
2859,00002859,1757,1.3680491,OK
2860,00002860,1668,1.3708982,OK
2861,00002861,1714,1.3676518,OK
2862,00002862,1705,1.3713629,OK
2863,00002863,1825,1.3750658,OK
2864,00002864,1777,1.3743908,OK
2865,00002865,1757,1.3740435,OK
2866,00002866,1834,1.3722898,OK
2867,00002867,1779,1.3698162,OK
2868,00002868,1806,1.3707806,OK
2869,00002869,1781,1.3746799,OK
2870,00002870,1847,1.3708214,OK
2871,00002871,1867,1.3706187,OK
2872,00002872,1806,1.3690541,OK
2873,00002873,1788,1.3715572,OK
2874,00002874,1781,1.3746051,OK
2875,00002875,1870,1.3727759,OK
2876,00002876,1817,1.3738276,OK
2877,00002877,1755,1.3686442,OK
2878,00002878,1749,1.3681729,OK
2879,00002879,1724,1.3678164,OK
2880,00002880,1750,1.3653357,OK
2881,00002881,1757,1.3646586,OK
2882,00002882,1741,1.366187,OK
2883,00002883,1694,1.3635674,OK
2884,00002884,1723,1.3684644,OK
2885,00002885,1717,1.367709,OK
2886,00002886,1808,1.3684471,OK
2887,00002887,1803,1.3708367,OK
2888,00002888,1759,1.369498,OK
2889,00002889,1756,1.3733662,OK
2890,00002890,1802,1.3728654,OK
2891,00002891,1760,1.3686377,OK
2892,00002892,1695,1.3737919,OK
2893,00002893,1710,1.3689646,OK
2894,00002894,1791,1.366061,OK
2895,00002895,1800,1.3665928,OK
2896,00002896,1801,1.3681985,OK
2897,00002897,1761,1.372238,OK
2898,00002898,1743,1.3681787,OK
2899,00002899,1783,1.3721585,OK
2900,00002900,1822,1.3667654,OK
2901,00002901,1680,1.3732936,OK
2902,00002902,1667,1.3690873,OK
2903,00002903,1803,1.3659515,OK
2904,00002904,1784,1.3705704,OK
2905,00002905,1749,1.3686049,OK
2906,00002906,1779,1.3675197,OK
2907,00002907,1750,1.3723334,OK
2908,00002908,1682,1.3683072,OK
2909,00002909,1696,1.3688686,OK
2910,00002910,1712,1.369903,OK
2911,00002911,1758,1.3672335,OK
2912,00002912,1760,1.370343,OK
2913,00002913,1788,1.3709241,OK
2914,00002914,1748,1.3718498,OK
2915,00002915,1780,1.3667272,OK
2916,00002916,1729,1.3698286,OK
2917,00002917,1774,1.3748245,OK
2918,00002918,1817,1.3754394,OK
2919,00002919,1803,1.3755159,OK
2920,00002920,1856,1.3733605,OK
2921,00002921,1839,1.3737663,OK
2922,00002922,1845,1.3752252,OK
2923,00002923,1857,1.3770827,OK
2924,00002924,1808,1.3756436,OK
2925,00002925,1769,1.3724636,OK
2926,00002926,1760,1.3733826,OK
2927,00002927,1915,1.373866,OK
2928,00002928,1793,1.373454,OK
2929,00002929,1794,1.3701472,OK
2930,00002930,1787,1.3743123,OK
2931,00002931,1791,1.3716897,OK
2932,00002932,1835,1.3742917,OK
2933,00002933,1763,1.3755121,OK
2934,00002934,1786,1.3721544,OK
2935,00002935,1887,1.372527,OK
2936,00002936,1774,1.3680074,OK
2937,00002937,1744,1.3718388,OK
2938,00002938,1862,1.36973,OK
2939,00002939,1780,1.3720678,OK
2940,00002940,1783,1.3694154,OK
2941,00002941,1789,1.3690139,OK
2942,00002942,1826,1.371796,OK
2943,00002943,1820,1.3693497,OK
2944,00002944,1799,1.3737483,OK
2945,00002945,1786,1.3747085,OK
2946,00002946,1764,1.3744488,OK
2947,00002947,1748,1.370487,OK
2948,00002948,1808,1.3731997,OK
2949,00002949,1835,1.3693944,OK
2950,00002950,1866,1.373946,OK
2951,00002951,1780,1.369851,OK
2952,00002952,1800,1.3722023,OK
2953,00002953,1760,1.3752519,OK
2954,00002954,1778,1.3693042,OK
2955,00002955,1845,1.3727257,OK
2956,00002956,1770,1.3722633,OK
2957,00002957,1769,1.37295,OK
2958,00002958,1815,1.37202,OK
2959,00002959,1804,1.3727328,OK
2960,00002960,1782,1.3711395,OK
2961,00002961,1837,1.3714534,OK
2962,00002962,1889,1.3708966,OK
2963,00002963,1847,1.3718231,OK
2964,00002964,1781,1.372123,OK
2965,00002965,1834,1.3709866,OK
2966,00002966,1870,1.37353,OK
2967,00002967,1810,1.3737674,OK
2968,00002968,1819,1.3709824,OK
2969,00002969,1779,1.3742341,OK
2970,00002970,1853,1.3704278,OK
2971,00002971,1817,1.3738378,OK
2972,00002972,1828,1.3763318,OK
2973,00002973,1836,1.373372,OK
2974,00002974,1838,1.3710775,OK
2975,00002975,1848,1.3720043,OK
2976,00002976,1835,1.3749325,OK
2977,00002977,1911,1.3751935,OK
2978,00002978,1880,1.3790953,OK
2979,00002979,1869,1.3771633,OK
2980,00002980,1828,1.3723289,OK
2981,00002981,1910,1.3757448,OK
2982,00002982,1883,1.3786952,OK
2983,00002983,1877,1.3799533,OK
2984,00002984,1918,1.3752495,OK
2985,00002985,1987,1.3788011,OK
2986,00002986,1923,1.3815414,OK
2987,00002987,1958,1.3776889,OK
2988,00002988,1913,1.3754387,OK
2989,00002989,1845,1.3709551,OK
2990,00002990,1873,1.3740957,OK
2991,00002991,1795,1.3703476,OK
2992,00002992,1832,1.3699008,OK
2993,00002993,1784,1.3699428,OK
2994,00002994,1910,1.372504,OK
2995,00002995,1836,1.374394,OK
2996,00002996,1874,1.3713014,OK
2997,00002997,1885,1.3714486,OK
2998,00002998,1820,1.3742509,OK
2999,00002999,1862,1.3726946,OK
3000,00003000,1877,1.3702977,OK
3001,00003001,1800,1.3708395,OK
3002,00003002,1758,1.3721611,OK
3003,00003003,1832,1.3758572,OK
3004,00003004,1860,1.3726935,OK
3005,00003005,1795,1.3746613,OK
3006,00003006,1881,1.3744397,OK
3007,00003007,1836,1.3695922,OK
3008,00003008,1866,1.3736103,OK
3009,00003009,1880,1.3741515,OK
3010,00003010,1821,1.3727664,OK
3011,00003011,1880,1.3723637,OK
3012,00003012,1770,1.374301,OK
3013,00003013,1818,1.372726,OK
3014,00003014,1834,1.3736051,OK
3015,00003015,1805,1.3706529,OK
3016,00003016,1851,1.3743542,OK
3017,00003017,1877,1.371415,OK
3018,00003018,1836,1.3697972,OK
3019,00003019,1863,1.3719536,OK
3020,00003020,1843,1.3743236,OK
3021,00003021,1809,1.3731081,OK
3022,00003022,1784,1.3728803,OK
3023,00003023,1779,1.3725771,OK
3024,00003024,1831,1.375429,OK
3025,00003025,1821,1.3720821,OK
3026,00003026,1795,1.3733363,OK
3027,00003027,1868,1.3695413,OK
3028,00003028,1825,1.3725004,OK
3029,00003029,1751,1.3677212,OK
3030,00003030,1725,1.3665895,OK
3031,00003031,1749,1.3647656,OK
3032,00003032,1764,1.365587,OK
3033,00003033,1732,1.3617976,OK
3034,00003034,1666,1.3640225,OK
3035,00003035,1675,1.3668535,OK
3036,00003036,1677,1.3627286,OK
3037,00003037,1733,1.3626599,OK
3038,00003038,1671,1.3653588,OK
3039,00003039,1751,1.3663484,OK
3040,00003040,1648,1.3659899,OK
3041,00003041,1694,1.3668097,OK
3042,00003042,1712,1.3696166,OK
3043,00003043,1677,1.3696945,OK
3044,00003044,1726,1.3728806,OK
3045,00003045,1791,1.3664881,OK
3046,00003046,1723,1.3701098,OK
3047,00003047,1741,1.3688864,OK
3048,00003048,1743,1.3688669,OK
3049,00003049,1778,1.370221,OK
3050,00003050,1827,1.3683741,OK
3051,00003051,1721,1.367219,OK
3052,00003052,1725,1.366671,OK
3053,00003053,1718,1.3686415,OK
3054,00003054,1704,1.3683039,OK
3055,00003055,1735,1.3682969,OK
3056,00003056,1740,1.36651,OK
3057,00003057,1706,1.3672602,OK
3058,00003058,1701,1.3621658,OK
3059,00003059,1731,1.3678173,OK
3060,00003060,1675,1.3673732,OK
3061,00003061,1736,1.3688511,OK
3062,00003062,1746,1.3712691,OK
3063,00003063,1717,1.3737792,OK
3064,00003064,1764,1.3681233,OK
3065,00003065,1746,1.3697668,OK
3066,00003066,1709,1.368012,OK
3067,00003067,1658,1.3671356,OK
3068,00003068,1657,1.3724198,OK
3069,00003069,1668,1.3709134,OK
3070,00003070,1762,1.372959,OK
3071,00003071,1773,1.37212,OK
3072,00003072,1770,1.3696247,OK
3073,00003073,1669,1.3704543,OK
3074,00003074,1768,1.3710783,OK
3075,00003075,1761,1.3736833,OK
3076,00003076,1780,1.3722075,OK
3077,00003077,1802,1.3699952,OK
3078,00003078,1843,1.3666669,OK
3079,00003079,1788,1.3696114,OK
3080,00003080,1749,1.3699117,OK
3081,00003081,1781,1.366535,OK
3082,00003082,1754,1.3721452,OK
3083,00003083,1695,1.3673315,OK
3084,00003084,1728,1.3683951,OK
3085,00003085,1698,1.3664467,OK
3086,00003086,1747,1.3662694,OK
3087,00003087,1732,1.3659992,OK
3088,00003088,1762,1.3632394,OK
3089,00003089,1754,1.3707517,OK
3090,00003090,1734,1.373864,OK
3091,00003091,1755,1.367739,OK
3092,00003092,1737,1.3648094,OK
3093,00003093,1683,1.3693407,OK
3094,00003094,1760,1.3683494,OK
3095,00003095,1803,1.3713318,OK
3096,00003096,1753,1.3690358,OK
3097,00003097,1685,1.3685818,OK
3098,00003098,1718,1.3672607,OK
3099,00003099,1690,1.3700628,OK
3100,00003100,1805,1.3701631,OK
3101,00003101,1733,1.3685188,OK
3102,00003102,1792,1.3693926,OK
3103,00003103,1740,1.3672776,OK
3104,00003104,1713,1.3687403,OK
3105,00003105,1703,1.3675765,OK
3106,00003106,1734,1.3672311,OK
3107,00003107,1737,1.3651621,OK
3108,00003108,1759,1.3670529,OK
3109,00003109,1745,1.369235,OK
3110,00003110,1784,1.3678659,OK
3111,00003111,1784,1.3697629,OK
3112,00003112,1687,1.3665164,OK
3113,00003113,1734,1.3664955,OK
3114,00003114,1742,1.3674427,OK
3115,00003115,1731,1.3665031,OK
3116,00003116,1698,1.3685025,OK
3117,00003117,1717,1.3653473,OK
3118,00003118,1721,1.3695841,OK
3119,00003119,1811,1.3675201,OK
3120,00003120,1751,1.3657569,OK
3121,00003121,1764,1.3688093,OK
3122,00003122,1752,1.3654628,OK
3123,00003123,1740,1.3676909,OK
3124,00003124,1725,1.3717365,OK
3125,00003125,1784,1.3710382,OK
3126,00003126,1734,1.3663867,OK
3127,00003127,1739,1.3728098,OK
3128,00003128,1705,1.3695601,OK
3129,00003129,1695,1.3660063,OK
3130,00003130,1739,1.3677949,OK
3131,00003131,1807,1.3683335,OK
3132,00003132,1755,1.3647624,OK
3133,00003133,1754,1.3712708,OK
3134,00003134,1770,1.3701632,OK
3135,00003135,1662,1.3689144,OK
3136,00003136,1707,1.3664978,OK
3137,00003137,1686,1.3647492,OK
3138,00003138,1725,1.3687834,OK
3139,00003139,1693,1.3673885,OK
3140,00003140,1757,1.3639215,OK
3141,00003141,1723,1.3677197,OK
3142,00003142,1742,1.3656535,OK
3143,00003143,1703,1.3686469,OK
3144,00003144,1731,1.3648922,OK
3145,00003145,1744,1.3690274,OK
3146,00003146,1757,1.368949,OK
3147,00003147,1776,1.3710946,OK
3148,00003148,1693,1.3709525,OK
3149,00003149,1759,1.3718679,OK
3150,00003150,1802,1.3705825,OK
3151,00003151,1786,1.3709136,OK
3152,00003152,1779,1.372375,OK
3153,00003153,1765,1.3668458,OK
3154,00003154,1790,1.3734524,OK
3155,00003155,1761,1.3706465,OK
3156,00003156,1712,1.3674496,OK
3157,00003157,1719,1.366463,OK
3158,00003158,1743,1.3661869,OK
3159,00003159,1732,1.3643235,OK
3160,00003160,1714,1.3650843,OK
3161,00003161,1737,1.366451,OK
3162,00003162,1757,1.3696501,OK
3163,00003163,1776,1.3673221,OK
3164,00003164,1718,1.3635033,OK
3165,00003165,1748,1.363502,OK
3166,00003166,1764,1.3671298,OK
3167,00003167,1692,1.3632499,OK
3168,00003168,1707,1.3671466,OK
3169,00003169,1717,1.3677835,OK
3170,00003170,1780,1.3686707,OK
3171,00003171,1681,1.3673944,OK
3172,00003172,1650,1.3662716,OK
3173,00003173,1711,1.3673271,OK
3174,00003174,1725,1.3689822,OK
3175,00003175,1704,1.367973,OK
3176,00003176,1666,1.3673505,OK
3177,00003177,1749,1.3670036,OK
3178,00003178,1660,1.3655831,OK
3179,00003179,1733,1.3652561,OK
3180,00003180,1697,1.3690441,OK
3181,00003181,1752,1.3681409,OK
3182,00003182,1740,1.3673983,OK
3183,00003183,1650,1.3668201,OK
3184,00003184,1695,1.3639948,OK
3185,00003185,1686,1.3683436,OK
3186,00003186,1688,1.3641118,OK
3187,00003187,1739,1.3688091,OK
3188,00003188,1772,1.3693225,OK
3189,00003189,1755,1.366034,OK
3190,00003190,1719,1.365176,OK
3191,00003191,1694,1.3642281,OK
3192,00003192,1763,1.3615253,OK
3193,00003193,1700,1.3671045,OK
3194,00003194,1772,1.3651649,OK
3195,00003195,1685,1.3673888,OK
3196,00003196,1726,1.3660322,OK
3197,00003197,1760,1.3643395,OK
3198,00003198,1693,1.3666545,OK
3199,00003199,1734,1.3675696,OK
3200,00003200,1722,1.3651549,OK
3201,00003201,1736,1.3680457,OK
3202,00003202,1690,1.3659122,OK
3203,00003203,1736,1.3691487,OK
3204,00003204,1685,1.369384,OK
3205,00003205,1731,1.3649116,OK
3206,00003206,1762,1.3642831,OK
3207,00003207,1666,1.3683463,OK
3208,00003208,1733,1.3627502,OK
3209,00003209,1673,1.3680384,OK
3210,00003210,1694,1.3653272,OK
3211,00003211,1686,1.3631167,OK
3212,00003212,1693,1.3686354,OK
3213,00003213,1756,1.3687254,OK
3214,00003214,1775,1.3704953,OK
3215,00003215,1742,1.3668003,OK
3216,00003216,1727,1.3696514,OK
3217,00003217,1747,1.3724688,OK
3218,00003218,1713,1.3683351,OK
3219,00003219,1711,1.3705773,OK
3220,00003220,1765,1.3699186,OK
3221,00003221,1710,1.3680772,OK
3222,00003222,1786,1.3684492,OK
3223,00003223,1759,1.3673527,OK
3224,00003224,1794,1.3683965,OK
3225,00003225,1761,1.3709102,OK
3226,00003226,1752,1.3698097,OK
3227,00003227,1780,1.370106,OK
3228,00003228,1775,1.3672167,OK
3229,00003229,1765,1.3676783,OK
3230,00003230,1756,1.3674383,OK
3231,00003231,1677,1.3674041,OK
3232,00003232,1672,1.3653044,OK
3233,00003233,1724,1.3617079,OK
3234,00003234,1613,1.3606298,OK
3235,00003235,1550,1.3617021,OK
3236,00003236,1586,1.3599086,OK
3237,00003237,1614,1.3678421,OK
3238,00003238,1570,1.3624374,OK
3239,00003239,1606,1.3686472,OK
3240,00003240,1604,1.365063,OK
3241,00003241,1629,1.3656684,OK
3242,00003242,1707,1.3665885,OK
3243,00003243,1621,1.3658881,OK
3244,00003244,1644,1.365626,OK
3245,00003245,1623,1.3650395,OK
3246,00003246,1673,1.3672436,OK
3247,00003247,1633,1.3690282,OK
3248,00003248,1681,1.3715094,OK
3249,00003249,1697,1.3695279,OK
3250,00003250,1679,1.3721303,OK
3251,00003251,1650,1.3672659,OK
3252,00003252,1635,1.3712215,OK
3253,00003253,1597,1.3694531,OK
3254,00003254,1613,1.3686752,OK
3255,00003255,1625,1.3658556,OK
3256,00003256,1599,1.3637958,OK
3257,00003257,1626,1.3661844,OK
3258,00003258,1609,1.3655214,OK
3259,00003259,1574,1.3636675,OK
3260,00003260,1596,1.3633287,OK
3261,00003261,1573,1.3657811,OK
3262,00003262,1555,1.3644366,OK
3263,00003263,1591,1.3651441,OK
3264,00003264,1545,1.3657129,OK
3265,00003265,1574,1.3614733,OK
3266,00003266,1585,1.3617605,OK
3267,00003267,1556,1.3703123,OK
3268,00003268,1656,1.3692601,OK
3269,00003269,1667,1.3650967,OK
3270,00003270,1675,1.3676149,OK
3271,00003271,1704,1.3692942,OK
3272,00003272,1692,1.3698097,OK
3273,00003273,1756,1.3675,OK
3274,00003274,1721,1.3674312,OK
3275,00003275,1696,1.366958,OK
3276,00003276,1727,1.369738,OK
3277,00003277,1723,1.3689975,OK
3278,00003278,1756,1.3682077,OK
3279,00003279,1734,1.3700048,OK
3280,00003280,1771,1.3676326,OK
3281,00003281,1753,1.3701429,OK
3282,00003282,1791,1.3680143,OK
3283,00003283,1783,1.3736502,OK
3284,00003284,1706,1.3677101,OK
3285,00003285,1738,1.3709123,OK
3286,00003286,1799,1.3715879,OK
3287,00003287,1684,1.3647188,OK
3288,00003288,1609,1.3712416,OK
3289,00003289,1589,1.3642956,OK
3290,00003290,1584,1.3633612,OK
3291,00003291,1567,1.3622248,OK
3292,00003292,1549,1.3664579,OK
3293,00003293,1663,1.3621162,OK
3294,00003294,1710,1.3617823,OK
3295,00003295,1756,1.3654423,OK
3296,00003296,1714,1.3664457,OK
3297,00003297,1699,1.3699033,OK
3298,00003298,1748,1.366043,OK
3299,00003299,1691,1.3683482,OK
3300,00003300,1738,1.3662701,OK
3301,00003301,1713,1.3669754,OK
3302,00003302,1711,1.364955,OK
3303,00003303,1660,1.3626746,OK
3304,00003304,1672,1.3641028,OK
3305,00003305,1733,1.365519,OK
3306,00003306,1631,1.3625827,OK
3307,00003307,1673,1.3645946,OK
3308,00003308,1576,1.3628597,OK
3309,00003309,1566,1.3642218,OK
3310,00003310,1520,1.3630673,OK
3311,00003311,1529,1.367077,OK
3312,00003312,1553,1.361166,OK
3313,00003313,1570,1.3609285,OK
3314,00003314,1522,1.3605794,OK
3315,00003315,1509,1.3581973,OK
3316,00003316,1559,1.3615079,OK
3317,00003317,1588,1.3583348,OK
3318,00003318,1533,1.3648869,OK
3319,00003319,1508,1.3553256,OK
3320,00003320,1573,1.3644733,OK
3321,00003321,1543,1.3642694,OK
3322,00003322,1489,1.3513838,OK
3323,00003323,1473,1.3601549,OK
3324,00003324,1538,1.3631688,OK
3325,00003325,1520,1.3591386,OK
3326,00003326,1524,1.3654631,OK
3327,00003327,1503,1.3587263,OK
3328,00003328,1541,1.3598297,OK
3329,00003329,1501,1.3641998,OK
3330,00003330,1586,1.3624127,OK
3331,00003331,1538,1.3598782,OK
3332,00003332,1588,1.3602991,OK
3333,00003333,1503,1.3639898,OK
3334,00003334,1576,1.3682468,OK
3335,00003335,1612,1.3626064,OK
3336,00003336,1544,1.3655171,OK
3337,00003337,1545,1.3622354,OK
3338,00003338,1514,1.3615279,OK
3339,00003339,1585,1.3618326,OK
3340,00003340,1614,1.3639299,OK
3341,00003341,1457,1.3664225,OK
3342,00003342,1585,1.3608577,OK
3343,00003343,1560,1.3640751,OK
3344,00003344,1576,1.3642532,OK
3345,00003345,1588,1.3619317,OK
3346,00003346,1586,1.3619132,OK
3347,00003347,1587,1.3619709,OK
3348,00003348,1538,1.358702,OK
3349,00003349,1520,1.362835,OK
3350,00003350,1536,1.3671225,OK
3351,00003351,1577,1.3622082,OK
3352,00003352,1584,1.3664193,OK
3353,00003353,1544,1.3666022,OK
3354,00003354,1612,1.3648711,OK
3355,00003355,1585,1.3634694,OK
3356,00003356,1579,1.3601364,OK
3357,00003357,1569,1.3647676,OK
3358,00003358,1583,1.361935,OK
3359,00003359,1562,1.3598045,OK
3360,00003360,1546,1.3619756,OK
3361,00003361,1528,1.3630748,OK
3362,00003362,1532,1.3664353,OK
3363,00003363,1508,1.3659279,OK
3364,00003364,1516,1.369701,OK
3365,00003365,1560,1.3678647,OK
3366,00003366,1508,1.365994,OK
3367,00003367,1577,1.3656378,OK
3368,00003368,1554,1.3663052,OK
3369,00003369,1585,1.3653363,OK
3370,00003370,1519,1.3663318,OK
3371,00003371,1572,1.3633094,OK
3372,00003372,1475,1.3656363,OK
3373,00003373,1521,1.365019,OK
3374,00003374,1582,1.3678178,OK
3375,00003375,1580,1.3625007,OK
3376,00003376,1562,1.3639596,OK
3377,00003377,1530,1.3620979,OK
3378,00003378,1572,1.3632412,OK
3379,00003379,1545,1.365286,OK
3380,00003380,1626,1.3643242,OK
3381,00003381,1571,1.3608989,OK
3382,00003382,1623,1.3607631,OK
3383,00003383,1654,1.3631738,OK
3384,00003384,1563,1.3640674,OK
3385,00003385,1501,1.3641962,OK
3386,00003386,1506,1.364178,OK
3387,00003387,1614,1.3652688,OK
3388,00003388,1587,1.3659254,OK
3389,00003389,1622,1.3652453,OK
3390,00003390,1536,1.3634001,OK
3391,00003391,1597,1.363361,OK
3392,00003392,1525,1.3602536,OK
3393,00003393,1592,1.3616756,OK
3394,00003394,1617,1.3648415,OK
3395,00003395,1587,1.3610628,OK
3396,00003396,1651,1.3625993,OK
3397,00003397,1663,1.3625375,OK
3398,00003398,1614,1.3664765,OK
3399,00003399,1522,1.3593401,OK
3400,00003400,1500,1.3556625,OK
3401,00003401,1554,1.3672729,OK
3402,00003402,1530,1.3626305,OK
3403,00003403,1538,1.3584952,OK
3404,00003404,1506,1.3613281,OK
3405,00003405,1530,1.3606998,OK
3406,00003406,1596,1.3659016,OK
3407,00003407,1620,1.3660222,OK
3408,00003408,1592,1.3615069,OK
3409,00003409,1548,1.3597113,OK
3410,00003410,1616,1.3646816,OK
3411,00003411,1550,1.3612957,OK
3412,00003412,1497,1.3603473,OK
3413,00003413,1527,1.3627872,OK
3414,00003414,1539,1.3660777,OK
3415,00003415,1537,1.3627802,OK
3416,00003416,1607,1.3605897,OK
3417,00003417,1571,1.3637838,OK
3418,00003418,1601,1.368883,OK
3419,00003419,1598,1.3640285,OK
3420,00003420,1558,1.3654532,OK
3421,00003421,1592,1.3656952,OK
3422,00003422,1548,1.3671426,OK
3423,00003423,1608,1.3648692,OK
3424,00003424,1565,1.3680894,OK
3425,00003425,1614,1.3641071,OK
3426,00003426,1542,1.3599503,OK
3427,00003427,1502,1.3629882,OK
3428,00003428,1496,1.3625065,OK
3429,00003429,1589,1.3644896,OK
3430,00003430,1587,1.3647729,OK
3431,00003431,1560,1.3613027,OK
3432,00003432,1502,1.3581048,OK
3433,00003433,1517,1.3564825,OK
3434,00003434,1548,1.3574506,OK
3435,00003435,1513,1.3575255,OK
3436,00003436,1473,1.3595345,OK
3437,00003437,1474,1.3588516,OK
3438,00003438,1534,1.3582702,OK
3439,00003439,1495,1.3630217,OK
3440,00003440,1458,1.3618089,OK
3441,00003441,1491,1.3602805,OK
3442,00003442,1494,1.3582662,OK
3443,00003443,1460,1.3593695,OK
3444,00003444,1509,1.3597721,OK
3445,00003445,1463,1.3587449,OK
3446,00003446,1553,1.3607275,OK
3447,00003447,1494,1.3598102,OK
3448,00003448,1456,1.3567575,OK
3449,00003449,1490,1.3612759,OK
3450,00003450,1485,1.3595544,OK
3451,00003451,1496,1.3611354,OK
3452,00003452,1477,1.3580478,OK
3453,00003453,1465,1.3564795,OK
3454,00003454,1528,1.360254,OK
3455,00003455,1480,1.3654492,OK
3456,00003456,1570,1.3644239,OK
3457,00003457,1522,1.3635068,OK
3458,00003458,1503,1.3665878,OK
3459,00003459,1567,1.36208,OK
3460,00003460,1610,1.3671592,OK
3461,00003461,1525,1.3643548,OK
3462,00003462,1552,1.3646165,OK
3463,00003463,1543,1.3608041,OK
3464,00003464,1546,1.3598571,OK
3465,00003465,1502,1.3590738,OK
3466,00003466,1472,1.3581505,OK
3467,00003467,1523,1.363884,OK
3468,00003468,1526,1.3639861,OK
3469,00003469,1534,1.3627977,OK
3470,00003470,1550,1.3658447,OK
3471,00003471,1557,1.3656198,OK
3472,00003472,1584,1.3671403,OK
3473,00003473,1607,1.3663987,OK
3474,00003474,1547,1.3659906,OK
3475,00003475,1569,1.3698502,OK
3476,00003476,1506,1.3650496,OK
3477,00003477,1545,1.3638273,OK
3478,00003478,1504,1.3657227,OK
3479,00003479,1562,1.3665428,OK
3480,00003480,1476,1.36095,OK
3481,00003481,1505,1.3582805,OK
3482,00003482,1504,1.3659557,OK
3483,00003483,1499,1.3612846,OK
3484,00003484,1414,1.36153,OK
3485,00003485,1436,1.3547131,OK
3486,00003486,1482,1.3582134,OK
3487,00003487,1434,1.3561358,OK
3488,00003488,1440,1.3538967,OK
3489,00003489,1495,1.3588895,OK
3490,00003490,1424,1.3566197,OK
3491,00003491,1432,1.3590885,OK
3492,00003492,1472,1.3552324,OK
3493,00003493,1463,1.3600918,OK
3494,00003494,1498,1.3599579,OK
3495,00003495,1505,1.3613532,OK
3496,00003496,1485,1.3612751,OK
3497,00003497,1467,1.3584416,OK
3498,00003498,1501,1.3619972,OK
3499,00003499,1478,1.3600879,OK
3500,00003500,1464,1.3583655,OK
3501,00003501,1479,1.3583851,OK
3502,00003502,1529,1.3608963,OK
3503,00003503,1506,1.3543346,OK
3504,00003504,1486,1.3540545,OK
3505,00003505,1485,1.3602972,OK
3506,00003506,1459,1.3634952,OK
3507,00003507,1400,1.3578097,OK
3508,00003508,1447,1.3590415,OK
3509,00003509,1428,1.3538204,OK
3510,00003510,1417,1.356354,OK
3511,00003511,1413,1.3530481,OK
3512,00003512,1403,1.3547165,OK
3513,00003513,1394,1.3503671,OK
3514,00003514,1439,1.3521148,OK
3515,00003515,1500,1.3560618,OK
3516,00003516,1431,1.3598571,OK
3517,00003517,1466,1.3544987,OK
3518,00003518,1500,1.3566223,OK
3519,00003519,1485,1.3588392,OK
3520,00003520,1460,1.358433,OK
3521,00003521,1480,1.3664125,OK
3522,00003522,1496,1.3631029,OK
3523,00003523,1506,1.3602601,OK
3524,00003524,1522,1.3639864,OK
3525,00003525,1601,1.3625625,OK
3526,00003526,1551,1.3652004,OK
3527,00003527,1551,1.3600684,OK
3528,00003528,1612,1.3689848,OK
3529,00003529,1532,1.366948,OK
3530,00003530,1629,1.3647422,OK
3531,00003531,1574,1.365012,OK
3532,00003532,1539,1.3636365,OK
3533,00003533,1600,1.365744,OK
3534,00003534,1564,1.3616681,OK
3535,00003535,1503,1.3622488,OK
3536,00003536,1514,1.3666571,OK
3537,00003537,1482,1.3644196,OK
3538,00003538,1519,1.366069,OK
3539,00003539,1570,1.3652792,OK
3540,00003540,1521,1.3701403,OK
3541,00003541,1646,1.3685231,OK
3542,00003542,1554,1.3668205,OK
3543,00003543,1553,1.366467,OK
3544,00003544,1534,1.3620408,OK
3545,00003545,1550,1.3619361,OK
3546,00003546,1542,1.3682972,OK
3547,00003547,1527,1.3663987,OK
3548,00003548,1531,1.3672607,OK
3549,00003549,1565,1.3624526,OK
3550,00003550,1656,1.3614634,OK
3551,00003551,1532,1.3630371,OK
3552,00003552,1532,1.358468,OK
3553,00003553,1511,1.35902,OK
3554,00003554,1436,1.360534,OK
3555,00003555,1581,1.3610778,OK
3556,00003556,1458,1.3605253,OK
3557,00003557,1507,1.3551345,OK
3558,00003558,1459,1.3622453,OK
3559,00003559,1610,1.3643136,OK
3560,00003560,1470,1.3618248,OK
3561,00003561,1496,1.3689301,OK
3562,00003562,1506,1.3604819,OK
3563,00003563,1551,1.3566692,OK
3564,00003564,1628,1.3653343,OK
3565,00003565,1418,1.363547,OK
3566,00003566,1466,1.36187,OK
3567,00003567,1466,1.3580959,OK
3568,00003568,1564,1.360635,OK
3569,00003569,1515,1.3590543,OK
3570,00003570,1469,1.3670075,OK
3571,00003571,1564,1.3630204,OK
3572,00003572,1613,1.365548,OK
3573,00003573,1526,1.3662428,OK
3574,00003574,1529,1.3598777,OK
3575,00003575,1606,1.3652569,OK
3576,00003576,1634,1.3704398,OK
3577,00003577,1573,1.3702669,OK
3578,00003578,1626,1.3703336,OK
3579,00003579,1610,1.3659794,OK
3580,00003580,1474,1.3707564,OK
3581,00003581,1523,1.3674369,OK
3582,00003582,1496,1.3657701,OK
3583,00003583,1539,1.365022,OK
3584,00003584,1543,1.3685638,OK
3585,00003585,1518,1.3674252,OK
3586,00003586,1588,1.3633609,OK
3587,00003587,1540,1.3688207,OK
3588,00003588,1554,1.3658834,OK
3589,00003589,1570,1.3658856,OK
3590,00003590,1524,1.3656509,OK
3591,00003591,1566,1.3684578,OK
3592,00003592,1512,1.3659607,OK
3593,00003593,1575,1.368931,OK
3594,00003594,1577,1.3672994,OK
3595,00003595,1565,1.3665235,OK
3596,00003596,1531,1.3690848,OK
3597,00003597,1489,1.3651938,OK
3598,00003598,1587,1.366963,OK
3599,00003599,1600,1.3674883,OK
3600,00003600,1584,1.362542,OK
3601,00003601,1666,1.3681664,OK
3602,00003602,1626,1.3685708,OK
3603,00003603,1707,1.3673162,OK
3604,00003604,1691,1.3662118,OK
3605,00003605,1685,1.3663205,OK
3606,00003606,1737,1.3670228,OK
3607,00003607,1731,1.3691243,OK
3608,00003608,1725,1.3651681,OK
3609,00003609,1681,1.3673403,OK
3610,00003610,1666,1.3675426,OK
3611,00003611,1700,1.3670521,OK
3612,00003612,1685,1.3668108,OK
3613,00003613,1774,1.3647641,OK
3614,00003614,1686,1.3641695,OK
3615,00003615,1682,1.3646798,OK
3616,00003616,1694,1.3639992,OK
3617,00003617,1700,1.3672317,OK
3618,00003618,1646,1.369986,OK
3619,00003619,1650,1.3658565,OK
3620,00003620,1710,1.3646603,OK
3621,00003621,1689,1.3643749,OK
3622,00003622,1692,1.3662885,OK
3623,00003623,1728,1.3665099,OK
3624,00003624,1708,1.3636631,OK
3625,00003625,1706,1.3729906,OK
3626,00003626,1681,1.3676816,OK
3627,00003627,1735,1.3687879,OK
3628,00003628,1666,1.3696628,OK
3629,00003629,1682,1.3680592,OK
3630,00003630,1693,1.3714738,OK
3631,00003631,1712,1.3653237,OK
3632,00003632,1697,1.366648,OK
3633,00003633,1735,1.3670781,OK
3634,00003634,1705,1.369152,OK
3635,00003635,1707,1.3634621,OK
3636,00003636,1719,1.3630029,OK
3637,00003637,1660,1.3674648,OK
3638,00003638,1671,1.3637011,OK
3639,00003639,1705,1.3695295,OK
3640,00003640,1752,1.3690052,OK
3641,00003641,1768,1.3670331,OK
3642,00003642,1783,1.3678037,OK
3643,00003643,1742,1.3658953,OK
3644,00003644,1772,1.3677524,OK
3645,00003645,1726,1.3667662,OK
3646,00003646,1752,1.364546,OK
3647,00003647,1752,1.3671308,OK
3648,00003648,1685,1.366881,OK
3649,00003649,1811,1.3636746,OK
3650,00003650,1709,1.3677082,OK
3651,00003651,1742,1.3654897,OK
3652,00003652,1724,1.3681897,OK
3653,00003653,1654,1.3672589,OK
3654,00003654,1825,1.3644459,OK
3655,00003655,1771,1.370034,OK
3656,00003656,1805,1.3696808,OK
3657,00003657,1727,1.3674953,OK
3658,00003658,1743,1.3674266,OK
3659,00003659,1783,1.3687186,OK
3660,00003660,1762,1.3687909,OK
3661,00003661,1667,1.3625909,OK
3662,00003662,1794,1.3676695,OK
3663,00003663,1800,1.3703058,OK
3664,00003664,1798,1.3714066,OK
3665,00003665,1786,1.3687899,OK
3666,00003666,1719,1.3728389,OK
3667,00003667,1791,1.3705084,OK
3668,00003668,1837,1.372802,OK
3669,00003669,1761,1.3718114,OK
3670,00003670,1817,1.3729784,OK
3671,00003671,1820,1.3651261,OK
3672,00003672,1802,1.3708909,OK
3673,00003673,1766,1.3676062,OK
3674,00003674,1760,1.3697469,OK
3675,00003675,1813,1.3673878,OK
3676,00003676,1810,1.3668847,OK
3677,00003677,1779,1.3713286,OK
3678,00003678,1721,1.3698127,OK
3679,00003679,1793,1.3721594,OK
3680,00003680,1763,1.3648593,OK
3681,00003681,1777,1.3687898,OK
3682,00003682,1778,1.3700889,OK
3683,00003683,1791,1.3698975,OK
3684,00003684,1684,1.3724846,OK
3685,00003685,1757,1.3709397,OK
3686,00003686,1705,1.3640046,OK
3687,00003687,1830,1.3700161,OK
3688,00003688,1771,1.3684789,OK
3689,00003689,1735,1.3672881,OK
3690,00003690,1779,1.3703768,OK
3691,00003691,1765,1.3667103,OK
3692,00003692,1759,1.3688947,OK
3693,00003693,1705,1.3678136,OK
3694,00003694,1765,1.3652742,OK
3695,00003695,1750,1.3673571,OK
3696,00003696,1721,1.3659772,OK
3697,00003697,1766,1.3674679,OK
3698,00003698,1744,1.3624251,OK
3699,00003699,1709,1.3696672,OK
3700,00003700,1708,1.3666197,OK
3701,00003701,1777,1.3699903,OK
3702,00003702,1755,1.367227,OK
3703,00003703,1813,1.3695177,OK
3704,00003704,1779,1.36838,OK
3705,00003705,1752,1.3650312,OK
3706,00003706,1752,1.3671708,OK
3707,00003707,1812,1.368107,OK
3708,00003708,1785,1.367493,OK
3709,00003709,1748,1.368769,OK
3710,00003710,1745,1.365888,OK
3711,00003711,1739,1.3663222,OK
3712,00003712,1781,1.3678036,OK
3713,00003713,1803,1.3657194,OK
3714,00003714,1743,1.3709177,OK
3715,00003715,1769,1.3673849,OK
3716,00003716,1702,1.3705549,OK
3717,00003717,1752,1.3676653,OK
3718,00003718,1724,1.3653287,OK
3719,00003719,1757,1.3621728,OK
3720,00003720,1743,1.365844,OK
3721,00003721,1784,1.3692027,OK
3722,00003722,1752,1.3680311,OK
3723,00003723,1712,1.3702615,OK
3724,00003724,1747,1.3738818,OK
3725,00003725,1735,1.3708928,OK
3726,00003726,1757,1.3688146,OK
3727,00003727,1807,1.3689275,OK
3728,00003728,1724,1.3724118,OK
3729,00003729,1757,1.369588,OK
3730,00003730,1711,1.3645512,OK
3731,00003731,1717,1.3699423,OK
3732,00003732,1709,1.366644,OK
3733,00003733,1755,1.3643146,OK
3734,00003734,1696,1.3691494,OK
3735,00003735,1754,1.3726931,OK
3736,00003736,1704,1.3678241,OK
3737,00003737,1722,1.3700789,OK
3738,00003738,1743,1.3691001,OK
3739,00003739,1717,1.3661219,OK
3740,00003740,1800,1.3658599,OK
3741,00003741,1749,1.3625633,OK
3742,00003742,1733,1.3662372,OK
3743,00003743,1754,1.3658059,OK
3744,00003744,1731,1.3675208,OK
3745,00003745,1725,1.3664768,OK
3746,00003746,1724,1.3673023,OK
3747,00003747,1792,1.3648647,OK
3748,00003748,1740,1.3690788,OK
3749,00003749,1714,1.3663753,OK
3750,00003750,1670,1.3667045,OK
3751,00003751,1708,1.3704425,OK
3752,00003752,1751,1.3690863,OK
3753,00003753,1797,1.3666142,OK
3754,00003754,1776,1.3703257,OK
3755,00003755,1768,1.3714558,OK
3756,00003756,1784,1.3713392,OK
3757,00003757,1738,1.3680688,OK
3758,00003758,1729,1.3692434,OK
3759,00003759,1746,1.3669199,OK
3760,00003760,1741,1.3703676,OK
3761,00003761,1789,1.3639345,OK
3762,00003762,1726,1.3684633,OK
3763,00003763,1696,1.3694755,OK
3764,00003764,1748,1.3661423,OK
3765,00003765,1696,1.3667686,OK
3766,00003766,1749,1.3679125,OK
3767,00003767,1723,1.3714657,OK
3768,00003768,1739,1.3682097,OK
3769,00003769,1766,1.3693259,OK
3770,00003770,1727,1.364318,OK
3771,00003771,1784,1.3688873,OK
3772,00003772,1728,1.368188,OK
3773,00003773,1748,1.3687226,OK
3774,00003774,1725,1.3706785,OK
3775,00003775,1711,1.3672094,OK
3776,00003776,1772,1.3677287,OK
3777,00003777,1766,1.3664718,OK
3778,00003778,1664,1.3694707,OK
3779,00003779,1759,1.3672936,OK
3780,00003780,1783,1.3658574,OK
3781,00003781,1767,1.3667203,OK
3782,00003782,1771,1.3698028,OK
3783,00003783,1786,1.3692917,OK
3784,00003784,1771,1.366753,OK
3785,00003785,1782,1.3670609,OK
3786,00003786,1732,1.3670516,OK
3787,00003787,1722,1.3652444,OK
3788,00003788,1701,1.368834,OK
3789,00003789,1717,1.3652822,OK
3790,00003790,1703,1.3645949,OK
3791,00003791,1678,1.3667139,OK
3792,00003792,1711,1.367874,OK
3793,00003793,1726,1.3688798,OK
3794,00003794,1742,1.364169,OK
3795,00003795,1775,1.3654685,OK
3796,00003796,1680,1.3637884,OK
3797,00003797,1720,1.3692164,OK
3798,00003798,1744,1.3639674,OK
3799,00003799,1427,1.365813,OK
3800,00003800,1470,1.3646861,OK
3801,00003801,1435,1.3620427,OK
3802,00003802,1524,1.3587962,OK
3803,00003803,1526,1.3650168,OK
3804,00003804,1519,1.3636737,OK
3805,00003805,1545,1.3636782,OK
3806,00003806,1556,1.3637285,OK
3807,00003807,1582,1.3647952,OK
3808,00003808,1537,1.3614066,OK
3809,00003809,1541,1.3737326,OK
3810,00003810,1606,1.3659017,OK
3811,00003811,1585,1.3659854,OK
3812,00003812,1594,1.3650166,OK
3813,00003813,1618,1.3665812,OK
3814,00003814,1556,1.3647671,OK
3815,00003815,1518,1.3646867,OK
3816,00003816,1579,1.3645681,OK
3817,00003817,1557,1.3656367,OK
3818,00003818,1505,1.3656228,OK
3819,00003819,1616,1.3648794,OK
3820,00003820,1529,1.3638965,OK
3821,00003821,1517,1.3652335,OK
3822,00003822,1539,1.3681841,OK
3823,00003823,1590,1.3659269,OK
3824,00003824,1498,1.3660313,OK
3825,00003825,1524,1.364806,OK
3826,00003826,1579,1.3630095,OK
3827,00003827,1557,1.3651284,OK
3828,00003828,1523,1.3633088,OK
3829,00003829,1539,1.3655663,OK
3830,00003830,1522,1.3643357,OK
3831,00003831,1575,1.3684437,OK
3832,00003832,1586,1.3656493,OK
3833,00003833,1573,1.3673921,OK
3834,00003834,1551,1.3630612,OK
3835,00003835,1544,1.369209,OK
3836,00003836,1574,1.3683447,OK
3837,00003837,1588,1.3662694,OK
3838,00003838,1582,1.3670443,OK
3839,00003839,1547,1.3707759,OK
3840,00003840,1597,1.3696846,OK
3841,00003841,1611,1.3634398,OK
3842,00003842,1531,1.3660628,OK
3843,00003843,1543,1.3642762,OK
3844,00003844,1557,1.3646431,OK
3845,00003845,1529,1.3621426,OK
3846,00003846,1589,1.3632185,OK
3847,00003847,1515,1.3648176,OK
3848,00003848,1536,1.3634648,OK
3849,00003849,1603,1.3655719,OK
3850,00003850,1582,1.3652881,OK
3851,00003851,1531,1.3676006,OK
3852,00003852,1608,1.3640862,OK
3853,00003853,1487,1.3582636,OK
3854,00003854,1540,1.3589818,OK
3855,00003855,1603,1.362528,OK
3856,00003856,1539,1.3644986,OK
3857,00003857,1524,1.3627106,OK
3858,00003858,1599,1.3615308,OK
3859,00003859,1472,1.3590453,OK
3860,00003860,1481,1.3615831,OK
3861,00003861,1494,1.3568978,OK
3862,00003862,1495,1.3603926,OK
3863,00003863,1504,1.3618603,OK
3864,00003864,1580,1.3641982,OK
3865,00003865,1480,1.3685017,OK
3866,00003866,1536,1.3642874,OK
3867,00003867,1453,1.3600391,OK
3868,00003868,1536,1.3681188,OK
3869,00003869,1572,1.3665298,OK
3870,00003870,1585,1.3646059,OK
3871,00003871,1689,1.3748008,OK
3872,00003872,1706,1.3672317,OK
3873,00003873,1732,1.3634357,OK
3874,00003874,1669,1.3662153,OK
3875,00003875,1741,1.3719075,OK
3876,00003876,1742,1.3695911,OK
3877,00003877,1825,1.3680739,OK
3878,00003878,1793,1.3741192,OK
3879,00003879,1825,1.3675237,OK
3880,00003880,1718,1.3624067,OK
3881,00003881,1782,1.3683382,OK
3882,00003882,1728,1.36668,OK
3883,00003883,1791,1.367304,OK
3884,00003884,1755,1.3690983,OK
3885,00003885,1707,1.3689994,OK
3886,00003886,1768,1.3668578,OK
3887,00003887,1746,1.3685411,OK
3888,00003888,1762,1.369868,OK
3889,00003889,1744,1.3740749,OK
3890,00003890,1857,1.3720788,OK
3891,00003891,1797,1.3690732,OK
3892,00003892,1816,1.3699907,OK
3893,00003893,1790,1.3669016,OK
3894,00003894,1697,1.3636477,OK
3895,00003895,1735,1.3661219,OK
3896,00003896,1765,1.3674852,OK
3897,00003897,1760,1.3671448,OK
3898,00003898,1684,1.3681365,OK
3899,00003899,1760,1.3657835,OK
3900,00003900,1691,1.3652577,OK
3901,00003901,1734,1.3695413,OK
3902,00003902,1763,1.3681048,OK
3903,00003903,1686,1.3656547,OK
3904,00003904,1725,1.3707191,OK
3905,00003905,1725,1.3724871,OK
3906,00003906,1671,1.3720589,OK
3907,00003907,1726,1.371343,OK
3908,00003908,1815,1.3710779,OK
3909,00003909,1868,1.3697113,OK
3910,00003910,1902,1.367672,OK
3911,00003911,1782,1.371456,OK
3912,00003912,1808,1.3706102,OK
3913,00003913,1836,1.3721355,OK
3914,00003914,1803,1.3694967,OK
3915,00003915,1769,1.3665524,OK
3916,00003916,1759,1.3634561,OK
3917,00003917,1788,1.3668551,OK
3918,00003918,1742,1.3665291,OK
3919,00003919,1832,1.3684539,OK
3920,00003920,1771,1.3709134,OK
3921,00003921,1766,1.366895,OK
3922,00003922,1811,1.3725923,OK
3923,00003923,1798,1.3722403,OK
3924,00003924,1802,1.3675525,OK
3925,00003925,1732,1.369904,OK
3926,00003926,1755,1.3645389,OK
3927,00003927,1691,1.3701438,OK
3928,00003928,1715,1.3706527,OK
3929,00003929,1726,1.3712262,OK
3930,00003930,1759,1.3706999,OK
3931,00003931,1762,1.3621774,OK
3932,00003932,1725,1.3653227,OK
3933,00003933,1722,1.3671191,OK
3934,00003934,1736,1.3680242,OK
3935,00003935,1729,1.3728132,OK
3936,00003936,1654,1.3748606,OK
3937,00003937,1686,1.3693477,OK
3938,00003938,1717,1.3696823,OK
3939,00003939,1730,1.3736365,OK
3940,00003940,1742,1.3716944,OK
3941,00003941,1704,1.3795846,OK
3942,00003942,1660,1.3764378,OK
3943,00003943,1610,1.3736646,OK
3944,00003944,1741,1.3705626,OK
3945,00003945,1717,1.371672,OK
3946,00003946,1711,1.3674897,OK
3947,00003947,1721,1.3667568,OK
3948,00003948,1708,1.3695034,OK
3949,00003949,1703,1.3678448,OK
3950,00003950,1755,1.3707045,OK
3951,00003951,1828,1.3693941,OK
3952,00003952,1705,1.3676245,OK
3953,00003953,1616,1.3626488,OK
3954,00003954,1618,1.3638664,OK
3955,00003955,1671,1.3675755,OK
3956,00003956,1733,1.369801,OK
3957,00003957,1691,1.3709391,OK
3958,00003958,1735,1.3681896,OK
3959,00003959,1762,1.3709646,OK
3960,00003960,1754,1.3691081,OK
3961,00003961,1689,1.3680565,OK
3962,00003962,1778,1.372881,OK
3963,00003963,1776,1.3703011,OK
3964,00003964,1740,1.3750111,OK
3965,00003965,1792,1.3741834,OK
3966,00003966,1741,1.366261,OK
3967,00003967,1716,1.3676575,OK
3968,00003968,1655,1.3729393,OK
3969,00003969,1611,1.375068,OK
3970,00003970,1658,1.3687035,OK
3971,00003971,1708,1.3687264,OK
3972,00003972,1685,1.371882,OK
3973,00003973,1813,1.3767897,OK
3974,00003974,1829,1.3773779,OK
3975,00003975,1798,1.3728918,OK
3976,00003976,1735,1.3710238,OK
3977,00003977,1795,1.3736241,OK
3978,00003978,1642,1.3714545,OK
3979,00003979,1775,1.36906,OK
3980,00003980,1694,1.366333,OK
3981,00003981,1604,1.3649714,OK
3982,00003982,1586,1.3668451,OK
3983,00003983,1538,1.3656236,OK
3984,00003984,1572,1.367168,OK
3985,00003985,1568,1.3731165,OK
3986,00003986,1570,1.3677974,OK
3987,00003987,1724,1.3703445,OK
3988,00003988,1766,1.3692924,OK
3989,00003989,1715,1.3709543,OK
3990,00003990,1727,1.3721899,OK
3991,00003991,1776,1.3693405,OK
3992,00003992,1764,1.370217,OK
3993,00003993,1772,1.3762797,OK
3994,00003994,1760,1.3702062,OK
3995,00003995,1776,1.369199,OK
3996,00003996,1741,1.3693476,OK
3997,00003997,1757,1.3667984,OK
3998,00003998,1813,1.3677964,OK
3999,00003999,1764,1.3705163,OK
4000,00004000,1744,1.3687794,OK
4001,00004001,1766,1.3689418,OK
4002,00004002,1793,1.372215,OK
4003,00004003,1773,1.3710327,OK
4004,00004004,1709,1.3708905,OK
4005,00004005,1775,1.3685838,OK
4006,00004006,1772,1.3667741,OK
4007,00004007,1755,1.3680419,OK
4008,00004008,1705,1.3719122,OK
4009,00004009,1648,1.3683555,OK
4010,00004010,1759,1.3667095,OK
4011,00004011,1728,1.368358,OK
4012,00004012,1758,1.3650389,OK
4013,00004013,1775,1.3660315,OK
4014,00004014,1673,1.3664812,OK
4015,00004015,1742,1.3693897,OK
4016,00004016,1807,1.3708596,OK
4017,00004017,1830,1.3732425,OK
4018,00004018,1912,1.3706686,OK
4019,00004019,1797,1.3719276,OK
4020,00004020,1876,1.3666027,OK
4021,00004021,1738,1.3663858,OK
4022,00004022,1735,1.3656266,OK
4023,00004023,1749,1.3678032,OK
4024,00004024,1758,1.3662581,OK
4025,00004025,1774,1.3677218,OK
4026,00004026,1825,1.3719858,OK
4027,00004027,1793,1.3695621,OK
4028,00004028,1712,1.3663713,OK
4029,00004029,1745,1.3673759,OK
4030,00004030,1772,1.3664445,OK
4031,00004031,1751,1.3684641,OK
4032,00004032,1744,1.3659956,OK
4033,00004033,1743,1.367647,OK
4034,00004034,1732,1.370217,OK
4035,00004035,1827,1.3756707,OK
4036,00004036,1791,1.3687192,OK
4037,00004037,1757,1.3654253,OK
4038,00004038,1780,1.3683863,OK
4039,00004039,1761,1.369365,OK
4040,00004040,1693,1.3668239,OK
4041,00004041,1731,1.3675432,OK
4042,00004042,1678,1.3685018,OK
4043,00004043,1767,1.3706284,OK
4044,00004044,1692,1.3657254,OK
4045,00004045,1732,1.3656629,OK
4046,00004046,1738,1.3744185,OK
4047,00004047,1721,1.3702593,OK
4048,00004048,1762,1.3642559,OK
4049,00004049,1734,1.3693935,OK
4050,00004050,1844,1.367055,OK
4051,00004051,1795,1.3670936,OK
4052,00004052,1728,1.3690596,OK
4053,00004053,1721,1.3653828,OK
4054,00004054,1756,1.3716707,OK
4055,00004055,1801,1.3703663,OK
4056,00004056,1784,1.3704447,OK
4057,00004057,1742,1.3683516,OK
4058,00004058,1741,1.3693277,OK
4059,00004059,1818,1.3676436,OK
4060,00004060,1752,1.3672221,OK
4061,00004061,1785,1.3699224,OK
4062,00004062,1741,1.3720294,OK
4063,00004063,1781,1.3712169,OK
4064,00004064,1749,1.36624,OK
4065,00004065,1777,1.3662822,OK
4066,00004066,1745,1.3698231,OK
4067,00004067,1778,1.3682494,OK
4068,00004068,1715,1.3685718,OK
4069,00004069,1770,1.3691926,OK
4070,00004070,1653,1.3664129,OK
4071,00004071,1710,1.3694303,OK
4072,00004072,1724,1.366776,OK
4073,00004073,1741,1.3694476,OK
4074,00004074,1702,1.3657472,OK
4075,00004075,1773,1.3650053,OK
4076,00004076,1725,1.3674308,OK
4077,00004077,1716,1.3689941,OK
4078,00004078,1692,1.3672787,OK
4079,00004079,1734,1.3666246,OK
4080,00004080,1704,1.3664886,OK
4081,00004081,1674,1.3633509,OK
4082,00004082,1652,1.3605981,OK
4083,00004083,1671,1.3658346,OK
4084,00004084,1658,1.3639053,OK
4085,00004085,1666,1.3678157,OK
4086,00004086,1750,1.3655312,OK
4087,00004087,1666,1.3636003,OK
4088,00004088,1681,1.3631322,OK
4089,00004089,1659,1.3649364,OK
4090,00004090,1670,1.3612772,OK
4091,00004091,1656,1.3633853,OK
4092,00004092,1498,1.3660139,OK
4093,00004093,1611,1.3703357,OK
4094,00004094,1617,1.3663335,OK
4095,00004095,1634,1.3676333,OK
4096,00004096,1644,1.3638699,OK
4097,00004097,1681,1.3641466,OK
4098,00004098,1662,1.3644682,OK
4099,00004099,1623,1.36064,OK
4100,00004100,1627,1.3671461,OK
4101,00004101,1669,1.3633311,OK
4102,00004102,1687,1.3638026,OK
4103,00004103,1689,1.3644949,OK
4104,00004104,1674,1.3639958,OK
4105,00004105,1712,1.3696948,OK
4106,00004106,1722,1.3631564,OK
4107,00004107,1721,1.3652548,OK
4108,00004108,1636,1.3609655,OK
4109,00004109,1705,1.367668,OK
4110,00004110,1728,1.3648384,OK
4111,00004111,1718,1.3650415,OK
4112,00004112,1764,1.3661772,OK
4113,00004113,1734,1.3669362,OK
4114,00004114,1692,1.3634775,OK
4115,00004115,1673,1.3631386,OK
4116,00004116,1691,1.3692745,OK
4117,00004117,1754,1.3676196,OK
4118,00004118,1718,1.3693868,OK
4119,00004119,1734,1.3669636,OK
4120,00004120,1701,1.367876,OK
4121,00004121,1637,1.3669341,OK
4122,00004122,1657,1.3708627,OK
4123,00004123,1616,1.363103,OK
4124,00004124,1640,1.3599386,OK
4125,00004125,1656,1.367935,OK
4126,00004126,1688,1.3676263,OK
4127,00004127,1720,1.3703926,OK
4128,00004128,1722,1.3654842,OK
4129,00004129,1729,1.3703673,OK
4130,00004130,1749,1.366672,OK
4131,00004131,1740,1.3631555,OK
4132,00004132,1663,1.3645507,OK
4133,00004133,1712,1.3653122,OK
4134,00004134,1712,1.3677659,OK
4135,00004135,1673,1.3664423,OK
4136,00004136,1692,1.3650731,OK
4137,00004137,1671,1.3681687,OK
4138,00004138,1768,1.368742,OK
4139,00004139,1720,1.3657645,OK
4140,00004140,1753,1.3678973,OK
4141,00004141,1707,1.3637861,OK
4142,00004142,1680,1.3659939,OK
4143,00004143,1725,1.3647108,OK
4144,00004144,1761,1.3718935,OK
4145,00004145,1721,1.3657031,OK
4146,00004146,1659,1.3596206,OK
4147,00004147,1745,1.3646585,OK
4148,00004148,1761,1.3664203,OK
4149,00004149,1754,1.3665277,OK
4150,00004150,1689,1.3655235,OK
4151,00004151,1704,1.367554,OK
4152,00004152,1678,1.3693674,OK
4153,00004153,1772,1.3626817,OK
4154,00004154,1729,1.3701439,OK
4155,00004155,1712,1.3677149,OK
4156,00004156,1740,1.3677173,OK
4157,00004157,1718,1.3697007,OK
4158,00004158,1697,1.3653345,OK
4159,00004159,1738,1.3677694,OK
4160,00004160,1728,1.364897,OK
4161,00004161,1691,1.3695748,OK
4162,00004162,1681,1.370654,OK
4163,00004163,1709,1.3657955,OK
4164,00004164,1661,1.3672695,OK
4165,00004165,1792,1.3657962,OK
4166,00004166,1704,1.3689016,OK
4167,00004167,1778,1.3688811,OK
4168,00004168,1724,1.3685108,OK
4169,00004169,1729,1.3691268,OK
4170,00004170,1616,1.366985,OK
4171,00004171,1700,1.3697133,OK
4172,00004172,1711,1.3701025,OK
4173,00004173,1771,1.3695818,OK
4174,00004174,1713,1.3668007,OK
4175,00004175,1737,1.3706361,OK
4176,00004176,1787,1.3629575,OK
4177,00004177,1764,1.3640057,OK
4178,00004178,1690,1.3663644,OK
4179,00004179,1705,1.3714554,OK
4180,00004180,1770,1.3637806,OK
4181,00004181,1743,1.3690149,OK
4182,00004182,1730,1.3696758,OK
4183,00004183,1741,1.365755,OK
4184,00004184,1740,1.3675613,OK
4185,00004185,1691,1.3676691,OK
4186,00004186,1672,1.3693374,OK
4187,00004187,1689,1.3629568,OK
4188,00004188,1738,1.3667728,OK
4189,00004189,1677,1.366776,OK
4190,00004190,1686,1.3652171,OK
4191,00004191,1707,1.3654194,OK
4192,00004192,1703,1.3677008,OK
4193,00004193,1753,1.3656466,OK
4194,00004194,1792,1.3676655,OK
4195,00004195,1703,1.3611474,OK
4196,00004196,1695,1.3678143,OK
4197,00004197,1741,1.3677807,OK
4198,00004198,1734,1.369243,OK
4199,00004199,268,1.4737556,OK
4200,00004200,257,1.4738631,OK
4201,00004201,278,1.4716457,OK
4202,00004202,249,1.4713356,OK
4203,00004203,268,1.4714202,OK
4204,00004204,247,1.4729303,OK
4205,00004205,272,1.4743754,OK
4206,00004206,269,1.4728998,OK
4207,00004207,271,1.4735137,OK
4208,00004208,275,1.4738687,OK
4209,00004209,276,1.4735754,OK
4210,00004210,253,1.4725593,OK
4211,00004211,293,1.4714533,OK
4212,00004212,289,1.4727956,OK
4213,00004213,263,1.471372,OK
4214,00004214,283,1.4698899,OK
4215,00004215,267,1.4723868,OK
4216,00004216,245,1.4705868,OK
4217,00004217,255,1.4709082,OK
4218,00004218,267,1.472742,OK
4219,00004219,266,1.4730798,OK
4220,00004220,253,1.4735185,OK
4221,00004221,272,1.4727899,OK
4222,00004222,250,1.4735903,OK
4223,00004223,273,1.4720231,OK
4224,00004224,288,1.4732779,OK
4225,00004225,285,1.4724094,OK
4226,00004226,278,1.4726552,OK
4227,00004227,279,1.472627,OK
4228,00004228,303,1.4702703,OK
4229,00004229,285,1.4744134,OK
4230,00004230,296,1.4738171,OK
4231,00004231,271,1.4741653,OK
4232,00004232,286,1.4719783,OK
4233,00004233,267,1.4737028,OK
4234,00004234,265,1.4734962,OK
4235,00004235,286,1.4739901,OK
4236,00004236,295,1.4734064,OK
4237,00004237,289,1.4745919,OK
4238,00004238,283,1.4729743,OK
4239,00004239,277,1.4713304,OK
4240,00004240,284,1.4741985,OK
4241,00004241,278,1.4734497,OK
4242,00004242,252,1.4724189,OK
4243,00004243,288,1.4746305,OK
4244,00004244,275,1.473386,OK
4245,00004245,278,1.4726993,OK
4246,00004246,268,1.4743534,OK
4247,00004247,288,1.4728523,OK
4248,00004248,291,1.4724823,OK
4249,00004249,283,1.4731704,OK
4250,00004250,277,1.4724628,OK
4251,00004251,253,1.4728768,OK
4252,00004252,278,1.4723214,OK
4253,00004253,257,1.4750221,OK
4254,00004254,272,1.4738533,OK
4255,00004255,256,1.4731063,OK
4256,00004256,269,1.4726397,OK
4257,00004257,297,1.4743165,OK
4258,00004258,295,1.4729619,OK
4259,00004259,306,1.4751062,OK
4260,00004260,288,1.4729342,OK
4261,00004261,288,1.4741772,OK
4262,00004262,294,1.4755378,OK
4263,00004263,302,1.4753243,OK
4264,00004264,304,1.4747357,OK
4265,00004265,306,1.4739872,OK
4266,00004266,296,1.4752871,OK
4267,00004267,294,1.4771913,OK
4268,00004268,323,1.4751309,OK
4269,00004269,285,1.4751563,OK
4270,00004270,284,1.4757645,OK
4271,00004271,300,1.4738208,OK
4272,00004272,299,1.4738615,OK
4273,00004273,306,1.475315,OK
4274,00004274,310,1.475636,OK
4275,00004275,267,1.476446,OK
4276,00004276,301,1.4738102,OK
4277,00004277,314,1.4744838,OK
4278,00004278,282,1.4745656,OK
4279,00004279,294,1.4746422,OK
4280,00004280,297,1.4749628,OK
4281,00004281,290,1.4763899,OK
4282,00004282,311,1.4742806,OK
4283,00004283,295,1.4740561,OK
4284,00004284,278,1.4742533,OK
4285,00004285,304,1.4763219,OK
4286,00004286,293,1.474458,OK
4287,00004287,281,1.4754448,OK
4288,00004288,278,1.4735597,OK
4289,00004289,320,1.4746025,OK
4290,00004290,280,1.4749132,OK
4291,00004291,284,1.4733881,OK
4292,00004292,289,1.4745951,OK
4293,00004293,289,1.4761173,OK
4294,00004294,301,1.4756083,OK
4295,00004295,294,1.4721805,OK
4296,00004296,297,1.4735937,OK
4297,00004297,283,1.4727517,OK
4298,00004298,278,1.4745244,OK
4299,00004299,282,1.4736806,OK
4300,00004300,278,1.4755696,OK
4301,00004301,302,1.473095,OK
4302,00004302,299,1.4733005,OK
4303,00004303,293,1.4725091,OK
4304,00004304,269,1.4751934,OK
4305,00004305,284,1.4736193,OK
4306,00004306,264,1.4718026,OK
4307,00004307,286,1.4720222,OK
4308,00004308,279,1.4735142,OK
4309,00004309,272,1.4723936,OK
4310,00004310,275,1.474522,OK
4311,00004311,263,1.4744285,OK
4312,00004312,270,1.4720464,OK
4313,00004313,278,1.473547,OK
4314,00004314,267,1.473563,OK
4315,00004315,270,1.4730874,OK
4316,00004316,280,1.4739095,OK
4317,00004317,300,1.4740609,OK
4318,00004318,286,1.4744363,OK
4319,00004319,280,1.4746962,OK
4320,00004320,300,1.4733402,OK
4321,00004321,302,1.473347,OK
4322,00004322,296,1.4743881,OK
4323,00004323,263,1.4733402,OK
4324,00004324,268,1.4754711,OK
4325,00004325,282,1.4725909,OK
4326,00004326,289,1.4731272,OK
4327,00004327,269,1.4737502,OK
4328,00004328,266,1.474042,OK
4329,00004329,287,1.4744147,OK
4330,00004330,274,1.4711019,OK
4331,00004331,302,1.4748709,OK
4332,00004332,311,1.4728847,OK
4333,00004333,294,1.4748095,OK
4334,00004334,307,1.472413,OK
4335,00004335,276,1.472982,OK
4336,00004336,296,1.474485,OK
4337,00004337,301,1.4743013,OK
4338,00004338,281,1.4741378,OK
4339,00004339,278,1.4727418,OK
4340,00004340,306,1.4748168,OK
4341,00004341,317,1.4745777,OK
4342,00004342,289,1.4734132,OK
4343,00004343,269,1.4729757,OK
4344,00004344,302,1.4764553,OK
4345,00004345,272,1.4782748,OK
4346,00004346,331,1.4767762,OK
4347,00004347,304,1.4764743,OK
4348,00004348,322,1.4786842,OK
4349,00004349,331,1.4781008,OK
4350,00004350,313,1.4779954,OK
4351,00004351,291,1.4780893,OK
4352,00004352,335,1.4762957,OK
4353,00004353,306,1.4737955,OK
4354,00004354,291,1.4740248,OK
4355,00004355,280,1.47525,OK
4356,00004356,306,1.4751709,OK
4357,00004357,297,1.4764016,OK
4358,00004358,319,1.4750552,OK
4359,00004359,298,1.4766264,OK
4360,00004360,321,1.475636,OK
4361,00004361,310,1.4764528,OK
4362,00004362,275,1.4748123,OK
4363,00004363,300,1.4793385,OK
4364,00004364,302,1.4774426,OK
4365,00004365,305,1.4789617,OK
4366,00004366,322,1.4796213,OK
4367,00004367,268,1.4781431,OK
4368,00004368,305,1.4755886,OK
4369,00004369,291,1.4767672,OK
4370,00004370,314,1.4765984,OK
4371,00004371,285,1.4761946,OK
4372,00004372,317,1.4769623,OK
4373,00004373,296,1.4790276,OK
4374,00004374,311,1.4759226,OK
4375,00004375,311,1.4769641,OK
4376,00004376,317,1.4759184,OK
4377,00004377,314,1.4774756,OK
4378,00004378,308,1.4761819,OK
4379,00004379,309,1.475023,OK
4380,00004380,274,1.4744278,OK
4381,00004381,271,1.4734545,OK
4382,00004382,294,1.4731026,OK
4383,00004383,297,1.4749515,OK
4384,00004384,281,1.4732765,OK
4385,00004385,274,1.4737203,OK
4386,00004386,269,1.4760236,OK
4387,00004387,255,1.4727087,OK
4388,00004388,281,1.4735577,OK
4389,00004389,273,1.4748559,OK
4390,00004390,254,1.4742947,OK
4391,00004391,282,1.4759923,OK
4392,00004392,292,1.4742422,OK
4393,00004393,323,1.4710631,OK
4394,00004394,250,1.4732835,OK
4395,00004395,272,1.4726807,OK
4396,00004396,250,1.4726845,OK
4397,00004397,266,1.4756798,OK
4398,00004398,270,1.4731694,OK
4399,00004399,359,1.4777452,OK
4400,00004400,376,1.4769108,OK
4401,00004401,391,1.4774969,OK
4402,00004402,409,1.4769455,OK
4403,00004403,406,1.4786197,OK
4404,00004404,364,1.476655,OK
4405,00004405,376,1.4767998,OK
4406,00004406,388,1.4750962,OK
4407,00004407,379,1.4764264,OK
4408,00004408,366,1.4775541,OK
4409,00004409,356,1.477667,OK
4410,00004410,357,1.476518,OK
4411,00004411,346,1.4814607,OK
4412,00004412,337,1.4797064,OK
4413,00004413,357,1.4790858,OK
4414,00004414,331,1.4758406,OK
4415,00004415,333,1.4759337,OK
4416,00004416,322,1.4723032,OK
4417,00004417,347,1.4734821,OK
4418,00004418,353,1.475772,OK
4419,00004419,321,1.4746354,OK
4420,00004420,335,1.477673,OK
4421,00004421,324,1.4761587,OK
4422,00004422,337,1.476033,OK
4423,00004423,324,1.4740491,OK
4424,00004424,324,1.4741776,OK
4425,00004425,346,1.4733417,OK
4426,00004426,321,1.473976,OK
4427,00004427,308,1.4762657,OK
4428,00004428,340,1.4744684,OK
4429,00004429,323,1.4768835,OK
4430,00004430,351,1.4747666,OK
4431,00004431,321,1.4777524,OK
4432,00004432,321,1.4744515,OK
4433,00004433,338,1.4737386,OK
4434,00004434,354,1.4776925,OK
4435,00004435,340,1.4770786,OK
4436,00004436,333,1.4742357,OK
4437,00004437,349,1.4746594,OK
4438,00004438,337,1.4746201,OK
4439,00004439,340,1.47323,OK
4440,00004440,344,1.4742284,OK
4441,00004441,328,1.4744473,OK
4442,00004442,329,1.4743155,OK
4443,00004443,344,1.4743435,OK
4444,00004444,344,1.4742959,OK
4445,00004445,312,1.4763618,OK
4446,00004446,320,1.475677,OK
4447,00004447,326,1.474164,OK
4448,00004448,359,1.47618,OK
4449,00004449,323,1.4752048,OK
4450,00004450,346,1.4762791,OK
4451,00004451,355,1.4749962,OK
4452,00004452,334,1.4780687,OK
4453,00004453,367,1.4770532,OK
4454,00004454,335,1.4758071,OK
4455,00004455,327,1.4746319,OK
4456,00004456,334,1.4764932,OK
4457,00004457,330,1.4748697,OK
4458,00004458,345,1.4757832,OK
4459,00004459,359,1.4770916,OK
4460,00004460,349,1.4770598,OK
4461,00004461,356,1.4758908,OK
4462,00004462,367,1.4780089,OK
4463,00004463,348,1.477295,OK
4464,00004464,344,1.4750681,OK
4465,00004465,328,1.4741403,OK
4466,00004466,375,1.478417,OK
4467,00004467,335,1.4771445,OK
4468,00004468,324,1.4731135,OK
4469,00004469,304,1.4759272,OK
4470,00004470,313,1.4720691,OK
4471,00004471,293,1.473009,OK
4472,00004472,322,1.4722438,OK
4473,00004473,291,1.4745804,OK
4474,00004474,304,1.4759699,OK
4475,00004475,315,1.4743785,OK
4476,00004476,288,1.4737611,OK
4477,00004477,340,1.4759008,OK
4478,00004478,346,1.4768543,OK
4479,00004479,340,1.4793881,OK
4480,00004480,356,1.4809577,OK
4481,00004481,330,1.4799047,OK
4482,00004482,367,1.4768109,OK
4483,00004483,370,1.4788152,OK
4484,00004484,306,1.474685,OK
4485,00004485,341,1.4787335,OK
4486,00004486,316,1.4730742,OK
4487,00004487,319,1.4729263,OK
4488,00004488,320,1.4726622,OK
4489,00004489,322,1.474551,OK
4490,00004490,312,1.4725549,OK
4491,00004491,291,1.473345,OK
4492,00004492,297,1.4743199,OK
4493,00004493,315,1.4740428,OK
4494,00004494,317,1.474437,OK
4495,00004495,290,1.474382,OK
4496,00004496,292,1.4730511,OK
4497,00004497,320,1.4730661,OK
4498,00004498,315,1.4723763,OK
4499,00004499,327,1.4745758,OK
4500,00004500,295,1.4752042,OK
4501,00004501,301,1.4733082,OK
4502,00004502,309,1.4760262,OK
4503,00004503,293,1.4743589,OK
4504,00004504,309,1.4754062,OK
4505,00004505,305,1.4741086,OK
4506,00004506,306,1.4744678,OK
4507,00004507,321,1.476455,OK
4508,00004508,319,1.4728999,OK
4509,00004509,325,1.475037,OK
4510,00004510,313,1.4752281,OK
4511,00004511,336,1.4753405,OK
4512,00004512,296,1.477017,OK
4513,00004513,297,1.4714487,OK
4514,00004514,288,1.4729862,OK
4515,00004515,275,1.4733094,OK
4516,00004516,274,1.4744896,OK
4517,00004517,309,1.4730327,OK
4518,00004518,299,1.4740876,OK
4519,00004519,291,1.4734093,OK
4520,00004520,315,1.4784939,OK
4521,00004521,319,1.4764649,OK
4522,00004522,331,1.4776864,OK
4523,00004523,299,1.4775889,OK
4524,00004524,334,1.4760066,OK
4525,00004525,338,1.477439,OK
4526,00004526,327,1.4766312,OK
4527,00004527,318,1.4779651,OK
4528,00004528,308,1.4792598,OK
4529,00004529,331,1.4779379,OK
4530,00004530,304,1.4782678,OK
4531,00004531,320,1.4775631,OK
4532,00004532,292,1.4792516,OK
4533,00004533,336,1.4761876,OK
4534,00004534,314,1.4807526,OK
4535,00004535,331,1.4760187,OK
4536,00004536,325,1.4763492,OK
4537,00004537,342,1.4762702,OK
4538,00004538,321,1.4772505,OK
4539,00004539,353,1.4777149,OK
4540,00004540,324,1.4774266,OK
4541,00004541,317,1.4768306,OK
4542,00004542,316,1.4780904,OK
4543,00004543,341,1.4769002,OK
4544,00004544,321,1.4780456,OK
4545,00004545,294,1.4789317,OK
4546,00004546,319,1.4758677,OK
4547,00004547,310,1.4767512,OK
4548,00004548,317,1.4781827,OK
4549,00004549,324,1.477655,OK
4550,00004550,329,1.4772009,OK
4551,00004551,325,1.4775757,OK
4552,00004552,331,1.4782561,OK
4553,00004553,319,1.476034,OK
4554,00004554,332,1.4780724,OK
4555,00004555,324,1.479835,OK
4556,00004556,324,1.4765424,OK
4557,00004557,337,1.4793948,OK
4558,00004558,325,1.477667,OK
4559,00004559,303,1.479498,OK
4560,00004560,330,1.4761966,OK
4561,00004561,342,1.4777254,OK
4562,00004562,339,1.4794692,OK
4563,00004563,318,1.4774265,OK
4564,00004564,343,1.4747307,OK
4565,00004565,321,1.4766171,OK
4566,00004566,335,1.4765067,OK
4567,00004567,324,1.4756786,OK
4568,00004568,342,1.4759151,OK
4569,00004569,312,1.477731,OK
4570,00004570,324,1.4782981,OK
4571,00004571,331,1.4784682,OK
4572,00004572,322,1.4759297,OK
4573,00004573,313,1.47748,OK
4574,00004574,334,1.4782212,OK
4575,00004575,321,1.4790134,OK
4576,00004576,301,1.47775,OK
4577,00004577,316,1.4782798,OK
4578,00004578,330,1.4764332,OK
4579,00004579,344,1.4759372,OK
4580,00004580,336,1.4780523,OK
4581,00004581,328,1.4778608,OK
4582,00004582,328,1.4779372,OK
4583,00004583,323,1.4775403,OK
4584,00004584,339,1.4766032,OK
4585,00004585,324,1.4767114,OK
4586,00004586,315,1.477547,OK
4587,00004587,340,1.4784625,OK
4588,00004588,318,1.4781069,OK
4589,00004589,325,1.4774013,OK
4590,00004590,310,1.4772418,OK
4591,00004591,339,1.4781681,OK
4592,00004592,327,1.4788684,OK
4593,00004593,336,1.4795458,OK
4594,00004594,322,1.4774487,OK
4595,00004595,304,1.4776165,OK
4596,00004596,331,1.4780173,OK
4597,00004597,321,1.4787288,OK
4598,00004598,317,1.4785682,OK
4599,00004599,340,1.4734387,OK
4600,00004600,379,1.475271,OK
4601,00004601,356,1.474812,OK
4602,00004602,406,1.4779098,OK
4603,00004603,403,1.4794707,OK
4604,00004604,404,1.4783399,OK
4605,00004605,381,1.4779338,OK
4606,00004606,326,1.4742076,OK
4607,00004607,330,1.4734386,OK
4608,00004608,341,1.4732722,OK
4609,00004609,354,1.473136,OK
4610,00004610,316,1.4743946,OK
4611,00004611,327,1.4740186,OK
4612,00004612,345,1.4745427,OK
4613,00004613,375,1.4734157,OK
4614,00004614,377,1.4728272,OK
4615,00004615,346,1.4727767,OK
4616,00004616,305,1.472952,OK
4617,00004617,380,1.470267,OK
4618,00004618,336,1.4753988,OK
4619,00004619,330,1.4742099,OK
4620,00004620,391,1.4738077,OK
4621,00004621,367,1.4728076,OK
4622,00004622,320,1.4736301,OK
4623,00004623,332,1.4740032,OK
4624,00004624,353,1.4733753,OK
4625,00004625,347,1.4732112,OK
4626,00004626,317,1.474077,OK
4627,00004627,306,1.476896,OK
4628,00004628,356,1.4733678,OK
4629,00004629,365,1.472694,OK
4630,00004630,366,1.4718231,OK
4631,00004631,348,1.474076,OK
4632,00004632,330,1.4743797,OK
4633,00004633,353,1.4731675,OK
4634,00004634,382,1.4725789,OK
4635,00004635,346,1.4719925,OK
4636,00004636,360,1.4729354,OK
4637,00004637,306,1.4744138,OK
4638,00004638,377,1.4741515,OK
4639,00004639,336,1.4748094,OK
4640,00004640,361,1.4734312,OK
4641,00004641,350,1.4718921,OK
4642,00004642,338,1.4751385,OK
4643,00004643,335,1.4770772,OK
4644,00004644,363,1.4756868,OK
4645,00004645,333,1.4777299,OK
4646,00004646,374,1.4767673,OK
4647,00004647,355,1.4761338,OK
4648,00004648,348,1.4756169,OK
4649,00004649,377,1.476795,OK
4650,00004650,342,1.4713279,OK
4651,00004651,330,1.4728581,OK
4652,00004652,308,1.4718709,OK
4653,00004653,332,1.4710602,OK
4654,00004654,329,1.4702996,OK
4655,00004655,299,1.471005,OK
4656,00004656,317,1.4703518,OK
4657,00004657,354,1.4687202,OK
4658,00004658,341,1.4687839,OK
4659,00004659,356,1.470491,OK
4660,00004660,358,1.4687331,OK
4661,00004661,282,1.4733658,OK
4662,00004662,309,1.4737655,OK
4663,00004663,348,1.4726748,OK
4664,00004664,331,1.4744272,OK
4665,00004665,324,1.4703672,OK
4666,00004666,333,1.4679887,OK
4667,00004667,332,1.4706936,OK
4668,00004668,318,1.4709171,OK
4669,00004669,303,1.4700577,OK
4670,00004670,307,1.4713712,OK
4671,00004671,321,1.4703319,OK
4672,00004672,346,1.4730363,OK
4673,00004673,332,1.471166,OK
4674,00004674,292,1.472544,OK
4675,00004675,274,1.4725293,OK
4676,00004676,296,1.4725132,OK
4677,00004677,341,1.4711492,OK
4678,00004678,337,1.4699785,OK
4679,00004679,337,1.4724082,OK
4680,00004680,335,1.4727621,OK
4681,00004681,339,1.4740661,OK
4682,00004682,335,1.4726644,OK
4683,00004683,362,1.473943,OK
4684,00004684,336,1.4748042,OK
4685,00004685,340,1.4748805,OK
4686,00004686,355,1.4756843,OK
4687,00004687,383,1.4740429,OK
4688,00004688,361,1.4746222,OK
4689,00004689,353,1.4761928,OK
4690,00004690,351,1.4733882,OK
4691,00004691,354,1.4747272,OK
4692,00004692,340,1.4746392,OK
4693,00004693,374,1.4723178,OK
4694,00004694,382,1.4761225,OK
4695,00004695,369,1.4755026,OK
4696,00004696,380,1.4760617,OK
4697,00004697,355,1.4737816,OK
4698,00004698,345,1.4738331,OK
4699,00004699,342,1.4669546,OK
4700,00004700,280,1.470306,OK
4701,00004701,285,1.4718521,OK
4702,00004702,345,1.4685977,OK
4703,00004703,333,1.475994,OK
4704,00004704,276,1.4731311,OK
4705,00004705,348,1.4700198,OK
4706,00004706,297,1.4698678,OK
4707,00004707,300,1.4730827,OK
4708,00004708,286,1.4726859,OK
4709,00004709,296,1.4744356,OK
4710,00004710,276,1.4747787,OK
4711,00004711,306,1.4709439,OK
4712,00004712,336,1.4704559,OK
4713,00004713,302,1.4704285,OK
4714,00004714,276,1.4711454,OK
4715,00004715,287,1.4713484,OK
4716,00004716,295,1.472718,OK
4717,00004717,310,1.4686196,OK
4718,00004718,280,1.474507,OK
4719,00004719,257,1.4731803,OK
4720,00004720,295,1.4721388,OK
4721,00004721,270,1.4744803,OK
4722,00004722,262,1.47204,OK
4723,00004723,333,1.4702213,OK
4724,00004724,269,1.4733362,OK
4725,00004725,265,1.4763845,OK
4726,00004726,279,1.4746,OK
4727,00004727,284,1.4698403,OK
4728,00004728,265,1.4741329,OK
4729,00004729,298,1.4704098,OK
4730,00004730,329,1.4694371,OK
4731,00004731,292,1.4712682,OK
4732,00004732,318,1.4728652,OK
4733,00004733,268,1.4723345,OK
4734,00004734,291,1.4703156,OK
4735,00004735,282,1.4717801,OK
4736,00004736,290,1.4711348,OK
4737,00004737,271,1.4717951,OK
4738,00004738,323,1.4688414,OK
4739,00004739,260,1.4736322,OK
4740,00004740,283,1.470058,OK
4741,00004741,292,1.4698505,OK
4742,00004742,323,1.4698726,OK
4743,00004743,305,1.4697917,OK
4744,00004744,305,1.4719584,OK
4745,00004745,313,1.4742852,OK
4746,00004746,334,1.4749143,OK
4747,00004747,349,1.4747671,OK
4748,00004748,328,1.472213,OK
4749,00004749,343,1.4731193,OK
4750,00004750,320,1.475848,OK
4751,00004751,369,1.4792417,OK
4752,00004752,384,1.477259,OK
4753,00004753,382,1.4776672,OK
4754,00004754,317,1.4754158,OK
4755,00004755,317,1.4752862,OK
4756,00004756,296,1.4763787,OK
4757,00004757,314,1.4754694,OK
4758,00004758,307,1.4765086,OK
4759,00004759,325,1.4772923,OK
4760,00004760,338,1.4749374,OK
4761,00004761,312,1.4752227,OK
4762,00004762,307,1.4758241,OK
4763,00004763,342,1.4754266,OK
4764,00004764,325,1.4744011,OK
4765,00004765,332,1.4742475,OK
4766,00004766,310,1.4760616,OK
4767,00004767,312,1.4754264,OK
4768,00004768,354,1.4744078,OK
4769,00004769,309,1.4741495,OK
4770,00004770,309,1.474848,OK
4771,00004771,328,1.4744718,OK
4772,00004772,317,1.4770439,OK
4773,00004773,332,1.4729686,OK
4774,00004774,315,1.4751873,OK
4775,00004775,323,1.4747809,OK
4776,00004776,322,1.4739804,OK
4777,00004777,315,1.4749795,OK
4778,00004778,296,1.476337,OK
4779,00004779,337,1.4753039,OK
4780,00004780,321,1.4754006,OK
4781,00004781,303,1.4757898,OK
4782,00004782,322,1.4762979,OK
4783,00004783,323,1.4734845,OK
4784,00004784,326,1.474562,OK
4785,00004785,315,1.4755194,OK
4786,00004786,326,1.4745207,OK
4787,00004787,327,1.475353,OK
4788,00004788,312,1.4746855,OK
4789,00004789,302,1.4749861,OK
4790,00004790,312,1.4765874,OK
4791,00004791,332,1.4751198,OK
4792,00004792,349,1.4787534,OK
4793,00004793,348,1.480714,OK
4794,00004794,334,1.4799478,OK
4795,00004795,359,1.4800036,OK
4796,00004796,351,1.4781953,OK
4797,00004797,326,1.4772803,OK
4798,00004798,319,1.4735779,OK
4799,00004799,151,1.4710752,OK
4800,00004800,170,1.4744601,OK
4801,00004801,171,1.4714382,OK
4802,00004802,185,1.4791703,OK
4803,00004803,195,1.4806497,OK
4804,00004804,174,1.4742337,OK
4805,00004805,325,1.4743445,OK
4806,00004806,307,1.4732034,OK
4807,00004807,314,1.4739997,OK
4808,00004808,322,1.4746463,OK
4809,00004809,334,1.476352,OK
4810,00004810,379,1.4764626,OK
4811,00004811,308,1.4751511,OK
4812,00004812,303,1.4708526,OK
4813,00004813,344,1.4744542,OK
4814,00004814,308,1.4751536,OK
4815,00004815,294,1.4735847,OK
4816,00004816,319,1.4721125,OK
4817,00004817,333,1.4715523,OK
4818,00004818,303,1.4709903,OK
4819,00004819,309,1.4685247,OK
4820,00004820,339,1.4675248,OK
4821,00004821,322,1.4698939,OK
4822,00004822,298,1.4694449,OK
4823,00004823,345,1.4687799,OK
4824,00004824,311,1.4697723,OK
4825,00004825,299,1.4690324,OK
4826,00004826,316,1.4678158,OK
4827,00004827,302,1.466999,OK
4828,00004828,343,1.4725591,OK
4829,00004829,339,1.4712856,OK
4830,00004830,317,1.4739155,OK
4831,00004831,351,1.4725919,OK
4832,00004832,338,1.4729844,OK
4833,00004833,326,1.4699357,OK
4834,00004834,361,1.4725531,OK
4835,00004835,335,1.4708467,OK
4836,00004836,316,1.471391,OK
4837,00004837,333,1.4709059,OK
4838,00004838,312,1.4722985,OK
4839,00004839,339,1.4747224,OK
4840,00004840,323,1.4718193,OK
4841,00004841,331,1.4713993,OK
4842,00004842,319,1.4718294,OK
4843,00004843,314,1.4719491,OK
4844,00004844,314,1.4724743,OK
4845,00004845,320,1.4746807,OK
4846,00004846,319,1.474634,OK
4847,00004847,322,1.4729455,OK
4848,00004848,331,1.4700629,OK
4849,00004849,318,1.4712212,OK
4850,00004850,292,1.4700717,OK
4851,00004851,333,1.474946,OK
4852,00004852,333,1.476577,OK
4853,00004853,346,1.4734071,OK
4854,00004854,358,1.4739046,OK
4855,00004855,299,1.4741293,OK
4856,00004856,310,1.4736936,OK
4857,00004857,324,1.473258,OK
4858,00004858,317,1.47444,OK
4859,00004859,298,1.4715935,OK
4860,00004860,300,1.472124,OK
4861,00004861,363,1.4739037,OK
4862,00004862,314,1.4732232,OK
4863,00004863,350,1.4773632,OK
4864,00004864,360,1.4780847,OK
4865,00004865,332,1.4741886,OK
4866,00004866,319,1.4728341,OK
4867,00004867,354,1.4740493,OK
4868,00004868,315,1.4779159,OK
4869,00004869,330,1.4707811,OK
4870,00004870,318,1.4721346,OK
4871,00004871,281,1.4722606,OK
4872,00004872,311,1.4712658,OK
4873,00004873,301,1.4748443,OK
4874,00004874,290,1.4743731,OK
4875,00004875,329,1.47438,OK
4876,00004876,315,1.475644,OK
4877,00004877,275,1.4729389,OK
4878,00004878,308,1.47095,OK
4879,00004879,296,1.4712352,OK
4880,00004880,297,1.4714174,OK
4881,00004881,282,1.472807,OK
4882,00004882,299,1.471719,OK
4883,00004883,297,1.472991,OK
4884,00004884,278,1.4717523,OK
4885,00004885,298,1.4695475,OK
4886,00004886,308,1.4714469,OK
4887,00004887,302,1.4731108,OK
4888,00004888,319,1.4729773,OK
4889,00004889,328,1.4735317,OK
4890,00004890,302,1.4748243,OK
4891,00004891,315,1.4726528,OK
4892,00004892,290,1.473028,OK
4893,00004893,290,1.4703434,OK
4894,00004894,290,1.4741687,OK
4895,00004895,309,1.475739,OK
4896,00004896,320,1.471169,OK
4897,00004897,295,1.47229,OK
4898,00004898,284,1.4712679,OK
4899,00004899,289,1.4704236,OK
4900,00004900,304,1.4721999,OK
4901,00004901,287,1.4732237,OK
4902,00004902,322,1.4765905,OK
4903,00004903,289,1.4725045,OK
4904,00004904,301,1.4741873,OK
4905,00004905,302,1.4708297,OK
4906,00004906,295,1.469263,OK
4907,00004907,318,1.4724983,OK
4908,00004908,286,1.4727154,OK
4909,00004909,294,1.4737201,OK
4910,00004910,285,1.4733856,OK
4911,00004911,283,1.4724919,OK
4912,00004912,283,1.4713583,OK
4913,00004913,299,1.4734521,OK
4914,00004914,312,1.4724538,OK
4915,00004915,292,1.4718623,OK
4916,00004916,306,1.4715555,OK
4917,00004917,284,1.4709792,OK
4918,00004918,295,1.4751202,OK
4919,00004919,278,1.4700568,OK
4920,00004920,312,1.4713206,OK
4921,00004921,335,1.471645,OK
4922,00004922,284,1.4743518,OK
4923,00004923,313,1.4740103,OK
4924,00004924,286,1.469001,OK
4925,00004925,273,1.4701614,OK
4926,00004926,300,1.4722226,OK
4927,00004927,269,1.4707797,OK
4928,00004928,285,1.4697145,OK
4929,00004929,236,1.4723524,OK
4930,00004930,280,1.4697901,OK
4931,00004931,283,1.4692402,OK
4932,00004932,288,1.4727685,OK
4933,00004933,259,1.4702352,OK
4934,00004934,296,1.4697107,OK
4935,00004935,257,1.4715171,OK
4936,00004936,282,1.4701064,OK
4937,00004937,266,1.4682508,OK
4938,00004938,283,1.4705142,OK
4939,00100000,511,1.8224393,OK
4940,00100001,506,1.8243096,OK
4941,00100002,507,1.8231183,OK
4942,00100003,508,1.8215833,OK
4943,00100004,507,1.8227257,OK
4944,00100005,505,1.8228776,OK
4945,00100006,502,1.8235323,OK
4946,00100007,501,1.8238739,OK
4947,00100008,502,1.8232224,OK
4948,00100009,507,1.8228219,OK
4949,00100010,504,1.8227516,OK
4950,00100011,509,1.8221186,OK
4951,00100012,502,1.8227506,OK
4952,00100013,504,1.8232161,OK
4953,00100014,506,1.8224758,OK
4954,00100015,501,1.823465,OK
4955,00100016,511,1.8227242,OK
4956,00100017,504,1.8235898,OK
4957,00100018,507,1.8232399,OK
4958,00100019,507,1.8231865,OK
4959,00100020,502,1.822846,OK
4960,00100021,512,1.8221945,OK
4961,00100022,504,1.8221333,OK
4962,00100023,506,1.8226311,OK
4963,00100024,510,1.8218508,OK
4964,00100025,508,1.8219926,OK
4965,00100026,511,1.8219724,OK
4966,00100027,513,1.8241957,OK
4967,00100028,498,1.8237901,OK
4968,00100029,498,1.823768,OK
4969,00100030,509,1.8224313,OK
4970,00100031,508,1.8220799,OK
4971,00100032,508,1.8222507,OK
4972,00100033,505,1.8234116,OK
4973,00100034,510,1.8223276,OK
4974,00100035,506,1.8231282,OK
4975,00100036,505,1.8221829,OK
4976,00100037,497,1.8235044,OK
4977,00100038,511,1.8219945,OK
4978,00100039,504,1.8226078,OK
4979,00100040,506,1.8230426,OK
4980,00100041,515,1.8223467,OK
4981,00100042,500,1.823868,OK
4982,00100043,507,1.8228351,OK
4983,00100044,506,1.8227675,OK
4984,00100045,510,1.8220425,OK
4985,00100046,507,1.8237352,OK
4986,00100047,507,1.8217608,OK
4987,00100048,499,1.8224978,OK
4988,00100049,495,1.8239139,OK
4989,00100050,499,1.8222424,OK
4990,00100051,499,1.8235093,OK
4991,00100052,506,1.8226789,OK
4992,00100053,499,1.824047,OK
4993,00100054,501,1.8229542,OK
4994,00100055,506,1.8216016,OK
4995,00100056,511,1.822909,OK
4996,00100057,503,1.8229944,OK
4997,00100058,504,1.8225914,OK
4998,00100059,511,1.8216612,OK
4999,00100060,493,1.823341,OK
5000,00100061,500,1.8246053,OK
5001,00100062,506,1.8217627,OK
5002,00100063,499,1.822852,OK
5003,00100064,507,1.8227564,OK
5004,00100065,509,1.8227662,OK
5005,00100066,508,1.8226482,OK
5006,00100067,514,1.8215306,OK
5007,00100068,505,1.824182,OK
5008,00100069,499,1.8230075,OK
5009,00100070,497,1.8227849,OK
5010,00100071,502,1.8246592,OK
5011,00100072,511,1.8216274,OK
5012,00100073,509,1.8220001,OK
5013,00100074,499,1.8236052,OK
5014,00100075,518,1.8214657,OK
5015,00100076,502,1.8233932,OK
5016,00100077,504,1.8231921,OK
5017,00100078,510,1.8220179,OK
5018,00100079,504,1.822606,OK
5019,00100080,501,1.8232247,OK
5020,00100081,500,1.8241929,OK
5021,00100082,499,1.8237648,OK
5022,00100083,495,1.8245324,OK
5023,00100084,506,1.825004,OK
5024,00100085,506,1.8229808,OK
5025,00100086,492,1.8248286,OK
5026,00100087,505,1.8218329,OK
5027,00100088,507,1.82343,OK
5028,00100089,502,1.8235186,OK
5029,00100090,508,1.8222626,OK
5030,00100091,506,1.822584,OK
5031,00100092,500,1.8225831,OK
5032,00100093,498,1.8244872,OK
5033,00100094,497,1.8240582,OK
5034,00100095,505,1.8240558,OK
5035,00100096,510,1.8229063,OK
5036,00100097,506,1.8224002,OK
5037,00100098,503,1.8227991,OK
5038,00100099,508,1.8223019,OK
5039,00100100,506,1.8224744,OK
5040,00100101,504,1.8220811,OK
5041,00100102,504,1.8251197,OK
5042,00100103,504,1.8228796,OK
5043,00100104,506,1.822166,OK
5044,00100105,504,1.8233143,OK
5045,00100106,505,1.8221368,OK
5046,00100107,506,1.8231984,OK
5047,00100108,513,1.8216814,OK
5048,00100109,508,1.824358,OK
5049,00100110,504,1.8236513,OK
5050,00100111,505,1.8227918,OK
5051,00100112,290,1.8172511,OK
5052,00100113,503,1.8231776,OK
5053,00100114,500,1.8239715,OK
5054,00100115,505,1.8230926,OK
5055,00100116,503,1.8237808,OK
5056,00100117,504,1.8235142,OK
5057,00100118,495,1.8240527,OK
5058,00100119,498,1.8242533,OK
5059,00100120,503,1.8226906,OK
5060,00100121,504,1.8226161,OK
5061,00100122,507,1.8217148,OK
5062,00100123,505,1.8225554,OK
5063,00100124,508,1.8229254,OK
5064,00100125,507,1.8225309,OK
5065,00100126,505,1.8229294,OK
5066,00100127,508,1.8231846,OK
5067,00100128,511,1.8216727,OK
5068,00100129,503,1.8240987,OK
5069,00100130,504,1.8224293,OK
5070,00100131,503,1.8232149,OK
5071,00100132,512,1.8222104,OK
5072,00100133,507,1.8228271,OK
5073,00100134,498,1.8238324,OK
5074,00100135,513,1.8219379,OK
5075,00100136,504,1.8233413,OK
5076,00100137,499,1.8234144,OK
5077,00100138,511,1.8229681,OK
5078,00100139,499,1.8243008,OK
5079,00100140,503,1.8241141,OK
5080,00100141,501,1.8237034,OK
5081,00100142,506,1.8239111,OK
5082,00100143,505,1.8226767,OK
5083,00100144,506,1.8233669,OK
5084,00100145,503,1.8235946,OK
5085,00100146,504,1.824281,OK
5086,00100147,502,1.823035,OK
5087,00100148,502,1.8233961,OK
5088,00100149,505,1.8235818,OK
5089,00100150,511,1.822653,OK
5090,00100151,509,1.8213998,OK
5091,00100152,504,1.8234649,OK
5092,00100153,506,1.8239645,OK
5093,00100154,515,1.821441,OK
5094,00100155,510,1.8223082,OK
5095,00100156,515,1.8217738,OK
5096,00100157,498,1.8234451,OK
5097,00100158,505,1.8234626,OK
5098,00100159,510,1.8226639,OK
5099,00100160,506,1.8223041,OK
5100,00100161,503,1.8228699,OK
5101,00100162,508,1.8214391,OK
5102,00100163,505,1.8223052,OK
5103,00100164,500,1.8239315,OK
5104,00100165,502,1.8231019,OK
5105,00100166,504,1.8236864,OK
5106,00100167,501,1.8232285,OK
5107,00100168,503,1.8224301,OK
5108,00100169,504,1.824006,OK
5109,00100170,510,1.8221256,OK
5110,00100171,498,1.8248197,OK
5111,00100172,509,1.8219349,OK
5112,00100173,511,1.8225484,OK
5113,00100174,506,1.8222648,OK
5114,00100175,499,1.8238075,OK
5115,00100176,501,1.8234938,OK
5116,00100177,512,1.8226417,OK
5117,00100178,499,1.8240404,OK
5118,00100179,504,1.822882,OK
5119,00100180,504,1.8241608,OK
5120,00100181,502,1.8231398,OK
5121,00100182,504,1.8227204,OK
5122,00100183,497,1.8240926,OK
5123,00100184,498,1.8237696,OK
5124,00100185,506,1.8221372,OK
5125,00100186,507,1.8245076,OK
5126,00100187,508,1.8225956,OK
5127,00100188,503,1.8233544,OK
5128,00100189,500,1.8241801,OK
5129,00100190,499,1.823686,OK
5130,00100191,500,1.823857,OK
5131,00100192,506,1.8229843,OK
5132,00100193,508,1.8223257,OK
5133,00100194,502,1.8235211,OK
5134,00100195,507,1.8222253,OK
5135,00100196,510,1.8229697,OK
5136,00100197,511,1.8233916,OK
5137,00100198,504,1.8228881,OK
5138,00100199,504,1.8238565,OK
5139,00100200,508,1.8219203,OK
5140,00100201,503,1.8230128,OK
5141,00100202,508,1.8245934,OK
5142,00100203,508,1.8223093,OK
5143,00100204,506,1.8244556,OK
5144,00100205,510,1.8247589,OK
5145,00100206,505,1.8234938,OK
5146,00100207,507,1.8221908,OK
5147,00100208,502,1.8231257,OK
5148,00100209,508,1.8227941,OK
5149,00100210,508,1.8227693,OK
5150,00100211,509,1.8231224,OK
5151,00100212,510,1.8229438,OK
5152,00100213,505,1.8230773,OK
5153,00100214,506,1.8235425,OK
5154,00100215,512,1.8229008,OK
5155,00100216,505,1.8229828,OK
5156,00100217,508,1.8243738,OK
5157,00100218,512,1.8226371,OK
5158,00100219,501,1.8235065,OK
5159,00100220,507,1.823,OK
5160,00100221,505,1.8227167,OK
5161,00100222,503,1.8234793,OK
5162,00100223,501,1.8234775,OK
5163,00100224,507,1.8236048,OK
5164,00100225,509,1.8242053,OK
5165,00100226,497,1.824543,OK
5166,00100227,509,1.8236046,OK
5167,00100228,504,1.8228703,OK
5168,00100229,499,1.8236059,OK
5169,00100230,501,1.8235981,OK
5170,00100231,504,1.8243978,OK
5171,00100232,506,1.8237423,OK
5172,00100233,514,1.8213406,OK
5173,00100234,512,1.8220986,OK
5174,00100235,506,1.8231114,OK
5175,00100236,515,1.8226992,OK
5176,00100237,507,1.8222476,OK
5177,00100238,514,1.822573,OK
5178,00100239,498,1.823643,OK
5179,00100240,500,1.824245,OK
5180,00100241,508,1.8227468,OK
5181,00100242,509,1.8231097,OK
5182,00100243,506,1.8230722,OK
5183,00100244,510,1.8227223,OK
5184,00100245,504,1.8216869,OK
5185,00100246,502,1.8230219,OK
5186,00100247,512,1.8224387,OK
5187,00100248,504,1.8232964,OK
5188,00100249,503,1.8237733,OK
5189,00100250,503,1.8230903,OK
5190,00100251,502,1.823277,OK
5191,00100252,497,1.8236883,OK
5192,00100253,505,1.8230284,OK
5193,00100254,508,1.8221287,OK
5194,00100255,505,1.8222405,OK
5195,00100256,498,1.8235856,OK
5196,00100257,497,1.8234676,OK
5197,00100258,505,1.8230522,OK
5198,00100259,510,1.8216277,OK
5199,00100260,500,1.8230913,OK
5200,00100261,504,1.8232758,OK
5201,00100262,502,1.823206,OK
5202,00100263,496,1.8238161,OK
5203,00100264,504,1.8226119,OK
5204,00100265,506,1.8227704,OK
5205,00100266,506,1.8232564,OK
5206,00100267,499,1.8235389,OK
5207,00100268,497,1.8236656,OK
5208,00100269,504,1.8233349,OK
5209,00100270,505,1.8238407,OK
5210,00100271,505,1.8221431,OK
5211,00100272,499,1.8240077,OK
5212,00100273,508,1.8236043,OK
5213,00100274,507,1.822778,OK
5214,00100275,504,1.8240923,OK
5215,00100276,510,1.8232107,OK
5216,00100277,504,1.823248,OK
5217,00100278,507,1.8235247,OK
5218,00100279,508,1.8223959,OK
5219,00100280,506,1.8230702,OK
5220,00100281,515,1.8218122,OK
5221,00100282,502,1.8237976,OK
5222,00100283,504,1.8233657,OK
5223,00100284,509,1.8232214,OK
5224,00100285,515,1.8228235,OK
5225,00100286,510,1.8217766,OK
5226,00100287,507,1.8239019,OK
5227,00100288,509,1.8220975,OK
5228,00100289,502,1.8237236,OK
5229,00100290,512,1.8227445,OK
5230,00100291,505,1.8239768,OK
5231,00100292,512,1.8238103,OK
5232,00100293,504,1.8223703,OK
5233,00100294,507,1.8225986,OK
5234,00100295,506,1.823735,OK
5235,00100296,508,1.8227967,OK
5236,00100297,508,1.8232536,OK
5237,00100298,506,1.822662,OK
5238,00100299,506,1.8224082,OK
5239,00100300,505,1.8225375,OK
5240,00100301,505,1.8232962,OK
5241,00100302,512,1.8220431,OK
5242,00100303,497,1.8232517,OK
5243,00100304,502,1.8235834,OK
5244,00100305,504,1.8236142,OK
5245,00100306,509,1.8230038,OK
5246,00100307,502,1.8232505,OK
5247,00100308,505,1.8229138,OK
5248,00100309,514,1.8209461,OK
5249,00100310,507,1.8225789,OK
5250,00100311,506,1.8226184,OK
5251,00100312,508,1.8224969,OK
5252,00100313,512,1.8221804,OK
5253,00100314,504,1.8227351,OK
5254,00100315,507,1.8221607,OK
5255,00100316,507,1.8228705,OK
5256,00100317,512,1.8213724,OK
5257,00100318,504,1.8233778,OK
5258,00100319,510,1.8213804,OK
5259,00100320,509,1.8227633,OK
5260,00100321,507,1.8224804,OK
5261,00100322,512,1.8232012,OK
5262,00100323,505,1.8222123,OK
5263,00100324,512,1.8227146,OK
5264,00100325,504,1.8222092,OK
5265,00100326,505,1.8213836,OK
5266,00100327,505,1.8221064,OK
5267,00100328,510,1.8216821,OK
5268,00100329,504,1.8230823,OK
5269,00100330,509,1.8232734,OK
5270,00100331,507,1.8227233,OK
5271,00100332,512,1.8221234,OK
5272,00100333,509,1.822049,OK
5273,00100334,510,1.8234977,OK
5274,00100335,512,1.8218644,OK
5275,00100336,503,1.8235726,OK
5276,00100337,514,1.8228176,OK
5277,00100338,507,1.8224217,OK
5278,00100339,509,1.8221946,OK
5279,00100340,508,1.8231571,OK
5280,00100341,515,1.8216224,OK
5281,00100342,506,1.8225543,OK
5282,00100343,509,1.8222467,OK
5283,00100344,503,1.8230984,OK
5284,00100345,514,1.8205141,OK
5285,00100346,512,1.821793,OK
5286,00100347,513,1.822237,OK
5287,00100348,508,1.822845,OK
5288,00100349,513,1.8223146,OK
5289,00100350,510,1.8216368,OK
5290,00100351,510,1.8231586,OK
5291,00100352,502,1.8237602,OK
5292,00100353,503,1.8236519,OK
5293,00100354,514,1.8215315,OK
5294,00100355,506,1.8229194,OK
5295,00100356,512,1.8213778,OK
5296,00100357,512,1.8217559,OK
5297,00100358,514,1.8227482,OK
5298,00100359,504,1.823415,OK
5299,00100360,507,1.8225545,OK
5300,00100361,512,1.8224986,OK
5301,00100362,514,1.8219236,OK
5302,00100363,508,1.823217,OK
5303,00100364,500,1.8239511,OK
5304,00100365,512,1.8222007,OK
5305,00100366,518,1.8226714,OK
5306,00100367,507,1.8239954,OK
5307,00100368,507,1.8223675,OK
5308,00100369,512,1.8226677,OK
5309,00100370,507,1.8228521,OK
5310,00100371,505,1.8229924,OK
5311,00100372,509,1.8223152,OK
5312,00100373,510,1.8217875,OK
5313,00100374,516,1.821673,OK
5314,00100375,513,1.8224835,OK
5315,00100376,510,1.8221668,OK
5316,00100377,514,1.8222145,OK
5317,00100378,504,1.8229564,OK
5318,00100379,507,1.8232534,OK
5319,00100380,508,1.8226925,OK
5320,00100381,512,1.8224368,OK
5321,00100382,521,1.8220702,OK
5322,00100383,506,1.8223957,OK
5323,00100384,513,1.8234651,OK
5324,00100385,514,1.8217387,OK
5325,00100386,508,1.822634,OK
5326,00100387,513,1.821582,OK
5327,00100388,503,1.8249886,OK
5328,00100389,506,1.8227196,OK
5329,00100390,508,1.822355,OK
5330,00100391,505,1.8245676,OK
5331,00100392,502,1.8240471,OK
5332,00100393,509,1.8224462,OK
5333,00100394,508,1.8229581,OK
5334,00100395,504,1.8239512,OK
5335,00100396,508,1.8244946,OK
5336,00100397,512,1.8223025,OK
5337,00100398,511,1.8230776,OK
5338,00100399,513,1.8228059,OK
5339,00100400,505,1.8234682,OK
5340,00100401,510,1.8224616,OK
5341,00100402,506,1.8237703,OK
5342,00100403,501,1.8234608,OK
5343,00100404,504,1.8233017,OK
5344,00100405,507,1.8238491,OK
5345,00100406,501,1.8240074,OK
5346,00100407,508,1.8221465,OK
5347,00100408,510,1.8230615,OK
5348,00100409,512,1.8233001,OK
5349,00100410,506,1.8226998,OK
5350,00100411,503,1.8237998,OK
5351,00100412,507,1.822721,OK
5352,00100413,508,1.8245627,OK
5353,00100414,503,1.824289,OK
5354,00100415,505,1.8227451,OK
5355,00100416,509,1.8228755,OK
5356,00100417,509,1.8222877,OK
5357,00100418,502,1.8236842,OK
5358,00100419,498,1.8243995,OK
5359,00100420,513,1.8233087,OK
5360,00100421,499,1.8239115,OK
5361,00100422,506,1.8234031,OK
5362,00100423,504,1.8228207,OK
5363,00100424,511,1.8234314,OK
5364,00100425,508,1.8217045,OK
5365,00100426,506,1.8236315,OK
5366,00100427,513,1.8219132,OK
5367,00100428,504,1.8233371,OK
5368,00100429,515,1.8225738,OK
5369,00100430,509,1.8223295,OK
5370,00100431,506,1.8229712,OK
5371,00100432,493,1.8239933,OK
5372,00100433,505,1.8225636,OK
5373,00100434,491,1.8240482,OK
5374,00100435,505,1.8245775,OK
5375,00100436,509,1.822149,OK
5376,00100437,506,1.823025,OK
5377,00100438,504,1.8225888,OK
5378,00100439,507,1.8234698,OK
5379,00100440,506,1.8227277,OK
5380,00100441,503,1.8235992,OK
5381,00100442,507,1.8223869,OK
5382,00100443,502,1.8239812,OK
5383,00100444,502,1.8233535,OK
5384,00100445,506,1.8225653,OK
5385,00100446,501,1.8233199,OK
5386,00100447,511,1.8230487,OK
5387,00100448,511,1.8233452,OK
5388,00100449,510,1.822508,OK
5389,00100450,506,1.8232819,OK
5390,00100451,515,1.8214839,OK
5391,00100452,507,1.8229742,OK
5392,00100453,507,1.8227515,OK
5393,00100454,507,1.8230866,OK
5394,00100455,506,1.8229212,OK
5395,00100456,506,1.8236315,OK
5396,00100457,505,1.8236305,OK
5397,00100458,511,1.8228198,OK
5398,00100459,509,1.8238467,OK
5399,00100460,502,1.8237796,OK
5400,00100461,511,1.8224627,OK
5401,00100462,512,1.8220804,OK
5402,00100463,512,1.822301,OK
5403,00100464,504,1.824158,OK
5404,00100465,506,1.8226546,OK
5405,00100466,507,1.8231494,OK
5406,00100467,512,1.8222201,OK
5407,00100468,506,1.8231741,OK
5408,00100469,515,1.8221283,OK
5409,00100470,509,1.822972,OK
5410,00100471,505,1.8221202,OK
5411,00100472,511,1.8219929,OK
5412,00100473,504,1.8231385,OK
5413,00100474,504,1.8235077,OK
5414,00100475,508,1.8234916,OK
5415,00100476,506,1.8232732,OK
5416,00100477,502,1.8236369,OK
5417,00100478,505,1.8236239,OK
5418,00100479,507,1.8219982,OK
5419,00100480,505,1.8235682,OK
5420,00100481,507,1.8229573,OK
5421,00100482,507,1.8232927,OK
5422,00100483,500,1.8232546,OK
5423,00100484,501,1.8235877,OK
5424,00100485,515,1.8213817,OK
5425,00100486,507,1.8231504,OK
5426,00100487,508,1.8224809,OK
5427,00100488,502,1.8240829,OK
5428,00100489,508,1.8223677,OK
5429,00100490,508,1.8224125,OK
5430,00100491,508,1.8219116,OK
5431,00100492,508,1.8224357,OK
5432,00100493,503,1.8232682,OK
5433,00100494,510,1.8231131,OK
5434,00100495,507,1.8231151,OK
5435,00100496,505,1.8222059,OK
5436,00100497,508,1.8227308,OK
5437,00100498,508,1.8236789,OK
5438,00100499,502,1.8238202,OK
5439,00100500,506,1.823409,OK
5440,00100501,504,1.8235447,OK
5441,00100502,504,1.8226416,OK
5442,00100503,501,1.8229516,OK
5443,00100504,504,1.8233287,OK
5444,00100505,506,1.8225601,OK
5445,00100506,502,1.8229496,OK
5446,00100507,511,1.8226576,OK
5447,00100508,503,1.8229346,OK
5448,00100509,507,1.8235022,OK
5449,00100510,507,1.8236115,OK
5450,00100511,515,1.8223741,OK
5451,00100512,515,1.8226625,OK
5452,00100513,510,1.822617,OK
5453,00100514,510,1.8233367,OK
5454,00100515,506,1.8223569,OK
5455,00100516,507,1.8228657,OK
5456,00100517,505,1.8242152,OK
5457,00100518,506,1.8234578,OK
5458,00100519,505,1.8230205,OK
5459,00100520,503,1.823487,OK
5460,00100521,502,1.8232001,OK
5461,00100522,510,1.821341,OK
5462,00100523,514,1.8227111,OK
5463,00100524,508,1.82322,OK
5464,00100525,504,1.8238753,OK
5465,00100526,505,1.8235767,OK
5466,00100527,504,1.8232623,OK
5467,00100528,506,1.8234981,OK
5468,00100529,510,1.8239483,OK
5469,00100530,505,1.8234351,OK
5470,00100531,502,1.8237435,OK
5471,00100532,507,1.8232625,OK
5472,00100533,503,1.8236531,OK
5473,00100534,507,1.8232236,OK
5474,00100535,508,1.8221316,OK
5475,00100536,511,1.8231435,OK
5476,00100537,514,1.8225071,OK
5477,00100538,507,1.8236132,OK
5478,00100539,506,1.8224287,OK
5479,00100540,522,1.8212892,OK
5480,00100541,500,1.8240943,OK
5481,00100542,515,1.8231882,OK
5482,00100543,537,1.826214,OK
5483,00100544,534,1.8236548,OK
5484,00100545,545,1.823772,OK
5485,00100546,542,1.8248699,OK
5486,00100547,544,1.8238839,OK
5487,00100548,538,1.8244194,OK
5488,00100549,537,1.8240417,OK
5489,00100550,539,1.824107,OK
5490,00100551,537,1.8237818,OK
5491,00100552,537,1.8258618,OK
5492,00100553,535,1.8245701,OK
5493,00100554,546,1.8236939,OK
5494,00100555,538,1.8235141,OK
5495,00100556,538,1.8238771,OK
5496,00100557,528,1.825449,OK
5497,00100558,537,1.8243564,OK
5498,00100559,541,1.8239777,OK
5499,00100560,535,1.8246737,OK
5500,00100561,532,1.8251001,OK
5501,00100562,541,1.8234916,OK
5502,00100563,541,1.8234769,OK
5503,00100564,543,1.8243008,OK
5504,00100565,537,1.8233943,OK
5505,00100566,537,1.8246607,OK
5506,00100567,534,1.8239202,OK
5507,00100568,541,1.8235372,OK
5508,00100569,546,1.8233911,OK
5509,00100570,537,1.823287,OK
5510,00100571,535,1.8244127,OK
5511,00100572,537,1.824853,OK
5512,00100573,534,1.8259902,OK
5513,00100574,537,1.8252951,OK
5514,00100575,537,1.824808,OK
5515,00100576,548,1.8243264,OK
5516,00100577,528,1.8253654,OK
5517,00100578,541,1.8244598,OK
5518,00100579,541,1.8242798,OK
5519,00100580,537,1.8240305,OK
5520,00100581,543,1.8234795,OK
5521,00100582,538,1.8247302,OK
5522,00100583,535,1.8248377,OK
5523,00100584,540,1.8234419,OK
5524,00100585,544,1.8240347,OK
5525,00100586,538,1.8251631,OK
5526,00100587,532,1.8241353,OK
5527,00100588,537,1.8239187,OK
5528,00100589,542,1.8243593,OK
5529,00100590,531,1.8246031,OK
5530,00100591,534,1.8243847,OK
5531,00100592,537,1.823543,OK
5532,00100593,535,1.8237829,OK
5533,00100594,541,1.8256102,OK
5534,00100595,536,1.8245535,OK
5535,00100596,537,1.8247561,OK
5536,00100597,533,1.8261918,OK
5537,00100598,532,1.8245338,OK
5538,00100599,537,1.8244348,OK
5539,00100600,538,1.8260151,OK
5540,00100601,544,1.8244338,OK
5541,00100602,540,1.8231066,OK
5542,00100603,539,1.825027,OK
5543,00100604,543,1.8250964,OK
5544,00100605,529,1.8253793,OK
5545,00100606,539,1.8236818,OK
5546,00100607,543,1.822998,OK
5547,00100608,542,1.8236262,OK
5548,00100609,542,1.8250407,OK
5549,00100610,531,1.8242935,OK
5550,00100611,542,1.8232964,OK
5551,00100612,546,1.8239164,OK
5552,00100613,542,1.8248036,OK
5553,00100614,544,1.8243351,OK
5554,00100615,537,1.8268263,OK
5555,00100616,539,1.8238057,OK
5556,00100617,537,1.8239964,OK
5557,00100618,539,1.8248587,OK
5558,00100619,544,1.8265861,OK
5559,00100620,532,1.8260711,OK
5560,00100621,537,1.8245763,OK
5561,00100622,532,1.824907,OK
5562,00100623,536,1.8241782,OK
5563,00100624,543,1.8247467,OK
5564,00100625,543,1.8238593,OK
5565,00100626,534,1.82535,OK
5566,00100627,544,1.8239895,OK
5567,00100628,541,1.825768,OK
5568,00100629,541,1.8244156,OK
5569,00100630,533,1.8249571,OK
5570,00100631,534,1.8257326,OK
5571,00100632,539,1.825045,OK
5572,00100633,539,1.8242137,OK
5573,00100634,538,1.8241162,OK
5574,00100635,531,1.8243264,OK
5575,00100636,539,1.8245364,OK
5576,00100637,538,1.8264499,OK
5577,00100638,541,1.8247199,OK
5578,00100639,533,1.825615,OK
5579,00100640,539,1.8232279,OK
5580,00100641,531,1.8253306,OK
5581,00100642,548,1.8233662,OK
5582,00100643,537,1.823475,OK
5583,00100644,540,1.823968,OK
5584,00100645,544,1.8248736,OK
5585,00100646,546,1.8247571,OK
5586,00100647,540,1.8256154,OK
5587,00100648,535,1.8256024,OK
5588,00100649,543,1.8248347,OK
5589,00100650,537,1.8232344,OK
5590,00100651,535,1.8242565,OK
5591,00100652,538,1.8247018,OK
5592,00100653,536,1.8251159,OK
5593,00100654,541,1.8262959,OK
5594,00100655,547,1.8232645,OK
5595,00100656,538,1.8250453,OK
5596,00100657,539,1.8241614,OK
5597,00100658,532,1.8260294,OK
5598,00100659,529,1.8249913,OK
5599,00100660,533,1.8249861,OK
5600,00100661,537,1.8238357,OK
5601,00100662,536,1.8246958,OK
5602,00100663,550,1.8245443,OK
5603,00100664,547,1.8227324,OK
5604,00100665,545,1.8235031,OK
5605,00100666,547,1.8241878,OK
5606,00100667,544,1.8241853,OK
5607,00100668,543,1.8248096,OK
5608,00100669,541,1.8235327,OK
5609,00100670,537,1.8237587,OK
5610,00100671,549,1.8227745,OK
5611,00100672,548,1.82338,OK
5612,00100673,548,1.824008,OK
5613,00100674,545,1.8226135,OK
5614,00100675,543,1.8249253,OK
5615,00100676,557,1.8235794,OK
5616,00100677,548,1.8237717,OK
5617,00100678,539,1.8240879,OK
5618,00100679,543,1.8232294,OK
5619,00100680,541,1.8244528,OK
5620,00100681,538,1.8238729,OK
5621,00100682,544,1.8222549,OK
5622,00100683,540,1.823314,OK
5623,00100684,542,1.8228772,OK
5624,00100685,542,1.8238877,OK
5625,00100686,544,1.8231913,OK
5626,00100687,549,1.8225803,OK
5627,00100688,545,1.8239806,OK
5628,00100689,544,1.823984,OK
5629,00100690,550,1.8245872,OK
5630,00100691,545,1.8233354,OK
5631,00100692,541,1.8244549,OK
5632,00100693,552,1.8251007,OK
5633,00100694,544,1.8241692,OK
5634,00100695,547,1.8230685,OK
5635,00100696,551,1.8235556,OK
5636,00100697,542,1.823767,OK
5637,00100698,542,1.8238666,OK
5638,00100699,547,1.8242813,OK
5639,00100700,552,1.8238863,OK
5640,00100701,544,1.8236195,OK
5641,00100702,547,1.8237251,OK
5642,00100703,553,1.8229275,OK
5643,00100704,534,1.8233014,OK
5644,00100705,542,1.8242689,OK
5645,00100706,552,1.823431,OK
5646,00100707,538,1.8241615,OK
5647,00100708,545,1.8236598,OK
5648,00100709,538,1.8245275,OK
5649,00100710,542,1.824109,OK
5650,00100711,544,1.8231626,OK
5651,00100712,546,1.8238266,OK
5652,00100713,548,1.824101,OK
5653,00100714,542,1.8255485,OK
5654,00100715,542,1.824007,OK
5655,00100716,547,1.8231087,OK
5656,00100717,553,1.8235457,OK
5657,00100718,542,1.8252888,OK
5658,00100719,543,1.8236855,OK
5659,00100720,550,1.8228796,OK
5660,00100721,550,1.8233349,OK
5661,00100722,536,1.8243471,OK
5662,00100723,546,1.8234549,OK
5663,00100724,542,1.8266566,OK
5664,00100725,537,1.8239357,OK
5665,00100726,545,1.8233807,OK
5666,00100727,551,1.823966,OK
5667,00100728,547,1.8239026,OK
5668,00100729,540,1.8238225,OK
5669,00100730,548,1.8240737,OK
5670,00100731,548,1.8243549,OK
5671,00100732,545,1.8236604,OK
5672,00100733,552,1.8234351,OK
5673,00100734,552,1.8243915,OK
5674,00100735,548,1.8245007,OK
5675,00100736,540,1.8233274,OK
5676,00100737,545,1.8228972,OK
5677,00100738,541,1.8246084,OK
5678,00100739,557,1.8230497,OK
5679,00100740,547,1.8234518,OK
5680,00100741,548,1.8233769,OK
5681,00100742,543,1.8234038,OK
5682,00100743,543,1.8240294,OK
5683,00100744,541,1.8256515,OK
5684,00100745,542,1.8235912,OK
5685,00100746,548,1.823643,OK
5686,00100747,538,1.8251305,OK
5687,00100748,546,1.8237693,OK
5688,00100749,544,1.8246405,OK
5689,00100750,539,1.82462,OK
5690,00100751,540,1.8245318,OK
5691,00100752,542,1.8239667,OK
5692,00100753,552,1.8245646,OK
5693,00100754,552,1.8230073,OK
5694,00100755,539,1.8243703,OK
5695,00100756,538,1.8240626,OK
5696,00100757,549,1.8239931,OK
5697,00100758,546,1.8241531,OK
5698,00100759,546,1.8237242,OK
5699,00100760,537,1.8244226,OK
5700,00100761,541,1.823161,OK
5701,00100762,546,1.8227963,OK
5702,00100763,545,1.8234538,OK
5703,00100764,544,1.8237363,OK
5704,00100765,544,1.8227227,OK
5705,00100766,553,1.8229718,OK
5706,00100767,539,1.8251256,OK
5707,00100768,543,1.8231368,OK
5708,00100769,551,1.8237624,OK
5709,00100770,538,1.8243809,OK
5710,00100771,548,1.824726,OK
5711,00100772,541,1.8237239,OK
5712,00100773,540,1.8228728,OK
5713,00100774,543,1.8233297,OK
5714,00100775,546,1.8237877,OK
5715,00100776,544,1.8245541,OK
5716,00100777,553,1.8226967,OK
5717,00100778,555,1.8232727,OK
5718,00100779,553,1.8233767,OK
5719,00100780,513,1.8249977,OK
5720,00100781,548,1.824127,OK
5721,00100782,547,1.8243872,OK
5722,00100783,546,1.8251028,OK
5723,00100784,544,1.8232496,OK
5724,00100785,588,1.8251741,OK
5725,00100786,583,1.8244272,OK
5726,00100787,586,1.8273659,OK
5727,00100788,588,1.8256558,OK
5728,00100789,594,1.8253276,OK
5729,00100790,583,1.8261819,OK
5730,00100791,583,1.825921,OK
5731,00100792,587,1.8267624,OK
5732,00100793,591,1.8260194,OK
5733,00100794,593,1.8267013,OK
5734,00100795,580,1.8256558,OK
5735,00100796,581,1.8262908,OK
5736,00100797,584,1.8242528,OK
5737,00100798,586,1.8256378,OK
5738,00100799,589,1.82509,OK
5739,00100800,591,1.8257239,OK
5740,00100801,586,1.8259007,OK
5741,00100802,588,1.8253809,OK
5742,00100803,584,1.8250746,OK
5743,00100804,594,1.8253208,OK
5744,00100805,586,1.826612,OK
5745,00100806,585,1.8267925,OK
5746,00100807,587,1.8246261,OK
5747,00100808,585,1.8245866,OK
5748,00100809,592,1.8255223,OK
5749,00100810,574,1.8256408,OK
5750,00100811,586,1.8250122,OK
5751,00100812,581,1.8261116,OK
5752,00100813,587,1.825466,OK
5753,00100814,578,1.8247372,OK
5754,00100815,581,1.8261414,OK
5755,00100816,588,1.8260677,OK
5756,00100817,586,1.8253773,OK
5757,00100818,578,1.8256443,OK
5758,00100819,590,1.824983,OK
5759,00100820,588,1.826066,OK
5760,00100821,594,1.8258948,OK
5761,00100822,587,1.8255821,OK
5762,00100823,586,1.8265404,OK
5763,00100824,579,1.8246568,OK
5764,00100825,588,1.8254772,OK
5765,00100826,584,1.824544,OK
5766,00100827,584,1.825215,OK
5767,00100828,583,1.8255447,OK
5768,00100829,590,1.8262681,OK
5769,00100830,592,1.8259269,OK
5770,00100831,589,1.8260641,OK
5771,00100832,584,1.8257471,OK
5772,00100833,584,1.8252785,OK
5773,00100834,587,1.8257098,OK
5774,00100835,588,1.824823,OK
5775,00100836,584,1.827253,OK
5776,00100837,592,1.824446,OK
5777,00100838,584,1.8253351,OK
5778,00100839,580,1.8253397,OK
5779,00100840,577,1.825073,OK
5780,00100841,593,1.8252602,OK
5781,00100842,587,1.8256212,OK
5782,00100843,585,1.8254031,OK
5783,00100844,581,1.8265599,OK
5784,00100845,584,1.8262379,OK
5785,00100846,584,1.8254967,OK
5786,00100847,550,1.8287706,OK
5787,00100848,588,1.8253031,OK
5788,00100849,580,1.8253869,OK
5789,00100850,583,1.8247029,OK
5790,00100851,575,1.825586,OK
5791,00100852,586,1.8252218,OK
5792,00100853,581,1.8254493,OK
5793,00100854,580,1.8257792,OK
5794,00100855,576,1.8254466,OK
5795,00100856,593,1.8243134,OK
5796,00100857,586,1.8242667,OK
5797,00100858,580,1.8242908,OK
5798,00100859,584,1.8256094,OK
5799,00100860,600,1.8235244,OK
5800,00100861,588,1.8241228,OK
5801,00100862,588,1.8250214,OK
5802,00100863,597,1.8261641,OK
5803,00100864,587,1.8247749,OK
5804,00100865,589,1.8252332,OK
5805,00100866,589,1.8239954,OK
5806,00100867,540,1.8300745,OK
5807,00100868,590,1.8251863,OK
5808,00100869,591,1.8253101,OK
5809,00100870,587,1.8248115,OK
5810,00100871,589,1.8246478,OK
5811,00100872,590,1.8254386,OK
5812,00100873,589,1.8242218,OK
5813,00100874,588,1.8256382,OK
5814,00100875,597,1.8247733,OK
5815,00100876,589,1.8237767,OK
5816,00100877,589,1.82495,OK
5817,00100878,593,1.8253812,OK
5818,00100879,588,1.8249288,OK
5819,00100880,596,1.8263607,OK
5820,00100881,586,1.8244487,OK
5821,00100882,589,1.8246669,OK
5822,00100883,587,1.8262902,OK
5823,00100884,580,1.8252888,OK
5824,00100885,577,1.8250146,OK
5825,00100886,591,1.823432,OK
5826,00100887,600,1.8244185,OK
5827,00100888,599,1.8255414,OK
5828,00100889,589,1.826276,OK
5829,00100890,590,1.8273414,OK
5830,00100891,589,1.8249815,OK
5831,00100892,582,1.825051,OK
5832,00100893,587,1.8262076,OK
5833,00100894,589,1.8257186,OK
5834,00100895,588,1.8258511,OK
5835,00100896,591,1.8248094,OK
5836,00100897,584,1.8259988,OK
5837,00100898,585,1.824603,OK
5838,00100899,589,1.8247017,OK
5839,00100900,593,1.824658,OK
5840,00100901,593,1.8241613,OK
5841,00100902,600,1.8248613,OK
5842,00100903,589,1.8254129,OK
5843,00100904,589,1.8251252,OK
5844,00100905,587,1.8247274,OK
5845,00100906,589,1.8259932,OK
5846,00100907,593,1.8237863,OK
5847,00100908,597,1.8249835,OK
5848,00100909,588,1.8251239,OK
5849,00100910,593,1.8266703,OK
5850,00100911,588,1.8235731,OK
5851,00100912,587,1.8264197,OK
5852,00100913,586,1.826296,OK
5853,00100914,588,1.8239144,OK
5854,00100915,595,1.824262,OK
5855,00100916,588,1.8251334,OK
5856,00100917,604,1.8240691,OK
5857,00100918,582,1.8261241,OK
5858,00100919,581,1.8247604,OK
5859,00100920,590,1.8243867,OK
5860,00100921,589,1.8253176,OK
5861,00100922,588,1.8248864,OK
5862,00100923,592,1.8264828,OK
5863,00100924,589,1.8245939,OK
5864,00100925,588,1.824979,OK
5865,00100926,589,1.824361,OK
5866,00100927,594,1.824565,OK
5867,00100928,588,1.8256614,OK
5868,00100929,588,1.8240479,OK
5869,00100930,588,1.8259541,OK
5870,00100931,590,1.8259153,OK
5871,00100932,596,1.8254968,OK
5872,00100933,593,1.8244003,OK
5873,00100934,597,1.8240952,OK
5874,00100935,592,1.8253139,OK
5875,00100936,598,1.8242944,OK
5876,00100937,591,1.8246688,OK
5877,00100938,585,1.8243197,OK
5878,00100939,591,1.8253543,OK
5879,00100940,596,1.824262,OK
5880,00100941,595,1.8259892,OK
5881,00100942,590,1.8251407,OK
5882,00100943,587,1.8249961,OK
5883,00100944,590,1.8252344,OK
5884,00100945,597,1.8256599,OK
5885,00100946,584,1.8266047,OK
5886,00100947,587,1.8253512,OK
5887,00100948,588,1.8270966,OK
5888,00100949,587,1.8263222,OK
5889,00100950,589,1.8243349,OK
5890,00100951,595,1.8262866,OK
5891,00100952,586,1.8257555,OK
5892,00100953,593,1.8255935,OK
5893,00100954,596,1.8253094,OK
5894,00100955,587,1.825578,OK
5895,00100956,582,1.8237896,OK
5896,00100957,583,1.8256407,OK
5897,00100958,586,1.8255761,OK
5898,00100959,590,1.8249984,OK
5899,00100960,588,1.8249553,OK
5900,00100961,590,1.8258123,OK
5901,00100962,591,1.824484,OK
5902,00100963,594,1.8261098,OK
5903,00100964,589,1.8245482,OK
5904,00100965,590,1.8238239,OK
5905,00100966,597,1.8260795,OK
5906,00100967,583,1.8254433,OK
5907,00100968,583,1.8263344,OK
5908,00100969,591,1.8226631,OK
5909,00100970,598,1.8247397,OK
5910,00100971,588,1.825427,OK
5911,00100972,592,1.8246864,OK
5912,00100973,589,1.824627,OK
5913,00100974,593,1.8237737,OK
5914,00100975,592,1.8265101,OK
5915,00100976,590,1.8249913,OK
5916,00100977,593,1.8243924,OK
5917,00100978,592,1.8245202,OK
5918,00100979,586,1.8262985,OK
5919,00100980,596,1.8251523,OK
5920,00100981,584,1.8259332,OK
5921,00100982,588,1.8246161,OK
5922,00100983,592,1.8258046,OK
5923,00100984,589,1.8255447,OK
5924,00100985,588,1.824462,OK
5925,00100986,593,1.8262104,OK
5926,00100987,593,1.8253162,OK
5927,00100988,590,1.8243313,OK
5928,00100989,593,1.8259988,OK
5929,00100990,586,1.8255836,OK
5930,00100991,587,1.8253235,OK
5931,00100992,595,1.8241584,OK
5932,00100993,589,1.8257514,OK
5933,00100994,580,1.825857,OK
5934,00100995,587,1.8244427,OK
5935,00100996,593,1.8255265,OK
5936,00100997,596,1.8241583,OK
5937,00100998,587,1.8247617,OK
5938,00100999,581,1.8255651,OK
5939,00101000,592,1.8242157,OK
5940,00101001,598,1.8248947,OK
5941,00101002,580,1.8254304,OK
5942,00101003,588,1.8259,OK
5943,00101004,586,1.8256387,OK
5944,00101005,583,1.8261815,OK
5945,00101006,586,1.8246658,OK
5946,00101007,585,1.8253881,OK
5947,00101008,589,1.8246391,OK
5948,00101009,581,1.8253781,OK
5949,00101010,583,1.8254983,OK
5950,00101011,591,1.8245529,OK
5951,00101012,588,1.8257214,OK
5952,00101013,595,1.8245832,OK
5953,00101014,593,1.8242587,OK
5954,00101015,584,1.8248609,OK
5955,00101016,581,1.8253196,OK
5956,00101017,592,1.8249079,OK
5957,00101018,597,1.8260953,OK
5958,00101019,596,1.825371,OK
5959,00101020,588,1.8246111,OK
5960,00101021,588,1.8250427,OK
5961,00101022,596,1.825998,OK
5962,00101023,592,1.8250179,OK
5963,00101024,589,1.8250175,OK
5964,00101025,590,1.8245295,OK
5965,00101026,588,1.8262752,OK
5966,00101027,597,1.8268738,OK
5967,00101028,598,1.8250663,OK
5968,00101029,588,1.8259476,OK
5969,00101030,587,1.8245724,OK
5970,00101031,592,1.8249755,OK
5971,00101032,604,1.8248962,OK
5972,00101033,599,1.8231081,OK
5973,00101034,600,1.8241465,OK
5974,00101035,592,1.8246493,OK
5975,00101036,584,1.825289,OK
5976,00101037,592,1.8247722,OK
5977,00101038,588,1.8241334,OK
5978,00101039,594,1.8251998,OK
5979,00101040,588,1.8242304,OK
5980,00101041,589,1.8233885,OK
5981,00101042,588,1.8255707,OK
5982,00101043,596,1.8248129,OK
5983,00101044,604,1.8250587,OK
5984,00101045,584,1.8261566,OK
5985,00101046,588,1.8267627,OK
5986,00101047,584,1.8252763,OK
5987,00101048,600,1.8249264,OK
5988,00101049,589,1.8271563,OK
5989,00101050,593,1.8257779,OK
5990,00101051,591,1.8241172,OK
5991,00101052,586,1.8247787,OK
5992,00101053,592,1.8258653,OK
5993,00101054,587,1.8257325,OK
5994,00101055,582,1.8250254,OK
5995,00101056,591,1.8250245,OK
5996,00101057,596,1.8258299,OK
5997,00101058,586,1.8248082,OK
5998,00101059,579,1.8261238,OK
5999,00101060,583,1.8252138,OK
6000,00101061,596,1.8259021,OK
6001,00101062,584,1.8249106,OK
6002,00101063,586,1.8251774,OK
6003,00101064,588,1.8238285,OK
6004,00101065,586,1.8259807,OK
6005,00101066,588,1.8251266,OK
6006,00101067,588,1.8251122,OK
6007,00101068,586,1.8237803,OK
6008,00101069,589,1.8254027,OK
6009,00101070,589,1.8239996,OK
6010,00101071,590,1.8246305,OK
6011,00101072,593,1.8247926,OK
6012,00101073,589,1.824438,OK
6013,00101074,581,1.8248974,OK
6014,00101075,595,1.8244233,OK
6015,00101076,596,1.823324,OK
6016,00101077,594,1.8239621,OK
6017,00101078,591,1.8243526,OK
6018,00101079,600,1.8242544,OK
6019,00101080,591,1.8243868,OK
6020,00101081,587,1.8238403,OK
6021,00101082,590,1.8242924,OK
6022,00101083,588,1.8236378,OK
6023,00101084,599,1.824242,OK
6024,00101085,584,1.8247198,OK
6025,00101086,588,1.8245522,OK
6026,00101087,591,1.8239114,OK
6027,00101088,586,1.8242667,OK
6028,00101089,589,1.8240571,OK
6029,00101090,586,1.8239679,OK
6030,00101091,590,1.8239245,OK
6031,00101092,600,1.8240137,OK
6032,00101093,596,1.8235887,OK
6033,00101094,585,1.8244896,OK
6034,00101095,584,1.824687,OK
6035,00101096,586,1.8256707,OK
6036,00101097,598,1.8240542,OK
6037,00101098,578,1.8246671,OK
6038,00101099,586,1.8246883,OK
6039,00101100,594,1.824093,OK
6040,00101101,593,1.8234113,OK
6041,00101102,595,1.8236195,OK
6042,00101103,589,1.8241769,OK
6043,00101104,588,1.8237758,OK
6044,00101105,590,1.825185,OK
6045,00101106,586,1.8246562,OK
6046,00101107,584,1.8243164,OK
6047,00101108,592,1.8238567,OK
6048,00101109,587,1.8231213,OK
6049,00101110,587,1.8250148,OK
6050,00101111,584,1.8250055,OK
6051,00101112,595,1.8258703,OK
6052,00101113,591,1.8253267,OK
6053,00101114,598,1.8244592,OK
6054,00101115,601,1.8251895,OK
6055,00101116,585,1.8251302,OK
6056,00101117,593,1.8247085,OK
6057,00101118,595,1.8247956,OK
6058,00101119,586,1.8252343,OK
6059,00101120,582,1.8240765,OK
6060,00101121,584,1.8239913,OK
6061,00101122,589,1.8251591,OK
6062,00101123,585,1.8243728,OK
6063,00101124,589,1.8235978,OK
6064,00101125,593,1.8245527,OK
6065,00101126,585,1.8245755,OK
6066,00101127,592,1.8240433,OK
6067,00101128,594,1.8239555,OK
6068,00101129,592,1.8251758,OK
6069,00101130,590,1.8251237,OK
6070,00101131,590,1.8229992,OK
6071,00101132,595,1.8230362,OK
6072,00101133,592,1.8261634,OK
6073,00101134,591,1.8238829,OK
6074,00101135,581,1.8260636,OK
6075,00101136,582,1.8252864,OK
6076,00101137,589,1.8253907,OK
6077,00101138,585,1.8250167,OK
6078,00101139,596,1.8245505,OK
6079,00101140,599,1.8237851,OK
6080,00101141,589,1.8247222,OK
6081,00101142,589,1.8239108,OK
6082,00101143,591,1.8254896,OK
6083,00101144,590,1.8240218,OK
6084,00101145,581,1.825442,OK
6085,00101146,590,1.8245776,OK
6086,00101147,591,1.8256261,OK
6087,00101148,593,1.8248738,OK
6088,00101149,597,1.8232921,OK
6089,00101150,587,1.8232235,OK
6090,00101151,584,1.824618,OK
6091,00101152,599,1.8241886,OK
6092,00101153,587,1.8243167,OK
6093,00101154,591,1.8248231,OK
6094,00101155,581,1.8241534,OK
6095,00101156,593,1.8233405,OK
6096,00101157,596,1.8248614,OK
6097,00101158,594,1.8247327,OK
6098,00101159,590,1.8246572,OK
6099,00101160,587,1.8246448,OK
6100,00101161,597,1.8232293,OK
6101,00101162,593,1.8238358,OK
6102,00101163,594,1.8242428,OK
6103,00101164,593,1.8246946,OK
6104,00101165,591,1.8239619,OK
6105,00101166,585,1.8238634,OK
6106,00101167,594,1.823756,OK
6107,00101168,597,1.8242085,OK
6108,00101169,594,1.8238287,OK
6109,00101170,592,1.8249232,OK
6110,00101171,585,1.8261068,OK
6111,00101172,594,1.824793,OK
6112,00101173,598,1.8225375,OK
6113,00101174,594,1.8247432,OK
6114,00101175,593,1.8248044,OK
6115,00101176,593,1.8238492,OK
6116,00101177,593,1.8239388,OK
6117,00101178,592,1.824496,OK
6118,00101179,585,1.8242171,OK
6119,00101180,588,1.8258989,OK
6120,00101181,598,1.8248013,OK
6121,00101182,587,1.8237724,OK
6122,00101183,591,1.8245827,OK
6123,00101184,593,1.8258322,OK
6124,00101185,590,1.8243723,OK
6125,00101186,600,1.8247648,OK
6126,00101187,595,1.8266245,OK
6127,00101188,592,1.8247344,OK
6128,00101189,595,1.8240407,OK
6129,00101190,594,1.8241608,OK
6130,00101191,588,1.8236728,OK
6131,00101192,591,1.8248299,OK
6132,00101193,585,1.8248636,OK
6133,00101194,582,1.8246537,OK
6134,00101195,581,1.823646,OK
6135,00101196,592,1.8227663,OK
6136,00101197,598,1.8237394,OK
6137,00101198,551,1.825622,OK
6138,00101199,603,1.8247569,OK
6139,00101200,593,1.8251959,OK
6140,00101201,597,1.8238736,OK
6141,00101202,587,1.8255615,OK
6142,00101203,590,1.8232569,OK
6143,00101204,593,1.8242159,OK
6144,00101205,602,1.8238671,OK
6145,00101206,587,1.8244799,OK
6146,00101207,596,1.8242337,OK
6147,00101208,596,1.8251271,OK
6148,00101209,588,1.8245181,OK
6149,00101210,585,1.8240811,OK
6150,00101211,599,1.823875,OK
6151,00101212,593,1.8249656,OK
6152,00101213,587,1.8247305,OK
6153,00101214,582,1.8234532,OK
6154,00101215,593,1.824395,OK
6155,00101216,596,1.8241657,OK
6156,00101217,592,1.8233696,OK
6157,00101218,597,1.8230604,OK
6158,00101219,598,1.8225087,OK
6159,00101220,598,1.8249836,OK
6160,00101221,595,1.8237469,OK
6161,00101222,589,1.824063,OK
6162,00101223,597,1.8228866,OK
6163,00101224,589,1.8251642,OK
6164,00101225,586,1.8252717,OK
6165,00101226,585,1.8244132,OK
6166,00101227,589,1.8243986,OK
6167,00101228,586,1.8234593,OK
6168,00101229,592,1.8247957,OK
6169,00101230,592,1.8232051,OK
6170,00101231,596,1.8249166,OK
6171,00101232,593,1.8243034,OK
6172,00101233,582,1.8246399,OK
6173,00101234,591,1.8247933,OK
6174,00101235,589,1.8244867,OK
6175,00101236,585,1.8242209,OK
6176,00101237,592,1.8248225,OK
6177,00101238,592,1.8248576,OK
6178,00101239,593,1.8231131,OK
6179,00101240,587,1.8237691,OK
6180,00101241,598,1.8240958,OK
6181,00101242,603,1.8240523,OK
6182,00101243,588,1.8236902,OK
6183,00101244,591,1.8239535,OK
6184,00101245,591,1.823673,OK
6185,00101246,588,1.824457,OK
6186,00101247,588,1.8243134,OK
6187,00101248,594,1.8241986,OK
6188,00101249,595,1.8243564,OK
6189,00101250,604,1.8233855,OK
6190,00101251,594,1.8260654,OK
6191,00101252,590,1.8237693,OK
6192,00101253,592,1.8233591,OK
6193,00101254,589,1.8243468,OK
6194,00101255,597,1.8251119,OK
6195,00101256,591,1.825694,OK
6196,00101257,591,1.8250065,OK
6197,00101258,601,1.8235668,OK
6198,00101259,585,1.8233415,OK
6199,00101260,590,1.8226712,OK
6200,00101261,591,1.8247124,OK
6201,00101262,583,1.8241916,OK
6202,00101263,587,1.8239547,OK
6203,00101264,593,1.8232673,OK
6204,00101265,589,1.8235581,OK
6205,00101266,590,1.8245198,OK
6206,00101267,595,1.8242397,OK
6207,00101268,584,1.8246828,OK
6208,00101269,586,1.8242029,OK
6209,00101270,590,1.8249714,OK
6210,00101271,600,1.8243943,OK
6211,00101272,595,1.8248152,OK
6212,00101273,590,1.8248991,OK
6213,00101274,585,1.824572,OK
6214,00101275,600,1.8244675,OK
6215,00101276,592,1.8238031,OK
6216,00101277,597,1.824709,OK
6217,00101278,584,1.8241234,OK
6218,00101279,593,1.8243847,OK
6219,00101280,594,1.8242062,OK
6220,00101281,593,1.8244666,OK
6221,00101282,591,1.824321,OK
6222,00101283,602,1.8233538,OK
6223,00101284,592,1.8237531,OK
6224,00101285,595,1.8239069,OK
6225,00101286,595,1.8249375,OK
6226,00101287,596,1.8253727,OK
6227,00101288,588,1.8239065,OK
6228,00101289,589,1.8247325,OK
6229,00101290,585,1.8227351,OK
6230,00101291,597,1.8246979,OK
6231,00101292,590,1.8246136,OK
6232,00101293,590,1.8240987,OK
6233,00101294,586,1.824592,OK
6234,00101295,595,1.8239114,OK
6235,00101296,587,1.8240565,OK
6236,00101297,582,1.8254651,OK
6237,00101298,593,1.8230828,OK
6238,00101299,588,1.8243325,OK
6239,00101300,586,1.8235778,OK
6240,00101301,589,1.8249371,OK
6241,00101302,585,1.8254476,OK
6242,00101303,574,1.8257457,OK
6243,00101304,596,1.8237358,OK
6244,00101305,601,1.8234147,OK
6245,00101306,588,1.8250391,OK
6246,00101307,590,1.8240665,OK
6247,00101308,588,1.8238763,OK
6248,00101309,595,1.8247119,OK
6249,00101310,594,1.8237628,OK
6250,00101311,581,1.8241457,OK
6251,00101312,588,1.8237839,OK
6252,00101313,568,1.8274652,OK
6253,00101314,585,1.8242722,OK
6254,00101315,597,1.8237321,OK
6255,00101316,590,1.824405,OK
6256,00101317,596,1.8233691,OK
6257,00101318,588,1.8234788,OK
6258,00101319,591,1.8241488,OK
6259,00101320,595,1.8247193,OK
6260,00101321,589,1.824407,OK
6261,00101322,584,1.8245147,OK
6262,00101323,603,1.8236574,OK
6263,00101324,595,1.8241761,OK
6264,00101325,591,1.8241762,OK
6265,00101326,589,1.8235683,OK
6266,00101327,598,1.8248891,OK
6267,00200000,540,1.8237077,OK
6268,00200001,548,1.8229076,OK
6269,00200002,541,1.8241764,OK
6270,00200003,546,1.823767,OK
6271,00200004,545,1.8237511,OK
6272,00200005,534,1.82423,OK
6273,00200006,539,1.8241526,OK
6274,00200007,539,1.8249649,OK
6275,00200008,528,1.824916,OK
6276,00200009,548,1.8228585,OK
6277,00200010,545,1.8241762,OK
6278,00200011,541,1.8253393,OK
6279,00200012,541,1.8238022,OK
6280,00200013,536,1.8242022,OK
6281,00200014,537,1.8250211,OK
6282,00200015,539,1.8239031,OK
6283,00200016,528,1.8241999,OK
6284,00200017,540,1.8253905,OK
6285,00200018,535,1.82455,OK
6286,00200019,541,1.8231741,OK
6287,00200020,540,1.8228096,OK
6288,00200021,537,1.8244193,OK
6289,00200022,535,1.8250883,OK
6290,00200023,533,1.8250539,OK
6291,00200024,541,1.82491,OK
6292,00200025,540,1.8237423,OK
6293,00200026,538,1.8249099,OK
6294,00200027,535,1.824613,OK
6295,00200028,533,1.8241968,OK
6296,00200029,543,1.823458,OK
6297,00200030,544,1.8242856,OK
6298,00200031,534,1.8248273,OK
6299,00200032,528,1.8241687,OK
6300,00200033,550,1.824066,OK
6301,00200034,547,1.8228885,OK
6302,00200035,537,1.8238703,OK
6303,00200036,536,1.8249655,OK
6304,00200037,544,1.8249229,OK
6305,00200038,545,1.8231293,OK
6306,00200039,540,1.8242226,OK
6307,00200040,541,1.82408,OK
6308,00200041,539,1.8243201,OK
6309,00200042,545,1.8228569,OK
6310,00200043,536,1.8243666,OK
6311,00200044,545,1.8242497,OK
6312,00200045,552,1.8248516,OK
6313,00200046,511,1.82711,OK
6314,00200047,534,1.8252716,OK
6315,00200048,535,1.8260536,OK
6316,00200049,543,1.8234888,OK
6317,00200050,542,1.8253893,OK
6318,00200051,541,1.8246545,OK
6319,00200052,542,1.8247889,OK
6320,00200053,541,1.8241565,OK
6321,00200054,544,1.8238207,OK
6322,00200055,538,1.8243449,OK
6323,00200056,541,1.8250265,OK
6324,00200057,534,1.8242685,OK
6325,00200058,540,1.8256637,OK
6326,00200059,546,1.8239844,OK
6327,00200060,543,1.8241984,OK
6328,00200061,541,1.8241422,OK
6329,00200062,533,1.8240325,OK
6330,00200063,543,1.8251816,OK
6331,00200064,541,1.8251041,OK
6332,00200065,537,1.8256265,OK
6333,00200066,542,1.8244826,OK
6334,00200067,545,1.8238877,OK
6335,00200068,549,1.8245568,OK
6336,00200069,546,1.824112,OK
6337,00200070,542,1.8238225,OK
6338,00200071,531,1.8253875,OK
6339,00200072,554,1.8245265,OK
6340,00200073,547,1.8247664,OK
6341,00200074,543,1.8256948,OK
6342,00200075,542,1.824589,OK
6343,00200076,539,1.8237194,OK
6344,00200077,538,1.8244427,OK
6345,00200078,550,1.8232869,OK
6346,00200079,544,1.8237356,OK
6347,00200080,543,1.8239323,OK
6348,00200081,542,1.8244705,OK
6349,00200082,543,1.8233607,OK
6350,00200083,533,1.825557,OK
6351,00200084,536,1.8262577,OK
6352,00200085,547,1.8242202,OK
6353,00200086,553,1.8233962,OK
6354,00200087,538,1.8253727,OK
6355,00200088,535,1.8240646,OK
6356,00200089,542,1.8243821,OK
6357,00200090,536,1.8258364,OK
6358,00200091,543,1.8249481,OK
6359,00200092,537,1.8256574,OK
6360,00200093,546,1.8249551,OK
6361,00200094,537,1.8252006,OK
6362,00200095,539,1.8248541,OK
6363,00200096,542,1.8245424,OK
6364,00200097,546,1.8241662,OK
6365,00200098,543,1.8257948,OK
6366,00200099,546,1.8235973,OK
6367,00200100,541,1.8253239,OK
6368,00200101,536,1.8244419,OK
6369,00200102,535,1.824343,OK
6370,00200103,547,1.8250089,OK
6371,00200104,540,1.8245536,OK
6372,00200105,539,1.8256123,OK
6373,00200106,540,1.8238555,OK
6374,00200107,543,1.8236403,OK
6375,00200108,543,1.823786,OK
6376,00200109,550,1.8232381,OK
6377,00200110,542,1.8252447,OK
6378,00200111,538,1.8250438,OK
6379,00200112,543,1.8240212,OK
6380,00200113,540,1.8240149,OK
6381,00200114,542,1.8245616,OK
6382,00200115,546,1.8245134,OK
6383,00200116,544,1.8243407,OK
6384,00200117,542,1.8233063,OK
6385,00200118,542,1.8244208,OK
6386,00200119,535,1.8238974,OK
6387,00200120,544,1.8240825,OK
6388,00200121,545,1.8247321,OK
6389,00200122,544,1.8226614,OK
6390,00200123,540,1.8246315,OK
6391,00200124,531,1.8248668,OK
6392,00200125,549,1.8238914,OK
6393,00200126,535,1.824705,OK
6394,00200127,547,1.8251064,OK
6395,00200128,548,1.8246412,OK
6396,00200129,547,1.8229765,OK
6397,00200130,546,1.823937,OK
6398,00200131,538,1.8239253,OK
6399,00200132,538,1.8238863,OK
6400,00200133,545,1.8233556,OK
6401,00200134,543,1.8237294,OK
6402,00200135,545,1.8256359,OK
6403,00200136,538,1.8241136,OK
6404,00200137,537,1.8237895,OK
6405,00200138,545,1.8241545,OK
6406,00200139,534,1.8246149,OK
6407,00200140,540,1.8240038,OK
6408,00200141,539,1.8235922,OK
6409,00200142,546,1.8240577,OK
6410,00200143,544,1.8246486,OK
6411,00200144,544,1.8250887,OK
6412,00200145,544,1.8245463,OK
6413,00200146,537,1.8243265,OK
6414,00200147,543,1.8252739,OK
6415,00200148,542,1.8241031,OK
6416,00200149,541,1.8253111,OK
6417,00200150,547,1.8240981,OK
6418,00200151,543,1.824998,OK
6419,00200152,545,1.824513,OK
6420,00200153,545,1.8238757,OK
6421,00200154,540,1.8236878,OK
6422,00200155,544,1.8234532,OK
6423,00200156,551,1.8244516,OK
6424,00200157,545,1.8238711,OK
6425,00200158,546,1.8241682,OK
6426,00200159,543,1.8240982,OK
6427,00200160,537,1.8251715,OK
6428,00200161,541,1.8243551,OK
6429,00200162,545,1.8245771,OK
6430,00200163,539,1.8248271,OK
6431,00200164,550,1.8248893,OK
6432,00200165,541,1.8233501,OK
6433,00200166,545,1.8242427,OK
6434,00200167,546,1.8240302,OK
6435,00200168,547,1.8234519,OK
6436,00200169,535,1.8250493,OK
6437,00200170,547,1.8249342,OK
6438,00200171,548,1.8243647,OK
6439,00200172,548,1.8253504,OK
6440,00200173,535,1.8258783,OK
6441,00200174,542,1.8254277,OK
6442,00200175,543,1.8242279,OK
6443,00200176,544,1.8240845,OK
6444,00200177,546,1.8258982,OK
6445,00200178,535,1.824911,OK
6446,00200179,551,1.8250607,OK
6447,00200180,547,1.8243889,OK
6448,00200181,545,1.8242686,OK
6449,00200182,540,1.8239057,OK
6450,00200183,540,1.8239027,OK
6451,00200184,546,1.8246402,OK
6452,00200185,547,1.824982,OK
6453,00200186,542,1.8251313,OK
6454,00200187,542,1.8249359,OK
6455,00200188,539,1.824063,OK
6456,00200189,548,1.8232063,OK
6457,00200190,549,1.8249189,OK
6458,00200191,546,1.8239717,OK
6459,00200192,538,1.8246439,OK
6460,00200193,546,1.8260269,OK
6461,00200194,539,1.824292,OK
6462,00200195,551,1.8237125,OK
6463,00200196,547,1.8254681,OK
6464,00200197,554,1.8242745,OK
6465,00200198,547,1.8254977,OK
6466,00200199,542,1.8242744,OK
6467,00200200,545,1.8241978,OK
6468,00200201,541,1.8242553,OK
6469,00200202,543,1.8231802,OK
6470,00200203,540,1.8241408,OK
6471,00200204,544,1.8247806,OK
6472,00200205,542,1.8244032,OK
6473,00200206,542,1.8242022,OK
6474,00200207,536,1.8236873,OK
6475,00200208,539,1.8243673,OK
6476,00200209,545,1.8238235,OK
6477,00200210,534,1.8255837,OK
6478,00200211,541,1.8234179,OK
6479,00200212,540,1.8231968,OK
6480,00200213,533,1.8242686,OK
6481,00200214,541,1.8246417,OK
6482,00200215,544,1.8248683,OK
6483,00200216,532,1.8252387,OK
6484,00200217,537,1.8244853,OK
6485,00200218,541,1.8258867,OK
6486,00200219,539,1.8246924,OK
6487,00200220,534,1.8251572,OK
6488,00200221,539,1.8235123,OK
6489,00200222,546,1.8246452,OK
6490,00200223,546,1.824266,OK
6491,00200224,545,1.8248577,OK
6492,00200225,534,1.8258137,OK
6493,00200226,538,1.8253772,OK
6494,00200227,543,1.8240926,OK
6495,00200228,543,1.8233284,OK
6496,00200229,534,1.8250964,OK
6497,00200230,540,1.823919,OK
6498,00200231,545,1.8228885,OK
6499,00200232,542,1.8247627,OK
6500,00200233,544,1.8247947,OK
6501,00200234,540,1.8234318,OK
6502,00200235,538,1.8260357,OK
6503,00200236,543,1.8246583,OK
6504,00200237,542,1.8234104,OK
6505,00200238,547,1.8236496,OK
6506,00200239,539,1.8250854,OK
6507,00200240,540,1.8254137,OK
6508,00200241,538,1.8248829,OK
6509,00200242,534,1.8257521,OK
6510,00200243,532,1.8261793,OK
6511,00200244,541,1.8242481,OK
6512,00200245,540,1.824795,OK
6513,00200246,537,1.8243088,OK
6514,00200247,534,1.8248777,OK
6515,00200248,532,1.8248525,OK
6516,00200249,547,1.8234106,OK
6517,00200250,541,1.8240447,OK
6518,00200251,544,1.8241111,OK
6519,00200252,549,1.8235725,OK
6520,00200253,546,1.8238521,OK
6521,00200254,532,1.8249323,OK
6522,00200255,539,1.8247616,OK
6523,00200256,538,1.8241532,OK
6524,00200257,544,1.8248047,OK
6525,00200258,542,1.823618,OK
6526,00200259,549,1.8237596,OK
6527,00200260,542,1.823135,OK
6528,00200261,542,1.8250082,OK
6529,00200262,533,1.8250415,OK
6530,00200263,539,1.8247912,OK
6531,00200264,543,1.8236175,OK
6532,00200265,541,1.8241867,OK
6533,00200266,538,1.8244069,OK
6534,00200267,539,1.8247244,OK
6535,00200268,544,1.824959,OK
6536,00200269,537,1.8237348,OK
6537,00200270,543,1.824575,OK
6538,00200271,540,1.825883,OK
6539,00200272,540,1.8246928,OK
6540,00200273,544,1.8242817,OK
6541,00200274,540,1.8232589,OK
6542,00200275,540,1.8247774,OK
6543,00200276,537,1.8249596,OK
6544,00200277,543,1.8231202,OK
6545,00200278,539,1.8238604,OK
6546,00200279,544,1.8244705,OK
6547,00200280,535,1.8246007,OK
6548,00200281,547,1.824068,OK
6549,00200282,542,1.8256742,OK
6550,00200283,545,1.824407,OK
6551,00200284,537,1.8248087,OK
6552,00200285,545,1.8233819,OK
6553,00200286,542,1.8243163,OK
6554,00200287,548,1.8234335,OK
6555,00200288,535,1.8248752,OK
6556,00200289,543,1.8245852,OK
6557,00200290,541,1.8237185,OK
6558,00200291,532,1.8242713,OK
6559,00200292,534,1.8241662,OK
6560,00200293,539,1.825152,OK
6561,00200294,538,1.8241405,OK
6562,00200295,537,1.8259802,OK
6563,00200296,546,1.8236978,OK
6564,00200297,537,1.8245986,OK
6565,00200298,536,1.8239751,OK
6566,00200299,532,1.8252399,OK
6567,00200300,534,1.8241175,OK
6568,00200301,537,1.8242493,OK
6569,00200302,536,1.8246611,OK
6570,00200303,537,1.8246336,OK
6571,00200304,537,1.8231981,OK
6572,00200305,535,1.8248008,OK
6573,00200306,537,1.8256445,OK
6574,00200307,539,1.823671,OK
6575,00200308,542,1.8262935,OK
6576,00200309,535,1.8242922,OK
6577,00200310,539,1.82397,OK
6578,00200311,540,1.8238881,OK
6579,00200312,542,1.8222643,OK
6580,00200313,539,1.8239219,OK
6581,00200314,535,1.8240198,OK
6582,00200315,541,1.8249198,OK
6583,00200316,533,1.8239483,OK
6584,00200317,534,1.8256136,OK
6585,00200318,539,1.8245348,OK
6586,00200319,532,1.824911,OK
6587,00200320,535,1.8251771,OK
6588,00200321,534,1.8248067,OK
6589,00200322,546,1.8244207,OK
6590,00200323,529,1.8240927,OK
6591,00200324,538,1.8243848,OK
6592,00200325,535,1.825459,OK
6593,00200326,537,1.8244466,OK
6594,00200327,539,1.8242582,OK
6595,00200328,543,1.8257049,OK
6596,00200329,537,1.8247377,OK
6597,00200330,539,1.8234066,OK
6598,00200331,542,1.8236839,OK
6599,00200332,540,1.8240097,OK
6600,00200333,542,1.8234437,OK
6601,00200334,540,1.8241028,OK
6602,00200335,545,1.8234063,OK
6603,00200336,543,1.8246486,OK
6604,00200337,543,1.8248565,OK
6605,00200338,542,1.8250233,OK
6606,00200339,539,1.824892,OK
6607,00200340,538,1.8249494,OK
6608,00200341,539,1.825138,OK
6609,00200342,534,1.8249019,OK
6610,00200343,530,1.8239012,OK
6611,00200344,534,1.8232659,OK
6612,00200345,533,1.824066,OK
6613,00200346,538,1.8248019,OK
6614,00200347,539,1.8256279,OK
6615,00200348,536,1.8243426,OK
6616,00200349,546,1.8235573,OK
6617,00200350,535,1.8243837,OK
6618,00200351,531,1.82533,OK
6619,00200352,539,1.8243712,OK
6620,00200353,541,1.8233595,OK
6621,00200354,537,1.824021,OK
6622,00200355,537,1.8247513,OK
6623,00200356,539,1.8249335,OK
6624,00200357,535,1.825667,OK
6625,00200358,537,1.8248711,OK
6626,00200359,541,1.8237389,OK
6627,00200360,536,1.8248776,OK
6628,00200361,537,1.8238024,OK
6629,00200362,536,1.8244956,OK
6630,00200363,539,1.8234528,OK
6631,00200364,540,1.8240508,OK
6632,00200365,542,1.8248243,OK
6633,00200366,547,1.8239076,OK
6634,00200367,544,1.8238777,OK
6635,00200368,552,1.8232433,OK
6636,00200369,537,1.8252625,OK
6637,00200370,531,1.8253243,OK
6638,00200371,540,1.824871,OK
6639,00200372,538,1.8249537,OK
6640,00200373,544,1.8236189,OK
6641,00200374,531,1.8247945,OK
6642,00200375,540,1.824072,OK
6643,00200376,544,1.8255126,OK
6644,00200377,536,1.8244586,OK
6645,00200378,534,1.8238091,OK
6646,00200379,535,1.8252767,OK
6647,00200380,541,1.8238133,OK
6648,00200381,532,1.8239645,OK
6649,00200382,538,1.8249688,OK
6650,00200383,531,1.824733,OK
6651,00200384,544,1.8228556,OK
6652,00200385,538,1.8264549,OK
6653,00200386,532,1.8252782,OK
6654,00200387,544,1.8241076,OK
6655,00200388,537,1.8238487,OK
6656,00200389,539,1.8261381,OK
6657,00200390,539,1.8233707,OK
6658,00200391,541,1.8238485,OK
6659,00200392,533,1.8232282,OK
6660,00200393,536,1.8256334,OK
6661,00200394,530,1.8242657,OK
6662,00200395,536,1.8244709,OK
6663,00200396,538,1.8244288,OK
6664,00200397,537,1.8258495,OK
6665,00200398,540,1.8247477,OK
6666,00200399,540,1.8247486,OK
6667,00200400,540,1.8236727,OK
6668,00200401,535,1.8247397,OK
6669,00200402,540,1.8226197,OK
6670,00200403,536,1.8246975,OK
6671,00200404,549,1.8233894,OK
6672,00200405,538,1.8258605,OK
6673,00200406,537,1.8239688,OK
6674,00200407,538,1.8239009,OK
6675,00200408,540,1.823935,OK
6676,00200409,540,1.8234477,OK
6677,00200410,535,1.825385,OK
6678,00200411,529,1.8247315,OK
6679,00200412,539,1.8228724,OK
6680,00200413,533,1.8237636,OK
6681,00200414,543,1.8237779,OK
6682,00200415,537,1.8244168,OK
6683,00200416,538,1.8254429,OK
6684,00200417,533,1.8233976,OK
6685,00200418,544,1.8240936,OK
6686,00200419,536,1.8265105,OK
6687,00200420,535,1.8234967,OK
6688,00200421,531,1.8237253,OK
6689,00200422,530,1.8254155,OK
6690,00200423,539,1.8244593,OK
6691,00200424,532,1.8245115,OK
6692,00200425,526,1.8262575,OK
6693,00200426,542,1.8249102,OK
6694,00200427,545,1.8237407,OK
6695,00200428,538,1.8247533,OK
6696,00200429,533,1.8254031,OK
6697,00200430,525,1.8245149,OK
6698,00200431,534,1.8239976,OK
6699,00200432,541,1.8239329,OK
6700,00200433,528,1.8249128,OK
6701,00200434,533,1.8247684,OK
6702,00200435,536,1.825012,OK
6703,00200436,540,1.824349,OK
6704,00200437,536,1.8258613,OK
6705,00200438,536,1.8260053,OK
6706,00200439,536,1.8239295,OK
6707,00200440,543,1.8241677,OK
6708,00200441,534,1.8249943,OK
6709,00200442,538,1.8243172,OK
6710,00200443,545,1.8240635,OK
6711,00200444,539,1.8243979,OK
6712,00200445,533,1.8241819,OK
6713,00200446,538,1.8250605,OK
6714,00200447,533,1.8255457,OK
6715,00200448,530,1.8249623,OK
6716,00200449,532,1.8260945,OK
6717,00200450,537,1.8238068,OK
6718,00200451,541,1.8240111,OK
6719,00200452,544,1.8245059,OK
6720,00200453,539,1.8252611,OK
6721,00200454,532,1.8240855,OK
6722,00200455,532,1.8243631,OK
6723,00200456,536,1.826439,OK
6724,00200457,540,1.8242177,OK
6725,00200458,529,1.824,OK
6726,00200459,544,1.8235509,OK
6727,00200460,534,1.8237989,OK
6728,00200461,534,1.8231323,OK
6729,00200462,533,1.8241819,OK
6730,00200463,532,1.8254414,OK
6731,00200464,536,1.825067,OK
6732,00200465,531,1.8255746,OK
6733,00200466,537,1.8244251,OK
6734,00200467,541,1.8236698,OK
6735,00200468,527,1.8247855,OK
6736,00200469,539,1.8235805,OK
6737,00200470,537,1.8235259,OK
6738,00200471,541,1.8236542,OK
6739,00200472,538,1.824639,OK
6740,00200473,532,1.8240429,OK
6741,00200474,538,1.8234761,OK
6742,00200475,534,1.8244486,OK
6743,00200476,540,1.8231349,OK
6744,00200477,533,1.8242649,OK
6745,00200478,535,1.8237041,OK
6746,00200479,537,1.8232359,OK
6747,00200480,540,1.8236475,OK
6748,00200481,538,1.8235843,OK
6749,00200482,535,1.8253143,OK
6750,00200483,539,1.8244956,OK
6751,00200484,538,1.8239315,OK
6752,00200485,533,1.8247917,OK
6753,00200486,536,1.8235967,OK
6754,00200487,540,1.8240813,OK
6755,00200488,538,1.8234247,OK
6756,00200489,540,1.8242538,OK
6757,00200490,533,1.826127,OK
6758,00200491,532,1.8253984,OK
6759,00200492,539,1.8251165,OK
6760,00200493,543,1.8244123,OK
6761,00200494,538,1.8234711,OK
6762,00200495,541,1.8240472,OK
6763,00200496,553,1.8236152,OK
6764,00200497,544,1.8234982,OK
6765,00200498,535,1.8243055,OK
6766,00200499,537,1.8241631,OK
6767,00200500,547,1.8239833,OK
6768,00200501,539,1.8240517,OK
6769,00200502,543,1.8234173,OK
6770,00200503,543,1.8245231,OK
6771,00200504,541,1.8249915,OK
6772,00200505,540,1.824417,OK
6773,00200506,543,1.8246639,OK
6774,00200507,544,1.8237187,OK
6775,00200508,543,1.8231683,OK
6776,00200509,543,1.8240378,OK
6777,00200510,551,1.823523,OK
6778,00200511,544,1.8239316,OK
6779,00200512,535,1.824931,OK
6780,00200513,545,1.8224955,OK
6781,00200514,540,1.824058,OK
6782,00200515,543,1.8235351,OK
6783,00200516,540,1.8256693,OK
6784,00200517,544,1.8241775,OK
6785,00200518,531,1.8245894,OK
6786,00200519,534,1.8243155,OK
6787,00200520,535,1.823944,OK
6788,00200521,537,1.8235557,OK
6789,00200522,544,1.8254832,OK
6790,00200523,539,1.8242718,OK
6791,00200524,540,1.8247954,OK
6792,00200525,537,1.8238598,OK
6793,00200526,539,1.8231096,OK
6794,00200527,542,1.8240956,OK
6795,00200528,541,1.8239461,OK
6796,00200529,536,1.8237152,OK
6797,00200530,543,1.8229061,OK
6798,00200531,542,1.8244059,OK
6799,00200532,544,1.8238693,OK
6800,00200533,539,1.8237077,OK
6801,00200534,536,1.8256468,OK
6802,00200535,538,1.8233706,OK
6803,00200536,536,1.8236544,OK
6804,00200537,538,1.8249267,OK
6805,00200538,544,1.8243085,OK
6806,00200539,538,1.8257393,OK
6807,00200540,536,1.8244829,OK
6808,00200541,542,1.8238047,OK
6809,00200542,544,1.823837,OK
6810,00200543,531,1.8243859,OK
6811,00200544,535,1.8250728,OK
6812,00200545,540,1.8228806,OK
6813,00200546,539,1.8260741,OK
6814,00200547,531,1.8252788,OK
6815,00200548,535,1.824581,OK
6816,00200549,539,1.823818,OK
6817,00200550,536,1.8258011,OK
6818,00200551,533,1.824516,OK
6819,00200552,543,1.8258805,OK
6820,00200553,533,1.8262568,OK
6821,00200554,533,1.8257751,OK
6822,00200555,547,1.8226985,OK
6823,00200556,537,1.8242822,OK
6824,00200557,534,1.823978,OK
6825,00200558,534,1.8265291,OK
6826,00200559,537,1.8250041,OK
6827,00200560,538,1.8246154,OK
6828,00200561,540,1.824332,OK
6829,00200562,531,1.8256025,OK
6830,00200563,540,1.8238847,OK
6831,00200564,541,1.8249772,OK
6832,00200565,540,1.8236175,OK
6833,00200566,534,1.8252957,OK
6834,00200567,529,1.8253012,OK
6835,00200568,547,1.8241525,OK
6836,00200569,542,1.82423,OK
6837,00200570,541,1.8237934,OK
6838,00200571,547,1.8249339,OK
6839,00200572,549,1.8251802,OK
6840,00200573,536,1.8257244,OK
6841,00200574,536,1.8241985,OK
6842,00200575,532,1.8244237,OK
6843,00200576,548,1.8239894,OK
6844,00200577,543,1.824363,OK
6845,00200578,547,1.8239946,OK
6846,00200579,545,1.823186,OK
6847,00200580,539,1.8241181,OK
6848,00200581,537,1.8249214,OK
6849,00200582,541,1.8249671,OK
6850,00200583,550,1.8232176,OK
6851,00200584,547,1.8233745,OK
6852,00200585,546,1.8228512,OK
6853,00200586,546,1.8241739,OK
6854,00200587,542,1.8250135,OK
6855,00200588,539,1.8250415,OK
6856,00200589,531,1.824531,OK
6857,00200590,540,1.8245599,OK
6858,00200591,543,1.8237909,OK
6859,00200592,534,1.8265902,OK
6860,00200593,537,1.8253162,OK
6861,00200594,543,1.8253038,OK
6862,00200595,540,1.824308,OK
6863,00200596,545,1.8248392,OK
6864,00200597,542,1.823778,OK
6865,00200598,550,1.8248065,OK
6866,00200599,542,1.8243145,OK
6867,00200600,542,1.8228459,OK
6868,00200601,551,1.8236057,OK
6869,00200602,542,1.8242466,OK
6870,00200603,539,1.8248615,OK
6871,00200604,539,1.8238503,OK
6872,00200605,537,1.8240544,OK
6873,00200606,541,1.8228891,OK
6874,00200607,534,1.8250513,OK
6875,00200608,543,1.8232508,OK
6876,00200609,541,1.8248384,OK
6877,00200610,539,1.8251814,OK
6878,00200611,535,1.8238858,OK
6879,00200612,534,1.8231183,OK
6880,00200613,530,1.8247004,OK
6881,00200614,542,1.8241364,OK
6882,00200615,540,1.8243151,OK
6883,00200616,547,1.8235168,OK
6884,00200617,533,1.8250068,OK
6885,00200618,538,1.8254846,OK
6886,00200619,524,1.8257043,OK
6887,00200620,537,1.8232971,OK
6888,00200621,552,1.824015,OK
6889,00200622,533,1.8249829,OK
6890,00200623,531,1.8239882,OK
6891,00200624,534,1.823935,OK
6892,00200625,545,1.8239914,OK
6893,00200626,543,1.8241225,OK
6894,00200627,549,1.8237059,OK
6895,00200628,547,1.8234227,OK
6896,00200629,543,1.8249856,OK
6897,00200630,538,1.8247553,OK
6898,00200631,541,1.8228128,OK
6899,00200632,546,1.823011,OK
6900,00200633,535,1.8241943,OK
6901,00200634,541,1.8239362,OK
6902,00200635,539,1.8247344,OK
6903,00200636,536,1.8252181,OK
6904,00200637,536,1.8253475,OK
6905,00200638,542,1.8239632,OK
6906,00200639,542,1.823949,OK
6907,00200640,538,1.8240632,OK
6908,00200641,535,1.8239328,OK
6909,00200642,542,1.8246816,OK
6910,00200643,539,1.8244959,OK
6911,00200644,540,1.824632,OK
6912,00200645,541,1.8240917,OK
6913,00200646,544,1.8241043,OK
6914,00200647,538,1.8235803,OK
6915,00200648,540,1.8250804,OK
6916,00200649,540,1.824365,OK
6917,00200650,531,1.8258715,OK
6918,00200651,537,1.8258786,OK
6919,00200652,537,1.8244054,OK
6920,00200653,541,1.8234979,OK
6921,00200654,540,1.8233038,OK
6922,00200655,536,1.8256252,OK
6923,00200656,533,1.8239666,OK
6924,00200657,537,1.8230072,OK
6925,00200658,542,1.8244491,OK
6926,00200659,536,1.8245811,OK
6927,00200660,540,1.8251634,OK
6928,00200661,539,1.8250843,OK
6929,00200662,540,1.8233603,OK
6930,00200663,536,1.8238072,OK
6931,00200664,533,1.8245554,OK
6932,00200665,538,1.8252109,OK
6933,00200666,541,1.8239901,OK
6934,00200667,541,1.8238602,OK
6935,00200668,536,1.8241467,OK
6936,00200669,536,1.8258412,OK
6937,00200670,542,1.8253865,OK
6938,00200671,535,1.8252249,OK
6939,00200672,539,1.8237236,OK
6940,00200673,534,1.8244004,OK
6941,00200674,538,1.8257008,OK
6942,00200675,537,1.8255477,OK
6943,00200676,538,1.8247453,OK
6944,00200677,540,1.824251,OK
6945,00200678,536,1.8237826,OK
6946,00200679,541,1.8239628,OK
6947,00200680,531,1.8258188,OK
6948,00200681,537,1.8243601,OK
6949,00200682,531,1.8248397,OK
6950,00200683,534,1.8239552,OK
6951,00200684,541,1.8242787,OK
6952,00200685,544,1.8242918,OK
6953,00200686,532,1.825841,OK
6954,00200687,534,1.8238323,OK
6955,00200688,535,1.8251264,OK
6956,00200689,532,1.8256003,OK
6957,00200690,542,1.8234812,OK
6958,00200691,535,1.8244798,OK
6959,00200692,539,1.8253345,OK
6960,00200693,541,1.8230594,OK
6961,00200694,530,1.8241594,OK
6962,00200695,539,1.8237439,OK
6963,00200696,540,1.8248218,OK
6964,00200697,541,1.8249345,OK
6965,00200698,539,1.8240464,OK
6966,00200699,529,1.8241892,OK
6967,00200700,533,1.8251498,OK
6968,00200701,539,1.825896,OK
6969,00200702,536,1.8248475,OK
6970,00200703,539,1.8251247,OK
6971,00200704,540,1.8240182,OK
6972,00200705,535,1.8250785,OK
6973,00200706,542,1.8247198,OK
6974,00200707,545,1.8245397,OK
6975,00200708,538,1.8252285,OK
6976,00200709,531,1.8241824,OK
6977,00200710,541,1.8235526,OK
6978,00200711,533,1.8251647,OK
6979,00200712,531,1.82443,OK
6980,00200713,534,1.8255152,OK
6981,00200714,540,1.8233865,OK
6982,00200715,541,1.8235556,OK
6983,00200716,533,1.824161,OK
6984,00200717,536,1.8235604,OK
6985,00200718,539,1.8236945,OK
6986,00200719,541,1.823204,OK
6987,00200720,532,1.823935,OK
6988,00200721,542,1.8239757,OK
6989,00200722,537,1.8243421,OK
6990,00200723,547,1.8237659,OK
6991,00200724,540,1.8233174,OK
6992,00200725,530,1.8251935,OK
6993,00200726,540,1.8262732,OK
6994,00200727,542,1.825034,OK
6995,00200728,541,1.8242368,OK
6996,00200729,545,1.8248936,OK
6997,00200730,536,1.8244766,OK
6998,00200731,544,1.8257096,OK
6999,00200732,545,1.8239822,OK
7000,00200733,541,1.8240002,OK
7001,00200734,533,1.8248955,OK
7002,00200735,535,1.8254819,OK
7003,00200736,528,1.8255405,OK
7004,00200737,534,1.8248968,OK
7005,00200738,539,1.82451,OK
7006,00200739,537,1.8244859,OK
7007,00200740,542,1.8260244,OK
7008,00200741,541,1.8235291,OK
7009,00200742,535,1.8245416,OK
7010,00200743,537,1.8253304,OK
7011,00200744,536,1.8243837,OK
7012,00200745,540,1.8253235,OK
7013,00200746,542,1.8238333,OK
7014,00200747,544,1.8254383,OK
7015,00200748,544,1.8253711,OK
7016,00200749,539,1.8239368,OK
7017,00200750,528,1.8234706,OK
7018,00200751,536,1.8251649,OK
7019,00200752,542,1.8243759,OK
7020,00200753,540,1.8258947,OK
7021,00200754,531,1.8255371,OK
7022,00200755,537,1.8241943,OK
7023,00200756,544,1.8236021,OK
7024,00200757,531,1.8242903,OK
7025,00200758,539,1.8237855,OK
7026,00200759,531,1.8257303,OK
7027,00200760,542,1.8259586,OK
7028,00200761,534,1.8242365,OK
7029,00200762,534,1.8238721,OK
7030,00200763,534,1.8242507,OK
7031,00200764,542,1.8241706,OK
7032,00200765,543,1.8243971,OK
7033,00200766,537,1.8233529,OK
7034,00200767,538,1.8252145,OK
7035,00200768,538,1.8236411,OK
7036,00200769,540,1.8238914,OK
7037,00200770,540,1.8243657,OK
7038,00200771,535,1.8237495,OK
7039,00200772,533,1.8240292,OK
7040,00200773,540,1.8250457,OK
7041,00200774,529,1.8258647,OK
7042,00200775,539,1.8240646,OK
7043,00200776,535,1.8252063,OK
7044,00200777,533,1.8246744,OK
7045,00200778,536,1.8235443,OK
7046,00200779,543,1.8265734,OK
7047,00200780,539,1.8248334,OK
7048,00200781,532,1.8261348,OK
7049,00200782,540,1.8242233,OK
7050,00200783,539,1.8243726,OK
7051,00200784,532,1.8250592,OK
7052,00200785,542,1.8236629,OK
7053,00200786,535,1.8249755,OK
7054,00200787,534,1.8238236,OK
7055,00200788,535,1.8255076,OK
7056,00200789,533,1.8265896,OK
7057,00200790,535,1.8244047,OK
7058,00200791,535,1.8258007,OK
7059,00200792,537,1.8237587,OK
7060,00200793,536,1.8249247,OK
7061,00200794,528,1.8245422,OK
7062,00200795,538,1.824418,OK
7063,00200796,542,1.8244203,OK
7064,00200797,531,1.8242923,OK
7065,00200798,536,1.823369,OK
7066,00200799,536,1.8249341,OK
7067,00200800,541,1.824106,OK
7068,00200801,535,1.8237382,OK
7069,00200802,536,1.8244944,OK
7070,00200803,547,1.8248534,OK
7071,00200804,544,1.8221573,OK
7072,00200805,545,1.823576,OK
7073,00200806,531,1.8242074,OK
7074,00200807,537,1.8240728,OK
7075,00200808,528,1.8257536,OK
7076,00200809,535,1.8251086,OK
7077,00200810,533,1.8251115,OK
7078,00200811,543,1.8247291,OK
7079,00200812,536,1.8237259,OK
7080,00200813,548,1.8241767,OK
7081,00200814,531,1.8242147,OK
7082,00200815,537,1.8243852,OK
7083,00200816,531,1.8237766,OK
7084,00200817,539,1.823391,OK
7085,00200818,546,1.8237956,OK
7086,00200819,535,1.8238776,OK
7087,00200820,543,1.8249372,OK
7088,00200821,541,1.8256714,OK
7089,00200822,539,1.8243494,OK
7090,00200823,540,1.8221631,OK
7091,00200824,540,1.8236463,OK
7092,00200825,550,1.8243045,OK
7093,00200826,538,1.8227271,OK
7094,00200827,540,1.8248712,OK
7095,00200828,546,1.8229681,OK
7096,00200829,534,1.8235112,OK
7097,00200830,540,1.8236628,OK
7098,00200831,533,1.8242704,OK
7099,00200832,543,1.8243121,OK
7100,00200833,542,1.8231355,OK
7101,00200834,534,1.824154,OK
7102,00200835,540,1.8242807,OK
7103,00200836,535,1.8246288,OK
7104,00200837,539,1.8240552,OK
7105,00200838,526,1.8242977,OK
7106,00200839,541,1.822908,OK
7107,00200840,536,1.8234599,OK
7108,00200841,546,1.8226559,OK
7109,00200842,541,1.8239167,OK
7110,00200843,539,1.8239826,OK
7111,00200844,542,1.8235574,OK
7112,00200845,545,1.8234936,OK
7113,00200846,541,1.8236938,OK
7114,00200847,535,1.8238592,OK
7115,00200848,541,1.8234756,OK
7116,00200849,534,1.8234123,OK
7117,00200850,540,1.8243062,OK
7118,00200851,533,1.8241972,OK
7119,00200852,538,1.8239464,OK
7120,00200853,541,1.8241998,OK
7121,00200854,546,1.8238852,OK
7122,00200855,547,1.8226988,OK
7123,00200856,535,1.8243519,OK
7124,00200857,544,1.8231204,OK
7125,00200858,539,1.8238397,OK
7126,00200859,533,1.8236593,OK
7127,00200860,540,1.8235904,OK
7128,00200861,537,1.8237038,OK
7129,00200862,538,1.8237298,OK
7130,00200863,533,1.8244416,OK
7131,00200864,539,1.822816,OK
7132,00200865,542,1.8233731,OK
7133,00200866,531,1.8240385,OK
7134,00200867,539,1.8229203,OK
7135,00200868,541,1.8241078,OK
7136,00200869,536,1.823674,OK
7137,00200870,536,1.8240776,OK
7138,00200871,544,1.8234268,OK
7139,00200872,536,1.8236934,OK
7140,00200873,537,1.8235393,OK
7141,00200874,547,1.8235682,OK
7142,00200875,548,1.8225752,OK
7143,00200876,542,1.8229328,OK
7144,00200877,533,1.8244349,OK
7145,00200878,543,1.8241484,OK
7146,00200879,532,1.8238049,OK
7147,00200880,535,1.8237768,OK
7148,00200881,530,1.8249595,OK
7149,00200882,547,1.822938,OK
7150,00200883,534,1.8243012,OK
7151,00200884,534,1.824223,OK
7152,00200885,535,1.8243024,OK
7153,00200886,535,1.8253509,OK
7154,00200887,538,1.823571,OK
7155,00200888,541,1.824117,OK
7156,00200889,540,1.8242631,OK
7157,00200890,535,1.8231084,OK
7158,00200891,542,1.823641,OK
7159,00200892,540,1.8242515,OK
7160,00200893,541,1.8223543,OK
7161,00200894,534,1.8242269,OK
7162,00200895,540,1.8238635,OK
7163,00200896,540,1.8227267,OK
7164,00200897,533,1.8249286,OK
7165,00200898,542,1.8232758,OK
7166,00200899,543,1.825004,OK
7167,00200900,549,1.8240559,OK
7168,00200901,532,1.8241016,OK
7169,00200902,541,1.8249758,OK
7170,00200903,540,1.8239549,OK
7171,00200904,535,1.8250467,OK
7172,00200905,540,1.8245027,OK
7173,00200906,536,1.8254448,OK
7174,00200907,535,1.8246762,OK
7175,00200908,543,1.822024,OK
7176,00200909,533,1.8242247,OK
7177,00200910,542,1.8231633,OK
7178,00200911,533,1.8245177,OK
7179,00200912,545,1.824356,OK
7180,00200913,539,1.8242797,OK
7181,00200914,538,1.8246734,OK
7182,00200915,540,1.8237327,OK
7183,00200916,539,1.8250294,OK
7184,00200917,534,1.8231901,OK
7185,00200918,536,1.8240334,OK
7186,00200919,535,1.8252186,OK
7187,00200920,533,1.8244691,OK
7188,00200921,534,1.8245214,OK
7189,00200922,539,1.824895,OK
7190,00200923,540,1.8238772,OK
7191,00200924,536,1.8235872,OK
7192,00200925,534,1.8248839,OK
7193,00200926,538,1.8243195,OK
7194,00200927,533,1.8241537,OK
7195,00200928,540,1.8239318,OK
7196,00200929,542,1.8247762,OK
7197,00200930,541,1.8245987,OK
7198,00200931,532,1.8251632,OK
7199,00200932,535,1.8244474,OK
7200,00200933,535,1.8256466,OK
7201,00200934,531,1.8246402,OK
7202,00200935,536,1.8244779,OK
7203,00200936,519,1.8252949,OK
7204,00200937,546,1.8236039,OK
7205,00200938,537,1.8227475,OK
7206,00200939,532,1.8242233,OK
7207,00200940,534,1.823635,OK
7208,00200941,538,1.8243542,OK
7209,00200942,538,1.82404,OK
7210,00200943,531,1.8238958,OK
7211,00200944,538,1.8251393,OK
7212,00200945,536,1.8255978,OK
7213,00200946,534,1.8249182,OK
7214,00200947,539,1.8234168,OK
7215,00200948,547,1.8229979,OK
7216,00200949,535,1.8236696,OK
7217,00200950,534,1.8239552,OK
7218,00200951,528,1.8254583,OK
7219,00200952,528,1.8248862,OK
7220,00200953,538,1.824265,OK
7221,00200954,542,1.823311,OK
7222,00200955,530,1.8251439,OK
7223,00200956,537,1.825201,OK
7224,00200957,533,1.8243536,OK
7225,00200958,544,1.8236625,OK
7226,00200959,531,1.8251315,OK
7227,00200960,538,1.8240802,OK
7228,00200961,542,1.8235238,OK
7229,00200962,539,1.8250375,OK
7230,00200963,531,1.825041,OK
7231,00200964,539,1.8230044,OK
7232,00200965,541,1.8232881,OK
7233,00200966,536,1.8249156,OK
7234,00200967,541,1.8234601,OK
7235,00200968,529,1.8256737,OK
7236,00200969,532,1.8242716,OK
7237,00200970,531,1.8246596,OK
7238,00200971,536,1.8244718,OK
7239,00200972,528,1.8255215,OK
7240,00200973,534,1.8239121,OK
7241,00200974,535,1.8244987,OK
7242,00200975,539,1.8250138,OK
7243,00200976,538,1.8238279,OK
7244,00200977,534,1.8249086,OK
7245,00200978,534,1.8259287,OK
7246,00200979,537,1.8243726,OK
7247,00200980,532,1.824317,OK
7248,00200981,542,1.8252198,OK
7249,00200982,533,1.8249468,OK
7250,00200983,535,1.8243488,OK
7251,00200984,537,1.8235152,OK
7252,00200985,535,1.8250799,OK
7253,00200986,535,1.8238391,OK
7254,00200987,531,1.8247724,OK
7255,00200988,536,1.8239536,OK
7256,00200989,543,1.8231664,OK
7257,00200990,540,1.8233143,OK
7258,00200991,531,1.824865,OK
7259,00200992,543,1.8241327,OK
7260,00200993,542,1.8241038,OK
7261,00200994,538,1.8245652,OK
7262,00200995,538,1.8239362,OK
7263,00200996,545,1.8238107,OK
7264,00200997,536,1.8244048,OK
7265,00200998,539,1.8235173,OK
7266,00200999,541,1.8238956,OK
7267,00201000,528,1.823709,OK
7268,00201001,534,1.8223035,OK
7269,00201002,521,1.8239453,OK
7270,00201003,537,1.822307,OK
7271,00201004,538,1.8241009,OK
7272,00201005,532,1.8234556,OK
7273,00201006,516,1.8225107,OK
7274,00201007,521,1.822237,OK
7275,00201008,528,1.8228413,OK
7276,00201009,530,1.8238369,OK
7277,00201010,537,1.8237307,OK
7278,00201011,534,1.8236719,OK
7279,00201012,538,1.8253441,OK
7280,00201013,543,1.8229734,OK
7281,00201014,539,1.8236344,OK
7282,00201015,542,1.8233994,OK
7283,00201016,541,1.8231752,OK
7284,00201017,534,1.8245729,OK
7285,00201018,526,1.8254384,OK
7286,00201019,544,1.8245593,OK
7287,00201020,543,1.8244587,OK
7288,00201021,547,1.824337,OK
7289,00201022,539,1.8239735,OK
7290,00201023,543,1.8236437,OK
7291,00201024,542,1.8239532,OK
7292,00201025,538,1.8244923,OK
7293,00201026,530,1.8242878,OK
7294,00201027,533,1.8249618,OK
7295,00201028,547,1.826164,OK
7296,00201029,545,1.8247967,OK
7297,00201030,540,1.8247547,OK
7298,00201031,537,1.8251997,OK
7299,00201032,538,1.8248149,OK
7300,00201033,538,1.8246977,OK
7301,00201034,536,1.824527,OK
7302,00201035,536,1.8250146,OK
7303,00201036,545,1.824613,OK
7304,00201037,534,1.8240553,OK
7305,00201038,536,1.8257073,OK
7306,00201039,538,1.8243558,OK
7307,00201040,536,1.8234978,OK
7308,00201041,540,1.8253778,OK
7309,00201042,532,1.8252742,OK
7310,00201043,549,1.8239417,OK
7311,00201044,545,1.8230087,OK
7312,00201045,539,1.8264092,OK
7313,00201046,537,1.8246288,OK
7314,00201047,537,1.8252833,OK
7315,00201048,535,1.8235632,OK
7316,00201049,542,1.8261017,OK
7317,00201050,535,1.825123,OK
7318,00201051,539,1.8249283,OK
7319,00201052,542,1.824571,OK
7320,00201053,532,1.8240885,OK
7321,00201054,541,1.8244258,OK
7322,00201055,538,1.8241332,OK
7323,00201056,539,1.8249303,OK
7324,00201057,530,1.8250918,OK
7325,00201058,533,1.8247048,OK
7326,00201059,537,1.8244834,OK
7327,00201060,534,1.824379,OK
7328,00201061,542,1.8237422,OK
7329,00201062,541,1.8252975,OK
7330,00201063,536,1.8250697,OK
7331,00201064,535,1.8250722,OK
7332,00201065,538,1.8238223,OK
7333,00201066,532,1.8254842,OK
7334,00201067,534,1.8243678,OK
7335,00201068,527,1.8244356,OK
7336,00201069,543,1.8239753,OK
7337,00201070,542,1.8240068,OK
7338,00201071,533,1.8240895,OK
7339,00201072,538,1.8242766,OK
7340,00201073,538,1.8243972,OK
7341,00201074,532,1.824246,OK
7342,00201075,541,1.8233987,OK
7343,00201076,540,1.8232076,OK
7344,00201077,534,1.8239465,OK
7345,00201078,530,1.825216,OK
7346,00201079,547,1.8242873,OK
7347,00201080,536,1.8251915,OK
7348,00201081,532,1.8249569,OK
7349,00201082,538,1.8254292,OK
7350,00201083,535,1.8244364,OK
7351,00201084,541,1.8256496,OK
7352,00201085,540,1.8232611,OK
7353,00201086,534,1.8243312,OK
7354,00201087,535,1.8236086,OK
7355,00201088,530,1.8240006,OK
7356,00201089,535,1.8243607,OK
7357,00201090,536,1.8259115,OK
7358,00201091,539,1.8237985,OK
7359,00201092,539,1.8248806,OK
7360,00201093,541,1.8239793,OK
7361,00201094,536,1.8264126,OK
7362,00201095,536,1.8242023,OK
7363,00201096,532,1.8244622,OK
7364,00201097,543,1.8241135,OK
7365,00201098,540,1.8251727,OK
7366,00201099,536,1.823671,OK
7367,00201100,545,1.8226331,OK
7368,00201101,534,1.8244628,OK
7369,00201102,539,1.8241178,OK
7370,00201103,535,1.8242732,OK
7371,00201104,539,1.8241289,OK
7372,00201105,543,1.823295,OK
7373,00201106,541,1.8244371,OK
7374,00201107,540,1.8233308,OK
7375,00201108,532,1.8254728,OK
7376,00201109,542,1.8244029,OK
7377,00201110,536,1.8239298,OK
7378,00201111,539,1.8245157,OK
7379,00201112,547,1.8255289,OK
7380,00201113,535,1.8242466,OK
7381,00201114,542,1.8246739,OK
7382,00201115,537,1.8249499,OK
7383,00201116,548,1.8230908,OK
7384,00201117,540,1.8247622,OK
7385,00201118,537,1.8244749,OK
7386,00201119,543,1.8216627,OK
7387,00201120,540,1.8246504,OK
7388,00201121,534,1.8244357,OK
7389,00201122,538,1.8245302,OK
7390,00201123,551,1.8253466,OK
7391,00201124,543,1.8230635,OK
7392,00201125,542,1.8244982,OK
7393,00201126,539,1.8240886,OK
7394,00201127,535,1.8241689,OK
7395,00201128,536,1.8250681,OK
7396,00201129,539,1.8240962,OK
7397,00201130,540,1.8242528,OK
7398,00201131,539,1.8229356,OK
7399,00201132,539,1.8238496,OK
7400,00201133,534,1.8251655,OK
7401,00201134,533,1.8253067,OK
7402,00201135,539,1.823822,OK
7403,00201136,543,1.822729,OK
7404,00201137,544,1.823598,OK
7405,00201138,540,1.8243521,OK
7406,00201139,539,1.8232538,OK
7407,00201140,538,1.8229413,OK
7408,00201141,541,1.8224529,OK
7409,00201142,533,1.8238174,OK
7410,00201143,539,1.8247238,OK
7411,00201144,538,1.8259168,OK
7412,00201145,543,1.8240796,OK
7413,00201146,530,1.8249702,OK
7414,00201147,527,1.8249617,OK
7415,00201148,540,1.8257681,OK
7416,00201149,534,1.8241272,OK
7417,00201150,545,1.8230239,OK
7418,00201151,543,1.8232249,OK
7419,00201152,537,1.8238373,OK
7420,00201153,538,1.8243902,OK
7421,00201154,544,1.8237284,OK
7422,00201155,539,1.8238586,OK
7423,00201156,540,1.8238657,OK
7424,00201157,540,1.8237492,OK
7425,00201158,544,1.8237414,OK
7426,00201159,537,1.8249211,OK
7427,00201160,543,1.8239402,OK
7428,00201161,543,1.8240032,OK
7429,00201162,531,1.8233454,OK
7430,00201163,529,1.824599,OK
7431,00201164,544,1.824325,OK
7432,00201165,544,1.8231488,OK
7433,00201166,536,1.8238789,OK
7434,00201167,541,1.8240813,OK
7435,00201168,540,1.8231484,OK
7436,00201169,528,1.824524,OK
7437,00201170,542,1.8232034,OK
7438,00201171,536,1.8237578,OK
7439,00201172,544,1.8235735,OK
7440,00201173,545,1.8224428,OK
7441,00201174,540,1.8247839,OK
7442,00201175,542,1.8238186,OK
7443,00201176,540,1.8225073,OK
7444,00201177,542,1.8233023,OK
7445,00201178,543,1.8231802,OK
7446,00201179,543,1.8245692,OK
7447,00201180,545,1.824203,OK
7448,00201181,540,1.8241129,OK
7449,00201182,546,1.8231702,OK
7450,00201183,536,1.8241107,OK
7451,00201184,545,1.8237996,OK
7452,00201185,545,1.8237244,OK
7453,00201186,543,1.8233881,OK
7454,00201187,538,1.8242614,OK
7455,00201188,544,1.8233297,OK
7456,00201189,543,1.8237053,OK
7457,00201190,536,1.8243871,OK
7458,00201191,542,1.82387,OK
7459,00201192,542,1.8227901,OK
7460,00201193,543,1.8248458,OK
7461,00201194,534,1.8243132,OK
7462,00201195,541,1.8244454,OK
7463,00201196,541,1.8243134,OK
7464,00201197,539,1.8228202,OK
7465,00201198,542,1.8232131,OK
7466,00201199,539,1.8249824,OK
7467,00201200,537,1.8237667,OK
7468,00201201,528,1.824956,OK
7469,00201202,537,1.8252981,OK
7470,00201203,543,1.823597,OK
7471,00201204,534,1.8240408,OK
7472,00201205,530,1.8237305,OK
7473,00201206,536,1.823456,OK
7474,00201207,548,1.8239256,OK
7475,00201208,541,1.8233961,OK
7476,00201209,540,1.8236995,OK
7477,00201210,546,1.8241568,OK
7478,00201211,538,1.8232952,OK
7479,00201212,549,1.8233078,OK
7480,00201213,538,1.8251415,OK
7481,00201214,531,1.8245579,OK
7482,00201215,539,1.823848,OK
7483,00201216,534,1.8260882,OK
7484,00201217,543,1.8235008,OK
7485,00201218,538,1.8248211,OK
7486,00201219,549,1.8247631,OK
7487,00201220,543,1.8226455,OK
7488,00201221,540,1.8252591,OK
7489,00201222,534,1.8249079,OK
7490,00201223,536,1.8241955,OK
7491,00201224,547,1.8248489,OK
7492,00201225,542,1.8237262,OK
7493,00201226,538,1.8239192,OK
7494,00201227,541,1.8240006,OK
7495,00201228,537,1.8258743,OK
7496,00201229,535,1.8254055,OK
7497,00201230,535,1.8251649,OK
7498,00201231,536,1.8253816,OK
7499,00201232,546,1.8233185,OK
7500,00201233,550,1.8236947,OK
7501,00201234,541,1.8232781,OK
7502,00201235,547,1.8231493,OK
7503,00201236,544,1.823453,OK
7504,00201237,542,1.8240709,OK
7505,00201238,544,1.8241148,OK
7506,00201239,545,1.8233556,OK
7507,00201240,541,1.8239485,OK
7508,00201241,545,1.8231802,OK
7509,00201242,545,1.8236241,OK
7510,00201243,547,1.8238646,OK
7511,00201244,546,1.8238858,OK
7512,00201245,541,1.8236696,OK
7513,00201246,550,1.8248096,OK
7514,00201247,544,1.823463,OK
7515,00201248,546,1.8249545,OK
7516,00201249,546,1.8227595,OK
7517,00201250,538,1.824012,OK
7518,00201251,539,1.8237683,OK
7519,00201252,548,1.8243146,OK
7520,00201253,535,1.825436,OK
7521,00201254,541,1.8238503,OK
7522,00201255,545,1.8236566,OK
7523,00201256,537,1.8242456,OK
7524,00201257,545,1.8248245,OK
7525,00201258,540,1.8235298,OK
7526,00201259,536,1.823449,OK
7527,00201260,542,1.823458,OK
7528,00201261,546,1.8226781,OK
7529,00201262,544,1.8237865,OK
7530,00201263,543,1.8243968,OK
7531,00201264,535,1.8244474,OK
7532,00201265,543,1.8241311,OK
7533,00201266,542,1.824829,OK
7534,00201267,543,1.8247879,OK
7535,00201268,544,1.8248252,OK
7536,00201269,542,1.824259,OK
7537,00201270,537,1.8241947,OK
7538,00201271,537,1.8232138,OK
7539,00201272,545,1.8246185,OK
7540,00201273,531,1.8240086,OK
7541,00201274,542,1.8237756,OK
7542,00201275,547,1.8234172,OK
7543,00201276,540,1.824099,OK
7544,00201277,529,1.8252548,OK
7545,00201278,537,1.824782,OK
7546,00201279,548,1.824308,OK
7547,00201280,536,1.8236139,OK
7548,00201281,539,1.8237876,OK
7549,00201282,543,1.8242139,OK
7550,00201283,543,1.8232878,OK
7551,00201284,549,1.8238677,OK
7552,00201285,532,1.8237329,OK
7553,00201286,543,1.8236947,OK
7554,00201287,533,1.823634,OK
7555,00201288,543,1.8239418,OK
7556,00201289,542,1.8231356,OK
7557,00201290,549,1.8242118,OK
7558,00201291,541,1.8239826,OK
7559,00201292,545,1.8244565,OK
7560,00201293,546,1.8242813,OK
7561,00201294,533,1.8265704,OK
7562,00201295,541,1.8246411,OK
7563,00201296,540,1.8237624,OK
7564,00201297,547,1.8232391,OK
7565,00201298,547,1.8242275,OK
7566,00201299,541,1.8245085,OK
7567,00201300,541,1.8242558,OK
7568,00201301,537,1.8241571,OK
7569,00201302,529,1.8255491,OK
7570,00201303,526,1.8241051,OK
7571,00201304,547,1.8263644,OK
7572,00201305,545,1.8234336,OK
7573,00201306,545,1.8242029,OK
7574,00201307,534,1.8235207,OK
7575,00201308,538,1.8254075,OK
7576,00201309,540,1.8251538,OK
7577,00201310,546,1.8233551,OK
7578,00201311,541,1.8245053,OK
7579,00201312,540,1.8247093,OK
7580,00201313,534,1.8231322,OK
7581,00201314,543,1.823482,OK
7582,00201315,546,1.8260076,OK
7583,00201316,547,1.8227688,OK
7584,00201317,553,1.8241212,OK
7585,00201318,539,1.82287,OK
7586,00201319,539,1.8236593,OK
7587,00201320,547,1.8241122,OK
7588,00201321,540,1.8243366,OK
7589,00201322,540,1.8249182,OK
7590,00201323,530,1.8262562,OK
7591,00201324,538,1.8253294,OK
7592,00201325,538,1.8238324,OK
7593,00201326,546,1.8241798,OK
7594,00201327,547,1.8242632,OK
7595,00201328,548,1.823971,OK
7596,00201329,532,1.8251933,OK
7597,00201330,534,1.8238041,OK
7598,00201331,534,1.8250052,OK
7599,00201332,537,1.8256165,OK
7600,00201333,536,1.8253384,OK
7601,00201334,539,1.8240865,OK
7602,00201335,542,1.8242276,OK
7603,00201336,538,1.8253812,OK
7604,00201337,543,1.823686,OK
7605,00201338,548,1.8235751,OK
7606,00201339,536,1.8257366,OK
7607,00201340,541,1.8239607,OK
7608,00201341,539,1.8253611,OK
7609,00201342,541,1.8241255,OK
7610,00201343,535,1.8251702,OK
7611,00201344,537,1.8238355,OK
7612,00201345,540,1.8241614,OK
7613,00201346,545,1.8237252,OK
7614,00201347,537,1.8245358,OK
7615,00201348,535,1.8254665,OK
7616,00201349,539,1.8238685,OK
7617,00201350,535,1.8244526,OK
7618,00201351,545,1.8241298,OK
7619,00201352,537,1.8253407,OK
7620,00201353,538,1.8255737,OK
7621,00201354,536,1.8238722,OK
7622,00201355,541,1.8248185,OK
7623,00201356,538,1.8262972,OK
7624,00201357,534,1.8244888,OK
7625,00201358,540,1.8242617,OK
7626,00201359,549,1.8239757,OK
7627,00201360,539,1.8248868,OK
7628,00201361,543,1.8247495,OK
7629,00201362,537,1.8264751,OK
7630,00201363,541,1.8236663,OK
7631,00201364,544,1.8229865,OK
7632,00201365,532,1.8248723,OK
7633,00201366,537,1.8245461,OK
7634,00201367,538,1.8241434,OK
7635,00201368,545,1.8248583,OK
7636,00201369,544,1.8246397,OK
7637,00201370,541,1.8242409,OK
7638,00201371,540,1.8243399,OK
7639,00201372,537,1.8250228,OK
7640,00201373,543,1.8249521,OK
7641,00201374,534,1.8263202,OK
7642,00201375,537,1.8244324,OK
7643,00201376,532,1.8264552,OK
7644,00201377,533,1.8246367,OK
7645,00201378,536,1.8248844,OK
7646,00201379,534,1.8257077,OK
7647,00201380,533,1.8251075,OK
7648,00201381,546,1.8243418,OK
7649,00201382,536,1.8251213,OK
7650,00201383,543,1.8240477,OK
7651,00201384,541,1.8232423,OK
7652,00201385,543,1.8249607,OK
7653,00201386,535,1.8250477,OK
7654,00201387,538,1.8238668,OK
7655,00201388,541,1.8239422,OK
7656,00201389,534,1.823631,OK
7657,00201390,539,1.8239967,OK
7658,00201391,544,1.8237447,OK
7659,00201392,542,1.8240136,OK
7660,00201393,538,1.8254548,OK
7661,00201394,538,1.8283001,OK
7662,00201395,541,1.8252307,OK
7663,00201396,541,1.824009,OK
7664,00201397,537,1.8242378,OK
7665,00201398,537,1.8242824,OK
7666,00201399,540,1.8239383,OK
7667,00201400,546,1.8249153,OK
7668,00201401,543,1.8246888,OK
7669,00201402,538,1.8236269,OK
7670,00201403,537,1.8238376,OK
7671,00201404,540,1.8243736,OK
7672,00201405,538,1.8244885,OK
7673,00201406,545,1.8247032,OK
7674,00201407,535,1.8240635,OK
7675,00201408,538,1.8247437,OK
7676,00201409,539,1.8239934,OK
7677,00201410,544,1.8238221,OK
7678,00201411,546,1.8229942,OK
7679,00201412,536,1.8230946,OK
7680,00201413,541,1.8247876,OK
7681,00201414,531,1.8233948,OK
7682,00201415,534,1.8232315,OK
7683,00201416,531,1.8231684,OK
7684,00201417,539,1.8231302,OK
7685,00201418,540,1.8243815,OK
7686,00201419,550,1.8234031,OK
7687,00201420,548,1.8237823,OK
7688,00201421,543,1.8245249,OK
7689,00201422,543,1.8252612,OK
7690,00201423,550,1.8245366,OK
7691,00201424,538,1.8239986,OK
7692,00201425,545,1.8248521,OK
7693,00201426,555,1.824398,OK
7694,00201427,546,1.824001,OK
7695,00201428,544,1.8226938,OK
7696,00201429,538,1.8248577,OK
7697,00201430,541,1.8231146,OK
7698,00201431,541,1.8242524,OK
7699,00201432,544,1.8236793,OK
7700,00201433,535,1.8246169,OK
7701,00201434,541,1.8244221,OK
7702,00201435,541,1.8239809,OK
7703,00201436,545,1.8246204,OK
7704,00201437,544,1.824021,OK
7705,00201438,550,1.8232794,OK
7706,00201439,544,1.8246554,OK
7707,00201440,549,1.8251976,OK
7708,00201441,539,1.8250874,OK
7709,00201442,540,1.8234135,OK
7710,00201443,537,1.8249319,OK
7711,00201444,547,1.8242806,OK
7712,00201445,539,1.8245847,OK
7713,00201446,542,1.8255666,OK
7714,00201447,541,1.8245882,OK
7715,00201448,540,1.8249633,OK
7716,00201449,547,1.825,OK
7717,00201450,543,1.8228444,OK
7718,00201451,545,1.8242579,OK
7719,00201452,541,1.8236648,OK
7720,00201453,534,1.8249315,OK
7721,00201454,535,1.8239452,OK
7722,00201455,540,1.8250393,OK
7723,00201456,541,1.8252636,OK
7724,00201457,537,1.8249744,OK
7725,00201458,543,1.8232433,OK
7726,00201459,542,1.824763,OK
7727,00201460,542,1.823522,OK
7728,00201461,543,1.8243332,OK
7729,00201462,544,1.8237967,OK
7730,00201463,539,1.8237684,OK
7731,00201464,544,1.8242506,OK
7732,00201465,543,1.8246483,OK
7733,00201466,538,1.824631,OK
7734,00201467,546,1.823636,OK
7735,00201468,539,1.8242195,OK
7736,00201469,542,1.8229812,OK
7737,00201470,543,1.823894,OK
7738,00201471,539,1.8234268,OK
7739,00201472,541,1.8240333,OK
7740,00201473,543,1.8234525,OK
7741,00201474,543,1.8235301,OK
7742,00201475,546,1.8240305,OK
7743,00201476,547,1.8238121,OK
7744,00201477,543,1.8243871,OK
7745,00201478,540,1.8249966,OK
7746,00201479,546,1.8242849,OK
7747,00201480,532,1.824866,OK
7748,00201481,547,1.8236667,OK
7749,00201482,541,1.8257161,OK
7750,00201483,549,1.8245692,OK
7751,00201484,545,1.8239831,OK
7752,00201485,546,1.8243138,OK
7753,00201486,543,1.8254508,OK
7754,00201487,539,1.8247504,OK
7755,00201488,539,1.82468,OK
7756,00201489,539,1.8236328,OK
7757,00201490,542,1.8256906,OK
7758,00201491,542,1.8243191,OK
7759,00201492,543,1.8252627,OK
7760,00201493,545,1.8245082,OK
7761,00201494,542,1.8236198,OK
7762,00201495,535,1.8246833,OK
7763,00201496,546,1.8248296,OK
7764,00201497,543,1.8247943,OK
7765,00201498,546,1.8250618,OK
7766,00201499,544,1.8236165,OK
7767,00201500,550,1.8242984,OK
7768,00201501,540,1.8234162,OK
7769,00201502,544,1.8247665,OK
7770,00201503,554,1.8241931,OK
7771,00201504,558,1.823824,OK
7772,00201505,550,1.8247422,OK
7773,00201506,541,1.8255537,OK
7774,00201507,545,1.8236387,OK
7775,00201508,549,1.8233387,OK
7776,00201509,539,1.8251679,OK
7777,00201510,552,1.8247787,OK
7778,00201511,543,1.8239216,OK
7779,00201512,548,1.8238369,OK
7780,00201513,545,1.8235219,OK
7781,00201514,536,1.8233477,OK
7782,00201515,547,1.8235824,OK
7783,00201516,544,1.8232226,OK
7784,00201517,545,1.8228066,OK
7785,00201518,539,1.8246406,OK
7786,00201519,552,1.8239474,OK
7787,00201520,545,1.8239497,OK
7788,00201521,542,1.824315,OK
7789,00201522,542,1.8239065,OK
7790,00201523,548,1.8233999,OK
7791,00201524,551,1.8222423,OK
7792,00201525,545,1.8226968,OK
7793,00201526,543,1.823953,OK
7794,00201527,547,1.8237876,OK
7795,00201528,555,1.8230189,OK
7796,00201529,551,1.824613,OK
7797,00201530,546,1.8236153,OK
7798,00201531,548,1.8237004,OK
7799,00201532,548,1.8238204,OK
7800,00201533,549,1.8232074,OK
7801,00201534,543,1.8230778,OK
7802,00201535,545,1.823501,OK
7803,00201536,545,1.8242303,OK
7804,00201537,546,1.8238912,OK
7805,00201538,550,1.8232578,OK
7806,00201539,546,1.8235873,OK
7807,00201540,544,1.8235807,OK
7808,00201541,555,1.8233051,OK
7809,00201542,548,1.8225354,OK
7810,00201543,546,1.8226504,OK
7811,00201544,536,1.8242742,OK
7812,00201545,554,1.8232893,OK
7813,00201546,547,1.822617,OK
7814,00201547,556,1.8228998,OK
7815,00201548,553,1.822646,OK
7816,00201549,550,1.8232512,OK
7817,00201550,548,1.8240664,OK
7818,00201551,545,1.823009,OK
7819,00201552,541,1.8237959,OK
7820,00201553,540,1.8255037,OK
7821,00201554,553,1.8229614,OK
7822,00201555,549,1.8242303,OK
7823,00201556,538,1.8242432,OK
7824,00201557,540,1.8248826,OK
7825,00201558,545,1.8232957,OK
7826,00201559,556,1.821894,OK
7827,00201560,546,1.8244314,OK
7828,00201561,540,1.8223875,OK
7829,00201562,552,1.8216999,OK
7830,00201563,549,1.8235362,OK
7831,00201564,548,1.8241098,OK
7832,00201565,545,1.8236921,OK
7833,00201566,546,1.8243804,OK
7834,00201567,544,1.8227422,OK
7835,00201568,544,1.8225477,OK
7836,00201569,548,1.8236045,OK
7837,00201570,548,1.8229818,OK
7838,00201571,550,1.8227038,OK
7839,00201572,543,1.8232343,OK
7840,00201573,541,1.8240306,OK
7841,00201574,541,1.8230975,OK
7842,00201575,551,1.8237203,OK
7843,00201576,545,1.8233105,OK
7844,00201577,546,1.8240771,OK
7845,00201578,545,1.8228806,OK
7846,00201579,544,1.8236082,OK
7847,00201580,555,1.8234903,OK
7848,00201581,547,1.8240199,OK
7849,00201582,549,1.824196,OK
7850,00201583,546,1.8227262,OK
7851,00201584,546,1.823214,OK
7852,00201585,547,1.8233998,OK
7853,00201586,548,1.823066,OK
7854,00201587,541,1.8244323,OK
7855,00201588,546,1.8220192,OK
7856,00201589,546,1.8230098,OK
7857,00201590,551,1.8216777,OK
7858,00201591,549,1.823101,OK
7859,00201592,549,1.8236878,OK
7860,00201593,540,1.8232543,OK
7861,00201594,546,1.823303,OK
7862,00201595,552,1.8238616,OK
7863,00201596,541,1.8243431,OK
7864,00201597,548,1.8227508,OK
7865,00201598,549,1.8238498,OK
7866,00201599,547,1.823749,OK
7867,00201600,542,1.8243315,OK
7868,00201601,542,1.8252164,OK
7869,00201602,542,1.8245021,OK
7870,00201603,539,1.8252349,OK
7871,00201604,538,1.8237069,OK
7872,00201605,544,1.8226595,OK
7873,00201606,538,1.8262601,OK
7874,00201607,536,1.8250862,OK
7875,00201608,534,1.8241906,OK
7876,00201609,550,1.8237438,OK
7877,00201610,542,1.8246776,OK
7878,00201611,530,1.8235086,OK
7879,00201612,529,1.823684,OK
7880,00201613,534,1.8220018,OK
7881,00201614,540,1.8230996,OK
7882,00201615,527,1.8224233,OK
7883,00201616,529,1.8233376,OK
7884,00201617,529,1.8238043,OK
7885,00201618,531,1.8229265,OK
7886,00201619,524,1.8228161,OK
7887,00201620,542,1.8229766,OK
7888,00201621,531,1.8237352,OK
7889,00201622,534,1.8217632,OK
7890,00201623,524,1.8219244,OK
7891,00201624,526,1.8216288,OK
7892,00201625,528,1.8222706,OK
7893,00201626,530,1.8237504,OK
7894,00201627,537,1.8237914,OK
7895,00201628,548,1.8228967,OK
7896,00201629,538,1.8244641,OK
7897,00201630,535,1.8244363,OK
7898,00201631,545,1.8224055,OK
7899,00201632,536,1.8244966,OK
7900,00201633,540,1.8244785,OK
7901,00201634,537,1.8241915,OK
7902,00201635,538,1.8236674,OK
7903,00201636,542,1.8233078,OK
7904,00201637,542,1.8233744,OK
7905,00201638,540,1.8246738,OK
7906,00201639,542,1.8237302,OK
7907,00201640,545,1.8236221,OK
7908,00201641,539,1.8240483,OK
7909,00201642,539,1.8235465,OK
7910,00201643,539,1.823925,OK
7911,00201644,533,1.8238535,OK
7912,00201645,531,1.8248757,OK
7913,00201646,535,1.8244272,OK
7914,00201647,539,1.8244158,OK
7915,00201648,538,1.8248743,OK
7916,00201649,540,1.8235152,OK
7917,00201650,546,1.8247374,OK
7918,00201651,543,1.8242817,OK
7919,00201652,539,1.8252411,OK
7920,00201653,541,1.8241565,OK
7921,00201654,537,1.824552,OK
7922,00201655,538,1.8252782,OK
7923,00201656,537,1.8257097,OK
7924,00201657,528,1.8256676,OK
7925,00201658,533,1.8241999,OK
7926,00201659,544,1.8249623,OK
7927,00201660,535,1.8238044,OK
7928,00201661,540,1.8245323,OK
7929,00201662,535,1.8235773,OK
7930,00201663,538,1.8239694,OK
7931,00201664,539,1.8239671,OK
7932,00201665,534,1.8246557,OK
7933,00201666,531,1.8265172,OK
7934,00201667,536,1.8244879,OK
7935,00201668,534,1.8240169,OK
7936,00201669,539,1.8251852,OK
7937,00201670,545,1.8248837,OK
7938,00201671,544,1.8235732,OK
7939,00201672,546,1.8254527,OK
7940,00201673,536,1.8245169,OK
7941,00201674,544,1.8233517,OK
7942,00201675,538,1.8251177,OK
7943,00201676,543,1.8229138,OK
7944,00201677,536,1.824642,OK
7945,00201678,538,1.8252904,OK
7946,00201679,535,1.8238149,OK
7947,00201680,535,1.8251003,OK
7948,00201681,541,1.8239228,OK
7949,00201682,540,1.8244368,OK
7950,00201683,538,1.8242153,OK
7951,00201684,535,1.8236967,OK
7952,00201685,539,1.8243386,OK
7953,00201686,549,1.8239417,OK
7954,00201687,535,1.8256423,OK
7955,00201688,529,1.8258054,OK
7956,00201689,540,1.8238227,OK
7957,00201690,539,1.8230864,OK
7958,00201691,526,1.8249141,OK
7959,00201692,538,1.8250704,OK
7960,00201693,534,1.8241876,OK
7961,00201694,543,1.8236866,OK
7962,00201695,546,1.82417,OK
7963,00201696,545,1.8231548,OK
7964,00201697,540,1.8238668,OK
7965,00201698,538,1.824375,OK
7966,00201699,535,1.8245767,OK
7967,00201700,541,1.8232616,OK
7968,00201701,535,1.8234215,OK
7969,00201702,535,1.8252579,OK
7970,00201703,534,1.8250909,OK
7971,00201704,542,1.823283,OK
7972,00201705,538,1.8228999,OK
7973,00201706,531,1.8250918,OK
7974,00201707,533,1.8235518,OK
7975,00201708,543,1.824569,OK
7976,00201709,539,1.8254526,OK
7977,00201710,541,1.8245192,OK
7978,00201711,541,1.8244472,OK
7979,00201712,539,1.8236431,OK
7980,00201713,532,1.8251832,OK
7981,00201714,538,1.8244276,OK
7982,00201715,532,1.8240994,OK
7983,00201716,537,1.8231161,OK
7984,00201717,537,1.8241549,OK
7985,00201718,531,1.8247976,OK
7986,00201719,534,1.8238999,OK
7987,00201720,530,1.8245872,OK
7988,00201721,540,1.8252425,OK
7989,00201722,541,1.822628,OK
7990,00201723,540,1.8246204,OK
7991,00201724,534,1.8239483,OK
7992,00201725,541,1.8239692,OK
7993,00201726,539,1.8241045,OK
7994,00201727,531,1.824659,OK
7995,00201728,535,1.8239491,OK
7996,00201729,536,1.8246953,OK
7997,00201730,532,1.8240583,OK
7998,00201731,538,1.8232706,OK
7999,00201732,545,1.8238834,OK
8000,00201733,541,1.8264084,OK
8001,00201734,537,1.8248818,OK
8002,00201735,539,1.8255676,OK
8003,00201736,530,1.8248954,OK
8004,00201737,533,1.8248681,OK
8005,00201738,532,1.8256358,OK
8006,00201739,540,1.8240348,OK
8007,00201740,536,1.8249091,OK
8008,00201741,539,1.8243492,OK
8009,00201742,544,1.8258395,OK
8010,00201743,537,1.8243601,OK
8011,00201744,546,1.8255211,OK
8012,00201745,526,1.8258361,OK
8013,00201746,538,1.8242888,OK
8014,00201747,544,1.8244398,OK
8015,00201748,548,1.826152,OK
8016,00201749,540,1.823936,OK
8017,00201750,538,1.8241779,OK
8018,00201751,539,1.8249929,OK
8019,00201752,537,1.824687,OK
8020,00201753,539,1.8245953,OK
8021,00201754,533,1.8242925,OK
8022,00201755,543,1.8258463,OK
8023,00201756,539,1.8244385,OK
8024,00201757,538,1.825662,OK
8025,00201758,539,1.8247536,OK
8026,00201759,534,1.824751,OK
8027,00201760,539,1.8249595,OK
8028,00201761,539,1.8235447,OK
8029,00201762,544,1.8251747,OK
8030,00201763,536,1.8255048,OK
8031,00201764,537,1.8265857,OK
8032,00201765,537,1.8238759,OK
8033,00201766,538,1.8245435,OK
8034,00201767,537,1.82564,OK
8035,00201768,542,1.824978,OK
8036,00201769,540,1.8243372,OK
8037,00201770,546,1.8236809,OK
8038,00201771,535,1.8250493,OK
8039,00201772,538,1.8231432,OK
8040,00201773,542,1.8251431,OK
8041,00201774,538,1.8250324,OK
8042,00201775,536,1.8245616,OK
8043,00201776,542,1.8246099,OK
8044,00201777,538,1.8240855,OK
8045,00201778,540,1.8241943,OK
8046,00201779,537,1.8239228,OK
8047,00201780,539,1.8235747,OK
8048,00201781,537,1.8247374,OK
8049,00201782,535,1.8245702,OK
8050,00201783,537,1.8243293,OK
8051,00201784,537,1.824059,OK
8052,00201785,540,1.8255113,OK
8053,00201786,539,1.8247399,OK
8054,00201787,539,1.8244463,OK
8055,00201788,534,1.8236781,OK
8056,00201789,543,1.8229814,OK
8057,00201790,536,1.8262489,OK
8058,00201791,549,1.8234394,OK
8059,00201792,541,1.8241172,OK
8060,00201793,539,1.8240196,OK
8061,00201794,535,1.824739,OK
8062,00201795,538,1.8256623,OK
8063,00201796,542,1.8238194,OK
8064,00201797,544,1.8237145,OK
8065,00201798,542,1.8274536,OK
8066,00201799,541,1.8235255,OK
8067,00201800,546,1.8226571,OK
8068,00201801,539,1.823701,OK
8069,00201802,538,1.8241132,OK
8070,00201803,544,1.8231229,OK
8071,00201804,542,1.8234534,OK
8072,00201805,544,1.8245908,OK
8073,00201806,543,1.8250073,OK
8074,00201807,546,1.8243309,OK
8075,00201808,541,1.8250569,OK
8076,00201809,536,1.8254617,OK
8077,00201810,536,1.8255469,OK
8078,00201811,540,1.8259616,OK
8079,00201812,535,1.8241372,OK
8080,00201813,542,1.8239311,OK
8081,00201814,544,1.82482,OK
8082,00201815,536,1.824264,OK
8083,00201816,539,1.823847,OK
8084,00201817,537,1.8239378,OK
8085,00201818,536,1.825069,OK
8086,00201819,541,1.8248693,OK
8087,00201820,535,1.8260288,OK
8088,00201821,543,1.8241522,OK
8089,00201822,516,1.8269185,OK
8090,00201823,531,1.8249698,OK
8091,00201824,537,1.8232644,OK
8092,00201825,536,1.8243864,OK
8093,00201826,532,1.8252163,OK
8094,00201827,524,1.8247788,OK
8095,00201828,547,1.8240504,OK
8096,00201829,541,1.8248771,OK
8097,00201830,539,1.8242779,OK
8098,00201831,538,1.824165,OK
8099,00201832,535,1.824319,OK
8100,00201833,543,1.8233732,OK
8101,00201834,536,1.8256993,OK
8102,00201835,543,1.8242552,OK
8103,00201836,535,1.8249152,OK
8104,00201837,539,1.8243018,OK
8105,00201838,543,1.8237122,OK
8106,00201839,541,1.8242338,OK
8107,00201840,538,1.8255157,OK
8108,00201841,534,1.8241955,OK
8109,00201842,534,1.8247427,OK
8110,00201843,536,1.8244104,OK
8111,00201844,537,1.8242371,OK
8112,00201845,535,1.8243458,OK
8113,00201846,539,1.8237938,OK
8114,00201847,544,1.8236591,OK
8115,00201848,536,1.8245558,OK
8116,00201849,540,1.8242384,OK
8117,00201850,545,1.8237885,OK
8118,00201851,544,1.8244804,OK
8119,00201852,541,1.8251033,OK
8120,00201853,535,1.825886,OK
8121,00201854,541,1.8239083,OK
8122,00201855,537,1.8241699,OK
8123,00201856,542,1.8241746,OK
8124,00201857,539,1.8259914,OK
8125,00201858,538,1.8245065,OK
8126,00201859,534,1.8248206,OK
8127,00201860,542,1.8240504,OK
8128,00201861,540,1.8241788,OK
8129,00201862,534,1.8239355,OK
8130,00201863,535,1.8249711,OK
8131,00201864,545,1.8251171,OK
8132,00201865,543,1.8257672,OK
8133,00201866,536,1.8242875,OK
8134,00201867,536,1.8241594,OK
8135,00201868,539,1.824274,OK
8136,00201869,541,1.8238997,OK
8137,00201870,536,1.8242935,OK
8138,00201871,536,1.8246943,OK
8139,00201872,539,1.8250966,OK
8140,00201873,538,1.825237,OK
8141,00201874,537,1.8244227,OK
8142,00201875,543,1.8246394,OK
8143,00201876,536,1.8239634,OK
8144,00201877,530,1.8243368,OK
8145,00201878,533,1.8247328,OK
8146,00201879,550,1.8243253,OK
8147,00201880,544,1.8235251,OK
8148,00201881,539,1.8234329,OK
8149,00201882,533,1.8242416,OK
8150,00201883,535,1.8242182,OK
8151,00201884,535,1.8252919,OK
8152,00201885,536,1.8264894,OK
8153,00201886,534,1.8250035,OK
8154,00201887,536,1.8235242,OK
8155,00201888,541,1.8247498,OK
8156,00201889,535,1.82479,OK
8157,00201890,539,1.824681,OK
8158,00201891,538,1.8251314,OK
8159,00201892,535,1.8248672,OK
8160,00201893,533,1.8242341,OK
8161,00201894,533,1.8244618,OK
8162,00201895,533,1.8247705,OK
8163,00201896,533,1.8247616,OK
8164,00201897,538,1.8250767,OK
8165,00201898,535,1.8253502,OK
8166,00201899,528,1.8257799,OK
8167,00201900,538,1.8251164,OK
8168,00201901,528,1.8253422,OK
8169,00201902,539,1.8258066,OK
8170,00201903,546,1.8245401,OK
8171,00201904,536,1.824874,OK
8172,00201905,535,1.8257093,OK
8173,00201906,542,1.8250958,OK
8174,00201907,546,1.8246056,OK
8175,00201908,535,1.825004,OK
8176,00201909,540,1.8260225,OK
8177,00201910,539,1.8248156,OK
8178,00201911,539,1.8240433,OK
8179,00201912,537,1.8247093,OK
8180,00201913,544,1.8251181,OK
8181,00201914,543,1.8244839,OK
8182,00201915,540,1.8255117,OK
8183,00201916,535,1.8252156,OK
8184,00201917,538,1.8245909,OK
8185,00201918,536,1.8241547,OK
8186,00201919,529,1.825488,OK
8187,00201920,533,1.8256689,OK
8188,00201921,539,1.8238357,OK
8189,00201922,544,1.8244802,OK
8190,00201923,539,1.8239405,OK
8191,00201924,533,1.8243687,OK
8192,00201925,542,1.8244815,OK
8193,00201926,540,1.8252077,OK
8194,00201927,535,1.824573,OK
8195,00201928,550,1.8267361,OK
8196,00201929,543,1.8236923,OK
8197,00201930,546,1.8236567,OK
8198,00201931,547,1.8242699,OK
8199,00201932,548,1.8234214,OK
8200,00201933,536,1.8249714,OK
8201,00201934,534,1.8254062,OK
8202,00201935,540,1.823934,OK
8203,00201936,543,1.8235308,OK
8204,00201937,544,1.8244036,OK
8205,00201938,533,1.8258387,OK
8206,00201939,541,1.8246425,OK
8207,00201940,542,1.8233906,OK
8208,00201941,540,1.8252616,OK
8209,00201942,539,1.8243673,OK
8210,00201943,544,1.8237582,OK
8211,00201944,554,1.8230175,OK
8212,00201945,543,1.8236685,OK
8213,00201946,541,1.8236926,OK
8214,00201947,535,1.8248476,OK
8215,00201948,542,1.8236965,OK
8216,00201949,540,1.824645,OK
8217,00201950,545,1.8238982,OK
8218,00201951,539,1.8238715,OK
8219,00201952,541,1.824205,OK
8220,00201953,547,1.8247503,OK
8221,00201954,537,1.8242835,OK
8222,00201955,542,1.824612,OK
8223,00201956,537,1.8237776,OK
8224,00201957,534,1.825204,OK
8225,00201958,535,1.8244557,OK
8226,00201959,538,1.8242899,OK
8227,00201960,543,1.8237777,OK
8228,00201961,539,1.8238152,OK
8229,00201962,521,1.8263953,OK
8230,00201963,541,1.8247585,OK
8231,00201964,540,1.8242682,OK
8232,00201965,532,1.8246917,OK
8233,00201966,535,1.8249843,OK
8234,00201967,540,1.8242444,OK
8235,00201968,538,1.824526,OK
8236,00201969,541,1.8270712,OK
8237,00201970,538,1.8240705,OK
8238,00201971,543,1.8231955,OK
8239,00201972,544,1.8248732,OK
8240,00201973,541,1.8252208,OK
8241,00201974,537,1.824118,OK
8242,00201975,535,1.8234898,OK
8243,00201976,538,1.8243072,OK
8244,00201977,544,1.8229333,OK
8245,00201978,542,1.8257315,OK
8246,00201979,534,1.8245281,OK
8247,00201980,541,1.8236593,OK
8248,00201981,543,1.8246839,OK
8249,00201982,539,1.8242323,OK
8250,00201983,541,1.8249433,OK
8251,00201984,535,1.8259383,OK
8252,00201985,542,1.824887,OK
8253,00201986,537,1.8254678,OK
8254,00201987,532,1.8257828,OK
8255,00201988,536,1.8240951,OK
8256,00201989,544,1.823926,OK
8257,00201990,543,1.8242605,OK
8258,00201991,534,1.825044,OK
8259,00201992,542,1.8252262,OK
8260,00201993,541,1.8250297,OK
8261,00201994,542,1.8251293,OK
8262,00201995,536,1.8240279,OK
8263,00201996,548,1.8242753,OK
8264,00201997,539,1.8254358,OK
8265,00201998,537,1.8245914,OK
8266,00201999,544,1.8260192,OK
8267,00202000,540,1.8257459,OK
8268,00202001,546,1.8254291,OK
8269,00202002,544,1.8244808,OK
8270,00202003,543,1.826028,OK
8271,00202004,540,1.8235238,OK
8272,00202005,550,1.8235741,OK
8273,00202006,543,1.8251907,OK
8274,00202007,541,1.8238456,OK
8275,00202008,540,1.824531,OK
8276,00202009,544,1.825912,OK
8277,00202010,541,1.8245486,OK
8278,00202011,542,1.8241291,OK
8279,00202012,544,1.8238754,OK
8280,00202013,538,1.8249424,OK
8281,00202014,544,1.8249797,OK
8282,00202015,548,1.8240461,OK
8283,00202016,545,1.824302,OK
8284,00202017,539,1.8230985,OK
8285,00202018,544,1.8238642,OK
8286,00202019,544,1.8240504,OK
8287,00202020,542,1.8247365,OK
8288,00202021,548,1.8236405,OK
8289,00202022,544,1.8235797,OK
8290,00202023,554,1.8244331,OK
8291,00202024,546,1.8232435,OK
8292,00202025,551,1.8239697,OK
8293,00202026,540,1.8243387,OK
8294,00202027,535,1.8234298,OK
8295,00202028,550,1.8244839,OK
8296,00202029,546,1.8237412,OK
8297,00202030,554,1.8229605,OK
8298,00202031,555,1.8232362,OK
8299,00202032,548,1.8241467,OK
8300,00202033,548,1.8241403,OK
8301,00202034,551,1.8224528,OK
8302,00202035,541,1.8223389,OK
8303,00202036,543,1.8231465,OK
8304,00202037,547,1.8243123,OK
8305,00202038,542,1.823544,OK
8306,00202039,543,1.8245342,OK
8307,00202040,550,1.823861,OK
8308,00202041,542,1.8252687,OK
8309,00202042,546,1.8241454,OK
8310,00202043,543,1.8253047,OK
8311,00202044,545,1.8225954,OK
8312,00202045,552,1.8225987,OK
8313,00202046,544,1.8232555,OK
8314,00202047,543,1.8239284,OK
8315,00202048,540,1.8236618,OK
8316,00202049,549,1.8233528,OK
8317,00202050,548,1.8239664,OK
8318,00202051,551,1.8219936,OK
8319,00202052,547,1.8238751,OK
8320,00202053,556,1.8230156,OK
8321,00202054,539,1.8242109,OK
8322,00202055,544,1.8255615,OK
8323,00202056,550,1.8227675,OK
8324,00202057,545,1.8240864,OK
8325,00202058,547,1.8250506,OK
8326,00202059,545,1.8240491,OK
8327,00202060,547,1.8233746,OK
8328,00202061,550,1.823333,OK
8329,00202062,577,1.8268603,OK
8330,00202063,580,1.8245841,OK
8331,00202064,577,1.824485,OK
8332,00202065,584,1.8259727,OK
8333,00202066,577,1.8248767,OK
8334,00202067,579,1.82597,OK
8335,00202068,585,1.8253977,OK
8336,00202069,579,1.82419,OK
8337,00202070,583,1.823675,OK
8338,00202071,587,1.8243673,OK
8339,00202072,580,1.823842,OK
8340,00202073,587,1.825982,OK
8341,00202074,580,1.8255222,OK
8342,00202075,582,1.8247805,OK
8343,00202076,579,1.825338,OK
8344,00202077,587,1.8255757,OK
8345,00202078,582,1.8239352,OK
8346,00202079,572,1.824862,OK
8347,00202080,574,1.8255615,OK
8348,00202081,581,1.8247961,OK
8349,00202082,574,1.8245586,OK
8350,00202083,573,1.8258836,OK
8351,00202084,590,1.824268,OK
8352,00202085,589,1.8263762,OK
8353,00202086,578,1.8244158,OK
8354,00202087,576,1.825386,OK
8355,00202088,586,1.8263452,OK
8356,00202089,577,1.8256521,OK
8357,00202090,588,1.8239197,OK
8358,00202091,577,1.825142,OK
8359,00202092,583,1.8285438,OK
8360,00202093,574,1.824764,OK
8361,00202094,583,1.8244568,OK
8362,00202095,573,1.825557,OK
8363,00202096,582,1.8249272,OK
8364,00202097,573,1.8259635,OK
8365,00202098,586,1.8256257,OK
8366,00202099,580,1.8272659,OK
8367,00202100,584,1.8251573,OK
8368,00202101,587,1.8256171,OK
8369,00202102,582,1.8259106,OK
8370,00202103,581,1.8250705,OK
8371,00202104,580,1.8252366,OK
8372,00202105,581,1.8249415,OK
8373,00202106,580,1.8245395,OK
8374,00202107,576,1.8256588,OK
8375,00202108,581,1.8259708,OK
8376,00202109,580,1.8250046,OK
8377,00202110,582,1.8247641,OK
8378,00202111,585,1.8255426,OK
8379,00202112,581,1.8259839,OK
8380,00202113,581,1.8246028,OK
8381,00202114,584,1.8248702,OK
8382,00202115,578,1.8247224,OK
8383,00202116,579,1.8267407,OK
8384,00202117,584,1.8277183,OK
8385,00202118,589,1.8252567,OK
8386,00202119,585,1.8247744,OK
8387,00202120,582,1.8258904,OK
8388,00202121,576,1.8245215,OK
8389,00202122,583,1.8250946,OK
8390,00202123,581,1.8260581,OK
8391,00202124,589,1.8247646,OK
8392,00202125,576,1.8248512,OK
8393,00202126,580,1.8232293,OK
8394,00202127,584,1.8253638,OK
8395,00202128,580,1.8245484,OK
8396,00202129,572,1.8256618,OK
8397,00202130,581,1.8257638,OK
8398,00202131,579,1.8248053,OK
8399,00202132,579,1.8254458,OK
8400,00202133,576,1.8251092,OK
8401,00202134,579,1.8245748,OK
8402,00202135,573,1.8257526,OK
8403,00202136,582,1.8249327,OK
8404,00202137,583,1.8248651,OK
8405,00202138,588,1.8244903,OK
8406,00202139,588,1.8252485,OK
8407,00202140,580,1.8255775,OK
8408,00202141,576,1.8252797,OK
8409,00202142,581,1.8243948,OK
8410,00202143,585,1.8257178,OK
8411,00202144,587,1.826485,OK
8412,00202145,579,1.8270154,OK
8413,00202146,581,1.8254102,OK
8414,00202147,577,1.8253307,OK
8415,00202148,589,1.8254614,OK
8416,00202149,577,1.8249558,OK
8417,00202150,587,1.8246534,OK
8418,00202151,586,1.8249264,OK
8419,00202152,576,1.824913,OK
8420,00202153,578,1.8261305,OK
8421,00202154,587,1.8260688,OK
8422,00202155,589,1.826667,OK
8423,00202156,578,1.8247612,OK
8424,00202157,584,1.8259729,OK
8425,00202158,584,1.8254247,OK
8426,00202159,584,1.8252985,OK
8427,00202160,573,1.8253629,OK
8428,00202161,581,1.8244885,OK
8429,00202162,579,1.8256296,OK
8430,00202163,574,1.8247627,OK
8431,00202164,586,1.8257376,OK
8432,00202165,586,1.8241917,OK
8433,00202166,586,1.824522,OK
8434,00202167,584,1.8238124,OK
8435,00202168,585,1.825063,OK
8436,00202169,580,1.8260094,OK
8437,00202170,585,1.8242309,OK
8438,00202171,594,1.8249117,OK
8439,00202172,578,1.8266892,OK
8440,00202173,584,1.8241522,OK
8441,00202174,587,1.8241061,OK
8442,00202175,589,1.825339,OK
8443,00202176,581,1.8258227,OK
8444,00202177,590,1.8250204,OK
8445,00202178,586,1.8246783,OK
8446,00202179,588,1.8260394,OK
8447,00202180,577,1.8254331,OK
8448,00202181,584,1.8258364,OK
8449,00202182,579,1.8259518,OK
8450,00202183,586,1.8249559,OK
8451,00202184,587,1.8237667,OK
8452,00202185,588,1.825165,OK
8453,00202186,580,1.8246273,OK
8454,00202187,580,1.824764,OK
8455,00202188,588,1.8245083,OK
8456,00202189,583,1.8242456,OK
8457,00202190,592,1.824481,OK
8458,00202191,586,1.8246324,OK
8459,00202192,587,1.8239081,OK
8460,00202193,588,1.8245015,OK
8461,00202194,581,1.8246667,OK
8462,00202195,579,1.8241408,OK
8463,00202196,581,1.8242342,OK
8464,00202197,581,1.8239653,OK
8465,00202198,593,1.8252842,OK
8466,00202199,592,1.8233631,OK
8467,00202200,589,1.8240911,OK
8468,00202201,586,1.8252394,OK
8469,00202202,581,1.8250039,OK
8470,00202203,587,1.823819,OK
8471,00202204,596,1.8239475,OK
8472,00202205,595,1.824192,OK
8473,00202206,576,1.8254087,OK
8474,00202207,583,1.8250976,OK
8475,00202208,583,1.8247828,OK
8476,00202209,588,1.8259398,OK
8477,00202210,589,1.8244878,OK
8478,00202211,583,1.8262422,OK
8479,00202212,578,1.8240969,OK
8480,00202213,579,1.82419,OK
8481,00202214,589,1.8246192,OK
8482,00202215,586,1.8247408,OK
8483,00202216,580,1.8241657,OK
8484,00202217,592,1.8249491,OK
8485,00202218,591,1.8245666,OK
8486,00202219,588,1.8247033,OK
8487,00202220,581,1.8271507,OK
8488,00202221,584,1.8248533,OK
8489,00202222,580,1.8236985,OK
8490,00202223,584,1.8244234,OK
8491,00202224,578,1.825232,OK
8492,00202225,575,1.8258581,OK
8493,00202226,581,1.8253609,OK
8494,00202227,583,1.8249968,OK
8495,00202228,588,1.8261584,OK
8496,00202229,571,1.8259525,OK
8497,00202230,577,1.8259026,OK
8498,00202231,577,1.8248616,OK
8499,00202232,577,1.8253392,OK
8500,00202233,586,1.8254216,OK
8501,00202234,570,1.8244723,OK
8502,00202235,571,1.8263112,OK
8503,00202236,573,1.8248172,OK
8504,00202237,595,1.8251523,OK
8505,00202238,590,1.8253585,OK
8506,00202239,574,1.8250917,OK
8507,00202240,576,1.8248754,OK
8508,00202241,576,1.8258643,OK
8509,00202242,588,1.8246336,OK
8510,00202243,577,1.8258177,OK
8511,00202244,583,1.8241308,OK
8512,00202245,577,1.825988,OK
8513,00202246,567,1.82601,OK
8514,00202247,582,1.8246449,OK
8515,00202248,573,1.8243229,OK
8516,00202249,585,1.8247997,OK
8517,00202250,589,1.8248667,OK
8518,00202251,583,1.8238944,OK
8519,00202252,586,1.8242288,OK
8520,00202253,586,1.8260602,OK
8521,00202254,582,1.825582,OK
8522,00202255,585,1.8248723,OK
8523,00202256,583,1.8259403,OK
8524,00202257,586,1.8247391,OK
8525,00202258,584,1.8250364,OK
8526,00202259,585,1.825071,OK
8527,00202260,584,1.8256611,OK
8528,00202261,572,1.8253995,OK
8529,00202262,578,1.8251387,OK
8530,00202263,586,1.8247405,OK
8531,00202264,582,1.8256062,OK
8532,00202265,581,1.825197,OK
8533,00202266,582,1.8261169,OK
8534,00202267,579,1.8257346,OK
8535,00202268,580,1.8247942,OK
8536,00202269,584,1.8249692,OK
8537,00202270,579,1.8250703,OK
8538,00202271,585,1.8243297,OK
8539,00202272,584,1.8236234,OK
8540,00202273,580,1.8248602,OK
8541,00202274,584,1.8240733,OK
8542,00202275,578,1.8249257,OK
8543,00202276,584,1.8253099,OK
8544,00202277,572,1.8253114,OK
8545,00202278,581,1.825516,OK
8546,00202279,591,1.824797,OK
8547,00202280,574,1.8249773,OK
8548,00202281,585,1.8256878,OK
8549,00202282,579,1.8251728,OK
8550,00202283,579,1.8257034,OK
8551,00202284,576,1.824382,OK
8552,00202285,586,1.8237121,OK
8553,00202286,585,1.8253635,OK
8554,00202287,595,1.8243744,OK
8555,00202288,590,1.8247414,OK
8556,00202289,585,1.8253716,OK
8557,00202290,583,1.8247449,OK
8558,00202291,589,1.8258857,OK
8559,00202292,592,1.8239294,OK
8560,00202293,582,1.8243167,OK
8561,00202294,584,1.8252175,OK
8562,00202295,590,1.8238817,OK
8563,00202296,592,1.8239862,OK
8564,00202297,590,1.8253734,OK
8565,00202298,581,1.8249137,OK
8566,00202299,588,1.8252703,OK
8567,00202300,590,1.824446,OK
8568,00202301,588,1.824641,OK
8569,00202302,591,1.8247967,OK
8570,00202303,591,1.8246983,OK
8571,00202304,597,1.8241373,OK
8572,00202305,595,1.8251461,OK
8573,00202306,594,1.8248838,OK
8574,00202307,579,1.825708,OK
8575,00202308,524,1.8265051,OK
8576,00202309,590,1.8247552,OK
8577,00202310,588,1.8255314,OK
8578,00202311,591,1.8244017,OK
8579,00202312,587,1.8241646,OK
8580,00202313,586,1.8253332,OK
8581,00202314,589,1.8260313,OK
8582,00202315,586,1.8249032,OK
8583,00202316,587,1.8247008,OK
8584,00202317,594,1.8243443,OK
8585,00202318,583,1.8248134,OK
8586,00202319,588,1.8254366,OK
8587,00202320,577,1.8246171,OK
8588,00202321,584,1.8247572,OK
8589,00202322,589,1.8244426,OK
8590,00202323,582,1.8259512,OK
8591,00202324,583,1.8256549,OK
8592,00202325,592,1.8246429,OK
8593,00202326,578,1.8254483,OK
8594,00202327,583,1.8253323,OK
8595,00202328,582,1.8258245,OK
8596,00202329,580,1.8259646,OK
8597,00202330,582,1.8249617,OK
8598,00202331,588,1.8252962,OK
8599,00202332,588,1.8243033,OK
8600,00202333,583,1.8251145,OK
8601,00202334,590,1.8252574,OK
8602,00202335,581,1.8258939,OK
8603,00202336,594,1.826072,OK
8604,00202337,586,1.8264954,OK
8605,00202338,589,1.824617,OK
8606,00202339,581,1.825755,OK
8607,00202340,580,1.824634,OK
8608,00202341,586,1.8258715,OK
8609,00202342,593,1.8257306,OK
8610,00202343,586,1.8263687,OK
8611,00202344,581,1.8242728,OK
8612,00202345,589,1.8260187,OK
8613,00202346,592,1.8242244,OK
8614,00202347,585,1.8248127,OK
8615,00202348,588,1.8253361,OK
8616,00202349,586,1.8245267,OK
8617,00202350,585,1.8251778,OK
8618,00202351,588,1.8253056,OK
8619,00202352,584,1.8261234,OK
8620,00202353,584,1.8243345,OK
8621,00202354,583,1.8246661,OK
8622,00202355,588,1.8238724,OK
8623,00202356,585,1.8247805,OK
8624,00202357,583,1.8259721,OK
8625,00202358,589,1.8249421,OK
8626,00202359,589,1.8231212,OK
8627,00202360,590,1.8239326,OK
8628,00202361,586,1.8251967,OK
8629,00202362,580,1.8250084,OK
8630,00202363,579,1.8244087,OK
8631,00202364,588,1.8244116,OK
8632,00202365,592,1.8246975,OK
8633,00202366,585,1.8267916,OK
8634,00202367,578,1.8258686,OK
8635,00202368,583,1.8255253,OK
8636,00202369,584,1.824431,OK
8637,00202370,585,1.8249019,OK
8638,00202371,588,1.8256439,OK
8639,00202372,584,1.8254966,OK
8640,00202373,576,1.8255278,OK
8641,00202374,584,1.8244915,OK
8642,00202375,588,1.8245733,OK
8643,00202376,596,1.8258319,OK
8644,00202377,592,1.8240292,OK
8645,00202378,591,1.8243823,OK
8646,00202379,585,1.8255033,OK
8647,00202380,583,1.825519,OK
8648,00202381,586,1.8247287,OK
8649,00202382,581,1.8260137,OK
8650,00202383,587,1.8245702,OK
8651,00202384,582,1.8241991,OK
8652,00202385,581,1.8261551,OK
8653,00202386,585,1.8257205,OK
8654,00202387,584,1.8258479,OK
8655,00202388,591,1.8239974,OK
8656,00202389,596,1.8245667,OK
8657,00202390,588,1.8262466,OK
8658,00202391,587,1.8248056,OK
8659,00202392,590,1.8254586,OK
8660,00202393,585,1.825179,OK
8661,00202394,580,1.8246933,OK
8662,00202395,592,1.8246711,OK
8663,00202396,586,1.8254011,OK
8664,00202397,588,1.825547,OK
8665,00202398,584,1.8250016,OK
8666,00202399,587,1.8264166,OK
8667,00202400,588,1.8266336,OK
8668,00202401,591,1.8236169,OK
8669,00202402,585,1.8254031,OK
8670,00202403,587,1.8244554,OK
8671,00202404,590,1.824781,OK
8672,00202405,585,1.8240497,OK
8673,00202406,590,1.8242688,OK
8674,00202407,580,1.8252938,OK
8675,00202408,588,1.8246584,OK
8676,00202409,588,1.8241918,OK
8677,00202410,592,1.8245779,OK
8678,00202411,591,1.8257583,OK
8679,00202412,583,1.8243868,OK
8680,00202413,578,1.8246542,OK
8681,00202414,584,1.8240093,OK
8682,00202415,584,1.8245329,OK
8683,00202416,586,1.8255124,OK
8684,00202417,590,1.8249272,OK
8685,00202418,586,1.8253686,OK
8686,00202419,587,1.8251696,OK
8687,00202420,588,1.8256772,OK
8688,00202421,580,1.8254559,OK
8689,00202422,592,1.8255627,OK
8690,00202423,582,1.8246526,OK
8691,00202424,581,1.8255821,OK
8692,00202425,583,1.825598,OK
8693,00202426,584,1.8248078,OK
8694,00202427,583,1.8249573,OK
8695,00202428,593,1.8241434,OK
8696,00202429,586,1.8252221,OK
8697,00202430,577,1.8264042,OK
8698,00202431,583,1.8254411,OK
8699,00202432,581,1.8261416,OK
8700,00202433,585,1.825179,OK
8701,00202434,580,1.8255414,OK
8702,00202435,578,1.8246202,OK
8703,00202436,581,1.8252529,OK
8704,00202437,584,1.8266271,OK
8705,00202438,585,1.825093,OK
8706,00202439,588,1.8255246,OK
8707,00202440,581,1.8261504,OK
8708,00202441,587,1.8260185,OK
8709,00202442,585,1.8248485,OK
8710,00202443,579,1.826343,OK
8711,00202444,578,1.8253111,OK
8712,00202445,586,1.8245858,OK
8713,00202446,589,1.825314,OK
8714,00202447,584,1.8248463,OK
8715,00202448,585,1.8253449,OK
8716,00202449,582,1.8260798,OK
8717,00202450,575,1.82752,OK
8718,00202451,585,1.8263707,OK
8719,00202452,579,1.8258651,OK
8720,00202453,587,1.8242363,OK
8721,00202454,586,1.8252666,OK
8722,00202455,583,1.8265835,OK
8723,00202456,575,1.825956,OK
8724,00202457,585,1.82595,OK
8725,00202458,583,1.8255025,OK
8726,00202459,584,1.8265442,OK
8727,00202460,580,1.8263987,OK
8728,00202461,581,1.8254409,OK
8729,00202462,580,1.8254567,OK
8730,00202463,572,1.8261411,OK
8731,00202464,573,1.8255502,OK
8732,00202465,581,1.8253372,OK
8733,00202466,586,1.8274893,OK
8734,00202467,583,1.8260632,OK
8735,00202468,580,1.8246268,OK
8736,00202469,580,1.8258433,OK
8737,00202470,575,1.8250531,OK
8738,00202471,577,1.8250942,OK
8739,00202472,592,1.8247808,OK
8740,00202473,581,1.8242152,OK
8741,00202474,576,1.8256602,OK
8742,00202475,577,1.8260711,OK
8743,00202476,580,1.8247563,OK
8744,00202477,584,1.8250525,OK
8745,00202478,589,1.8261048,OK
8746,00202479,577,1.8251357,OK
8747,00202480,592,1.8250817,OK
8748,00202481,584,1.8250887,OK
8749,00202482,576,1.8253424,OK
8750,00202483,585,1.826156,OK
8751,00202484,584,1.8249328,OK
8752,00202485,583,1.8248017,OK
8753,00202486,585,1.8253902,OK
8754,00202487,588,1.8254445,OK
8755,00202488,579,1.8250039,OK
8756,00202489,575,1.8270168,OK
8757,00202490,581,1.826494,OK
8758,00202491,582,1.8254721,OK
8759,00202492,586,1.8253049,OK
8760,00202493,574,1.8256944,OK
8761,00202494,577,1.8255296,OK
8762,00202495,585,1.8254372,OK
8763,00202496,578,1.8246197,OK
8764,00202497,580,1.8242991,OK
8765,00202498,580,1.8254045,OK
8766,00202499,578,1.8242981,OK
8767,00202500,594,1.8241594,OK
8768,00202501,582,1.8250989,OK
8769,00202502,578,1.826148,OK
8770,00202503,581,1.8255731,OK
8771,00202504,580,1.8257128,OK
8772,00202505,580,1.8251442,OK
8773,00202506,590,1.8260276,OK
8774,00202507,578,1.825804,OK
8775,00202508,592,1.8255343,OK
8776,00202509,577,1.8265709,OK
8777,00202510,585,1.826307,OK
8778,00202511,581,1.8247801,OK
8779,00202512,586,1.8264514,OK
8780,00202513,579,1.8254784,OK
8781,00202514,582,1.8251382,OK
8782,00202515,576,1.8248329,OK
8783,00202516,581,1.8257571,OK
8784,00202517,586,1.8251716,OK
8785,00202518,576,1.8260477,OK
8786,00202519,593,1.8245357,OK
8787,00202520,584,1.8268288,OK
8788,00202521,587,1.8258618,OK
8789,00202522,585,1.825111,OK
8790,00202523,578,1.8243936,OK
8791,00202524,591,1.8251201,OK
8792,00202525,588,1.8251805,OK
8793,00202526,588,1.8268856,OK
8794,00202527,585,1.8254474,OK
8795,00202528,578,1.8256316,OK
8796,00202529,587,1.8252103,OK
8797,00202530,574,1.8253841,OK
8798,00202531,580,1.8252492,OK
8799,00202532,578,1.8258739,OK
8800,00202533,584,1.8252702,OK
8801,00202534,575,1.8261452,OK
8802,00202535,583,1.8255663,OK
8803,00202536,579,1.8250998,OK
8804,00202537,586,1.8247949,OK
8805,00202538,579,1.8264465,OK
8806,00202539,574,1.8255165,OK
8807,00202540,587,1.826452,OK
8808,00202541,583,1.825569,OK
8809,00202542,581,1.8244215,OK
8810,00202543,579,1.8256701,OK
8811,00202544,583,1.82545,OK
8812,00202545,583,1.8245071,OK
8813,00202546,587,1.8253688,OK
8814,00202547,582,1.8250766,OK
8815,00202548,528,1.8262672,OK
8816,00202549,582,1.825221,OK
8817,00202550,576,1.8254414,OK
8818,00202551,574,1.8258018,OK
8819,00202552,585,1.8253669,OK
8820,00202553,586,1.8251936,OK
8821,00202554,589,1.8235183,OK
8822,00202555,577,1.8252639,OK
8823,00202556,592,1.8251914,OK
8824,00202557,586,1.8241552,OK
8825,00202558,588,1.8248221,OK
8826,00202559,592,1.8244683,OK
8827,00202560,597,1.8232454,OK
8828,00202561,593,1.8250784,OK
8829,00202562,583,1.8263075,OK
8830,00202563,597,1.8237963,OK
8831,00202564,589,1.8256367,OK
8832,00202565,582,1.825023,OK
8833,00202566,589,1.8248264,OK
8834,00202567,586,1.8252279,OK
8835,00202568,590,1.8246089,OK
8836,00202569,583,1.8253298,OK
8837,00202570,583,1.8258733,OK
8838,00202571,581,1.8254869,OK
8839,00202572,584,1.8260134,OK
8840,00202573,584,1.8258914,OK
8841,00202574,589,1.8261802,OK
8842,00202575,587,1.8252101,OK
8843,00202576,584,1.825063,OK
8844,00202577,584,1.8264216,OK
8845,00202578,579,1.8251585,OK
8846,00202579,579,1.8249786,OK
8847,00202580,585,1.8256463,OK
8848,00202581,589,1.8245072,OK
8849,00202582,589,1.8245409,OK
8850,00202583,590,1.8247998,OK
8851,00202584,588,1.8257807,OK
8852,00202585,585,1.8254842,OK
8853,00202586,596,1.8256693,OK
8854,00202587,581,1.8246497,OK
8855,00202588,581,1.8258561,OK
8856,00202589,587,1.8263836,OK
8857,00202590,583,1.8248321,OK
8858,00202591,587,1.826297,OK
8859,00202592,575,1.8252358,OK
8860,00202593,585,1.8252176,OK
8861,00202594,579,1.8240707,OK
8862,00202595,588,1.8256923,OK
8863,00202596,583,1.8247958,OK
8864,00202597,579,1.8261011,OK
8865,00202598,591,1.8251307,OK
8866,00202599,583,1.8257376,OK
8867,00202600,574,1.8254812,OK
8868,00202601,581,1.8256208,OK
8869,00202602,581,1.8256266,OK
8870,00202603,564,1.82885,OK
8871,00202604,586,1.8256265,OK
8872,00202605,578,1.8254889,OK
8873,00202606,579,1.8250417,OK
8874,00202607,582,1.8251685,OK
8875,00202608,586,1.825858,OK
8876,00202609,582,1.8251953,OK
8877,00202610,584,1.8240362,OK
8878,00202611,582,1.8257576,OK
8879,00202612,590,1.8249762,OK
8880,00202613,584,1.8255235,OK
8881,00202614,594,1.8268176,OK
8882,00202615,578,1.8245875,OK
8883,00202616,577,1.8264731,OK
8884,00202617,578,1.8244815,OK
8885,00202618,553,1.825391,OK
8886,00202619,579,1.8276308,OK
8887,00202620,580,1.8259381,OK
8888,00202621,587,1.8245764,OK
8889,00202622,580,1.8250194,OK
8890,00202623,576,1.8250773,OK
8891,00202624,591,1.8244325,OK
8892,00202625,589,1.8239892,OK
8893,00202626,583,1.8259352,OK
8894,00202627,585,1.8239387,OK
8895,00202628,583,1.825917,OK
8896,00202629,584,1.8249983,OK
8897,00202630,575,1.8267072,OK
8898,00202631,590,1.8245949,OK
8899,00202632,589,1.8256168,OK
8900,00202633,585,1.8264638,OK
8901,00202634,581,1.8263324,OK
8902,00202635,578,1.8264633,OK
8903,00202636,581,1.8246982,OK
8904,00202637,591,1.8248638,OK
8905,00202638,584,1.8249558,OK
8906,00202639,578,1.8254538,OK
8907,00202640,590,1.8248429,OK
8908,00202641,585,1.8265773,OK
8909,00202642,580,1.8258111,OK
8910,00202643,583,1.8265386,OK
8911,00202644,588,1.8250301,OK
8912,00202645,584,1.8243362,OK
8913,00202646,580,1.8260332,OK
8914,00202647,577,1.825549,OK
8915,00202648,588,1.8256475,OK
8916,00202649,586,1.8240925,OK
8917,00202650,578,1.8252561,OK
8918,00202651,590,1.8262132,OK
8919,00202652,591,1.8234909,OK
8920,00202653,590,1.8242378,OK
8921,00202654,583,1.8242238,OK
8922,00202655,588,1.8240969,OK
8923,00202656,588,1.8233405,OK
8924,00202657,591,1.8256218,OK
8925,00202658,591,1.82513,OK
8926,00202659,595,1.8234248,OK
8927,00202660,592,1.8241668,OK
8928,00202661,581,1.8253567,OK
8929,00202662,588,1.8228645,OK
8930,00202663,584,1.8254051,OK
8931,00202664,588,1.8240039,OK
8932,00202665,585,1.8249457,OK
8933,00202666,583,1.8244126,OK
8934,00202667,587,1.8243897,OK
8935,00202668,593,1.8233929,OK
8936,00202669,596,1.8240451,OK
8937,00202670,553,1.8254129,OK
8938,00202671,575,1.8257779,OK
8939,00202672,589,1.8252919,OK
8940,00202673,599,1.82402,OK
8941,00202674,586,1.8247753,OK
8942,00202675,564,1.8269035,OK
8943,00202676,580,1.8254249,OK
8944,00202677,584,1.8248036,OK
8945,00202678,595,1.8238261,OK
8946,00202679,589,1.825344,OK
8947,00202680,581,1.8259286,OK
8948,00202681,587,1.824509,OK
8949,00202682,587,1.8245332,OK
8950,00202683,586,1.8248782,OK
8951,00202684,589,1.8245014,OK
8952,00202685,594,1.8246814,OK
8953,00202686,589,1.8253359,OK
8954,00202687,584,1.824419,OK
8955,00202688,583,1.8249376,OK
8956,00202689,591,1.8246385,OK
8957,00202690,589,1.8251696,OK
8958,00202691,597,1.8230492,OK
8959,00202692,595,1.8259121,OK
8960,00202693,587,1.8251866,OK
8961,00202694,581,1.8246249,OK
8962,00202695,592,1.8259702,OK
8963,00202696,594,1.8260844,OK
8964,00202697,602,1.8247013,OK
8965,00202698,587,1.8246031,OK
8966,00202699,587,1.8250713,OK
8967,00202700,587,1.8242075,OK
8968,00202701,594,1.8234619,OK
8969,00202702,595,1.8241835,OK
8970,00202703,600,1.82426,OK
8971,00202704,592,1.8242748,OK
8972,00202705,589,1.8239726,OK
8973,00202706,588,1.8247311,OK
8974,00202707,597,1.8241394,OK
8975,00202708,590,1.8248547,OK
8976,00202709,594,1.825429,OK
8977,00202710,592,1.8243583,OK
8978,00202711,591,1.824663,OK
8979,00202712,587,1.8258537,OK
8980,00202713,580,1.8249834,OK
8981,00202714,595,1.8236829,OK
8982,00202715,593,1.825095,OK
8983,00202716,595,1.8253751,OK
8984,00202717,587,1.8258761,OK
8985,00202718,582,1.8249235,OK
8986,00202719,587,1.825177,OK
8987,00202720,582,1.8253082,OK
8988,00202721,587,1.8257183,OK
8989,00202722,586,1.8261377,OK
8990,00202723,586,1.8239783,OK
8991,00202724,587,1.8262255,OK
8992,00202725,592,1.8255838,OK
8993,00202726,586,1.8256844,OK
8994,00202727,582,1.8248277,OK
8995,00202728,580,1.8254399,OK
8996,00202729,583,1.824756,OK
8997,00202730,589,1.824977,OK
8998,00202731,597,1.8254305,OK
8999,00202732,594,1.8249881,OK
9000,00202733,591,1.8254708,OK
9001,00202734,590,1.8243752,OK
9002,00202735,587,1.8242279,OK
9003,00202736,584,1.8250574,OK
9004,00202737,592,1.8246058,OK
9005,00202738,592,1.8252428,OK
9006,00202739,587,1.8248701,OK
9007,00202740,582,1.8260162,OK
9008,00202741,578,1.8259199,OK
9009,00202742,579,1.8254323,OK
9010,00202743,589,1.8257085,OK
9011,00202744,593,1.8260665,OK
9012,00202745,583,1.8250245,OK
9013,00202746,583,1.8257141,OK
9014,00202747,591,1.8249755,OK
9015,00202748,582,1.825624,OK
9016,00202749,583,1.8246229,OK
9017,00202750,583,1.8266853,OK
9018,00202751,582,1.824554,OK
9019,00202752,587,1.8257148,OK
9020,00202753,580,1.8260077,OK
9021,00202754,593,1.8260463,OK
9022,00202755,585,1.8250701,OK
9023,00202756,587,1.8246654,OK
9024,00202757,592,1.8254448,OK
9025,00202758,588,1.8259543,OK
9026,00202759,581,1.8255886,OK
9027,00202760,577,1.8252622,OK
9028,00202761,583,1.8244125,OK
9029,00202762,590,1.8251767,OK
9030,00202763,604,1.8235219,OK
9031,00202764,592,1.8260125,OK
9032,00202765,585,1.8256755,OK
9033,00202766,589,1.8244405,OK
9034,00202767,596,1.8239359,OK
9035,00202768,593,1.8250885,OK
9036,00202769,592,1.8239311,OK
9037,00202770,591,1.8243315,OK
9038,00202771,586,1.8243121,OK
9039,00202772,588,1.8254336,OK
9040,00202773,591,1.8250245,OK
9041,00202774,599,1.8245579,OK
9042,00202775,585,1.8249478,OK
9043,00202776,586,1.825724,OK
9044,00202777,592,1.8245375,OK
9045,00202778,600,1.823841,OK
9046,00202779,595,1.825113,OK
9047,00202780,588,1.824959,OK
9048,00202781,583,1.8260545,OK
9049,00202782,585,1.8245093,OK
9050,00202783,593,1.8237693,OK
9051,00202784,594,1.8255947,OK
9052,00202785,595,1.8247825,OK
9053,00202786,589,1.8228145,OK
9054,00202787,593,1.8229253,OK
9055,00202788,596,1.8229464,OK
9056,00202789,598,1.8250741,OK
9057,00202790,583,1.8246808,OK
9058,00202791,589,1.8242366,OK
9059,00202792,592,1.8233775,OK
9060,00202793,590,1.8246019,OK
9061,00202794,583,1.8257495,OK
9062,00202795,589,1.8246981,OK
9063,00202796,594,1.8227428,OK
9064,00202797,591,1.8241398,OK
9065,00202798,581,1.8247083,OK
9066,00202799,594,1.8253026,OK
9067,00202800,588,1.8255115,OK
9068,00202801,587,1.8252511,OK
9069,00202802,587,1.8251095,OK
9070,00202803,589,1.8248262,OK
9071,00202804,591,1.8235822,OK
9072,00202805,593,1.8240952,OK
9073,00202806,589,1.8249024,OK
9074,00202807,587,1.8244537,OK
9075,00202808,590,1.8263788,OK
9076,00202809,596,1.8246015,OK
9077,00202810,597,1.8247823,OK
9078,00202811,589,1.8240621,OK
9079,00202812,586,1.8263001,OK
9080,00202813,584,1.8244315,OK
9081,00202814,598,1.8243353,OK
9082,00202815,590,1.8243772,OK
9083,00202816,582,1.8251861,OK
9084,00202817,588,1.82421,OK
9085,00202818,590,1.8245994,OK
9086,00202819,586,1.8257444,OK
9087,00202820,591,1.8242098,OK
9088,00202821,590,1.8245796,OK
9089,00202822,597,1.8255001,OK
9090,00202823,595,1.8247805,OK
9091,00202824,582,1.8271366,OK
9092,00202825,588,1.8246535,OK
9093,00202826,588,1.8247266,OK
9094,00202827,598,1.8246592,OK
9095,00202828,595,1.8249876,OK
9096,00202829,586,1.8244225,OK
9097,00202830,587,1.8255168,OK
9098,00202831,595,1.8241746,OK
9099,00202832,594,1.8256947,OK
9100,00202833,592,1.8248472,OK
9101,00202834,591,1.8239433,OK
9102,00202835,593,1.8260198,OK
9103,00202836,598,1.8246723,OK
9104,00202837,592,1.8258632,OK
9105,00202838,580,1.8253666,OK
9106,00202839,582,1.8246336,OK
9107,00202840,591,1.8234987,OK
9108,00202841,589,1.8240757,OK
9109,00202842,583,1.8250015,OK
9110,00202843,599,1.8246789,OK
9111,00202844,593,1.8255213,OK
9112,00202845,591,1.8254822,OK
9113,00202846,578,1.8242812,OK
9114,00202847,582,1.8255855,OK
9115,00202848,581,1.8262162,OK
9116,00202849,581,1.8251625,OK
9117,00202850,590,1.8257519,OK
9118,00202851,591,1.8255581,OK
9119,00202852,585,1.8245564,OK
9120,00202853,591,1.8262429,OK
9121,00202854,584,1.823901,OK
9122,00202855,597,1.82402,OK
9123,00202856,585,1.8239293,OK
9124,00202857,584,1.8250515,OK
9125,00202858,587,1.8259828,OK
9126,00202859,584,1.8259771,OK
9127,00202860,591,1.8258451,OK
9128,00202861,588,1.8247876,OK
9129,00202862,592,1.8254033,OK
9130,00202863,590,1.824748,OK
9131,00202864,590,1.8241369,OK
9132,00202865,594,1.8248657,OK
9133,00202866,582,1.8254226,OK
9134,00202867,583,1.8250115,OK
9135,00202868,588,1.8255097,OK
9136,00202869,597,1.82605,OK
9137,00202870,589,1.8238884,OK
9138,00202871,592,1.8252584,OK
9139,00202872,592,1.8246126,OK
9140,00202873,590,1.8238509,OK
9141,00202874,600,1.8233093,OK
9142,00202875,588,1.8256001,OK
9143,00202876,588,1.8256996,OK
9144,00202877,587,1.8241268,OK
9145,00202878,589,1.8245856,OK
9146,00202879,597,1.8232656,OK
9147,00202880,593,1.8249619,OK
9148,00202881,590,1.8265518,OK
9149,00202882,585,1.8245211,OK
9150,00202883,592,1.8258859,OK
9151,00202884,586,1.8246537,OK
9152,00202885,599,1.8239068,OK
9153,00202886,593,1.8250518,OK
9154,00202887,591,1.8266737,OK
9155,00202888,581,1.8248293,OK
9156,00202889,598,1.8242824,OK
9157,00202890,599,1.8258111,OK
9158,00202891,595,1.8243206,OK
9159,00202892,606,1.8241255,OK
9160,00202893,587,1.8252305,OK
9161,00202894,590,1.8246143,OK
9162,00202895,593,1.823737,OK
9163,00202896,591,1.8234365,OK
9164,00202897,595,1.8252096,OK
9165,00202898,593,1.8240483,OK
9166,00202899,592,1.8259962,OK
9167,00202900,593,1.823714,OK
9168,00202901,584,1.8253696,OK
9169,00202902,590,1.8256878,OK
9170,00202903,588,1.8261245,OK
9171,00202904,594,1.8239074,OK
9172,00202905,582,1.8252033,OK
9173,00202906,591,1.8251408,OK
9174,00202907,590,1.8240227,OK
9175,00202908,585,1.8261224,OK
9176,00202909,586,1.8272109,OK
9177,00202910,592,1.823508,OK
9178,00202911,593,1.8242788,OK
9179,00202912,599,1.8238189,OK
9180,00202913,587,1.8242866,OK
9181,00202914,588,1.8242621,OK
9182,00202915,583,1.8242962,OK
9183,00202916,584,1.8237242,OK
9184,00202917,598,1.8240803,OK
9185,00202918,591,1.8232063,OK
9186,00202919,594,1.8236933,OK
9187,00202920,586,1.8249615,OK
9188,00202921,593,1.8238811,OK
9189,00202922,589,1.8236629,OK
9190,00202923,591,1.8259108,OK
9191,00202924,589,1.8243904,OK
9192,00202925,584,1.8244399,OK
9193,00202926,579,1.823719,OK
9194,00202927,587,1.8245338,OK
9195,00202928,595,1.824593,OK
9196,00202929,594,1.8244822,OK
9197,00202930,584,1.8255053,OK
9198,00202931,588,1.824607,OK
9199,00202932,592,1.8243107,OK
9200,00202933,593,1.8245199,OK
9201,00202934,592,1.8242985,OK
9202,00202935,594,1.8244566,OK
9203,00202936,589,1.824668,OK
9204,00202937,587,1.8241472,OK
9205,00202938,581,1.825198,OK
9206,00202939,582,1.825719,OK
9207,00202940,582,1.8245124,OK
9208,00202941,591,1.8241733,OK
9209,00202942,586,1.8244592,OK
9210,00202943,579,1.8252872,OK
9211,00202944,588,1.8249192,OK
9212,00202945,601,1.8222538,OK
9213,00202946,610,1.8255152,OK
9214,00202947,596,1.8257862,OK
9215,00202948,596,1.8246782,OK
9216,00202949,608,1.8238975,OK
9217,00202950,599,1.8241584,OK
9218,00202951,593,1.8243879,OK
9219,00202952,602,1.824441,OK
9220,00202953,596,1.825267,OK
9221,00202954,592,1.8252131,OK
9222,00202955,598,1.823574,OK
9223,00202956,592,1.8240035,OK
9224,00202957,601,1.8228254,OK
9225,00202958,606,1.8239524,OK
9226,00202959,602,1.8239555,OK
9227,00202960,604,1.8247277,OK
9228,00202961,598,1.8236121,OK
9229,00202962,598,1.8236684,OK
9230,00202963,609,1.82388,OK
9231,00202964,603,1.8235831,OK
9232,00202965,599,1.824198,OK
9233,00202966,600,1.823114,OK
9234,00202967,600,1.8236245,OK
9235,00202968,597,1.8245953,OK
9236,00202969,605,1.8240484,OK
9237,00202970,598,1.8238358,OK
9238,00202971,605,1.8231353,OK
9239,00202972,601,1.8236393,OK
9240,00202973,601,1.8244222,OK
9241,00202974,597,1.8244298,OK
9242,00202975,607,1.8232671,OK
9243,00202976,599,1.8226336,OK
9244,00202977,605,1.8237748,OK
9245,00202978,599,1.8242836,OK
9246,00202979,592,1.8237146,OK
9247,00202980,596,1.8234475,OK
9248,00202981,601,1.8247676,OK
9249,00202982,607,1.824109,OK
9250,00202983,605,1.8237987,OK
9251,00202984,606,1.8236094,OK
9252,00202985,608,1.8240832,OK
9253,00202986,588,1.8254294,OK
9254,00202987,610,1.8245274,OK
9255,00202988,594,1.8247504,OK
9256,00202989,597,1.8241001,OK
9257,00202990,600,1.8240906,OK
9258,00202991,596,1.8240926,OK
9259,00202992,595,1.8255324,OK
9260,00202993,598,1.8219988,OK
9261,00202994,605,1.8237878,OK
9262,00202995,601,1.8230848,OK
9263,00202996,599,1.8245275,OK
9264,00202997,598,1.823572,OK
9265,00202998,599,1.823073,OK
9266,00202999,592,1.8243984,OK
9267,00203000,599,1.8240023,OK
9268,00203001,601,1.8246363,OK
9269,00203002,603,1.8233106,OK
9270,00203003,605,1.826638,OK
9271,00203004,591,1.8245968,OK
9272,00203005,604,1.8242921,OK
9273,00203006,599,1.823746,OK
9274,00203007,601,1.8234798,OK
9275,00203008,597,1.8235018,OK
9276,00203009,596,1.8249708,OK
9277,00203010,594,1.8245946,OK
9278,00203011,598,1.824983,OK
9279,00203012,597,1.8229517,OK
9280,00203013,597,1.8242339,OK
9281,00203014,595,1.8239874,OK
9282,00203015,602,1.823064,OK
9283,00203016,607,1.8232152,OK
9284,00203017,605,1.824929,OK
9285,00203018,602,1.8240379,OK
9286,00203019,599,1.8246709,OK
9287,00203020,600,1.8229529,OK
9288,00203021,606,1.8240016,OK
9289,00203022,605,1.8225855,OK
9290,00203023,596,1.8242638,OK
9291,00203024,607,1.8243988,OK
9292,00203025,601,1.8239645,OK
9293,00203026,601,1.8234242,OK
9294,00203027,608,1.8237152,OK
9295,00203028,605,1.8229876,OK
9296,00203029,590,1.8244992,OK
9297,00203030,610,1.823004,OK
9298,00203031,597,1.8236295,OK
9299,00203032,607,1.8247471,OK
9300,00203033,599,1.8253351,OK
9301,00203034,605,1.8235137,OK
9302,00203035,611,1.8239268,OK
9303,00203036,599,1.8237184,OK
9304,00203037,602,1.8236209,OK
9305,00203038,605,1.8240061,OK
9306,00203039,594,1.8250341,OK
9307,00203040,598,1.8239546,OK
9308,00203041,603,1.8238276,OK
9309,00203042,601,1.8243622,OK
9310,00203043,607,1.8239036,OK
9311,00203044,613,1.8235198,OK
9312,00203045,600,1.8242686,OK
9313,00203046,603,1.8235989,OK
9314,00203047,606,1.823336,OK
9315,00203048,605,1.8243891,OK
9316,00203049,598,1.8247862,OK
9317,00203050,606,1.8230407,OK
9318,00203051,603,1.8237797,OK
9319,00203052,595,1.8239024,OK
9320,00203053,601,1.8238893,OK
9321,00203054,601,1.8235871,OK
9322,00203055,608,1.8241111,OK
9323,00203056,602,1.8232925,OK
9324,00203057,605,1.8248134,OK
9325,00203058,598,1.8247612,OK
9326,00203059,594,1.8249968,OK
9327,00203060,596,1.8234335,OK
9328,00203061,603,1.8239871,OK
9329,00203062,608,1.8224194,OK
9330,00203063,608,1.8227873,OK
9331,00203064,596,1.82527,OK
9332,00203065,601,1.8245273,OK
9333,00203066,600,1.8243695,OK
9334,00203067,597,1.8244711,OK
9335,00203068,601,1.8236849,OK
9336,00203069,596,1.8229134,OK
9337,00203070,595,1.8240973,OK
9338,00203071,598,1.8227049,OK
9339,00203072,595,1.8242335,OK
9340,00203073,606,1.8240782,OK
9341,00203074,608,1.8235826,OK
9342,00203075,602,1.8230689,OK
9343,00203076,595,1.8243505,OK
9344,00203077,596,1.8249317,OK
9345,00203078,599,1.8239281,OK
9346,00203079,592,1.8242476,OK
9347,00203080,609,1.8230386,OK
9348,00203081,601,1.823325,OK
9349,00203082,601,1.824239,OK
9350,00203083,603,1.8244814,OK
9351,00203084,600,1.8230377,OK
9352,00203085,598,1.823501,OK
9353,00203086,601,1.8238087,OK
9354,00203087,595,1.8252987,OK
9355,00203088,591,1.8248644,OK
9356,00203089,596,1.8236252,OK
9357,00203090,599,1.8238454,OK
9358,00203091,601,1.8244035,OK
9359,00203092,597,1.8247468,OK
9360,00203093,604,1.823516,OK
9361,00203094,601,1.822706,OK
9362,00203095,602,1.8230044,OK
9363,00203096,593,1.8254063,OK
9364,00203097,605,1.8249246,OK
9365,00203098,594,1.8236921,OK
9366,00203099,601,1.8233986,OK
9367,00203100,607,1.8235044,OK
9368,00203101,609,1.8223871,OK
9369,00203102,596,1.8238468,OK
9370,00203103,594,1.8245027,OK
9371,00203104,597,1.824203,OK
9372,00203105,593,1.8254112,OK
9373,00203106,608,1.8226538,OK
9374,00203107,603,1.824471,OK
9375,00203108,601,1.8231729,OK
9376,00203109,604,1.8230623,OK
9377,00203110,600,1.8250785,OK
9378,00203111,589,1.824677,OK
9379,00203112,599,1.823662,OK
9380,00203113,600,1.8242383,OK
9381,00203114,596,1.8245479,OK
9382,00203115,601,1.8246663,OK
9383,00203116,599,1.8230942,OK
9384,00203117,603,1.824388,OK
9385,00203118,605,1.8238994,OK
9386,00203119,605,1.8229756,OK
9387,00203120,597,1.8237416,OK
9388,00203121,602,1.8234516,OK
9389,00203122,598,1.8241469,OK
9390,00203123,605,1.8241013,OK
9391,00203124,603,1.8248856,OK
9392,00203125,598,1.8231863,OK
9393,00203126,606,1.822515,OK
9394,00203127,601,1.823687,OK
9395,00203128,593,1.8246963,OK
9396,00203129,597,1.8243563,OK
9397,00203130,588,1.824144,OK
9398,00203131,598,1.8233159,OK
9399,00203132,597,1.823901,OK
9400,00203133,602,1.8248076,OK
9401,00203134,598,1.823934,OK
9402,00203135,593,1.8244864,OK
9403,00203136,611,1.8233902,OK
9404,00203137,598,1.8235909,OK
9405,00203138,604,1.8235348,OK
9406,00203139,600,1.8231872,OK
9407,00203140,604,1.8231155,OK
9408,00203141,600,1.8231592,OK
9409,00203142,604,1.8218076,OK
9410,00203143,595,1.8250169,OK
9411,00203144,596,1.8247746,OK
9412,00203145,608,1.8237839,OK
9413,00203146,599,1.8248911,OK
9414,00203147,598,1.8237315,OK
9415,00203148,599,1.8241963,OK
9416,00203149,602,1.8231713,OK
9417,00203150,608,1.8226967,OK
9418,00203151,601,1.8251742,OK
9419,00203152,598,1.8229748,OK
9420,00203153,607,1.8233005,OK
9421,00203154,600,1.8237495,OK
9422,00203155,598,1.8238827,OK
9423,00203156,600,1.8228874,OK
9424,00203157,604,1.8238038,OK
9425,00203158,596,1.8235269,OK
9426,00203159,598,1.8244652,OK
9427,00203160,599,1.8252265,OK
9428,00203161,606,1.8228917,OK
9429,00203162,588,1.8238189,OK
9430,00203163,597,1.8229437,OK
9431,00203164,599,1.8231578,OK
9432,00203165,598,1.8243657,OK
9433,00203166,592,1.8241527,OK
9434,00203167,599,1.8243357,OK
9435,00203168,596,1.8237182,OK
9436,00203169,599,1.8241808,OK
9437,00203170,605,1.8251557,OK
9438,00203171,594,1.8253906,OK
9439,00203172,603,1.8239532,OK
9440,00203173,597,1.8250252,OK
9441,00203174,596,1.8241802,OK
9442,00203175,594,1.8246791,OK
9443,00203176,604,1.8231941,OK
9444,00203177,600,1.8225858,OK
9445,00203178,605,1.8235333,OK
9446,00203179,601,1.8235826,OK
9447,00203180,587,1.8246688,OK
9448,00203181,597,1.8242617,OK
9449,00203182,593,1.8237313,OK
9450,00203183,594,1.8251686,OK
9451,00203184,601,1.8233023,OK
9452,00203185,601,1.8255589,OK
9453,00203186,594,1.8238585,OK
9454,00203187,596,1.8241956,OK
9455,00203188,604,1.8228254,OK
9456,00203189,598,1.8237239,OK
9457,00203190,592,1.8236315,OK
9458,00203191,597,1.8263111,OK
9459,00203192,598,1.8236241,OK
9460,00203193,602,1.8236157,OK
9461,00203194,597,1.8243737,OK
9462,00203195,598,1.8241353,OK
9463,00203196,599,1.8236799,OK
9464,00203197,596,1.823828,OK
9465,00203198,600,1.8232037,OK
9466,00203199,600,1.8242446,OK
9467,00203200,592,1.825056,OK
9468,00203201,597,1.8245515,OK
9469,00203202,601,1.8238138,OK
9470,00203203,602,1.8241153,OK
9471,00203204,595,1.8225931,OK
9472,00203205,597,1.8236301,OK
9473,00203206,608,1.8234696,OK
9474,00203207,608,1.8233995,OK
9475,00203208,604,1.8221145,OK
9476,00203209,594,1.8234847,OK
9477,00203210,595,1.8235663,OK
9478,00203211,597,1.8240532,OK
9479,00203212,595,1.8243053,OK
9480,00203213,607,1.8237796,OK
9481,00203214,594,1.8242126,OK
9482,00203215,591,1.8240752,OK
9483,00203216,566,1.8245903,OK
9484,00203217,599,1.8236791,OK
9485,00203218,606,1.8238002,OK
9486,00203219,602,1.8252213,OK
9487,00203220,597,1.8231401,OK
9488,00203221,606,1.8239226,OK
9489,00203222,598,1.8249495,OK
9490,00203223,605,1.8234916,OK
9491,00203224,595,1.824038,OK
9492,00203225,592,1.8251054,OK
9493,00203226,597,1.8234035,OK
9494,00203227,601,1.8249619,OK
9495,00203228,598,1.8233887,OK
9496,00203229,590,1.8243788,OK
9497,00203230,594,1.8233007,OK
9498,00203231,608,1.8240131,OK
9499,00203232,589,1.8235029,OK
9500,00203233,596,1.8239392,OK
9501,00203234,597,1.8235174,OK
9502,00203235,589,1.8237485,OK
9503,00203236,598,1.8232573,OK
9504,00203237,606,1.8235632,OK
9505,00203238,594,1.8240538,OK
9506,00203239,592,1.8246624,OK
9507,00203240,598,1.8235047,OK
9508,00203241,604,1.8230106,OK
9509,00203242,594,1.8231896,OK
9510,00203243,599,1.8247412,OK
9511,00203244,594,1.8237876,OK
9512,00203245,599,1.8238328,OK
9513,00203246,600,1.8231966,OK
9514,00203247,597,1.8241938,OK
9515,00203248,604,1.8255745,OK
9516,00203249,608,1.824227,OK
9517,00203250,605,1.8244562,OK
9518,00203251,595,1.827297,OK
9519,00203252,592,1.8254728,OK
9520,00203253,588,1.8256828,OK
9521,00203254,599,1.824705,OK
9522,00203255,596,1.8241626,OK
9523,00203256,595,1.8241633,OK
9524,00203257,602,1.8225962,OK
9525,00203258,591,1.8234099,OK
9526,00203259,599,1.8234949,OK
9527,00203260,588,1.8254108,OK
9528,00203261,600,1.8240434,OK
9529,00203262,592,1.8234298,OK
9530,00203263,593,1.8241204,OK
9531,00203264,593,1.8246193,OK
9532,00203265,599,1.8235018,OK
9533,00203266,605,1.8225245,OK
9534,00203267,601,1.8229765,OK
9535,00203268,596,1.8243314,OK
9536,00203269,597,1.8232371,OK
9537,00203270,598,1.8221035,OK
9538,00203271,598,1.8243319,OK
9539,00203272,592,1.8242064,OK
9540,00203273,599,1.8242799,OK
9541,00203274,598,1.8250535,OK
9542,00203275,603,1.823845,OK
9543,00203276,601,1.8238606,OK
9544,00203277,598,1.8232973,OK
9545,00203278,605,1.8243039,OK
9546,00203279,603,1.8244612,OK
9547,00203280,592,1.8251011,OK
9548,00203281,602,1.8236812,OK
9549,00203282,601,1.824367,OK
9550,00203283,596,1.8247778,OK
9551,00203284,588,1.8239489,OK
9552,00203285,593,1.8240067,OK
9553,00203286,605,1.8242654,OK
9554,00203287,600,1.8246359,OK
9555,00203288,602,1.8236135,OK
9556,00203289,600,1.823055,OK
9557,00203290,600,1.8248096,OK
9558,00203291,596,1.8236121,OK
9559,00203292,591,1.8247515,OK
9560,00203293,592,1.8250122,OK
9561,00203294,598,1.8240389,OK
9562,00203295,595,1.8235873,OK
9563,00203296,602,1.8231432,OK
9564,00203297,597,1.8227794,OK
9565,00203298,603,1.8240366,OK
9566,00203299,596,1.8237374,OK
9567,00203300,597,1.8240478,OK
9568,00203301,603,1.8240155,OK
9569,00203302,589,1.8244662,OK
9570,00203303,598,1.8245732,OK
9571,00203304,602,1.8245717,OK
9572,00203305,592,1.8239359,OK
9573,00203306,594,1.8250276,OK
9574,00203307,598,1.8246148,OK
9575,00203308,611,1.8233781,OK
9576,00203309,600,1.8235657,OK
9577,00203310,599,1.8246166,OK
9578,00203311,598,1.8239785,OK
9579,00203312,597,1.8251673,OK
9580,00203313,600,1.8248299,OK
9581,00203314,599,1.824923,OK
9582,00203315,598,1.8235981,OK
9583,00203316,598,1.8235806,OK
9584,00203317,601,1.8235132,OK
9585,00203318,605,1.8225992,OK
9586,00203319,599,1.824287,OK
9587,00203320,597,1.8247794,OK
9588,00203321,599,1.8236616,OK
9589,00203322,598,1.823587,OK
9590,00203323,601,1.8243126,OK
9591,00203324,594,1.8242676,OK
9592,00203325,602,1.8230394,OK
9593,00203326,598,1.823332,OK
9594,00203327,590,1.8256569,OK
9595,00203328,600,1.8242902,OK
9596,00203329,598,1.823699,OK
9597,00203330,604,1.8249428,OK
9598,00203331,595,1.8230268,OK
9599,00203332,597,1.8241541,OK
9600,00203333,594,1.8235235,OK
9601,00203334,596,1.8236012,OK
9602,00203335,597,1.8237251,OK
9603,00203336,606,1.824588,OK
9604,00203337,598,1.8259851,OK
9605,00203338,597,1.8253585,OK
9606,00203339,605,1.8246925,OK
9607,00203340,607,1.8230302,OK
9608,00203341,595,1.824458,OK
9609,00203342,601,1.8234471,OK
9610,00203343,609,1.8232099,OK
9611,00203344,600,1.8248962,OK
9612,00203345,601,1.8236878,OK
9613,00203346,602,1.8245223,OK
9614,00203347,596,1.8237581,OK
9615,00203348,594,1.8243794,OK
9616,00203349,601,1.8255678,OK
9617,00203350,597,1.8232093,OK
9618,00203351,600,1.8236605,OK
9619,00203352,595,1.823961,OK
9620,00203353,595,1.8245189,OK
9621,00203354,599,1.8246622,OK
9622,00203355,594,1.8246881,OK
9623,00203356,584,1.8251728,OK
9624,00203357,594,1.8242738,OK
9625,00203358,594,1.8242117,OK
9626,00203359,593,1.8241533,OK
9627,00203360,590,1.8244066,OK
9628,00203361,590,1.824228,OK
9629,00203362,577,1.8252215,OK
9630,00203363,581,1.8242227,OK
9631,00203364,576,1.8234992,OK
9632,00203365,578,1.8234496,OK
9633,00203366,571,1.8245168,OK
9634,00203367,575,1.8233764,OK
9635,00203368,582,1.8237695,OK
9636,00203369,581,1.8238057,OK
9637,00203370,583,1.8233699,OK
9638,00203371,586,1.8237895,OK
9639,00203372,578,1.8237808,OK
9640,00203373,572,1.8243784,OK
9641,00203374,576,1.8247583,OK
9642,00203375,583,1.8226941,OK
9643,00203376,588,1.8219335,OK
9644,00203377,573,1.822948,OK
9645,00203378,561,1.8223732,OK
9646,00203379,578,1.8202935,OK
9647,00203380,578,1.8219995,OK
9648,00203381,578,1.8223155,OK
9649,00203382,595,1.8220181,OK
9650,00203383,596,1.8230277,OK
9651,00203384,601,1.8224456,OK
9652,00203385,594,1.823766,OK
9653,00203386,589,1.8246506,OK
9654,00203387,590,1.8241333,OK
9655,00203388,601,1.8226928,OK
9656,00203389,587,1.8241557,OK
9657,00203390,595,1.822518,OK
9658,00203391,590,1.8234664,OK
9659,00203392,602,1.8249321,OK
9660,00203393,603,1.8237635,OK
9661,00203394,601,1.8238955,OK
9662,00203395,601,1.8243763,OK
9663,00203396,600,1.8229963,OK
9664,00203397,599,1.8228562,OK
9665,00203398,593,1.8226761,OK
9666,00203399,601,1.8233681,OK
9667,00203400,597,1.8240541,OK
9668,00203401,600,1.8266789,OK
9669,00203402,603,1.8233321,OK
9670,00203403,593,1.824003,OK
9671,00203404,596,1.824537,OK
9672,00203405,597,1.8235832,OK
9673,00203406,594,1.8253334,OK
9674,00203407,594,1.8242767,OK
9675,00203408,603,1.8242058,OK
9676,00203409,597,1.8233365,OK
9677,00203410,600,1.8238955,OK
9678,00203411,595,1.8246943,OK
9679,00203412,601,1.8227214,OK
9680,00203413,598,1.8241975,OK
9681,00203414,605,1.8235595,OK
9682,00203415,598,1.8248119,OK
9683,00203416,596,1.8232348,OK
9684,00203417,595,1.8239672,OK
9685,00203418,608,1.8236263,OK
9686,00203419,603,1.8236933,OK
9687,00203420,603,1.8237438,OK
9688,00203421,601,1.823973,OK
9689,00203422,596,1.8247955,OK
9690,00203423,594,1.8243465,OK
9691,00203424,600,1.8229258,OK
9692,00203425,596,1.8236831,OK
9693,00203426,596,1.824408,OK
9694,00203427,601,1.8246424,OK
9695,00203428,599,1.8232447,OK
9696,00203429,606,1.8224763,OK
9697,00203430,601,1.8240647,OK
9698,00203431,605,1.823167,OK
9699,00203432,602,1.8235234,OK
9700,00203433,607,1.8238186,OK
9701,00203434,598,1.8248363,OK
9702,00203435,603,1.8238006,OK
9703,00203436,597,1.8250146,OK
9704,00203437,602,1.8249508,OK
9705,00203438,601,1.8231544,OK
9706,00203439,604,1.8255252,OK
9707,00203440,595,1.8234147,OK
9708,00203441,602,1.8235117,OK
9709,00203442,596,1.8241602,OK
9710,00203443,598,1.8252864,OK
9711,00203444,601,1.8262842,OK
9712,00203445,600,1.82528,OK
9713,00203446,601,1.8233323,OK
9714,00203447,605,1.8227099,OK
9715,00203448,605,1.8251517,OK
9716,00203449,601,1.8231486,OK
9717,00203450,603,1.8245296,OK
9718,00203451,594,1.8249586,OK
9719,00203452,593,1.8245589,OK
9720,00203453,606,1.8235574,OK
9721,00203454,593,1.8253427,OK
9722,00203455,610,1.8266292,OK
9723,00203456,593,1.8251251,OK
9724,00203457,596,1.8236691,OK
9725,00203458,608,1.8250419,OK
9726,00203459,598,1.826202,OK
9727,00203460,604,1.8238794,OK
9728,00203461,607,1.8240685,OK
9729,00203462,595,1.8237154,OK
9730,00203463,608,1.8237317,OK
9731,00203464,598,1.8252815,OK
9732,00203465,597,1.8250535,OK
9733,00203466,602,1.8237803,OK
9734,00203467,600,1.8247573,OK
9735,00203468,594,1.8256515,OK
9736,00203469,608,1.8251367,OK
9737,00203470,609,1.824575,OK
9738,00203471,595,1.8245736,OK
9739,00203472,595,1.8252486,OK
9740,00203473,593,1.8240919,OK
9741,00203474,592,1.8245208,OK
9742,00203475,598,1.8240534,OK
9743,00203476,609,1.8244517,OK
9744,00203477,600,1.8249341,OK
9745,00203478,602,1.8253099,OK
9746,00203479,609,1.8236138,OK
9747,00203480,603,1.8246299,OK
9748,00203481,594,1.8239096,OK
9749,00203482,600,1.8238162,OK
9750,00203483,604,1.8239214,OK
9751,00203484,603,1.8247026,OK
9752,00203485,587,1.8247782,OK
9753,00203486,607,1.8230633,OK
9754,00203487,601,1.8257291,OK
9755,00203488,605,1.8237078,OK
9756,00203489,598,1.8255119,OK
9757,00203490,598,1.8249508,OK
9758,00203491,592,1.8242824,OK
9759,00203492,598,1.8239522,OK
9760,00203493,596,1.8240664,OK
9761,00203494,604,1.8236169,OK
9762,00203495,594,1.8244374,OK
9763,00203496,598,1.825646,OK
9764,00203497,601,1.8247501,OK
9765,00203498,603,1.8234645,OK
9766,00203499,594,1.8247255,OK
9767,00203500,592,1.823197,OK
9768,00203501,590,1.8242759,OK
9769,00203502,598,1.8250957,OK
9770,00203503,600,1.8261727,OK
9771,00203504,599,1.8232985,OK
9772,00203505,607,1.8240598,OK
9773,00203506,601,1.8252729,OK
9774,00203507,597,1.8250844,OK
9775,00203508,591,1.8250343,OK
9776,00203509,596,1.8250679,OK
9777,00203510,601,1.8236135,OK
9778,00203511,604,1.8238744,OK
9779,00203512,593,1.824856,OK
9780,00203513,604,1.8238796,OK
9781,00203514,602,1.8243243,OK
9782,00203515,596,1.8244283,OK
9783,00203516,601,1.8235044,OK
9784,00203517,599,1.825284,OK
9785,00203518,595,1.824211,OK
9786,00203519,604,1.8266735,OK
9787,00203520,607,1.823899,OK
9788,00203521,603,1.8233526,OK
9789,00203522,599,1.8245916,OK
9790,00203523,603,1.8240744,OK
9791,00203524,593,1.8233254,OK
9792,00203525,599,1.8230445,OK
9793,00203526,602,1.8253787,OK
9794,00203527,591,1.8244234,OK
9795,00203528,599,1.8242184,OK
9796,00203529,613,1.8234533,OK
9797,00203530,602,1.8240001,OK
9798,00203531,603,1.8241118,OK
9799,00203532,597,1.8248963,OK
9800,00203533,592,1.8241936,OK
9801,00203534,603,1.82624,OK
9802,00203535,602,1.8239492,OK
9803,00203536,603,1.8241843,OK
9804,00203537,608,1.8239509,OK
9805,00203538,603,1.8243358,OK
9806,00203539,594,1.8246301,OK
9807,00203540,601,1.8250343,OK
9808,00203541,597,1.8242658,OK
9809,00203542,596,1.8235314,OK
9810,00203543,609,1.8254731,OK
9811,00203544,602,1.8240529,OK
9812,00203545,599,1.825091,OK
9813,00203546,603,1.8237053,OK
9814,00203547,591,1.8261174,OK
9815,00203548,592,1.8246053,OK
9816,00203549,600,1.8246104,OK
9817,00203550,606,1.8244159,OK
9818,00203551,604,1.8237543,OK
9819,00203552,597,1.8240955,OK
9820,00203553,604,1.8248067,OK
9821,00203554,602,1.8231633,OK
9822,00203555,606,1.8238435,OK
9823,00203556,602,1.8236222,OK
9824,00203557,604,1.8249916,OK
9825,00203558,597,1.8228246,OK
9826,00203559,596,1.8246827,OK
9827,00203560,593,1.8242762,OK
9828,00203561,602,1.8235512,OK
9829,00203562,598,1.8249263,OK
9830,00203563,606,1.8242117,OK
9831,00203564,597,1.8232827,OK
9832,00203565,595,1.8241619,OK
9833,00203566,598,1.8242494,OK
9834,00203567,591,1.8241026,OK
9835,00203568,590,1.8239436,OK
9836,00203569,602,1.8233707,OK
9837,00203570,597,1.8243711,OK
9838,00203571,608,1.8231145,OK
9839,00203572,610,1.824715,OK
9840,00203573,599,1.8240093,OK
9841,00203574,594,1.8245332,OK
9842,00203575,603,1.8251698,OK
9843,00203576,602,1.8243678,OK
9844,00203577,596,1.8245502,OK
9845,00203578,589,1.82451,OK
9846,00203579,599,1.8240231,OK
9847,00203580,603,1.8234817,OK
9848,00203581,600,1.8237232,OK
9849,00203582,605,1.825634,OK
9850,00203583,596,1.8249298,OK
9851,00203584,595,1.8235924,OK
9852,00203585,603,1.8241252,OK
9853,00203586,596,1.8252672,OK
9854,00203587,592,1.8243515,OK
9855,00203588,593,1.8246391,OK
9856,00203589,602,1.8243145,OK
9857,00203590,608,1.8236104,OK
9858,00203591,599,1.8240792,OK
9859,00203592,594,1.8230801,OK
9860,00203593,594,1.8233668,OK
9861,00203594,598,1.824691,OK
9862,00203595,606,1.8235099,OK
9863,00203596,606,1.8230523,OK
9864,00203597,606,1.8244971,OK
9865,00203598,595,1.8248111,OK
9866,00203599,610,1.8230002,OK
9867,00203600,601,1.8239766,OK
9868,00203601,597,1.8249694,OK
9869,00203602,594,1.8248078,OK
9870,00203603,599,1.8236144,OK
9871,00203604,604,1.8246949,OK
9872,00203605,600,1.8242509,OK
9873,00203606,593,1.8248614,OK
9874,00203607,597,1.8261021,OK
9875,00203608,604,1.8245718,OK
9876,00203609,610,1.8230755,OK
9877,00203610,605,1.8230555,OK
9878,00203611,603,1.8245589,OK
9879,00203612,595,1.8248618,OK
9880,00203613,601,1.8250787,OK
9881,00203614,599,1.8237267,OK
9882,00203615,594,1.825139,OK
9883,00203616,601,1.823854,OK
9884,00203617,605,1.8236917,OK
9885,00203618,606,1.8236866,OK
9886,00203619,612,1.8251603,OK
9887,00203620,599,1.8245358,OK
9888,00203621,596,1.8237311,OK
9889,00203622,600,1.8246244,OK
9890,00203623,599,1.82386,OK
9891,00203624,613,1.8253093,OK
9892,00203625,596,1.822896,OK
9893,00203626,600,1.8251412,OK
9894,00203627,608,1.8255852,OK
9895,00203628,606,1.8244243,OK
9896,00203629,602,1.8244842,OK
9897,00203630,596,1.824205,OK
9898,00203631,599,1.8239188,OK
9899,00203632,600,1.823782,OK
9900,00203633,601,1.8245878,OK
9901,00203634,604,1.8238403,OK
9902,00203635,599,1.8245546,OK
9903,00203636,598,1.8240889,OK
9904,00203637,598,1.824195,OK
9905,00203638,596,1.824662,OK
9906,00203639,594,1.8243567,OK
9907,00203640,604,1.8252064,OK
9908,00203641,604,1.8244196,OK
9909,00203642,607,1.8241227,OK
9910,00203643,605,1.8243997,OK
9911,00203644,605,1.8240957,OK
9912,00203645,595,1.8258022,OK
9913,00203646,600,1.8233784,OK
9914,00203647,607,1.8233057,OK
9915,00203648,600,1.823773,OK
9916,00203649,600,1.8233986,OK
9917,00203650,596,1.8243608,OK
9918,00203651,610,1.8236517,OK
9919,00203652,600,1.8237671,OK
9920,00203653,593,1.8244374,OK
9921,00203654,596,1.8246417,OK
9922,00203655,600,1.8237054,OK
9923,00203656,607,1.8240265,OK
9924,00203657,596,1.8242874,OK
9925,00203658,594,1.824535,OK
9926,00203659,587,1.8246409,OK
9927,00203660,589,1.825094,OK
9928,00203661,597,1.8233459,OK
9929,00203662,608,1.823814,OK
9930,00203663,600,1.8232088,OK
9931,00203664,603,1.8236086,OK
9932,00203665,597,1.8253822,OK
9933,00203666,612,1.8235693,OK
9934,00203667,597,1.8250084,OK
9935,00203668,597,1.8250773,OK
9936,00203669,591,1.8251925,OK
9937,00203670,592,1.8245533,OK
9938,00203671,599,1.8252711,OK
9939,00203672,596,1.8248442,OK
9940,00203673,600,1.8238865,OK
9941,00203674,601,1.82349,OK
9942,00203675,599,1.8248492,OK
9943,00203676,596,1.8241934,OK
9944,00203677,593,1.8250903,OK
9945,00203678,595,1.8251001,OK
9946,00203679,595,1.8246763,OK
9947,00203680,593,1.8235549,OK
9948,00203681,602,1.8235013,OK
9949,00203682,603,1.8248221,OK
9950,00203683,601,1.824079,OK
9951,00203684,600,1.824374,OK
9952,00203685,593,1.8238746,OK
9953,00203686,600,1.8239706,OK
9954,00203687,602,1.8243791,OK
9955,00203688,600,1.8228058,OK
9956,00203689,603,1.8246269,OK
9957,00203690,600,1.824174,OK
9958,00203691,595,1.824853,OK
9959,00203692,602,1.8253258,OK
9960,00203693,591,1.8239744,OK
9961,00203694,607,1.8245788,OK
9962,00203695,604,1.8244135,OK
9963,00203696,602,1.8251028,OK
9964,00203697,599,1.8246372,OK
9965,00203698,593,1.8234558,OK
9966,00203699,602,1.8236928,OK
9967,00203700,602,1.8245442,OK
9968,00203701,600,1.8236225,OK
9969,00203702,603,1.8240647,OK
9970,00203703,591,1.8234719,OK
9971,00203704,596,1.8250536,OK
9972,00203705,600,1.8248274,OK
9973,00203706,601,1.8235198,OK
9974,00203707,608,1.8240122,OK
9975,00203708,603,1.825924,OK
9976,00203709,605,1.8231215,OK
9977,00203710,604,1.8242478,OK
9978,00203711,600,1.8248692,OK
9979,00203712,605,1.823923,OK
9980,00203713,602,1.8236237,OK
9981,00203714,603,1.823938,OK
9982,00203715,599,1.8254377,OK
9983,00203716,603,1.8236537,OK
9984,00203717,601,1.8241328,OK
9985,00203718,602,1.8243465,OK
9986,00203719,597,1.8244343,OK
9987,00203720,605,1.8234171,OK
9988,00203721,599,1.8247159,OK
9989,00203722,607,1.8245053,OK
9990,00203723,597,1.8246506,OK
9991,00203724,600,1.8240987,OK
9992,00203725,604,1.8235977,OK
9993,00203726,601,1.8235103,OK
9994,00203727,594,1.8245463,OK
9995,00203728,603,1.8246983,OK
9996,00203729,602,1.8235679,OK
9997,00203730,596,1.8242849,OK
9998,00203731,600,1.8233643,OK
9999,00203732,608,1.8235512,OK
10000,00203733,605,1.8239795,OK
10001,00203734,606,1.8238888,OK
10002,00203735,600,1.8240702,OK
10003,00203736,598,1.825234,OK
10004,00203737,607,1.8258452,OK
10005,00203738,598,1.8237056,OK
10006,00203739,601,1.8251443,OK
10007,00203740,598,1.8246176,OK
10008,00203741,597,1.8240527,OK
10009,00203742,604,1.8243792,OK
10010,00203743,602,1.8251377,OK
10011,00203744,601,1.8247619,OK
10012,00203745,606,1.8237296,OK
10013,00203746,603,1.8254893,OK
10014,00203747,594,1.8246657,OK
10015,00203748,601,1.8241706,OK
10016,00203749,603,1.8249878,OK
10017,00203750,601,1.8243659,OK
10018,00203751,602,1.8240443,OK
10019,00203752,599,1.8242437,OK
10020,00203753,608,1.8242223,OK
10021,00203754,601,1.8233187,OK
10022,00203755,602,1.8253902,OK
10023,00203756,591,1.8241249,OK
10024,00203757,592,1.8246503,OK
10025,00203758,601,1.8234323,OK
10026,00203759,600,1.8236295,OK
10027,00203760,604,1.8233774,OK
10028,00203761,601,1.825015,OK
10029,00203762,592,1.8245677,OK
10030,00203763,601,1.8244072,OK
10031,00203764,610,1.8236647,OK
10032,00203765,592,1.825891,OK
10033,00203766,598,1.8250606,OK
10034,00203767,593,1.8241636,OK
10035,00203768,597,1.8240143,OK
10036,00203769,600,1.8237863,OK
10037,00203770,602,1.8239937,OK
10038,00203771,600,1.8246415,OK
10039,00203772,600,1.8230672,OK
10040,00203773,600,1.825141,OK
10041,00203774,599,1.8263594,OK
10042,00203775,600,1.8231999,OK
10043,00203776,591,1.824647,OK
10044,00203777,593,1.8248962,OK
10045,00203778,598,1.8247956,OK
10046,00203779,602,1.8238983,OK
10047,00203780,613,1.8248124,OK
10048,00203781,600,1.8237627,OK
10049,00203782,605,1.8250593,OK
10050,00203783,604,1.8247757,OK
10051,00203784,597,1.8237102,OK
10052,00203785,604,1.8261478,OK
10053,00203786,605,1.8241259,OK
10054,00203787,609,1.8246264,OK
10055,00203788,597,1.8271116,OK
10056,00203789,591,1.82463,OK
10057,00203790,604,1.8239886,OK
10058,00203791,601,1.8250446,OK
10059,00203792,604,1.8239802,OK
10060,00203793,604,1.8246303,OK
10061,00203794,600,1.8256978,OK
10062,00203795,605,1.8231717,OK
10063,00203796,603,1.8245645,OK
10064,00203797,608,1.8243681,OK
10065,00203798,602,1.8245294,OK
10066,00203799,602,1.82557,OK
10067,00203800,602,1.8245413,OK
10068,00203801,605,1.8248577,OK
10069,00203802,602,1.8231258,OK
10070,00203803,602,1.8239483,OK
10071,00203804,598,1.8238815,OK
10072,00203805,597,1.8250686,OK
10073,00203806,606,1.8249923,OK
10074,00203807,605,1.8236183,OK
10075,00203808,607,1.8243046,OK
10076,00203809,603,1.824709,OK
10077,00203810,609,1.8242921,OK
10078,00203811,603,1.8235774,OK
10079,00203812,601,1.8255289,OK
10080,00203813,600,1.8252535,OK
10081,00203814,604,1.8248137,OK
10082,00203815,610,1.8244505,OK
10083,00203816,607,1.8253958,OK
10084,00203817,598,1.824519,OK
10085,00203818,597,1.8244395,OK
10086,00203819,597,1.8247434,OK
10087,00203820,608,1.8234679,OK
10088,00203821,592,1.8238834,OK
10089,00203822,601,1.8248805,OK
10090,00203823,602,1.824629,OK
10091,00203824,602,1.8243136,OK
10092,00203825,590,1.8237536,OK
10093,00203826,602,1.8232162,OK
10094,00203827,599,1.8248138,OK
10095,00203828,601,1.8262377,OK
10096,00203829,597,1.8237337,OK
10097,00203830,595,1.8245889,OK
10098,00203831,598,1.8238534,OK
10099,00203832,593,1.8259549,OK
10100,00203833,602,1.8244083,OK
10101,00203834,601,1.825842,OK
10102,00203835,604,1.8240789,OK
10103,00203836,590,1.8248308,OK
10104,00203837,596,1.8240803,OK
10105,00203838,592,1.8235408,OK
10106,00203839,600,1.8252769,OK
10107,00203840,614,1.8250358,OK
10108,00203841,605,1.8269578,OK
10109,00203842,610,1.823636,OK
10110,00203843,605,1.8236014,OK
10111,00203844,600,1.8257585,OK
10112,00203845,601,1.8241602,OK
10113,00203846,592,1.8246157,OK
10114,00203847,601,1.8240612,OK
10115,00203848,594,1.8249114,OK
10116,00203849,605,1.8250539,OK
10117,00203850,597,1.8245257,OK
10118,00203851,599,1.8259933,OK
10119,00203852,596,1.8238637,OK
10120,00203853,598,1.8252484,OK
10121,00203854,594,1.8243865,OK
10122,00203855,606,1.8231207,OK
10123,00203856,603,1.8239677,OK
10124,00203857,601,1.8246807,OK
10125,00203858,597,1.8236238,OK
10126,00203859,605,1.8232186,OK
10127,00203860,606,1.8234528,OK
10128,00203861,604,1.8238404,OK
10129,00203862,606,1.82425,OK
10130,00203863,604,1.8250538,OK
10131,00203864,603,1.823109,OK
10132,00203865,598,1.8240987,OK
10133,00203866,599,1.8242563,OK
10134,00203867,602,1.8254285,OK
10135,00203868,606,1.82458,OK
10136,00203869,602,1.8250756,OK
10137,00203870,608,1.8234177,OK
10138,00203871,612,1.8255452,OK
10139,00203872,601,1.8242334,OK
10140,00203873,600,1.8256807,OK
10141,00203874,596,1.8249176,OK
10142,00203875,606,1.8237804,OK
10143,00203876,598,1.8247895,OK
10144,00203877,604,1.8242171,OK
10145,00203878,598,1.8241396,OK
10146,00203879,598,1.8244815,OK
10147,00203880,605,1.8244244,OK
10148,00203881,607,1.824796,OK
10149,00203882,606,1.8241346,OK
10150,00203883,608,1.8242043,OK
10151,00203884,597,1.8238102,OK
10152,00203885,598,1.8242391,OK
10153,00203886,606,1.824425,OK
10154,00203887,616,1.8222399,OK
10155,00203888,602,1.8237805,OK
10156,00203889,603,1.8238462,OK
10157,00203890,605,1.8252853,OK
10158,00203891,597,1.823993,OK
10159,00203892,603,1.8250755,OK
10160,00203893,602,1.825068,OK
10161,00203894,602,1.8243744,OK
10162,00203895,599,1.8243264,OK
10163,00203896,612,1.8241518,OK
10164,00203897,596,1.8261354,OK
10165,00203898,596,1.823778,OK
10166,00203899,604,1.8255726,OK
10167,00203900,596,1.824053,OK
10168,00203901,603,1.8231932,OK
10169,00203902,606,1.8240149,OK
10170,00203903,605,1.823268,OK
10171,00203904,609,1.8239197,OK
10172,00203905,602,1.8230666,OK
10173,00203906,618,1.824515,OK
10174,00203907,604,1.8250715,OK
10175,00203908,603,1.8248047,OK
10176,00203909,596,1.823567,OK
10177,00203910,608,1.8237062,OK
10178,00203911,606,1.8245102,OK
10179,00203912,601,1.823766,OK
10180,00203913,606,1.8236986,OK
10181,00203914,607,1.824841,OK
10182,00203915,600,1.8247174,OK
10183,00203916,609,1.824155,OK
10184,00203917,605,1.8234918,OK
10185,00203918,604,1.8244649,OK
10186,00203919,604,1.8255005,OK
10187,00203920,596,1.8247365,OK
10188,00203921,596,1.8237698,OK
10189,00203922,601,1.822848,OK
10190,00203923,600,1.8244053,OK
10191,00203924,609,1.8243241,OK
10192,00203925,599,1.8233913,OK
10193,00203926,608,1.8239983,OK
10194,00203927,594,1.8247695,OK
10195,00203928,611,1.8239163,OK
10196,00203929,604,1.8237848,OK
10197,00203930,605,1.8233281,OK
10198,00203931,606,1.8243177,OK
10199,00203932,598,1.82355,OK
10200,00203933,603,1.82489,OK
10201,00203934,606,1.8234763,OK
10202,00203935,595,1.8248632,OK
10203,00203936,599,1.8238543,OK
10204,00203937,603,1.8238844,OK
10205,00203938,602,1.8242714,OK
10206,00203939,604,1.8255042,OK
10207,00203940,593,1.8237025,OK
10208,00203941,600,1.8235421,OK
10209,00203942,603,1.8250556,OK
10210,00203943,603,1.8253775,OK
10211,00203944,607,1.8231108,OK
10212,00203945,613,1.8237711,OK
10213,00203946,600,1.824124,OK
10214,00203947,604,1.8244896,OK
10215,00203948,604,1.824737,OK
10216,00203949,609,1.8240588,OK
10217,00203950,605,1.8234242,OK
10218,00203951,597,1.8252145,OK
10219,00203952,594,1.8243564,OK
10220,00203953,607,1.823657,OK
10221,00203954,606,1.8236741,OK
10222,00203955,592,1.823641,OK
10223,00203956,606,1.8239661,OK
10224,00203957,608,1.8227348,OK
10225,00203958,612,1.8234502,OK
10226,00203959,600,1.8238883,OK
10227,00203960,598,1.8248707,OK
10228,00203961,603,1.824141,OK
10229,00203962,603,1.8229458,OK
10230,00203963,606,1.823805,OK
10231,00203964,609,1.8241478,OK
10232,00203965,605,1.8240824,OK
10233,00203966,594,1.8237517,OK
10234,00203967,613,1.8233865,OK
10235,00203968,601,1.8244966,OK
10236,00203969,603,1.8239622,OK
10237,00203970,603,1.8246604,OK
10238,00203971,607,1.823642,OK
10239,00203972,601,1.8242356,OK
10240,00203973,602,1.8237579,OK
10241,00203974,604,1.8232963,OK
10242,00203975,600,1.825641,OK
10243,00203976,604,1.8242661,OK
10244,00203977,604,1.8243675,OK
10245,00203978,602,1.824267,OK
10246,00203979,607,1.8227376,OK
10247,00203980,603,1.823905,OK
10248,00203981,600,1.8251861,OK
10249,00203982,610,1.8245794,OK
10250,00203983,603,1.8240005,OK
10251,00203984,603,1.8258245,OK
10252,00203985,591,1.8244331,OK
10253,00203986,608,1.8245392,OK
10254,00203987,607,1.8239287,OK
10255,00203988,601,1.823921,OK
10256,00203989,606,1.8234817,OK
10257,00203990,603,1.8244907,OK
10258,00203991,595,1.8236521,OK
10259,00203992,605,1.822996,OK
10260,00203993,602,1.8231467,OK
10261,00203994,610,1.8247987,OK
10262,00203995,607,1.8231435,OK
10263,00203996,609,1.825453,OK
10264,00203997,605,1.8232654,OK
10265,00203998,601,1.8247883,OK
10266,00203999,600,1.8255855,OK
10267,00204000,604,1.8235397,OK
10268,00204001,603,1.8242868,OK
10269,00204002,594,1.8233852,OK
10270,00204003,600,1.8245118,OK
10271,00204004,601,1.8234404,OK
10272,00204005,609,1.8249732,OK
10273,00204006,606,1.8242067,OK
10274,00204007,604,1.8229449,OK
10275,00204008,600,1.8239323,OK
10276,00204009,598,1.8249557,OK
10277,00204010,595,1.8237658,OK
10278,00204011,605,1.8238181,OK
10279,00204012,608,1.8228061,OK
10280,00204013,599,1.8242801,OK
10281,00204014,602,1.8229662,OK
10282,00204015,612,1.824728,OK
10283,00204016,607,1.8244271,OK
10284,00204017,602,1.8241429,OK
10285,00204018,606,1.8236624,OK
10286,00204019,597,1.8243271,OK
10287,00204020,599,1.8245306,OK
10288,00204021,598,1.8240869,OK
10289,00204022,598,1.8232195,OK
10290,00204023,604,1.8250813,OK
10291,00204024,609,1.8245835,OK
10292,00204025,603,1.8243586,OK
10293,00204026,600,1.8242753,OK
10294,00204027,607,1.8242834,OK
10295,00204028,601,1.8242456,OK
10296,00204029,595,1.8248351,OK
10297,00204030,604,1.8237354,OK
10298,00204031,607,1.8240607,OK
10299,00204032,600,1.8242464,OK
10300,00204033,599,1.8244402,OK
10301,00204034,610,1.8224643,OK
10302,00204035,603,1.8238074,OK
10303,00204036,604,1.8230215,OK
10304,00204037,605,1.8240818,OK
10305,00204038,604,1.8243188,OK
10306,00204039,602,1.8251264,OK
10307,00204040,600,1.8237801,OK
10308,00204041,603,1.8232633,OK
10309,00204042,604,1.8245097,OK
10310,00204043,605,1.8253919,OK
10311,00204044,607,1.8250666,OK
10312,00204045,604,1.8250252,OK
10313,00204046,603,1.8235357,OK
10314,00204047,599,1.8256874,OK
10315,00204048,597,1.8254678,OK
10316,00204049,596,1.8251106,OK
10317,00204050,604,1.8234468,OK
10318,00204051,610,1.8230948,OK
10319,00204052,597,1.8241084,OK
10320,00204053,609,1.8234396,OK
10321,00204054,600,1.8233951,OK
10322,00204055,605,1.8244076,OK
10323,00204056,605,1.8242368,OK
10324,00204057,594,1.8247119,OK
10325,00204058,607,1.8261092,OK
10326,00204059,600,1.825953,OK
10327,00204060,603,1.8238965,OK
10328,00204061,606,1.8232208,OK
10329,00204062,604,1.8237932,OK
10330,00204063,599,1.8234762,OK
10331,00204064,608,1.8240603,OK
10332,00204065,603,1.8237762,OK
10333,00204066,592,1.824527,OK
10334,00204067,602,1.823508,OK
10335,00204068,603,1.8228536,OK
10336,00204069,605,1.823654,OK
10337,00204070,599,1.8241335,OK
10338,00204071,603,1.8224509,OK
10339,00204072,603,1.8235568,OK
10340,00204073,607,1.8230575,OK
10341,00204074,602,1.8233,OK
10342,00204075,612,1.8247885,OK
10343,00204076,598,1.8237019,OK
10344,00204077,599,1.8256583,OK
10345,00204078,597,1.823973,OK
10346,00204079,598,1.8256755,OK
10347,00204080,601,1.8245039,OK
10348,00204081,598,1.8242555,OK
10349,00204082,608,1.8244356,OK
10350,00204083,606,1.8244722,OK
10351,00204084,608,1.8239349,OK
10352,00204085,591,1.8241249,OK
10353,00204086,598,1.8247557,OK
10354,00204087,600,1.8239744,OK
10355,00204088,595,1.823762,OK
10356,00204089,604,1.8222127,OK
10357,00204090,605,1.8230385,OK
10358,00204091,602,1.825129,OK
10359,00204092,598,1.8236872,OK
10360,00204093,603,1.8242179,OK
10361,00204094,601,1.8243397,OK
10362,00204095,598,1.8247952,OK
10363,00204096,601,1.8234332,OK
10364,00204097,601,1.8249174,OK
10365,00204098,597,1.8229498,OK
10366,00204099,605,1.82208,OK
10367,00204100,597,1.8238709,OK
10368,00204101,609,1.8239301,OK
10369,00204102,600,1.8250625,OK
10370,00204103,604,1.8231294,OK
10371,00204104,610,1.8242438,OK
10372,00204105,597,1.8250784,OK
10373,00204106,601,1.8239259,OK
10374,00204107,599,1.8232198,OK
10375,00204108,604,1.8236177,OK
10376,00204109,604,1.8231577,OK
10377,00204110,607,1.8241303,OK
10378,00204111,605,1.8249409,OK
10379,00204112,607,1.8245083,OK
10380,00204113,602,1.8247111,OK
10381,00204114,597,1.8240343,OK
10382,00204115,599,1.8243035,OK
10383,00204116,600,1.8237282,OK
10384,00204117,608,1.8238337,OK
10385,00204118,607,1.825114,OK
10386,00204119,596,1.8229402,OK
10387,00204120,602,1.8237603,OK
10388,00204121,601,1.8239766,OK
10389,00204122,603,1.8245232,OK
10390,00204123,598,1.8247136,OK
10391,00204124,605,1.8251824,OK
10392,00204125,601,1.8248476,OK
10393,00204126,608,1.8245448,OK
10394,00204127,602,1.824106,OK
10395,00204128,600,1.8221033,OK
10396,00204129,606,1.8227919,OK
10397,00204130,597,1.8236724,OK
10398,00204131,599,1.824275,OK
10399,00204132,603,1.8235232,OK
10400,00204133,603,1.8238877,OK
10401,00204134,598,1.8239636,OK
10402,00204135,597,1.8249896,OK
10403,00204136,602,1.8244742,OK
10404,00204137,607,1.8229611,OK
10405,00204138,603,1.8229535,OK
10406,00204139,600,1.8238139,OK
10407,00204140,614,1.8228822,OK
10408,00204141,615,1.8243974,OK
10409,00204142,605,1.8238287,OK
10410,00204143,602,1.8227235,OK
10411,00204144,604,1.8225718,OK
10412,00204145,600,1.8239824,OK
10413,00204146,607,1.8243791,OK
10414,00204147,596,1.8243847,OK
10415,00204148,609,1.8217082,OK
10416,00204149,620,1.8240136,OK
10417,00204150,603,1.8241854,OK
10418,00204151,596,1.8249618,OK
10419,00204152,605,1.8246602,OK
10420,00204153,599,1.8225473,OK
10421,00204154,604,1.8229859,OK
10422,00204155,610,1.8239126,OK
10423,00204156,605,1.8235626,OK
10424,00204157,597,1.8253137,OK
10425,00204158,606,1.8252797,OK
10426,00204159,611,1.8237287,OK
10427,00204160,602,1.8225676,OK
10428,00204161,604,1.8229619,OK
10429,00204162,604,1.8238624,OK
10430,00204163,606,1.8237456,OK
10431,00204164,606,1.8244399,OK
10432,00204165,600,1.8240342,OK
10433,00204166,603,1.8243876,OK
10434,00204167,606,1.8228278,OK
10435,00204168,604,1.8242961,OK
10436,00204169,606,1.8234626,OK
10437,00204170,603,1.8251098,OK
10438,00204171,607,1.8260761,OK
10439,00204172,598,1.8240554,OK
10440,00204173,607,1.8236585,OK
10441,00204174,601,1.8241642,OK
10442,00204175,605,1.824981,OK
10443,00204176,609,1.8230237,OK
10444,00204177,599,1.8244075,OK
10445,00204178,600,1.8230796,OK
10446,00204179,611,1.8245939,OK
10447,00204180,599,1.8242627,OK
10448,00204181,601,1.8239795,OK
10449,00204182,603,1.8229203,OK
10450,00204183,595,1.8236845,OK
10451,00204184,601,1.8242874,OK
10452,00204185,601,1.8233649,OK
10453,00204186,608,1.8226395,OK
10454,00204187,599,1.8238038,OK
10455,00204188,610,1.8233463,OK
10456,00204189,601,1.8230941,OK
10457,00204190,599,1.8239167,OK
10458,00204191,609,1.8235401,OK
10459,00204192,608,1.8233169,OK
10460,00204193,608,1.8238114,OK
10461,00204194,605,1.8231099,OK
10462,00204195,602,1.8241748,OK
10463,00204196,605,1.8239455,OK
10464,00204197,607,1.8238118,OK
10465,00204198,612,1.8238155,OK
10466,00204199,604,1.8246654,OK
10467,00204200,602,1.823798,OK
10468,00204201,604,1.8244663,OK
10469,00204202,605,1.8245339,OK
10470,00204203,598,1.8238522,OK
10471,00204204,601,1.8241976,OK
10472,00204205,600,1.8245354,OK
10473,00204206,593,1.8250489,OK
10474,00204207,604,1.8240074,OK
10475,00204208,601,1.8255085,OK
10476,00204209,599,1.8245221,OK
10477,00204210,604,1.8225892,OK
10478,00204211,603,1.8232868,OK
10479,00204212,616,1.82419,OK
10480,00204213,602,1.823977,OK
10481,00204214,607,1.8240142,OK
10482,00204215,612,1.8247062,OK
10483,00204216,599,1.8245333,OK
10484,00204217,602,1.8234267,OK
10485,00204218,618,1.8240234,OK
10486,00204219,605,1.8227522,OK
10487,00204220,610,1.8245828,OK
10488,00204221,600,1.8237956,OK
10489,00204222,600,1.8244592,OK
10490,00204223,601,1.8254403,OK
10491,00204224,603,1.8229514,OK
10492,00204225,607,1.822475,OK
10493,00204226,609,1.824435,OK
10494,00204227,604,1.8234819,OK
10495,00204228,604,1.8238596,OK
10496,00204229,611,1.8235059,OK
10497,00204230,610,1.8246769,OK
10498,00204231,605,1.8245401,OK
10499,00204232,604,1.8224647,OK
10500,00204233,607,1.824152,OK
10501,00204234,596,1.8234552,OK
10502,00204235,592,1.8233442,OK
10503,00204236,601,1.8239218,OK
10504,00204237,602,1.8235344,OK
10505,00204238,611,1.8249216,OK
10506,00204239,596,1.8239894,OK
10507,00204240,596,1.8249143,OK
10508,00204241,604,1.8237058,OK
10509,00204242,606,1.8233917,OK
10510,00204243,610,1.8245434,OK
10511,00204244,594,1.8239422,OK
10512,00204245,599,1.8235075,OK
10513,00204246,605,1.8241574,OK
10514,00204247,596,1.8236936,OK
10515,00204248,608,1.8226234,OK
10516,00204249,611,1.8249172,OK
10517,00204250,597,1.8241158,OK
10518,00204251,608,1.8250973,OK
10519,00204252,606,1.8260566,OK
10520,00204253,601,1.8241944,OK
10521,00204254,601,1.8250288,OK
10522,00204255,610,1.8239574,OK
10523,00204256,611,1.8238257,OK
10524,00204257,604,1.8241423,OK
10525,00204258,610,1.8235152,OK
10526,00204259,600,1.8242753,OK
10527,00204260,597,1.8237873,OK
10528,00204261,601,1.8243322,OK
10529,00204262,600,1.8253263,OK
10530,00204263,602,1.8247508,OK
10531,00204264,612,1.824584,OK
10532,00204265,606,1.8242489,OK
10533,00204266,604,1.8231047,OK
10534,00204267,611,1.8228769,OK
10535,00204268,591,1.8237098,OK
10536,00204269,602,1.8235995,OK
10537,00204270,600,1.824184,OK
10538,00204271,607,1.823285,OK
10539,00204272,605,1.8244506,OK
10540,00204273,602,1.8246046,OK
10541,00204274,600,1.8232796,OK
10542,00204275,614,1.8237269,OK
10543,00204276,602,1.8236833,OK
10544,00204277,593,1.823939,OK
10545,00204278,607,1.82364,OK
10546,00204279,601,1.8251696,OK
10547,00204280,610,1.8230373,OK
10548,00204281,607,1.8236661,OK
10549,00204282,599,1.8239809,OK
10550,00204283,607,1.8249369,OK
10551,00204284,595,1.8251662,OK
10552,00204285,607,1.8229032,OK
10553,00204286,602,1.8233374,OK
10554,00204287,607,1.8258953,OK
10555,00204288,605,1.8227719,OK
10556,00204289,603,1.8237734,OK
10557,00204290,599,1.8242432,OK
10558,00204291,599,1.8237808,OK
10559,00204292,603,1.8232579,OK
10560,00204293,602,1.8227183,OK
10561,00204294,593,1.8234608,OK
10562,00204295,597,1.8232496,OK
10563,00204296,607,1.8231509,OK
10564,00204297,607,1.8259262,OK
10565,00204298,599,1.8232255,OK
10566,00204299,602,1.8238341,OK
10567,00204300,603,1.8239787,OK
10568,00204301,611,1.8222493,OK
10569,00204302,604,1.8235781,OK
10570,00204303,596,1.8232619,OK
10571,00204304,601,1.8232405,OK
10572,00204305,601,1.8248597,OK
10573,00204306,608,1.82468,OK
10574,00204307,607,1.8240595,OK
10575,00204308,601,1.8246983,OK
10576,00204309,602,1.8229792,OK
10577,00204310,609,1.8233284,OK
10578,00204311,606,1.8239484,OK
10579,00204312,601,1.8246571,OK
10580,00204313,601,1.8244958,OK
10581,00204314,606,1.8231523,OK
10582,00204315,600,1.8235986,OK
10583,00204316,610,1.8227816,OK
10584,00204317,613,1.8239368,OK
10585,00204318,608,1.8230703,OK
10586,00204319,605,1.8246175,OK
10587,00204320,593,1.8232388,OK
10588,00204321,610,1.8231953,OK
10589,00204322,603,1.8228794,OK
10590,00204323,599,1.8245853,OK
10591,00204324,603,1.8233794,OK
10592,00204325,597,1.8230193,OK
10593,00204326,606,1.8232347,OK
10594,00204327,609,1.8239305,OK
10595,00204328,596,1.8258073,OK
10596,00204329,602,1.8243576,OK
10597,00204330,603,1.8240495,OK
10598,00204331,599,1.8248191,OK
10599,00204332,590,1.824183,OK
10600,00204333,599,1.8239473,OK
10601,00204334,598,1.8248279,OK
10602,00204335,603,1.8233726,OK
10603,00204336,607,1.8250618,OK
10604,00204337,601,1.8244836,OK
10605,00204338,604,1.8234576,OK
10606,00204339,609,1.8227159,OK
10607,00204340,602,1.8248445,OK
10608,00204341,599,1.824118,OK
10609,00204342,601,1.8234061,OK
10610,00204343,601,1.82363,OK
10611,00204344,599,1.8230971,OK
10612,00204345,599,1.8236328,OK
10613,00204346,602,1.8236688,OK
10614,00204347,598,1.8242316,OK
10615,00204348,603,1.8233492,OK
10616,00204349,602,1.8235196,OK
10617,00204350,599,1.8247048,OK
10618,00204351,595,1.8232257,OK
10619,00204352,606,1.8229215,OK
10620,00204353,605,1.8226111,OK
10621,00204354,606,1.8237067,OK
10622,00204355,608,1.8240931,OK
10623,00204356,608,1.8234,OK
10624,00204357,609,1.8243508,OK
10625,00204358,600,1.8245023,OK
10626,00204359,600,1.8226774,OK
10627,00204360,597,1.8253413,OK
10628,00204361,594,1.8230469,OK
10629,00204362,603,1.8238435,OK
10630,00204363,608,1.8239423,OK
10631,00204364,610,1.8244464,OK
10632,00204365,605,1.824628,OK
10633,00204366,598,1.8241979,OK
10634,00204367,602,1.824291,OK
10635,00204368,603,1.8229609,OK
10636,00204369,610,1.8232625,OK
10637,00204370,593,1.8236123,OK
10638,00204371,599,1.822741,OK
10639,00204372,604,1.8234204,OK
10640,00204373,611,1.8240663,OK
10641,00204374,608,1.8234059,OK
10642,00204375,606,1.8236607,OK
10643,00204376,597,1.8232608,OK
10644,00204377,599,1.8237284,OK
10645,00204378,598,1.8234588,OK
10646,00204379,602,1.8233503,OK
10647,00204380,609,1.8241045,OK
10648,00204381,606,1.8230827,OK
10649,00204382,602,1.8238606,OK
10650,00204383,599,1.8236092,OK
10651,00204384,611,1.824725,OK
10652,00204385,601,1.8242054,OK
10653,00204386,610,1.8232089,OK
10654,00204387,600,1.822409,OK
10655,00204388,603,1.822958,OK
10656,00204389,606,1.8238477,OK
10657,00204390,602,1.8231812,OK
10658,00204391,607,1.8245834,OK
10659,00204392,593,1.8243048,OK
10660,00204393,599,1.823578,OK
10661,00204394,602,1.8243333,OK
10662,00204395,600,1.8236052,OK
10663,00204396,598,1.8238621,OK
10664,00204397,604,1.8232838,OK
10665,00204398,610,1.824061,OK
10666,00204399,599,1.8235464,OK
10667,00204400,595,1.8238919,OK
10668,00204401,602,1.8234863,OK
10669,00204402,607,1.8228054,OK
10670,00204403,601,1.8241247,OK
10671,00204404,599,1.8234671,OK
10672,00204405,608,1.824896,OK
10673,00204406,602,1.8224646,OK
10674,00204407,602,1.8235253,OK
10675,00204408,603,1.8233324,OK
10676,00204409,605,1.8233974,OK
10677,00204410,596,1.8237522,OK
10678,00204411,601,1.8226463,OK
10679,00204412,611,1.8230317,OK
10680,00204413,598,1.8228307,OK
10681,00204414,607,1.8236973,OK
10682,00204415,594,1.824776,OK
10683,00204416,604,1.823209,OK
10684,00204417,596,1.8243183,OK
10685,00204418,607,1.8227375,OK
10686,00204419,609,1.8241826,OK
10687,00204420,603,1.8231297,OK
10688,00204421,602,1.824103,OK
10689,00204422,599,1.8233008,OK
10690,00204423,603,1.8229749,OK
10691,00204424,604,1.8236642,OK
10692,00204425,612,1.8238876,OK
10693,00204426,597,1.8234088,OK
10694,00204427,597,1.8233862,OK
10695,00204428,602,1.8224348,OK
10696,00204429,596,1.8238552,OK
10697,00204430,597,1.8232745,OK
10698,00204431,597,1.8234109,OK
10699,00204432,605,1.8231405,OK
10700,00204433,595,1.8236326,OK
10701,00204434,600,1.8232154,OK
10702,00204435,601,1.8231108,OK
10703,00204436,598,1.8247756,OK
10704,00204437,600,1.8227279,OK
10705,00204438,604,1.8230987,OK
10706,00204439,605,1.8236632,OK
10707,00204440,596,1.823956,OK
10708,00204441,595,1.8232615,OK
10709,00204442,600,1.8230726,OK
10710,00204443,605,1.8229619,OK
10711,00204444,612,1.8231927,OK
10712,00204445,603,1.8241466,OK
10713,00204446,599,1.823752,OK
10714,00204447,610,1.8223376,OK
10715,00204448,610,1.824266,OK
10716,00204449,599,1.8244888,OK
10717,00204450,597,1.8234082,OK
10718,00204451,601,1.8229525,OK
10719,00204452,606,1.8229852,OK
10720,00204453,594,1.8251098,OK
10721,00204454,596,1.8225888,OK
10722,00204455,605,1.8246877,OK
10723,00204456,603,1.823932,OK
10724,00204457,595,1.8228536,OK
10725,00204458,599,1.8240093,OK
10726,00204459,601,1.8232645,OK
10727,00204460,596,1.8236307,OK
10728,00204461,601,1.8235273,OK
10729,00204462,605,1.82299,OK
10730,00204463,604,1.824108,OK
10731,00204464,598,1.824011,OK
10732,00204465,607,1.8240591,OK
10733,00204466,600,1.8243514,OK
10734,00204467,596,1.8239763,OK
10735,00204468,595,1.8234633,OK
10736,00204469,604,1.8239743,OK
10737,00204470,600,1.8238238,OK
10738,00204471,600,1.8231059,OK
10739,00204472,614,1.8238124,OK
10740,00204473,604,1.8239571,OK
10741,00204474,599,1.8242078,OK
10742,00204475,600,1.8237724,OK
10743,00204476,598,1.8225967,OK
10744,00204477,604,1.8240938,OK
10745,00204478,601,1.8225054,OK
10746,00204479,599,1.8239663,OK
10747,00204480,593,1.8246043,OK
10748,00204481,598,1.8227941,OK
10749,00204482,613,1.8229965,OK
10750,00204483,596,1.8238009,OK
10751,00204484,607,1.8238689,OK
10752,00204485,605,1.8228862,OK
10753,00204486,604,1.8242687,OK
10754,00204487,597,1.8225672,OK
10755,00204488,593,1.8238573,OK
10756,00204489,604,1.8237845,OK
10757,00204490,601,1.8229897,OK
10758,00204491,604,1.8232131,OK
10759,00204492,595,1.8232487,OK
10760,00204493,600,1.8235803,OK
10761,00204494,606,1.8237176,OK
10762,00204495,607,1.8239521,OK
10763,00204496,607,1.8238097,OK
10764,00204497,602,1.8235893,OK
10765,00204498,601,1.8247586,OK
10766,00204499,606,1.8233947,OK
10767,00204500,604,1.8221473,OK
10768,00204501,610,1.8243034,OK
10769,00204502,591,1.8238629,OK
10770,00204503,600,1.8248104,OK
10771,00204504,601,1.8233392,OK
10772,00204505,602,1.8233773,OK
10773,00204506,606,1.8235556,OK
10774,00204507,601,1.8241131,OK
10775,00204508,597,1.8234565,OK
10776,00204509,600,1.8238845,OK
10777,00204510,604,1.8233256,OK
10778,00204511,600,1.8238977,OK
10779,00204512,600,1.8249365,OK
10780,00204513,601,1.822777,OK
10781,00204514,609,1.8225635,OK
10782,00204515,598,1.8244755,OK
10783,00204516,601,1.8232491,OK
10784,00204517,593,1.822269,OK
10785,00204518,597,1.8228583,OK
10786,00204519,597,1.825566,OK
10787,00204520,593,1.8247006,OK
10788,00204521,599,1.825056,OK
10789,00204522,598,1.8235,OK
10790,00204523,590,1.8243521,OK
10791,00204524,591,1.823608,OK
10792,00204525,602,1.8233347,OK
10793,00204526,605,1.822721,OK
10794,00204527,613,1.8230857,OK
10795,00204528,607,1.8245168,OK
10796,00204529,603,1.8241535,OK
10797,00204530,594,1.8249887,OK
10798,00204531,597,1.8236376,OK
10799,00204532,592,1.8252835,OK
10800,00204533,601,1.8233267,OK
10801,00204534,596,1.82485,OK
10802,00204535,612,1.8230081,OK
10803,00204536,599,1.8241941,OK
10804,00204537,598,1.8219872,OK
10805,00204538,606,1.8245633,OK
10806,00204539,592,1.8253446,OK
10807,00204540,602,1.8234563,OK
10808,00204541,605,1.8231132,OK
10809,00204542,606,1.8239559,OK
10810,00204543,598,1.8234967,OK
10811,00204544,596,1.8239529,OK
10812,00204545,592,1.8247904,OK
10813,00204546,593,1.8244889,OK
10814,00204547,595,1.8229923,OK
10815,00204548,597,1.823535,OK
10816,00204549,597,1.8231093,OK
10817,00204550,600,1.8235531,OK
10818,00204551,595,1.8247333,OK
10819,00204552,606,1.8238394,OK
10820,00204553,601,1.8241267,OK
10821,00204554,563,1.8261335,OK
10822,00204555,599,1.8230604,OK
10823,00204556,594,1.8238908,OK
10824,00204557,601,1.8242828,OK
10825,00204558,597,1.8245175,OK
10826,00204559,594,1.8237813,OK
10827,00204560,592,1.8242058,OK
10828,00204561,596,1.8249774,OK
10829,00204562,600,1.8241463,OK
10830,00204563,596,1.823625,OK
10831,00204564,597,1.8240784,OK
10832,00204565,605,1.8237512,OK
10833,00204566,592,1.8245952,OK
10834,00204567,601,1.8234518,OK
10835,00204568,601,1.8235903,OK
10836,00204569,597,1.8254149,OK
10837,00204570,592,1.8245007,OK
10838,00204571,602,1.822605,OK
10839,00204572,603,1.8244914,OK
10840,00204573,597,1.8246571,OK
10841,00204574,591,1.823607,OK
10842,00204575,599,1.8234558,OK
10843,00204576,605,1.8248432,OK
10844,00204577,602,1.8250996,OK
10845,00204578,605,1.8251027,OK
10846,00204579,592,1.8237824,OK
10847,00204580,597,1.8235117,OK
10848,00204581,598,1.8233377,OK
10849,00204582,596,1.8242322,OK
10850,00204583,597,1.8243737,OK
10851,00204584,599,1.8237296,OK
10852,00204585,599,1.8258605,OK
10853,00204586,608,1.8242358,OK
10854,00204587,601,1.8248248,OK
10855,00204588,591,1.8243335,OK
10856,00204589,595,1.8226205,OK
10857,00204590,589,1.8232243,OK
10858,00204591,601,1.8235054,OK
10859,00204592,604,1.8236334,OK
10860,00204593,601,1.822925,OK
10861,00204594,597,1.8241664,OK
10862,00204595,596,1.8235941,OK
10863,00204596,600,1.8230585,OK
10864,00204597,599,1.8236259,OK
10865,00204598,602,1.8242897,OK
10866,00204599,595,1.8245155,OK
10867,00204600,589,1.8244944,OK
10868,00204601,600,1.823505,OK
10869,00204602,599,1.8235012,OK
10870,00204603,604,1.8249227,OK
10871,00204604,598,1.8236407,OK
10872,00204605,607,1.8227056,OK
10873,00204606,600,1.8235341,OK
10874,00204607,590,1.8242705,OK
10875,00204608,594,1.8243732,OK
10876,00204609,598,1.8240497,OK
10877,00204610,607,1.8241767,OK
10878,00204611,597,1.8244997,OK
10879,00204612,592,1.8239232,OK
10880,00204613,598,1.823194,OK
10881,00204614,602,1.8248593,OK
10882,00204615,602,1.8241818,OK
10883,00204616,604,1.8232915,OK
10884,00204617,595,1.8230762,OK
10885,00204618,609,1.8235855,OK
10886,00204619,601,1.8236566,OK
10887,00204620,593,1.823749,OK
10888,00204621,589,1.8238105,OK
10889,00204622,590,1.8233685,OK
10890,00204623,602,1.8229445,OK
10891,00204624,603,1.8234953,OK
10892,00204625,595,1.8221396,OK
10893,00204626,597,1.8232368,OK
10894,00204627,592,1.8243058,OK
10895,00204628,595,1.8254682,OK
10896,00204629,593,1.8236823,OK
10897,00204630,602,1.8254857,OK
10898,00204631,587,1.8249325,OK
10899,00204632,591,1.8238754,OK
10900,00204633,602,1.8237345,OK
10901,00204634,603,1.823268,OK
10902,00204635,605,1.8230106,OK
10903,00204636,600,1.823964,OK
10904,00204637,597,1.8239334,OK
10905,00204638,599,1.8233563,OK
10906,00204639,603,1.8233284,OK
10907,00204640,604,1.8248175,OK
10908,00204641,593,1.8256584,OK
10909,00204642,597,1.8245858,OK
10910,00204643,605,1.8238764,OK
10911,00204644,602,1.8231175,OK
10912,00204645,592,1.823843,OK
10913,00204646,592,1.8240596,OK
10914,00204647,602,1.8244483,OK
10915,00204648,599,1.8243117,OK
10916,00204649,596,1.8250827,OK
10917,00204650,594,1.8227173,OK
10918,00204651,598,1.8231164,OK
10919,00204652,596,1.8243077,OK
10920,00204653,600,1.8236982,OK
10921,00204654,601,1.8236037,OK
10922,00204655,600,1.823808,OK
10923,00204656,601,1.8241259,OK
10924,00204657,594,1.8244337,OK
10925,00204658,602,1.8243761,OK
10926,00204659,598,1.8239189,OK
10927,00204660,605,1.8241206,OK
10928,00204661,595,1.8246976,OK
10929,00204662,605,1.8246397,OK
10930,00204663,593,1.824146,OK
10931,00204664,598,1.823529,OK
10932,00204665,600,1.8246748,OK
10933,00204666,586,1.8244367,OK
10934,00204667,593,1.8247591,OK
10935,00204668,593,1.82242,OK
10936,00204669,600,1.8240633,OK
10937,00204670,596,1.8245299,OK
10938,00204671,586,1.8234682,OK
10939,00204672,596,1.8243916,OK
10940,00204673,599,1.8243468,OK
10941,00204674,594,1.8240428,OK
10942,00204675,601,1.8239628,OK
10943,00204676,593,1.8250426,OK
10944,00204677,587,1.8237509,OK
10945,00204678,598,1.8244323,OK
10946,00204679,598,1.823501,OK
10947,00204680,593,1.8232226,OK
10948,00204681,604,1.8245243,OK
10949,00204682,597,1.8248514,OK
10950,00204683,605,1.8243484,OK
10951,00204684,595,1.822989,OK
10952,00204685,603,1.8251286,OK
10953,00204686,594,1.8236215,OK
10954,00204687,599,1.825191,OK
10955,00204688,594,1.8235476,OK
10956,00204689,596,1.8248477,OK
10957,00204690,589,1.8246133,OK
10958,00204691,605,1.8234274,OK
10959,00204692,601,1.8235028,OK
10960,00204693,599,1.8250384,OK
10961,00204694,592,1.8236189,OK
10962,00204695,592,1.8241866,OK
10963,00204696,602,1.823376,OK
10964,00204697,599,1.8236347,OK
10965,00204698,597,1.8220003,OK
10966,00204699,600,1.8230894,OK
10967,00204700,603,1.8229871,OK
10968,00204701,602,1.8235164,OK
10969,00204702,596,1.823445,OK
10970,00204703,591,1.824535,OK
10971,00204704,601,1.8236716,OK
10972,00204705,605,1.823102,OK
10973,00204706,605,1.8240387,OK
10974,00204707,601,1.824796,OK
10975,00204708,589,1.8241143,OK
10976,00204709,601,1.8240197,OK
10977,00204710,601,1.8232263,OK
10978,00204711,596,1.8228822,OK
10979,00204712,593,1.8238126,OK
10980,00204713,605,1.8228638,OK
10981,00204714,593,1.8243207,OK
10982,00204715,593,1.8244773,OK
10983,00204716,591,1.8234415,OK
10984,00204717,597,1.8232645,OK
10985,00204718,601,1.824466,OK
10986,00204719,598,1.8253511,OK
10987,00204720,603,1.8252615,OK
10988,00204721,589,1.8240967,OK
10989,00204722,598,1.8232634,OK
10990,00204723,596,1.8236537,OK
10991,00204724,602,1.823782,OK
10992,00204725,597,1.8230447,OK
10993,00204726,595,1.82489,OK
10994,00204727,593,1.8240814,OK
10995,00204728,590,1.8234967,OK
10996,00204729,605,1.8237491,OK
10997,00204730,591,1.8246216,OK
10998,00204731,590,1.8239167,OK
10999,00204732,603,1.8229122,OK
11000,00204733,589,1.8251201,OK
11001,00204734,592,1.825677,OK
11002,00204735,593,1.8245815,OK
11003,00204736,594,1.8234148,OK
11004,00204737,596,1.8247523,OK
11005,00204738,599,1.8231356,OK
11006,00204739,598,1.8230928,OK
11007,00204740,593,1.8245212,OK
11008,00204741,596,1.8236252,OK
11009,00204742,590,1.8232191,OK
11010,00204743,601,1.8234404,OK
11011,00204744,598,1.8238797,OK
11012,00204745,597,1.8240006,OK
11013,00204746,594,1.823102,OK
11014,00204747,595,1.8242117,OK
11015,00204748,596,1.8237995,OK
11016,00204749,594,1.8232944,OK
11017,00204750,589,1.8237947,OK
11018,00204751,598,1.8235271,OK
11019,00204752,602,1.825317,OK
11020,00204753,596,1.8239503,OK
11021,00204754,603,1.823809,OK
11022,00204755,597,1.8244811,OK
11023,00204756,593,1.8244816,OK
11024,00204757,601,1.82564,OK
11025,00204758,596,1.8230593,OK
11026,00204759,594,1.8241884,OK
11027,00204760,599,1.8252063,OK
11028,00204761,595,1.8240551,OK
11029,00204762,591,1.8234252,OK
11030,00204763,597,1.8247291,OK
11031,00204764,602,1.8240585,OK
11032,00204765,604,1.823437,OK
11033,00204766,591,1.8235545,OK
11034,00204767,595,1.824497,OK
11035,00204768,598,1.8245184,OK
11036,00204769,597,1.8238012,OK
11037,00204770,599,1.8232344,OK
11038,00204771,599,1.8249646,OK
11039,00204772,599,1.8243043,OK
11040,00204773,593,1.8245403,OK
11041,00204774,592,1.8240489,OK
11042,00204775,594,1.8249294,OK
11043,00204776,601,1.8235334,OK
11044,00204777,597,1.823041,OK
11045,00204778,600,1.8249397,OK
11046,00204779,598,1.8239912,OK
11047,00204780,593,1.8246124,OK
11048,00204781,597,1.8275452,OK
11049,00204782,590,1.8244272,OK
11050,00204783,596,1.8227724,OK
11051,00204784,598,1.8238477,OK
11052,00204785,598,1.8241616,OK
11053,00204786,584,1.824927,OK
11054,00204787,597,1.8244934,OK
11055,00204788,608,1.8269439,OK
11056,00204789,597,1.8243328,OK
11057,00204790,604,1.8240219,OK
11058,00204791,591,1.8237741,OK
11059,00204792,593,1.8236164,OK
11060,00204793,599,1.8234242,OK
11061,00204794,601,1.8243223,OK
11062,00204795,600,1.8232741,OK
11063,00204796,596,1.8248864,OK
11064,00204797,591,1.8233031,OK
11065,00204798,593,1.8244649,OK
11066,00204799,595,1.8246233,OK
11067,00204800,593,1.8243783,OK
11068,00204801,597,1.8240184,OK
11069,00204802,590,1.8251258,OK
11070,00204803,587,1.8253962,OK
11071,00204804,594,1.8243889,OK
11072,00204805,596,1.8239472,OK
11073,00204806,593,1.82405,OK
11074,00204807,597,1.8240752,OK
11075,00204808,601,1.8228592,OK
11076,00204809,599,1.8230804,OK
11077,00204810,597,1.8235497,OK
11078,00204811,601,1.8243613,OK
11079,00204812,594,1.8250408,OK
11080,00204813,592,1.824234,OK
11081,00204814,604,1.8249229,OK
11082,00204815,593,1.8255482,OK
11083,00204816,599,1.8242942,OK
11084,00204817,591,1.8243783,OK
11085,00204818,593,1.823826,OK
11086,00204819,598,1.8247932,OK
11087,00204820,602,1.8243053,OK
11088,00204821,595,1.8244683,OK
11089,00204822,598,1.8236741,OK
11090,00204823,600,1.8248519,OK
11091,00204824,610,1.8250232,OK
11092,00204825,596,1.8229243,OK
11093,00204826,600,1.8249149,OK
11094,00204827,590,1.8245887,OK
11095,00204828,596,1.8241405,OK
11096,00204829,587,1.823902,OK
11097,00204830,597,1.8239983,OK
11098,00204831,603,1.8232892,OK
11099,00204832,599,1.8233792,OK
11100,00204833,601,1.8241936,OK
11101,00204834,598,1.8240718,OK
11102,00204835,592,1.8234448,OK
11103,00204836,604,1.8226854,OK
11104,00204837,592,1.8246748,OK
11105,00204838,593,1.824755,OK
11106,00204839,593,1.8247943,OK
11107,00204840,597,1.8250101,OK
11108,00204841,588,1.8247871,OK
11109,00204842,584,1.8239496,OK
11110,00204843,597,1.8244531,OK
11111,00204844,604,1.823459,OK
11112,00204845,596,1.8238579,OK
11113,00204846,598,1.8230121,OK
11114,00204847,600,1.8248279,OK
11115,00204848,596,1.8235179,OK
11116,00204849,603,1.8226968,OK
11117,00204850,596,1.8238648,OK
11118,00204851,598,1.8239344,OK
11119,00204852,591,1.8252878,OK
11120,00204853,596,1.824603,OK
11121,00204854,596,1.8235056,OK
11122,00204855,594,1.8230112,OK
11123,00204856,595,1.8246413,OK
11124,00204857,602,1.8244967,OK
11125,00204858,593,1.8238477,OK
11126,00204859,588,1.82435,OK
11127,00204860,609,1.8239678,OK
11128,00204861,594,1.8226789,OK
11129,00204862,598,1.8240324,OK
11130,00204863,594,1.8233075,OK
11131,00204864,598,1.8237969,OK
11132,00204865,594,1.8242191,OK
11133,00204866,592,1.8243445,OK
11134,00204867,597,1.8236473,OK
11135,00204868,592,1.8233131,OK
11136,00204869,597,1.8236127,OK
11137,00204870,598,1.8244992,OK
11138,00204871,586,1.825319,OK
11139,00204872,587,1.8235067,OK
11140,00204873,599,1.824014,OK
11141,00204874,603,1.8247268,OK
11142,00204875,599,1.8232691,OK
11143,00204876,594,1.8245242,OK
11144,00204877,597,1.8239349,OK
11145,00204878,598,1.825079,OK
11146,00204879,603,1.8255674,OK
11147,00204880,595,1.8242282,OK
11148,00204881,599,1.8245658,OK
11149,00204882,596,1.8243701,OK
11150,00204883,596,1.8239185,OK
11151,00204884,603,1.8245143,OK
11152,00204885,600,1.824303,OK
11153,00204886,592,1.8249722,OK
11154,00204887,593,1.8239647,OK
11155,00204888,603,1.8228232,OK
11156,00204889,596,1.8237579,OK
11157,00204890,604,1.8241478,OK
11158,00204891,600,1.8252289,OK
11159,00204892,596,1.8245767,OK
11160,00204893,598,1.8238615,OK
11161,00204894,595,1.8240409,OK
11162,00204895,599,1.8251508,OK
11163,00204896,590,1.8240069,OK
11164,00204897,595,1.8242466,OK
11165,00204898,595,1.82433,OK
11166,00204899,598,1.8243614,OK
11167,00204900,589,1.8250792,OK
11168,00204901,593,1.8245757,OK
11169,00204902,590,1.8242904,OK
11170,00204903,593,1.8235843,OK
11171,00204904,600,1.8226758,OK
11172,00204905,593,1.8248755,OK
11173,00204906,595,1.8244581,OK
11174,00204907,597,1.8241315,OK
11175,00204908,581,1.8237162,OK
11176,00204909,604,1.8250369,OK
11177,00204910,602,1.8248265,OK
11178,00204911,596,1.8254246,OK
11179,00204912,591,1.8243445,OK
11180,00204913,592,1.8231823,OK
11181,00204914,604,1.8257531,OK
11182,00204915,595,1.8251108,OK
11183,00204916,600,1.8246273,OK
11184,00204917,595,1.8255148,OK
11185,00204918,595,1.8245779,OK
11186,00204919,596,1.8247832,OK
11187,00204920,590,1.8256931,OK
11188,00204921,595,1.8237859,OK
11189,00204922,599,1.8244376,OK
11190,00204923,606,1.8244275,OK
11191,00204924,597,1.8247102,OK
11192,00204925,601,1.8240713,OK
11193,00204926,591,1.8246686,OK
11194,00204927,597,1.8246872,OK
11195,00204928,599,1.823437,OK
11196,00204929,606,1.8246778,OK
11197,00204930,596,1.8238828,OK
11198,00204931,598,1.8246156,OK
11199,00204932,591,1.8239069,OK
11200,00204933,599,1.8230965,OK
11201,00204934,602,1.8236645,OK
11202,00204935,599,1.8232336,OK
11203,00204936,589,1.823099,OK
11204,00204937,598,1.8234559,OK
11205,00204938,593,1.824647,OK
11206,00204939,596,1.8238018,OK
11207,00204940,601,1.825068,OK
11208,00204941,601,1.8231258,OK
11209,00204942,598,1.823596,OK
11210,00204943,599,1.8248941,OK
11211,00204944,594,1.8241,OK
11212,00204945,598,1.822631,OK
11213,00204946,600,1.8250943,OK
11214,00204947,602,1.8237823,OK
11215,00204948,593,1.8235952,OK
11216,00204949,599,1.8240076,OK
11217,00204950,600,1.8250701,OK
11218,00204951,597,1.8243866,OK
11219,00204952,599,1.8249434,OK
11220,00204953,597,1.8243582,OK
11221,00204954,597,1.8274468,OK
11222,00204955,596,1.8237635,OK
11223,00204956,591,1.8236837,OK
11224,00204957,589,1.8240973,OK
11225,00204958,599,1.8237512,OK
11226,00204959,595,1.8253857,OK
11227,00204960,594,1.8249372,OK
11228,00204961,595,1.8232044,OK
11229,00204962,597,1.8271977,OK
11230,00204963,597,1.824673,OK
11231,00204964,594,1.8240325,OK
11232,00204965,589,1.8250556,OK
11233,00204966,595,1.8251839,OK
11234,00204967,602,1.8239281,OK
11235,00204968,591,1.8249086,OK
11236,00204969,596,1.8238108,OK
11237,00204970,598,1.8239013,OK
11238,00204971,602,1.824152,OK
11239,00204972,592,1.8253326,OK
11240,00204973,602,1.8238915,OK
11241,00204974,605,1.8245856,OK
11242,00204975,584,1.8251023,OK
11243,00204976,592,1.8262211,OK
11244,00204977,598,1.823007,OK
11245,00204978,588,1.8241009,OK
11246,00204979,591,1.8244034,OK
11247,00204980,601,1.8237668,OK
11248,00204981,599,1.8249515,OK
11249,00204982,582,1.8240359,OK
11250,00204983,597,1.8251953,OK
11251,00204984,597,1.8243328,OK
11252,00204985,591,1.8241156,OK
11253,00204986,596,1.8255997,OK
11254,00204987,585,1.8247696,OK
11255,00204988,586,1.824243,OK
11256,00204989,604,1.8241493,OK
11257,00204990,598,1.8252915,OK
11258,00204991,605,1.8229276,OK
11259,00204992,605,1.824208,OK
11260,00204993,601,1.8239036,OK
11261,00204994,591,1.8246647,OK
11262,00204995,598,1.8242294,OK
11263,00204996,591,1.8239816,OK
11264,00204997,587,1.8249803,OK
11265,00204998,588,1.8243273,OK
11266,00204999,595,1.8240702,OK
11267,00205000,598,1.8236717,OK
11268,00205001,595,1.8239052,OK
11269,00205002,597,1.8245687,OK
11270,00205003,590,1.8242167,OK
11271,00205004,593,1.8244658,OK
11272,00205005,590,1.8237063,OK
11273,00205006,598,1.8242291,OK
11274,00205007,595,1.8250581,OK
11275,00205008,588,1.8237882,OK
11276,00205009,594,1.825061,OK
11277,00205010,598,1.8257045,OK
11278,00205011,591,1.8245957,OK
11279,00205012,597,1.8246198,OK
11280,00205013,590,1.8239974,OK
11281,00205014,593,1.8236341,OK
11282,00205015,597,1.8231381,OK
11283,00205016,597,1.825904,OK
11284,00205017,599,1.825479,OK
11285,00205018,604,1.8235881,OK
11286,00205019,602,1.8243376,OK
11287,00205020,604,1.8247219,OK
11288,00205021,598,1.8241233,OK
11289,00205022,598,1.8245661,OK
11290,00205023,586,1.8239938,OK
11291,00205024,588,1.8243375,OK
11292,00205025,602,1.8230058,OK
11293,00205026,600,1.8230758,OK
11294,00205027,603,1.8235817,OK
11295,00205028,600,1.8236393,OK
11296,00205029,602,1.8250087,OK
11297,00205030,599,1.8236785,OK
11298,00205031,596,1.824528,OK
11299,00205032,601,1.8241298,OK
11300,00205033,591,1.8247099,OK
11301,00205034,592,1.8243213,OK
11302,00205035,596,1.8242638,OK
11303,00205036,604,1.8253049,OK
11304,00205037,601,1.823687,OK
11305,00205038,594,1.8243315,OK
11306,00205039,587,1.8245492,OK
11307,00205040,599,1.8252901,OK
11308,00205041,602,1.8229727,OK
11309,00205042,600,1.8253971,OK
11310,00205043,592,1.8241489,OK
11311,00205044,592,1.823462,OK
11312,00205045,596,1.824184,OK
11313,00205046,604,1.8242769,OK
11314,00205047,599,1.8248044,OK
11315,00205048,593,1.8246673,OK
11316,00205049,589,1.8227367,OK
11317,00205050,594,1.8232964,OK
11318,00205051,592,1.8236873,OK
11319,00205052,595,1.8242068,OK
11320,00205053,595,1.8251038,OK
11321,00205054,595,1.8245867,OK
11322,00205055,593,1.8250747,OK
11323,00205056,602,1.8244299,OK
11324,00205057,594,1.8239623,OK
11325,00205058,602,1.825854,OK
11326,00205059,590,1.824688,OK
11327,00205060,594,1.8247448,OK
11328,00205061,596,1.8244036,OK
11329,00205062,605,1.8249229,OK
11330,00205063,596,1.8231299,OK
11331,00205064,600,1.8233922,OK
11332,00205065,584,1.823923,OK
11333,00205066,589,1.8235759,OK
11334,00205067,592,1.8247759,OK
11335,00205068,589,1.8242025,OK
11336,00205069,589,1.8250332,OK
11337,00205070,600,1.8245329,OK
11338,00205071,596,1.8248839,OK
11339,00205072,590,1.8238897,OK
11340,00205073,598,1.8241758,OK
11341,00205074,593,1.8243964,OK
11342,00205075,597,1.8241947,OK
11343,00205076,595,1.8234373,OK
11344,00205077,589,1.8241138,OK
11345,00205078,598,1.8246846,OK
11346,00205079,601,1.8240479,OK
11347,00205080,590,1.8240385,OK
11348,00205081,597,1.8233342,OK
11349,00205082,589,1.825149,OK
11350,00205083,597,1.8240995,OK
11351,00205084,587,1.8245226,OK
11352,00205085,592,1.8236912,OK
11353,00205086,595,1.8244247,OK
11354,00205087,595,1.8250515,OK
11355,00205088,587,1.8250383,OK
11356,00205089,589,1.8252932,OK
11357,00205090,594,1.8232262,OK
11358,00205091,600,1.8239361,OK
11359,00205092,595,1.824444,OK
11360,00205093,588,1.8253992,OK
11361,00205094,593,1.823531,OK
11362,00205095,598,1.8238224,OK
11363,00205096,590,1.8232093,OK
11364,00205097,584,1.8253567,OK
11365,00205098,599,1.8225236,OK
11366,00205099,592,1.8241074,OK
11367,00205100,592,1.8251572,OK
11368,00205101,595,1.8247327,OK
11369,00205102,589,1.8242482,OK
11370,00205103,609,1.8240017,OK
11371,00205104,572,1.8266791,OK
11372,00205105,595,1.8260069,OK
11373,00205106,588,1.8254744,OK
11374,00205107,598,1.8243496,OK
11375,00205108,594,1.8236064,OK
11376,00205109,583,1.8260088,OK
11377,00205110,590,1.8237127,OK
11378,00205111,587,1.8245794,OK
11379,00205112,588,1.8240718,OK
11380,00205113,598,1.8241918,OK
11381,00205114,594,1.8247823,OK
11382,00205115,595,1.8240296,OK
11383,00205116,594,1.824691,OK
11384,00205117,592,1.8232067,OK
11385,00205118,590,1.8249193,OK
11386,00205119,591,1.8243659,OK
11387,00205120,594,1.8257406,OK
11388,00205121,608,1.8241973,OK
11389,00205122,599,1.823345,OK
11390,00205123,598,1.8236712,OK
11391,00205124,596,1.8232334,OK
11392,00205125,591,1.8232837,OK
11393,00205126,595,1.8252966,OK
11394,00205127,584,1.825071,OK
11395,00205128,595,1.823222,OK
11396,00205129,600,1.823864,OK
11397,00205130,600,1.8247864,OK
11398,00205131,603,1.8237604,OK
11399,00205132,599,1.8240907,OK
11400,00205133,601,1.8245295,OK
11401,00205134,595,1.8255363,OK
11402,00205135,587,1.8238235,OK
11403,00205136,603,1.8242639,OK
11404,00205137,593,1.8255986,OK
11405,00205138,595,1.8244743,OK
11406,00205139,588,1.8247494,OK
11407,00205140,594,1.8248317,OK
11408,00205141,604,1.8252395,OK
11409,00205142,598,1.8244417,OK
11410,00205143,599,1.8248988,OK
11411,00205144,594,1.8234674,OK
11412,00205145,588,1.8244116,OK
11413,00205146,595,1.824928,OK
11414,00205147,590,1.8247422,OK
11415,00205148,595,1.823051,OK
11416,00205149,605,1.8232293,OK
11417,00205150,602,1.8231164,OK
11418,00205151,587,1.8246266,OK
11419,00205152,596,1.8228472,OK
11420,00205153,590,1.8240075,OK
11421,00205154,600,1.8254343,OK
11422,00205155,594,1.824796,OK
11423,00205156,602,1.8234302,OK
11424,00205157,595,1.8243217,OK
11425,00205158,580,1.8248558,OK
11426,00205159,594,1.8240098,OK
11427,00205160,601,1.8230131,OK
11428,00205161,601,1.8233885,OK
11429,00205162,589,1.8254274,OK
11430,00205163,596,1.8237071,OK
11431,00205164,594,1.8236356,OK
11432,00205165,596,1.8236132,OK
11433,00205166,591,1.8256625,OK
11434,00205167,607,1.8226172,OK
11435,00205168,593,1.8239366,OK
11436,00205169,590,1.8239212,OK
11437,00205170,584,1.82567,OK
11438,00205171,604,1.8250477,OK
11439,00205172,588,1.8241822,OK
11440,00205173,604,1.8241993,OK
11441,00205174,601,1.8251882,OK
11442,00205175,593,1.8239268,OK
11443,00205176,601,1.82388,OK
11444,00205177,591,1.8262581,OK
11445,00205178,595,1.8261969,OK
11446,00205179,605,1.8242966,OK
11447,00205180,600,1.8245631,OK
11448,00205181,593,1.8241959,OK
11449,00205182,603,1.8242625,OK
11450,00205183,598,1.8242784,OK
11451,00205184,594,1.8242763,OK
11452,00205185,595,1.8238294,OK
11453,00205186,595,1.8241265,OK
11454,00205187,586,1.825724,OK
11455,00205188,604,1.8255078,OK
11456,00205189,598,1.8236423,OK
11457,00205190,595,1.8233734,OK
11458,00205191,599,1.8246597,OK
11459,00205192,597,1.8252305,OK
11460,00205193,585,1.8253852,OK
11461,00205194,586,1.8237605,OK
11462,00205195,545,1.8262675,OK
11463,00205196,596,1.825351,OK
11464,00205197,593,1.8257079,OK
11465,00205198,602,1.8232578,OK
11466,00205199,608,1.8232454,OK
11467,00205200,598,1.8245609,OK
11468,00205201,589,1.8241615,OK
11469,00205202,597,1.8235701,OK
11470,00205203,596,1.8244088,OK
11471,00205204,598,1.8252449,OK
11472,00205205,591,1.8240376,OK
11473,00205206,598,1.8244282,OK
11474,00205207,590,1.8241774,OK
11475,00205208,602,1.823782,OK
11476,00205209,603,1.8233248,OK
11477,00205210,602,1.8255435,OK
11478,00205211,593,1.8248549,OK
11479,00205212,594,1.8246292,OK
11480,00205213,607,1.8236641,OK
11481,00205214,599,1.826223,OK
11482,00205215,593,1.8253542,OK
11483,00205216,596,1.8242476,OK
11484,00205217,602,1.8235571,OK
11485,00205218,600,1.8239913,OK
11486,00205219,593,1.8233945,OK
11487,00205220,591,1.8241395,OK
11488,00205221,586,1.8241284,OK
11489,00205222,598,1.8245784,OK
11490,00205223,595,1.8237772,OK
11491,00205224,605,1.8240002,OK
11492,00205225,593,1.8237588,OK
11493,00205226,598,1.8258567,OK
11494,00205227,598,1.8240852,OK
11495,00205228,595,1.8239809,OK
11496,00205229,597,1.8252321,OK
11497,00205230,600,1.8258439,OK
11498,00205231,591,1.8234657,OK
11499,00205232,595,1.8236382,OK
11500,00205233,592,1.8241284,OK
11501,00205234,599,1.8237213,OK
11502,00205235,590,1.8228776,OK
11503,00205236,597,1.8245561,OK
11504,00205237,596,1.8250585,OK
11505,00205238,600,1.8239032,OK
11506,00205239,594,1.8243136,OK
11507,00205240,597,1.8235269,OK
11508,00205241,599,1.8231916,OK
11509,00205242,596,1.8247167,OK
11510,00205243,597,1.8245066,OK
11511,00205244,597,1.8240123,OK
11512,00205245,601,1.8242191,OK
11513,00205246,589,1.8242805,OK
11514,00205247,599,1.8251731,OK
11515,00205248,595,1.8245257,OK
11516,00205249,596,1.8239458,OK
11517,00205250,594,1.823774,OK
11518,00205251,598,1.825455,OK
11519,00205252,599,1.8246579,OK
11520,00205253,587,1.8245271,OK
11521,00205254,604,1.8245617,OK
11522,00205255,595,1.8240932,OK
11523,00205256,595,1.8242992,OK
11524,00205257,594,1.8242792,OK
11525,00205258,600,1.8241203,OK
11526,00205259,592,1.8245952,OK
11527,00205260,591,1.8250276,OK
11528,00205261,594,1.8236538,OK
11529,00205262,599,1.8230882,OK
11530,00205263,593,1.8234311,OK
11531,00205264,591,1.8249974,OK
11532,00205265,589,1.8231122,OK
11533,00205266,600,1.8231066,OK
11534,00205267,595,1.8248798,OK
11535,00205268,600,1.8241976,OK
11536,00205269,589,1.8239045,OK
11537,00205270,597,1.8234497,OK
11538,00205271,601,1.8239486,OK
11539,00205272,603,1.823694,OK
11540,00205273,595,1.8248502,OK
11541,00205274,594,1.8243005,OK
11542,00205275,587,1.8230925,OK
11543,00205276,605,1.8230706,OK
11544,00205277,595,1.8245589,OK
11545,00205278,600,1.8240918,OK
11546,00205279,586,1.8265064,OK
11547,00205280,590,1.8239895,OK
11548,00205281,595,1.8252044,OK
11549,00205282,593,1.8241768,OK
11550,00205283,591,1.8238226,OK
11551,00205284,581,1.8247789,OK
11552,00205285,597,1.8242766,OK
11553,00205286,598,1.8229247,OK
11554,00205287,594,1.8243338,OK
11555,00205288,584,1.8251629,OK
11556,00205289,591,1.8253444,OK
11557,00205290,597,1.8238585,OK
11558,00205291,593,1.8243791,OK
11559,00205292,595,1.8241462,OK
11560,00205293,585,1.8254123,OK
11561,00205294,595,1.8243972,OK
11562,00205295,593,1.8245356,OK
11563,00205296,597,1.8239415,OK
11564,00205297,597,1.8234655,OK
11565,00205298,598,1.8241694,OK
11566,00205299,592,1.824017,OK
11567,00205300,597,1.8255346,OK
11568,00205301,596,1.8245606,OK
11569,00205302,596,1.8258396,OK
11570,00205303,603,1.8235584,OK
11571,00205304,592,1.8229191,OK
11572,00205305,597,1.8246868,OK
11573,00205306,599,1.8235638,OK
11574,00205307,598,1.8241932,OK
11575,00205308,593,1.8239129,OK
11576,00205309,596,1.8242489,OK
11577,00205310,601,1.823581,OK
11578,00205311,603,1.8239062,OK
11579,00205312,599,1.8248165,OK
11580,00205313,598,1.8252349,OK
11581,00205314,592,1.825098,OK
11582,00205315,596,1.8247467,OK
11583,00205316,592,1.8232927,OK
11584,00205317,600,1.8248267,OK
11585,00205318,591,1.8237733,OK
11586,00205319,596,1.8245425,OK
11587,00205320,599,1.8243167,OK
11588,00205321,597,1.8242453,OK
11589,00205322,596,1.823648,OK
11590,00205323,592,1.8245138,OK
11591,00205324,596,1.8238972,OK
11592,00205325,595,1.8244251,OK
11593,00205326,599,1.8237724,OK
11594,00205327,601,1.8235408,OK
11595,00205328,596,1.8236469,OK
11596,00205329,598,1.8257337,OK
11597,00205330,592,1.8239201,OK
11598,00205331,590,1.8235432,OK
11599,00205332,596,1.8235412,OK
11600,00205333,602,1.8243654,OK
11601,00205334,602,1.8244854,OK
11602,00205335,595,1.8244108,OK
11603,00205336,600,1.8232914,OK
11604,00205337,602,1.8245152,OK
11605,00205338,604,1.8240482,OK
11606,00205339,593,1.8249109,OK
11607,00205340,598,1.8240064,OK
11608,00205341,595,1.8238232,OK
11609,00205342,585,1.8246423,OK
11610,00205343,599,1.8240969,OK
11611,00205344,601,1.8233409,OK
11612,00205345,600,1.823725,OK
11613,00205346,593,1.8245304,OK
11614,00205347,584,1.824252,OK
11615,00205348,590,1.8245304,OK
11616,00205349,593,1.82512,OK
11617,00205350,587,1.8240757,OK
11618,00205351,594,1.8234103,OK
11619,00205352,596,1.8232667,OK
11620,00205353,599,1.8229797,OK
11621,00205354,587,1.8246973,OK
11622,00205355,592,1.8239274,OK
11623,00205356,591,1.8253595,OK
11624,00205357,590,1.8243482,OK
11625,00205358,599,1.8231629,OK
11626,00205359,599,1.8250201,OK
11627,00205360,596,1.8252219,OK
11628,00205361,600,1.8231038,OK
11629,00205362,595,1.824536,OK
11630,00205363,595,1.8248293,OK
11631,00205364,604,1.8245791,OK
11632,00205365,594,1.8239894,OK
11633,00205366,596,1.8244756,OK
11634,00205367,598,1.8244749,OK
11635,00205368,590,1.823769,OK
11636,00205369,596,1.8244686,OK
11637,00205370,585,1.8246378,OK
11638,00205371,591,1.824267,OK
11639,00205372,601,1.8230826,OK
11640,00205373,588,1.8249131,OK
11641,00205374,597,1.8248732,OK
11642,00205375,597,1.8234346,OK
11643,00205376,591,1.8238622,OK
11644,00205377,601,1.8243686,OK
11645,00205378,597,1.8233019,OK
11646,00205379,600,1.824186,OK
11647,00205380,595,1.8230953,OK
11648,00205381,604,1.8246675,OK
11649,00205382,599,1.8253628,OK
11650,00205383,594,1.823735,OK
11651,00205384,598,1.824271,OK
11652,00205385,595,1.8240643,OK
11653,00205386,584,1.8240598,OK
11654,00205387,593,1.8233538,OK
11655,00205388,597,1.8241341,OK
11656,00205389,589,1.824487,OK
11657,00205390,608,1.823781,OK
11658,00205391,595,1.8247045,OK
11659,00205392,602,1.8254482,OK
11660,00205393,589,1.8246902,OK
11661,00205394,590,1.8241099,OK
11662,00205395,606,1.8253814,OK
11663,00205396,592,1.8229896,OK
11664,00205397,598,1.8230078,OK
11665,00205398,589,1.8252077,OK
11666,00205399,585,1.8244826,OK
11667,00205400,598,1.8233881,OK
11668,00205401,591,1.8244482,OK
11669,00205402,598,1.8237429,OK
11670,00205403,599,1.8240622,OK
11671,00205404,596,1.8245656,OK
11672,00205405,591,1.8246201,OK
11673,00205406,591,1.8230584,OK
11674,00205407,599,1.8238617,OK
11675,00205408,594,1.8234699,OK
11676,00205409,599,1.8238393,OK
11677,00205410,599,1.8240844,OK
11678,00205411,594,1.8244802,OK
11679,00205412,595,1.8238991,OK
11680,00205413,589,1.8244017,OK
11681,00205414,591,1.8240713,OK
11682,00205415,602,1.8231355,OK
11683,00205416,596,1.8253473,OK
11684,00205417,594,1.8243221,OK
11685,00205418,600,1.8240287,OK
11686,00205419,595,1.8242245,OK
11687,00205420,597,1.8240217,OK
11688,00205421,593,1.8250611,OK
11689,00205422,594,1.8246741,OK
11690,00205423,598,1.8240807,OK
11691,00205424,594,1.8258036,OK
11692,00205425,590,1.8247324,OK
11693,00205426,592,1.8236818,OK
11694,00205427,594,1.8249228,OK
11695,00205428,600,1.8247485,OK
11696,00205429,600,1.8243486,OK
11697,00205430,598,1.8246818,OK
11698,00205431,590,1.8254864,OK
11699,00205432,596,1.8239472,OK
11700,00205433,593,1.8235424,OK
11701,00205434,597,1.8245023,OK
11702,00205435,599,1.8243608,OK
11703,00205436,596,1.8241602,OK
11704,00205437,599,1.8240654,OK
11705,00205438,590,1.8239577,OK
11706,00205439,593,1.8228879,OK
11707,00205440,596,1.8225454,OK
11708,00205441,590,1.8246179,OK
11709,00205442,590,1.82421,OK
11710,00205443,599,1.8235512,OK
11711,00205444,589,1.8245798,OK
11712,00205445,597,1.8244829,OK
11713,00205446,600,1.8247485,OK
11714,00205447,600,1.8232615,OK
11715,00205448,593,1.8251245,OK
11716,00205449,597,1.8247526,OK
11717,00205450,602,1.8244838,OK
11718,00205451,585,1.8246297,OK
11719,00205452,596,1.824431,OK
11720,00205453,595,1.8244572,OK
11721,00205454,596,1.8250204,OK
11722,00205455,596,1.823362,OK
11723,00205456,608,1.8248737,OK
11724,00205457,595,1.8245548,OK
11725,00205458,598,1.8239499,OK
11726,00205459,599,1.8243188,OK
11727,00205460,596,1.8247161,OK
11728,00205461,585,1.8241178,OK
11729,00205462,601,1.8246335,OK
11730,00205463,599,1.8249797,OK
11731,00205464,593,1.8247564,OK
11732,00205465,598,1.8234135,OK
11733,00205466,597,1.8241682,OK
11734,00205467,596,1.8247795,OK
11735,00205468,594,1.8247358,OK
11736,00205469,594,1.8236172,OK
11737,00205470,586,1.8247266,OK
11738,00205471,585,1.8244278,OK
11739,00205472,599,1.8231003,OK
11740,00205473,595,1.8251315,OK
11741,00205474,594,1.823031,OK
11742,00205475,598,1.8245239,OK
11743,00205476,599,1.8251379,OK
11744,00205477,589,1.826334,OK
11745,00205478,595,1.8232208,OK
11746,00205479,601,1.8228749,OK
11747,00205480,603,1.8236772,OK
11748,00205481,593,1.8247857,OK
11749,00205482,595,1.8254278,OK
11750,00205483,595,1.8232311,OK
11751,00205484,594,1.8241143,OK
11752,00205485,595,1.8246974,OK
11753,00205486,600,1.8243287,OK
11754,00205487,601,1.8248796,OK
11755,00205488,594,1.8249702,OK
11756,00205489,589,1.8251572,OK
11757,00205490,591,1.8245637,OK
11758,00205491,603,1.825164,OK
11759,00205492,605,1.8236114,OK
11760,00205493,593,1.8245869,OK
11761,00205494,602,1.822582,OK
11762,00205495,600,1.8244202,OK
11763,00205496,592,1.8241177,OK
11764,00205497,593,1.8237814,OK
11765,00205498,601,1.8246043,OK
11766,00205499,591,1.8244505,OK
11767,00205500,590,1.8247116,OK
11768,00205501,591,1.8242083,OK
11769,00205502,601,1.8255032,OK
11770,00205503,591,1.8236428,OK
11771,00205504,594,1.8235599,OK
11772,00205505,602,1.8235413,OK
11773,00205506,600,1.8239748,OK
11774,00205507,592,1.8240196,OK
11775,00205508,589,1.8249174,OK
11776,00205509,593,1.8238585,OK
11777,00205510,604,1.8232175,OK
11778,00205511,598,1.8243532,OK
11779,00205512,606,1.8235689,OK
11780,00205513,603,1.8247406,OK
11781,00205514,598,1.8237251,OK
11782,00205515,593,1.8246365,OK
11783,00205516,591,1.823894,OK
11784,00205517,599,1.8251723,OK
11785,00205518,593,1.8249738,OK
11786,00205519,587,1.824336,OK
11787,00205520,597,1.8241322,OK
11788,00205521,597,1.8247806,OK
11789,00205522,595,1.82481,OK
11790,00205523,600,1.8246189,OK
11791,00205524,598,1.8248667,OK
11792,00205525,599,1.8242767,OK
11793,00205526,601,1.8250303,OK
11794,00205527,602,1.8251059,OK
11795,00205528,597,1.8248531,OK
11796,00205529,596,1.8238636,OK
11797,00205530,594,1.8231366,OK
11798,00205531,608,1.8238875,OK
11799,00205532,587,1.8256216,OK
11800,00205533,596,1.8240348,OK
11801,00205534,603,1.8248451,OK
11802,00205535,600,1.8255823,OK
11803,00205536,600,1.8245841,OK
11804,00205537,587,1.823752,OK
11805,00205538,597,1.8247107,OK
11806,00205539,596,1.8238493,OK
11807,00205540,586,1.8242354,OK
11808,00205541,594,1.824742,OK
11809,00205542,597,1.8232139,OK
11810,00205543,602,1.823895,OK
11811,00205544,602,1.8243471,OK
11812,00205545,600,1.823769,OK
11813,00205546,592,1.8251202,OK
11814,00205547,600,1.8245174,OK
11815,00205548,606,1.8243392,OK
11816,00205549,596,1.8246558,OK
11817,00205550,597,1.8236018,OK
11818,00205551,601,1.8244337,OK
11819,00205552,599,1.8248127,OK
11820,00205553,591,1.8251288,OK
11821,00205554,589,1.824709,OK
11822,00205555,599,1.8232002,OK
11823,00205556,592,1.824618,OK
11824,00205557,597,1.8246084,OK
11825,00205558,592,1.8244087,OK
11826,00205559,597,1.824467,OK
11827,00205560,621,1.8319111,OK
11828,00205561,636,1.8307791,OK
11829,00205562,627,1.831078,OK
11830,00205563,629,1.8307605,OK
11831,00205564,621,1.8324145,OK
11832,00205565,620,1.8295822,OK
11833,00205566,625,1.8315696,OK
11834,00205567,625,1.831435,OK
11835,00205568,632,1.8303658,OK
11836,00205569,631,1.8313122,OK
11837,00205570,616,1.832186,OK
11838,00205571,633,1.8303188,OK
11839,00205572,639,1.8315024,OK
11840,00205573,626,1.8324552,OK
11841,00205574,626,1.8312942,OK
11842,00205575,633,1.8317641,OK
11843,00205576,630,1.8325261,OK
11844,00205577,625,1.8312808,OK
11845,00205578,634,1.8324945,OK
11846,00205579,634,1.8310716,OK
11847,00205580,629,1.8319796,OK
11848,00205581,634,1.8314976,OK
11849,00205582,633,1.8321177,OK
11850,00205583,635,1.8323084,OK
11851,00205584,624,1.8309716,OK
11852,00205585,625,1.8312471,OK
11853,00205586,630,1.8321456,OK
11854,00205587,637,1.831019,OK
11855,00205588,633,1.8315982,OK
11856,00205589,630,1.8311585,OK
11857,00205590,628,1.8314517,OK
11858,00205591,619,1.8311367,OK
11859,00205592,623,1.831233,OK
11860,00205593,628,1.8320888,OK
11861,00205594,634,1.8318634,OK
11862,00205595,628,1.8318827,OK
11863,00205596,627,1.8315443,OK
11864,00205597,631,1.8311634,OK
11865,00205598,623,1.8324639,OK
11866,00205599,624,1.8318787,OK
11867,00205600,628,1.8326817,OK
11868,00205601,634,1.830578,OK
11869,00205602,627,1.8325306,OK
11870,00205603,628,1.8320572,OK
11871,00205604,635,1.8308878,OK
11872,00205605,630,1.8317261,OK
11873,00205606,625,1.8319165,OK
11874,00205607,632,1.8340102,OK
11875,00205608,628,1.8328294,OK
11876,00205609,635,1.8308488,OK
11877,00205610,636,1.8321561,OK
11878,00205611,630,1.8324316,OK
11879,00205612,626,1.8308921,OK
11880,00205613,626,1.8308839,OK
11881,00205614,626,1.8331453,OK
11882,00205615,619,1.8321419,OK
11883,00205616,628,1.8330442,OK
11884,00205617,622,1.8323559,OK
11885,00205618,625,1.8312002,OK
11886,00205619,628,1.8320032,OK
11887,00205620,622,1.8318943,OK
11888,00205621,627,1.8325962,OK
11889,00205622,625,1.8324926,OK
11890,00205623,632,1.8324538,OK
11891,00205624,632,1.8306317,OK
11892,00205625,625,1.8313359,OK
11893,00205626,631,1.8321794,OK
11894,00205627,640,1.831743,OK
11895,00205628,636,1.8310097,OK
11896,00205629,632,1.8310045,OK
11897,00205630,625,1.8331066,OK
11898,00205631,627,1.8305243,OK
11899,00205632,632,1.8319033,OK
11900,00205633,636,1.8313127,OK
11901,00205634,634,1.8315673,OK
11902,00205635,613,1.8324685,OK
11903,00205636,625,1.8325825,OK
11904,00205637,634,1.8315743,OK
11905,00205638,635,1.8305802,OK
11906,00205639,631,1.8324658,OK
11907,00205640,627,1.8315161,OK
11908,00205641,633,1.8304098,OK
11909,00205642,631,1.8316656,OK
11910,00205643,630,1.8313156,OK
11911,00205644,626,1.8334813,OK
11912,00205645,627,1.8307408,OK
11913,00205646,626,1.8311062,OK
11914,00205647,634,1.8306237,OK
11915,00205648,629,1.8313195,OK
11916,00205649,636,1.8317239,OK
11917,00205650,625,1.8315074,OK
11918,00205651,636,1.8313048,OK
11919,00205652,630,1.8317868,OK
11920,00205653,629,1.8303201,OK
11921,00205654,632,1.8313282,OK
11922,00205655,630,1.8318181,OK
11923,00205656,631,1.8317608,OK
11924,00205657,636,1.8320489,OK
11925,00205658,632,1.8314797,OK
11926,00205659,630,1.8318104,OK
11927,00205660,624,1.8319882,OK
11928,00205661,630,1.8317434,OK
11929,00205662,633,1.830728,OK
11930,00205663,627,1.8317364,OK
11931,00205664,628,1.8312701,OK
11932,00205665,632,1.831004,OK
11933,00205666,633,1.8316088,OK
11934,00205667,633,1.8314464,OK
11935,00205668,623,1.8310703,OK
11936,00205669,627,1.8319092,OK
11937,00205670,633,1.832093,OK
11938,00205671,626,1.8323594,OK
11939,00205672,628,1.8318433,OK
11940,00205673,644,1.831496,OK
11941,00205674,636,1.8315351,OK
11942,00205675,627,1.8322701,OK
11943,00205676,622,1.8320003,OK
11944,00205677,626,1.8320739,OK
11945,00205678,620,1.8334433,OK
11946,00205679,632,1.8321567,OK
11947,00205680,630,1.8320191,OK
11948,00205681,628,1.8315469,OK
11949,00205682,627,1.8318455,OK
11950,00205683,626,1.8312302,OK
11951,00205684,634,1.8310037,OK
11952,00205685,619,1.8325461,OK
11953,00205686,621,1.8315363,OK
11954,00205687,627,1.832621,OK
11955,00205688,624,1.8306348,OK
11956,00205689,631,1.8310534,OK
11957,00205690,633,1.8309164,OK
11958,00205691,626,1.8331634,OK
11959,00205692,625,1.8315697,OK
11960,00205693,631,1.8310013,OK
11961,00205694,640,1.8310432,OK
11962,00205695,630,1.8332361,OK
11963,00205696,632,1.8319621,OK
11964,00205697,634,1.832036,OK
11965,00205698,634,1.8306825,OK
11966,00205699,634,1.8310778,OK
11967,00205700,625,1.8328109,OK
11968,00205701,627,1.8318225,OK
11969,00205702,633,1.8317925,OK
11970,00205703,633,1.8328118,OK
11971,00205704,625,1.8308264,OK
11972,00205705,633,1.8321667,OK
11973,00205706,637,1.8322564,OK
11974,00205707,627,1.8319631,OK
11975,00205708,635,1.8323412,OK
11976,00205709,628,1.8328805,OK
11977,00205710,635,1.8328111,OK
11978,00205711,619,1.8313572,OK
11979,00205712,636,1.8316896,OK
11980,00205713,632,1.8338594,OK
11981,00205714,626,1.8316494,OK
11982,00205715,638,1.8316865,OK
11983,00205716,638,1.8311392,OK
11984,00205717,636,1.8335328,OK
11985,00205718,625,1.8312492,OK
11986,00205719,631,1.8316263,OK
11987,00205720,632,1.8313881,OK
11988,00205721,625,1.8322173,OK
11989,00205722,632,1.831353,OK
11990,00205723,638,1.8306047,OK
11991,00205724,622,1.8309867,OK
11992,00205725,627,1.831022,OK
11993,00205726,631,1.8326428,OK
11994,00205727,630,1.8299402,OK
11995,00205728,625,1.8312743,OK
11996,00205729,638,1.8321629,OK
11997,00205730,625,1.8329129,OK
11998,00205731,624,1.8304354,OK
11999,00205732,636,1.8309673,OK
12000,00205733,628,1.8323518,OK
12001,00205734,623,1.8315674,OK
12002,00205735,630,1.8337668,OK
12003,00205736,622,1.8329968,OK
12004,00205737,632,1.8316526,OK
12005,00205738,627,1.8313384,OK
12006,00205739,628,1.8319061,OK
12007,00205740,627,1.8301735,OK
12008,00205741,642,1.8309939,OK
12009,00205742,634,1.8318499,OK
12010,00205743,625,1.832012,OK
12011,00205744,631,1.8322729,OK
12012,00205745,638,1.8315791,OK
12013,00205746,629,1.8313786,OK
12014,00205747,632,1.8316679,OK
12015,00205748,631,1.8329804,OK
12016,00205749,629,1.8326759,OK
12017,00205750,630,1.8325474,OK
12018,00205751,626,1.8313218,OK
12019,00205752,627,1.8327376,OK
12020,00205753,634,1.8310857,OK
12021,00205754,626,1.8319273,OK
12022,00205755,629,1.8317732,OK
12023,00205756,622,1.831989,OK
12024,00205757,630,1.8323525,OK
12025,00205758,632,1.830923,OK
12026,00205759,628,1.8323457,OK
12027,00205760,628,1.8309427,OK
12028,00205761,628,1.8311431,OK
12029,00205762,633,1.8314322,OK
12030,00205763,629,1.8311447,OK
12031,00205764,633,1.8321056,OK
12032,00205765,625,1.8314362,OK
12033,00205766,631,1.8313336,OK
12034,00205767,624,1.8309594,OK
12035,00205768,627,1.8331275,OK
12036,00205769,633,1.8312848,OK
12037,00205770,626,1.8314576,OK
12038,00205771,627,1.8304003,OK
12039,00205772,632,1.8307588,OK
12040,00205773,623,1.8310696,OK
12041,00205774,635,1.8312569,OK
12042,00205775,628,1.8311943,OK
12043,00205776,623,1.8308471,OK
12044,00205777,626,1.8301781,OK
12045,00205778,630,1.8336957,OK
12046,00205779,632,1.831186,OK
12047,00205780,630,1.8325047,OK
12048,00205781,631,1.8320305,OK
12049,00205782,633,1.8323115,OK
12050,00205783,630,1.8310454,OK
12051,00205784,625,1.8314514,OK
12052,00205785,633,1.8309152,OK
12053,00205786,619,1.8323886,OK
12054,00205787,636,1.8302785,OK
12055,00205788,631,1.8332009,OK
12056,00205789,628,1.831235,OK
12057,00205790,620,1.8308259,OK
12058,00205791,623,1.8326612,OK
12059,00205792,633,1.8303235,OK
12060,00205793,629,1.8313601,OK
12061,00205794,622,1.831566,OK
12062,00205795,631,1.8312696,OK
12063,00205796,623,1.8311936,OK
12064,00205797,624,1.8298156,OK
12065,00205798,629,1.8318545,OK
12066,00205799,628,1.8330692,OK
12067,00205800,630,1.8312902,OK
12068,00205801,628,1.8303524,OK
12069,00205802,621,1.8305703,OK
12070,00205803,623,1.8320782,OK
12071,00205804,628,1.8314259,OK
12072,00205805,625,1.8318514,OK
12073,00205806,627,1.8312402,OK
12074,00205807,633,1.8316058,OK
12075,00205808,631,1.8310311,OK
12076,00205809,636,1.832096,OK
12077,00205810,630,1.8313614,OK
12078,00205811,623,1.8318986,OK
12079,00205812,629,1.8329092,OK
12080,00205813,626,1.8311768,OK
12081,00205814,630,1.8320913,OK
12082,00205815,629,1.8316435,OK
12083,00205816,625,1.8319715,OK
12084,00205817,625,1.8323773,OK
12085,00205818,624,1.8325015,OK
12086,00205819,626,1.833063,OK
12087,00205820,628,1.8308355,OK
12088,00205821,626,1.8310325,OK
12089,00205822,628,1.8323308,OK
12090,00205823,620,1.8316597,OK
12091,00205824,629,1.8316069,OK
12092,00205825,630,1.8317264,OK
12093,00205826,628,1.8319767,OK
12094,00205827,625,1.8309898,OK
12095,00205828,639,1.8313403,OK
12096,00205829,624,1.8319663,OK
12097,00205830,632,1.8322136,OK
12098,00205831,637,1.8316723,OK
12099,00205832,623,1.8314157,OK
12100,00205833,626,1.8309759,OK
12101,00205834,631,1.8317074,OK
12102,00205835,633,1.8301446,OK
12103,00205836,630,1.8311031,OK
12104,00205837,622,1.8328936,OK
12105,00205838,622,1.8323756,OK
12106,00205839,630,1.8323352,OK
12107,00205840,626,1.831238,OK
12108,00205841,623,1.831388,OK
12109,00205842,623,1.8317926,OK
12110,00205843,629,1.8320931,OK
12111,00205844,630,1.8307803,OK
12112,00205845,624,1.8315854,OK
12113,00205846,623,1.8310848,OK
12114,00205847,621,1.8318732,OK
12115,00205848,630,1.8319163,OK
12116,00205849,625,1.830898,OK
12117,00205850,631,1.831192,OK
12118,00205851,623,1.8317804,OK
12119,00205852,632,1.8316361,OK
12120,00205853,636,1.8304746,OK
12121,00205854,622,1.8312474,OK
12122,00205855,629,1.8331864,OK
12123,00205856,632,1.8315651,OK
12124,00205857,627,1.8315445,OK
12125,00205858,621,1.8317987,OK
12126,00205859,630,1.8312458,OK
12127,00205860,631,1.8318076,OK
12128,00205861,634,1.8318334,OK
12129,00205862,636,1.8301187,OK
12130,00205863,623,1.8313733,OK
12131,00205864,632,1.8324338,OK
12132,00205865,626,1.8312391,OK
12133,00205866,635,1.8319596,OK
12134,00205867,626,1.8326042,OK
12135,00205868,630,1.8316032,OK
12136,00205869,631,1.8310063,OK
12137,00205870,629,1.8307104,OK
12138,00205871,625,1.8317283,OK
12139,00205872,632,1.832257,OK
12140,00205873,626,1.8314233,OK
12141,00205874,627,1.8291066,OK
12142,00205875,627,1.8319218,OK
12143,00205876,634,1.8319962,OK
12144,00205877,631,1.8321803,OK
12145,00205878,625,1.8306353,OK
12146,00205879,632,1.8311424,OK
12147,00205880,623,1.8308839,OK
12148,00205881,628,1.8338172,OK
12149,00205882,627,1.8310894,OK
12150,00205883,626,1.8318944,OK
12151,00205884,621,1.8310795,OK
12152,00205885,636,1.8307976,OK
12153,00205886,628,1.8324542,OK
12154,00205887,619,1.830908,OK
12155,00205888,621,1.8310746,OK
12156,00205889,635,1.8315088,OK
12157,00205890,637,1.8302742,OK
12158,00205891,627,1.8315629,OK
12159,00205892,626,1.833102,OK
12160,00205893,631,1.8319879,OK
12161,00205894,631,1.8318411,OK
12162,00205895,628,1.83224,OK
12163,00205896,631,1.8308446,OK
12164,00205897,626,1.8301115,OK
12165,00205898,626,1.8317494,OK
12166,00205899,622,1.8325381,OK
12167,00205900,630,1.8311923,OK
12168,00205901,618,1.8309435,OK
12169,00205902,630,1.8321254,OK
12170,00205903,633,1.8320224,OK
12171,00205904,624,1.8307734,OK
12172,00205905,624,1.83012,OK
12173,00205906,629,1.8316156,OK
12174,00205907,628,1.8319893,OK
12175,00205908,627,1.8307576,OK
12176,00205909,629,1.8314874,OK
12177,00205910,636,1.8314363,OK
12178,00205911,627,1.8312205,OK
12179,00205912,628,1.8314948,OK
12180,00205913,617,1.8311453,OK
12181,00205914,631,1.8314966,OK
12182,00205915,635,1.8318206,OK
12183,00205916,623,1.8312069,OK
12184,00205917,624,1.8325193,OK
12185,00205918,628,1.831002,OK
12186,00205919,626,1.8316847,OK
12187,00205920,628,1.8317895,OK
12188,00205921,631,1.8306539,OK
12189,00205922,634,1.8308036,OK
12190,00205923,631,1.8316927,OK
12191,00205924,629,1.8309898,OK
12192,00205925,628,1.8326496,OK
12193,00205926,632,1.8318051,OK
12194,00205927,631,1.8322297,OK
12195,00205928,621,1.831714,OK
12196,00205929,611,1.831652,OK
12197,00205930,632,1.831319,OK
12198,00205931,631,1.8317428,OK
12199,00205932,627,1.8312548,OK
12200,00205933,633,1.8315401,OK
12201,00205934,624,1.8312217,OK
12202,00205935,633,1.8316606,OK
12203,00205936,624,1.831865,OK
12204,00205937,636,1.8312321,OK
12205,00205938,628,1.8320606,OK
12206,00205939,624,1.8311276,OK
12207,00205940,624,1.8331999,OK
12208,00205941,631,1.8305664,OK
12209,00205942,630,1.8313922,OK
12210,00205943,626,1.8314236,OK
12211,00205944,623,1.831122,OK
12212,00205945,628,1.830674,OK
12213,00205946,624,1.8325516,OK
12214,00205947,631,1.8325633,OK
12215,00205948,622,1.8311697,OK
12216,00205949,632,1.830938,OK
12217,00205950,620,1.8331561,OK
12218,00205951,633,1.8307672,OK
12219,00205952,633,1.8299607,OK
12220,00205953,635,1.8302169,OK
12221,00205954,631,1.831414,OK
12222,00205955,625,1.8310345,OK
12223,00205956,625,1.8313855,OK
12224,00205957,625,1.8314567,OK
12225,00205958,619,1.8320225,OK
12226,00205959,633,1.8324038,OK
12227,00205960,627,1.8314797,OK
12228,00205961,625,1.8319004,OK
12229,00205962,619,1.8323034,OK
12230,00205963,631,1.8319085,OK
12231,00205964,631,1.8314629,OK
12232,00205965,626,1.830218,OK
12233,00205966,621,1.8317592,OK
12234,00205967,624,1.8335383,OK
12235,00205968,619,1.8305585,OK
12236,00205969,624,1.8308762,OK
12237,00205970,627,1.8316693,OK
12238,00205971,622,1.8324081,OK
12239,00205972,631,1.8317517,OK
12240,00205973,628,1.8311142,OK
12241,00205974,624,1.8312969,OK
12242,00205975,621,1.8306773,OK
12243,00205976,632,1.8331739,OK
12244,00205977,630,1.8313899,OK
12245,00205978,637,1.8308136,OK
12246,00205979,633,1.8325307,OK
12247,00205980,631,1.8314791,OK
12248,00205981,631,1.8302779,OK
12249,00205982,631,1.8316365,OK
12250,00205983,627,1.8316592,OK
12251,00205984,632,1.8340632,OK
12252,00205985,623,1.830606,OK
12253,00205986,629,1.8319216,OK
12254,00205987,627,1.8309722,OK
12255,00205988,629,1.8301977,OK
12256,00205989,623,1.8314877,OK
12257,00205990,634,1.8318079,OK
12258,00205991,630,1.8310392,OK
12259,00205992,634,1.830464,OK
12260,00205993,625,1.8309975,OK
12261,00205994,617,1.8324794,OK
12262,00205995,629,1.8308672,OK
12263,00205996,630,1.8321149,OK
12264,00205997,629,1.8314614,OK
12265,00205998,629,1.8326951,OK
12266,00205999,627,1.832657,OK
12267,00206000,633,1.8319017,OK
12268,00206001,651,1.8305727,OK
12269,00206002,641,1.8280492,OK
12270,00206003,642,1.8266286,OK
12271,00206004,641,1.8278414,OK
12272,00206005,648,1.827741,OK
12273,00206006,639,1.8290083,OK
12274,00206007,653,1.8277608,OK
12275,00206008,653,1.8284731,OK
12276,00206009,657,1.8275583,OK
12277,00206010,648,1.8276029,OK
12278,00206011,643,1.827309,OK
12279,00206012,647,1.8277982,OK
12280,00206013,635,1.828017,OK
12281,00206014,650,1.8278129,OK
12282,00206015,655,1.8271002,OK
12283,00206016,655,1.8275431,OK
12284,00206017,653,1.8270576,OK
12285,00206018,646,1.8282051,OK
12286,00206019,645,1.8277777,OK
12287,00206020,645,1.8282554,OK
12288,00206021,641,1.8279421,OK
12289,00206022,647,1.8280573,OK
12290,00206023,644,1.8280424,OK
12291,00206024,646,1.8277718,OK
12292,00206025,651,1.8281007,OK
12293,00206026,641,1.8283997,OK
12294,00206027,639,1.828117,OK
12295,00206028,643,1.8275843,OK
12296,00206029,649,1.8295199,OK
12297,00206030,641,1.828015,OK
12298,00206031,647,1.8300892,OK
12299,00206032,647,1.8295766,OK
12300,00206033,639,1.8284746,OK
12301,00206034,646,1.8287641,OK
12302,00206035,650,1.8285558,OK
12303,00206036,642,1.8278712,OK
12304,00206037,650,1.8262635,OK
12305,00206038,645,1.8267684,OK
12306,00206039,644,1.8278483,OK
12307,00206040,640,1.8259399,OK
12308,00206041,657,1.8281336,OK
12309,00206042,634,1.8290718,OK
12310,00206043,648,1.8279517,OK
12311,00206044,648,1.8267721,OK
12312,00206045,643,1.8282458,OK
12313,00206046,646,1.8280524,OK
12314,00206047,650,1.8278482,OK
12315,00206048,652,1.8280833,OK
12316,00206049,657,1.8278117,OK
12317,00206050,643,1.8284056,OK
12318,00206051,643,1.8281775,OK
12319,00206052,645,1.8283025,OK
12320,00206053,645,1.8281528,OK
12321,00206054,649,1.826533,OK
12322,00206055,652,1.8262655,OK
12323,00206056,652,1.8272465,OK
12324,00206057,648,1.8276029,OK
12325,00206058,654,1.8272593,OK
12326,00206059,645,1.8282945,OK
12327,00206060,652,1.8281441,OK
12328,00206061,655,1.8279476,OK
12329,00206062,641,1.827468,OK
12330,00206063,651,1.8273506,OK
12331,00206064,648,1.8273066,OK
12332,00206065,639,1.8274884,OK
12333,00206066,644,1.8274559,OK
12334,00206067,646,1.8292856,OK
12335,00206068,646,1.8283297,OK
12336,00206069,652,1.8266182,OK
12337,00206070,645,1.8266443,OK
12338,00206071,653,1.8273945,OK
12339,00206072,652,1.8287747,OK
12340,00206073,639,1.8285029,OK
12341,00206074,642,1.8264042,OK
12342,00206075,642,1.8272679,OK
12343,00206076,645,1.8281827,OK
12344,00206077,649,1.8292291,OK
12345,00206078,643,1.8278294,OK
12346,00206079,645,1.8280703,OK
12347,00206080,647,1.8283737,OK
12348,00206081,643,1.8283387,OK
12349,00206082,647,1.8292637,OK
12350,00206083,641,1.8272288,OK
12351,00206084,648,1.828252,OK
12352,00206085,650,1.8272663,OK
12353,00206086,636,1.8270859,OK
12354,00206087,638,1.8282028,OK
12355,00206088,650,1.8284914,OK
12356,00206089,646,1.8280456,OK
12357,00206090,647,1.8280771,OK
12358,00206091,652,1.8273375,OK
12359,00206092,649,1.828207,OK
12360,00206093,648,1.8271319,OK
12361,00206094,643,1.8274125,OK
12362,00206095,653,1.8289684,OK
12363,00206096,650,1.827876,OK
12364,00206097,640,1.8287646,OK
12365,00206098,643,1.8286831,OK
12366,00206099,638,1.8264793,OK
12367,00206100,658,1.8269095,OK
12368,00206101,644,1.8281921,OK
12369,00206102,653,1.8299274,OK
12370,00206103,652,1.8276768,OK
12371,00206104,647,1.8271449,OK
12372,00206105,636,1.826714,OK
12373,00206106,642,1.8275332,OK
12374,00206107,643,1.8274856,OK
12375,00206108,646,1.8267732,OK
12376,00206109,652,1.827848,OK
12377,00206110,641,1.8273865,OK
12378,00206111,648,1.8279954,OK
12379,00206112,646,1.829584,OK
12380,00206113,653,1.8278937,OK
12381,00206114,652,1.8270878,OK
12382,00206115,654,1.8267833,OK
12383,00206116,652,1.827873,OK
12384,00206117,649,1.8289645,OK
12385,00206118,641,1.8272996,OK
12386,00206119,645,1.8272157,OK
12387,00206120,651,1.828264,OK
12388,00206121,646,1.8290926,OK
12389,00206122,649,1.8277428,OK
12390,00206123,651,1.8281758,OK
12391,00206124,648,1.8291519,OK
12392,00206125,652,1.8280718,OK
12393,00206126,649,1.8291663,OK
12394,00206127,649,1.826947,OK
12395,00206128,650,1.82784,OK
12396,00206129,654,1.8290213,OK
12397,00206130,639,1.8286184,OK
12398,00206131,648,1.8299022,OK
12399,00206132,643,1.827615,OK
12400,00206133,655,1.8287952,OK
12401,00206134,650,1.8269497,OK
12402,00206135,658,1.8270074,OK
12403,00206136,648,1.8259374,OK
12404,00206137,649,1.8285879,OK
12405,00206138,646,1.8283368,OK
12406,00206139,640,1.8281924,OK
12407,00206140,654,1.8272694,OK
12408,00206141,652,1.8281142,OK
12409,00206142,644,1.8276136,OK
12410,00206143,652,1.827912,OK
12411,00206144,663,1.8282918,OK
12412,00206145,645,1.8282261,OK
12413,00206146,640,1.8271782,OK
12414,00206147,641,1.8273004,OK
12415,00206148,656,1.8282188,OK
12416,00206149,664,1.8274183,OK
12417,00206150,648,1.8268574,OK
12418,00206151,652,1.8274434,OK
12419,00206152,652,1.8284,OK
12420,00206153,652,1.8277122,OK
12421,00206154,648,1.8271828,OK
12422,00206155,649,1.8270507,OK
12423,00206156,650,1.8286073,OK
12424,00206157,650,1.8269904,OK
12425,00206158,648,1.8283976,OK
12426,00206159,649,1.8273759,OK
12427,00206160,646,1.8290842,OK
12428,00206161,643,1.8283721,OK
12429,00206162,651,1.8270423,OK
12430,00206163,645,1.8278719,OK
12431,00206164,650,1.8280758,OK
12432,00206165,640,1.8286864,OK
12433,00206166,641,1.8279988,OK
12434,00206167,650,1.8282336,OK
12435,00206168,649,1.8278847,OK
12436,00206169,657,1.8296014,OK
12437,00206170,640,1.8278122,OK
12438,00206171,650,1.828032,OK
12439,00206172,653,1.8276607,OK
12440,00206173,656,1.8276862,OK
12441,00206174,650,1.8265764,OK
12442,00206175,644,1.8284158,OK
12443,00206176,652,1.828319,OK
12444,00206177,647,1.8270326,OK
12445,00206178,647,1.8294001,OK
12446,00206179,646,1.8276985,OK
12447,00206180,646,1.8268552,OK
12448,00206181,652,1.827855,OK
12449,00206182,654,1.8285073,OK
12450,00206183,650,1.8280039,OK
12451,00206184,646,1.8284541,OK
12452,00206185,648,1.8282366,OK
12453,00206186,649,1.8284336,OK
12454,00206187,654,1.8280134,OK
12455,00206188,642,1.8275211,OK
12456,00206189,654,1.828443,OK
12457,00206190,651,1.8281322,OK
12458,00206191,650,1.8266021,OK
12459,00206192,652,1.8276141,OK
12460,00206193,645,1.8276821,OK
12461,00206194,639,1.8279557,OK
12462,00206195,642,1.8281999,OK
12463,00206196,651,1.8285582,OK
12464,00206197,652,1.8278782,OK
12465,00206198,648,1.8284394,OK
12466,00206199,648,1.8277345,OK
12467,00206200,654,1.8287739,OK
12468,00206201,649,1.8291237,OK
12469,00206202,645,1.8281285,OK
12470,00206203,647,1.8283393,OK
12471,00206204,658,1.8283886,OK
12472,00206205,653,1.8277608,OK
12473,00206206,646,1.8292038,OK
12474,00206207,651,1.8280112,OK
12475,00206208,655,1.8280164,OK
12476,00206209,647,1.827369,OK
12477,00206210,646,1.8275181,OK
12478,00206211,658,1.8274686,OK
12479,00206212,660,1.8278768,OK
12480,00206213,648,1.8281382,OK
12481,00206214,655,1.8274181,OK
12482,00206215,647,1.8284688,OK
12483,00206216,642,1.8279554,OK
12484,00206217,648,1.8274404,OK
12485,00206218,650,1.829517,OK
12486,00206219,651,1.826977,OK
12487,00206220,645,1.8271288,OK
12488,00206221,648,1.8279709,OK
12489,00206222,644,1.8275213,OK
12490,00206223,649,1.8288476,OK
12491,00206224,645,1.8262362,OK
12492,00206225,654,1.8275987,OK
12493,00206226,651,1.8285861,OK
12494,00206227,645,1.8282776,OK
12495,00206228,648,1.8281566,OK
12496,00206229,641,1.8279306,OK
12497,00206230,653,1.8268398,OK
12498,00206231,649,1.8280245,OK
12499,00206232,644,1.8271182,OK
12500,00206233,648,1.8283104,OK
12501,00206234,646,1.8282183,OK
12502,00206235,649,1.8275784,OK
12503,00206236,661,1.8281196,OK
12504,00206237,661,1.8279252,OK
12505,00206238,656,1.8281875,OK
12506,00206239,658,1.8276407,OK
12507,00206240,666,1.827082,OK
12508,00206241,665,1.827531,OK
12509,00206242,667,1.8270683,OK
12510,00206243,668,1.8275393,OK
12511,00206244,668,1.8272585,OK
12512,00206245,662,1.8272355,OK
12513,00206246,673,1.8290718,OK
12514,00206247,670,1.8280619,OK
12515,00206248,665,1.827737,OK
12516,00206249,669,1.8273944,OK
12517,00206250,660,1.826253,OK
12518,00206251,658,1.8272598,OK
12519,00206252,663,1.827346,OK
12520,00206253,641,1.8283226,OK
12521,00206254,647,1.8272048,OK
12522,00206255,651,1.8276861,OK
12523,00206256,651,1.8279988,OK
12524,00206257,646,1.8288577,OK
12525,00206258,656,1.8261127,OK
12526,00206259,654,1.8272579,OK
12527,00206260,656,1.8268816,OK
12528,00206261,650,1.8273854,OK
12529,00206262,650,1.8284296,OK
12530,00206263,644,1.8273376,OK
12531,00206264,653,1.8265973,OK
12532,00206265,646,1.8288884,OK
12533,00206266,650,1.8271707,OK
12534,00206267,647,1.8282869,OK
12535,00206268,654,1.8266734,OK
12536,00206269,650,1.8268707,OK
12537,00206270,650,1.827891,OK
12538,00206271,649,1.8270309,OK
12539,00206272,659,1.8276675,OK
12540,00206273,646,1.8275808,OK
12541,00206274,651,1.8281269,OK
12542,00206275,652,1.8283523,OK
12543,00206276,639,1.8279508,OK
12544,00206277,637,1.8267062,OK
12545,00206278,645,1.8270031,OK
12546,00206279,649,1.8281263,OK
12547,00206280,656,1.8269796,OK
12548,00206281,640,1.8273426,OK
12549,00206282,658,1.8270943,OK
12550,00206283,658,1.8269793,OK
12551,00206284,645,1.8287859,OK
12552,00206285,644,1.8293033,OK
12553,00206286,659,1.8276759,OK
12554,00206287,651,1.8283285,OK
12555,00206288,657,1.8279368,OK
12556,00206289,657,1.8265368,OK
12557,00206290,645,1.8290535,OK
12558,00206291,644,1.8267293,OK
12559,00206292,653,1.8275502,OK
12560,00206293,651,1.8268094,OK
12561,00206294,659,1.8275659,OK
12562,00206295,647,1.8263164,OK
12563,00206296,649,1.8277786,OK
12564,00206297,648,1.8268857,OK
12565,00206298,640,1.8274975,OK
12566,00206299,644,1.828187,OK
12567,00206300,641,1.8266299,OK
12568,00206301,651,1.8279859,OK
12569,00206302,651,1.827395,OK
12570,00206303,634,1.827738,OK
12571,00206304,643,1.8283833,OK
12572,00206305,640,1.8283279,OK
12573,00206306,648,1.8278824,OK
12574,00206307,651,1.8281826,OK
12575,00206308,654,1.827062,OK
12576,00206309,640,1.8287071,OK
12577,00206310,654,1.8272309,OK
12578,00206311,654,1.8293343,OK
12579,00206312,656,1.8276162,OK
12580,00206313,649,1.8267367,OK
12581,00206314,658,1.8278402,OK
12582,00206315,650,1.8280405,OK
12583,00206316,645,1.8278924,OK
12584,00206317,645,1.8286046,OK
12585,00206318,641,1.8276339,OK
12586,00206319,652,1.8274678,OK
12587,00206320,654,1.8279309,OK
12588,00206321,647,1.827522,OK
12589,00206322,644,1.8284045,OK
12590,00206323,650,1.828174,OK
12591,00206324,642,1.8284372,OK
12592,00206325,645,1.8271984,OK
12593,00206326,650,1.8269169,OK
12594,00206327,649,1.8291615,OK
12595,00206328,651,1.8280605,OK
12596,00206329,650,1.8280104,OK
12597,00206330,643,1.8272166,OK
12598,00206331,653,1.8272443,OK
12599,00206332,647,1.827876,OK
12600,00206333,645,1.8272306,OK
12601,00206334,650,1.827657,OK
12602,00206335,643,1.8268108,OK
12603,00206336,654,1.8283504,OK
12604,00206337,646,1.8288612,OK
12605,00206338,657,1.826604,OK
12606,00206339,645,1.8268911,OK
12607,00206340,649,1.8269073,OK
12608,00206341,644,1.8260714,OK
12609,00206342,654,1.8283975,OK
12610,00206343,651,1.8289946,OK
12611,00206344,647,1.8282803,OK
12612,00206345,651,1.826721,OK
12613,00206346,648,1.826502,OK
12614,00206347,640,1.8275467,OK
12615,00206348,630,1.8273008,OK
12616,00206349,642,1.8276333,OK
12617,00206350,653,1.8283179,OK
12618,00206351,654,1.8274734,OK
12619,00206352,650,1.8282486,OK
12620,00206353,641,1.8292248,OK
12621,00206354,643,1.8265197,OK
12622,00206355,652,1.8275918,OK
12623,00206356,646,1.8293521,OK
12624,00206357,644,1.8267909,OK
12625,00206358,642,1.82776,OK
12626,00206359,660,1.8276395,OK
12627,00206360,647,1.8284601,OK
12628,00206361,649,1.8277786,OK
12629,00206362,643,1.8276765,OK
12630,00206363,650,1.8277427,OK
12631,00206364,654,1.8270805,OK
12632,00206365,646,1.828718,OK
12633,00206366,649,1.829026,OK
12634,00206367,640,1.8277893,OK
12635,00206368,643,1.8278174,OK
12636,00206369,657,1.8278162,OK
12637,00206370,643,1.8283604,OK
12638,00206371,656,1.8276467,OK
12639,00206372,647,1.8277895,OK
12640,00206373,647,1.8276446,OK
12641,00206374,649,1.8283806,OK
12642,00206375,650,1.8275307,OK
12643,00206376,655,1.8285226,OK
12644,00206377,645,1.8274193,OK
12645,00206378,655,1.8274637,OK
12646,00206379,648,1.8266263,OK
12647,00206380,653,1.828488,OK
12648,00206381,645,1.8275671,OK
12649,00206382,662,1.8277385,OK
12650,00206383,664,1.8285159,OK
12651,00206384,650,1.8265884,OK
12652,00206385,649,1.8285094,OK
12653,00206386,648,1.8279219,OK
12654,00206387,651,1.8272295,OK
12655,00206388,641,1.8270003,OK
12656,00206389,646,1.8274107,OK
12657,00206390,652,1.8276775,OK
12658,00206391,645,1.8277984,OK
12659,00206392,645,1.8289237,OK
12660,00206393,648,1.8268757,OK
12661,00206394,643,1.827164,OK
12662,00206395,655,1.8254508,OK
12663,00206396,646,1.8287683,OK
12664,00206397,643,1.82806,OK
12665,00206398,657,1.8272631,OK
12666,00206399,651,1.8273864,OK
12667,00206400,649,1.8287578,OK
12668,00206401,641,1.8298578,OK
12669,00206402,649,1.8284281,OK
12670,00206403,657,1.8278106,OK
12671,00206404,646,1.827524,OK
12672,00206405,646,1.8282145,OK
12673,00206406,643,1.8279511,OK
12674,00206407,657,1.8284456,OK
12675,00206408,647,1.8271805,OK
12676,00206409,652,1.8271606,OK
12677,00206410,653,1.8261532,OK
12678,00206411,654,1.8277541,OK
12679,00206412,646,1.8268132,OK
12680,00206413,637,1.8294197,OK
12681,00206414,637,1.8282439,OK
12682,00206415,649,1.8290404,OK
12683,00206416,638,1.830198,OK
12684,00206417,647,1.8291641,OK
12685,00206418,635,1.8278178,OK
12686,00206419,646,1.8279667,OK
12687,00206420,649,1.8281175,OK
12688,00206421,640,1.8277727,OK
12689,00206422,645,1.8266503,OK
12690,00206423,660,1.8277678,OK
12691,00206424,652,1.8279377,OK
12692,00206425,653,1.8270293,OK
12693,00206426,643,1.8292903,OK
12694,00206427,652,1.8277946,OK
12695,00206428,655,1.8271343,OK
12696,00206429,642,1.8270462,OK
12697,00206430,657,1.8278656,OK
12698,00206431,646,1.8279655,OK
12699,00206432,639,1.8256196,OK
12700,00206433,647,1.8246378,OK
12701,00206434,635,1.8243983,OK
12702,00206435,645,1.8243117,OK
12703,00206436,645,1.8240117,OK
12704,00206437,644,1.8240858,OK
12705,00206438,635,1.8243037,OK
12706,00206439,638,1.8244818,OK
12707,00206440,639,1.8247263,OK
12708,00206441,642,1.8237026,OK
12709,00206442,646,1.8239279,OK
12710,00206443,637,1.8246622,OK
12711,00206444,641,1.8245649,OK
12712,00206445,650,1.8237357,OK
12713,00206446,640,1.8247318,OK
12714,00206447,639,1.8244036,OK
12715,00206448,646,1.8233162,OK
12716,00206449,643,1.8237859,OK
12717,00206450,649,1.8237966,OK
12718,00206451,641,1.8239236,OK
12719,00206452,646,1.8250439,OK
12720,00206453,633,1.8244779,OK
12721,00206454,648,1.8238685,OK
12722,00206455,644,1.824294,OK
12723,00206456,646,1.8239926,OK
12724,00206457,635,1.8249838,OK
12725,00206458,638,1.8247842,OK
12726,00206459,641,1.8239323,OK
12727,00206460,642,1.8245236,OK
12728,00206461,636,1.8246752,OK
12729,00206462,648,1.8239591,OK
12730,00206463,650,1.8242601,OK
12731,00206464,635,1.8243856,OK
12732,00206465,646,1.8240244,OK
12733,00206466,640,1.824681,OK
12734,00206467,652,1.8255234,OK
12735,00206468,638,1.8243237,OK
12736,00206469,640,1.8242298,OK
12737,00206470,647,1.8237619,OK
12738,00206471,633,1.8247694,OK
12739,00206472,641,1.825389,OK
12740,00206473,642,1.8239331,OK
12741,00206474,639,1.8242055,OK
12742,00206475,636,1.8243535,OK
12743,00206476,638,1.82484,OK
12744,00206477,640,1.8246028,OK
12745,00206478,636,1.8247083,OK
12746,00206479,641,1.8246027,OK
12747,00206480,640,1.8245947,OK
12748,00206481,643,1.8239343,OK
12749,00206482,631,1.8250663,OK
12750,00206483,644,1.8238487,OK
12751,00206484,641,1.8250523,OK
12752,00206485,637,1.8240964,OK
12753,00206486,637,1.8244177,OK
12754,00206487,643,1.8236067,OK
12755,00206488,636,1.8243908,OK
12756,00206489,637,1.8249155,OK
12757,00206490,639,1.8242118,OK
12758,00206491,640,1.8246028,OK
12759,00206492,650,1.8242657,OK
12760,00206493,638,1.8248676,OK
12761,00206494,645,1.8246355,OK
12762,00206495,640,1.8248417,OK
12763,00206496,643,1.823733,OK
12764,00206497,634,1.8249774,OK
12765,00206498,640,1.8242775,OK
12766,00206499,641,1.8242847,OK
12767,00206500,638,1.8248379,OK
12768,00206501,638,1.8241836,OK
12769,00206502,644,1.8237915,OK
12770,00206503,643,1.8243779,OK
12771,00206504,643,1.8239948,OK
12772,00206505,638,1.8246125,OK
12773,00206506,647,1.8251915,OK
12774,00206507,634,1.8241236,OK
12775,00206508,642,1.8239385,OK
12776,00206509,637,1.8249764,OK
12777,00206510,639,1.8245267,OK
12778,00206511,647,1.8240697,OK
12779,00206512,641,1.8241026,OK
12780,00206513,640,1.8248863,OK
12781,00206514,638,1.8246201,OK
12782,00206515,647,1.8243304,OK
12783,00206516,649,1.824268,OK
12784,00206517,644,1.8241862,OK
12785,00206518,637,1.8241999,OK
12786,00206519,637,1.8247352,OK
12787,00206520,641,1.8244874,OK
12788,00206521,638,1.8247591,OK
12789,00206522,634,1.8243705,OK
12790,00206523,641,1.8246623,OK
12791,00206524,639,1.826373,OK
12792,00206525,630,1.8251392,OK
12793,00206526,642,1.8252467,OK
12794,00206527,646,1.8253155,OK
12795,00206528,645,1.8237804,OK
12796,00206529,646,1.8243647,OK
12797,00206530,641,1.8248407,OK
12798,00206531,648,1.8236502,OK
12799,00206532,645,1.8243537,OK
12800,00206533,645,1.8243306,OK
12801,00206534,640,1.8252766,OK
12802,00206535,643,1.8249397,OK
12803,00206536,642,1.8243161,OK
12804,00206537,642,1.8252337,OK
12805,00206538,640,1.824535,OK
12806,00206539,643,1.8244631,OK
12807,00206540,642,1.8243481,OK
12808,00206541,642,1.8243926,OK
12809,00206542,642,1.8237107,OK
12810,00206543,649,1.8237405,OK
12811,00206544,648,1.8239619,OK
12812,00206545,646,1.8241761,OK
12813,00206546,644,1.825552,OK
12814,00206547,639,1.8243256,OK
12815,00206548,644,1.824398,OK
12816,00206549,651,1.8253105,OK
12817,00206550,649,1.8237542,OK
12818,00206551,643,1.8241132,OK
12819,00206552,647,1.824564,OK
12820,00206553,650,1.8239917,OK
12821,00206554,653,1.8238335,OK
12822,00206555,653,1.8238857,OK
12823,00206556,649,1.8249167,OK
12824,00206557,650,1.8252962,OK
12825,00206558,646,1.8236784,OK
12826,00206559,660,1.823721,OK
12827,00206560,649,1.8239691,OK
12828,00206561,640,1.8250973,OK
12829,00206562,643,1.8238835,OK
12830,00206563,652,1.8241374,OK
12831,00206564,648,1.8255271,OK
12832,00206565,649,1.8240287,OK
12833,00206566,646,1.8251388,OK
12834,00206567,649,1.8234955,OK
12835,00206568,644,1.8236634,OK
12836,00206569,651,1.8245124,OK
12837,00206570,642,1.8243139,OK
12838,00206571,652,1.8248203,OK
12839,00206572,647,1.8243237,OK
12840,00206573,648,1.8244797,OK
12841,00206574,649,1.8237933,OK
12842,00206575,652,1.8241327,OK
12843,00206576,653,1.8243796,OK
12844,00206577,650,1.8241557,OK
12845,00206578,648,1.8252726,OK
12846,00206579,643,1.8248893,OK
12847,00206580,653,1.824132,OK
12848,00206581,650,1.8244505,OK
12849,00206582,642,1.8241115,OK
12850,00206583,649,1.8230094,OK
12851,00206584,645,1.8243092,OK
12852,00206585,652,1.8237563,OK
12853,00206586,652,1.8240477,OK
12854,00206587,646,1.8241096,OK
12855,00206588,652,1.8245128,OK
12856,00206589,663,1.8233495,OK
12857,00206590,644,1.8250732,OK
12858,00206591,654,1.824031,OK
12859,00206592,649,1.82372,OK
12860,00206593,639,1.8244673,OK
12861,00206594,646,1.8245329,OK
12862,00206595,652,1.8237774,OK
12863,00206596,664,1.8230966,OK
12864,00206597,654,1.8239594,OK
12865,00206598,657,1.8242065,OK
12866,00206599,653,1.8254625,OK
12867,00206600,652,1.8237433,OK
12868,00206601,649,1.8240333,OK
12869,00206602,642,1.8249326,OK
12870,00206603,653,1.8234116,OK
12871,00206604,648,1.8236977,OK
12872,00206605,657,1.8238745,OK
12873,00206606,659,1.8241292,OK
12874,00206607,653,1.8255049,OK
12875,00206608,649,1.8240293,OK
12876,00206609,646,1.8248681,OK
12877,00206610,652,1.8245512,OK
12878,00206611,648,1.8242376,OK
12879,00206612,655,1.8245714,OK
12880,00206613,656,1.8257277,OK
12881,00206614,655,1.8237532,OK
12882,00206615,658,1.8237188,OK
12883,00206616,659,1.8235378,OK
12884,00206617,653,1.8251946,OK
12885,00206618,648,1.8241314,OK
12886,00206619,651,1.8232707,OK
12887,00206620,656,1.8236953,OK
12888,00206621,650,1.8241737,OK
12889,00206622,649,1.8240938,OK
12890,00206623,648,1.8239324,OK
12891,00206624,656,1.8247472,OK
12892,00206625,654,1.8241336,OK
12893,00206626,658,1.8242904,OK
12894,00206627,654,1.8234676,OK
12895,00206628,649,1.8236327,OK
12896,00206629,653,1.8239079,OK
12897,00206630,653,1.8237492,OK
12898,00206631,642,1.8242098,OK
12899,00206632,643,1.8247622,OK
12900,00206633,648,1.8242719,OK
12901,00206634,655,1.8238446,OK
12902,00206635,654,1.8238051,OK
12903,00206636,649,1.8250494,OK
12904,00206637,652,1.8236369,OK
12905,00206638,649,1.8236741,OK
12906,00206639,649,1.8240836,OK
12907,00206640,643,1.8247898,OK
12908,00206641,653,1.8245025,OK
12909,00206642,641,1.8244362,OK
12910,00206643,656,1.8241382,OK
12911,00206644,654,1.8234767,OK
12912,00206645,654,1.8248572,OK
12913,00206646,648,1.8242198,OK
12914,00206647,654,1.8242449,OK
12915,00206648,660,1.8235306,OK
12916,00206649,655,1.8233646,OK
12917,00206650,660,1.8235893,OK
12918,00206651,657,1.8239517,OK
12919,00206652,651,1.824041,OK
12920,00206653,651,1.8237438,OK
12921,00206654,654,1.8238472,OK
12922,00206655,659,1.8239021,OK
12923,00206656,656,1.8234886,OK
12924,00206657,653,1.8244988,OK
12925,00206658,655,1.8244457,OK
12926,00206659,655,1.8251404,OK
12927,00206660,656,1.8236345,OK
12928,00206661,648,1.8239385,OK
12929,00206662,644,1.8245391,OK
12930,00206663,656,1.8240241,OK
12931,00206664,651,1.8229997,OK
12932,00206665,662,1.823774,OK
12933,00206666,653,1.8236822,OK
12934,00206667,646,1.8256174,OK
12935,00206668,653,1.8239398,OK
12936,00206669,653,1.8242431,OK
12937,00206670,652,1.8234253,OK
12938,00206671,653,1.8251837,OK
12939,00206672,654,1.8234546,OK
12940,00206673,652,1.8242148,OK
12941,00206674,658,1.8247381,OK
12942,00206675,646,1.8240509,OK
12943,00206676,650,1.8234831,OK
12944,00206677,652,1.8237355,OK
12945,00206678,655,1.8232019,OK
12946,00206679,653,1.8236479,OK
12947,00206680,650,1.8240731,OK
12948,00206681,652,1.8247029,OK
12949,00206682,661,1.8234648,OK
12950,00206683,643,1.8249819,OK
12951,00206684,654,1.8237361,OK
12952,00206685,651,1.824293,OK
12953,00206686,656,1.8235124,OK
12954,00206687,649,1.824864,OK
12955,00206688,643,1.8244087,OK
12956,00206689,658,1.8233026,OK
12957,00206690,641,1.8236642,OK
12958,00206691,653,1.8238161,OK
12959,00206692,646,1.8242236,OK
12960,00206693,652,1.8238237,OK
12961,00206694,658,1.8234427,OK
12962,00206695,661,1.8245796,OK
12963,00206696,657,1.823835,OK
12964,00206697,653,1.8236133,OK
12965,00206698,660,1.8242698,OK
12966,00206699,651,1.8240204,OK
12967,00206700,658,1.8238342,OK
12968,00206701,658,1.8235837,OK
12969,00206702,652,1.823996,OK
12970,00206703,657,1.8243057,OK
12971,00206704,652,1.823404,OK
12972,00206705,654,1.8245678,OK
12973,00206706,647,1.8241686,OK
12974,00206707,654,1.8239413,OK
12975,00206708,652,1.8238115,OK
12976,00206709,648,1.8243756,OK
12977,00206710,657,1.8231897,OK
12978,00206711,653,1.8229831,OK
12979,00206712,652,1.8236767,OK
12980,00206713,647,1.8242135,OK
12981,00206714,651,1.8234998,OK
12982,00206715,653,1.8245786,OK
12983,00206716,652,1.8245482,OK
12984,00206717,645,1.8250835,OK
12985,00206718,656,1.8238485,OK
12986,00206719,653,1.8232403,OK
12987,00206720,660,1.8239896,OK
12988,00206721,650,1.8240058,OK
12989,00206722,655,1.8244685,OK
12990,00206723,656,1.8237056,OK
12991,00206724,651,1.8242832,OK
12992,00206725,652,1.8247898,OK
12993,00206726,656,1.8240542,OK
12994,00206727,660,1.8236474,OK
12995,00206728,650,1.8235073,OK
12996,00206729,652,1.8231838,OK
12997,00206730,645,1.8239784,OK
12998,00206731,657,1.8242185,OK
12999,00206732,645,1.8239588,OK
13000,00206733,660,1.8238786,OK
13001,00206734,653,1.8239212,OK
13002,00206735,651,1.8233513,OK
13003,00206736,656,1.8243198,OK
13004,00206737,646,1.823489,OK
13005,00206738,654,1.8232769,OK
13006,00206739,651,1.8237867,OK
13007,00206740,658,1.8235505,OK
13008,00206741,653,1.8241737,OK
13009,00206742,653,1.8239161,OK
13010,00206743,660,1.8238407,OK
13011,00206744,657,1.8230883,OK
13012,00206745,658,1.8234606,OK
13013,00206746,656,1.8237959,OK
13014,00206747,658,1.8230218,OK
13015,00206748,653,1.8231653,OK
13016,00206749,656,1.8243222,OK
13017,00206750,651,1.8246907,OK
13018,00206751,653,1.8249207,OK
13019,00206752,651,1.8233826,OK
13020,00206753,655,1.8231639,OK
13021,00206754,654,1.823743,OK
13022,00206755,648,1.8242581,OK
13023,00206756,651,1.8238282,OK
13024,00206757,653,1.8242774,OK
13025,00206758,661,1.823623,OK
13026,00206759,656,1.823825,OK
13027,00206760,656,1.8238206,OK
13028,00206761,652,1.8238394,OK
13029,00206762,646,1.8239901,OK
13030,00206763,655,1.8241127,OK
13031,00206764,654,1.8239645,OK
13032,00206765,655,1.8240812,OK
13033,00206766,649,1.8241566,OK
13034,00206767,647,1.8243146,OK
13035,00206768,649,1.822794,OK
13036,00206769,653,1.8239634,OK
13037,00206770,649,1.8239446,OK
13038,00206771,651,1.8234074,OK
13039,00206772,651,1.8238366,OK
13040,00206773,651,1.8237219,OK
13041,00206774,654,1.8241622,OK
13042,00206775,650,1.8236952,OK
13043,00206776,651,1.8237402,OK
13044,00206777,645,1.8245398,OK
13045,00206778,647,1.8234951,OK
13046,00206779,651,1.823736,OK
13047,00206780,653,1.8246943,OK
13048,00206781,646,1.8234178,OK
13049,00206782,651,1.8233702,OK
13050,00206783,651,1.823415,OK
13051,00206784,658,1.8229094,OK
13052,00206785,654,1.8236625,OK
13053,00206786,653,1.8230721,OK
13054,00206787,646,1.8240086,OK
13055,00206788,654,1.8237622,OK
13056,00206789,650,1.8239964,OK
13057,00206790,653,1.8242445,OK
13058,00206791,654,1.8245538,OK
13059,00206792,652,1.823763,OK
13060,00206793,654,1.8237734,OK
13061,00206794,657,1.8239297,OK
13062,00206795,649,1.8241428,OK
13063,00206796,649,1.8240886,OK
13064,00206797,654,1.8241093,OK
13065,00206798,655,1.8233302,OK
13066,00206799,654,1.8234183,OK
13067,00206800,650,1.823409,OK
13068,00206801,649,1.8236022,OK
13069,00206802,653,1.8242524,OK
13070,00206803,656,1.8236058,OK
13071,00206804,651,1.8243772,OK
13072,00206805,648,1.8246207,OK
13073,00206806,651,1.8238392,OK
13074,00206807,648,1.8238668,OK
13075,00206808,646,1.8243291,OK
13076,00206809,652,1.824144,OK
13077,00206810,649,1.8235232,OK
13078,00206811,652,1.8235327,OK
13079,00206812,645,1.8239579,OK
13080,00206813,655,1.8229136,OK
13081,00206814,656,1.8233438,OK
13082,00206815,647,1.8236942,OK
13083,00206816,650,1.8235408,OK
13084,00206817,652,1.8238305,OK
13085,00206818,655,1.8234012,OK
13086,00206819,657,1.8237011,OK
13087,00206820,656,1.8230643,OK
13088,00206821,651,1.8236274,OK
13089,00206822,650,1.8243675,OK
13090,00206823,649,1.8236048,OK
13091,00206824,654,1.8240519,OK
13092,00206825,657,1.8230274,OK
13093,00206826,659,1.8236114,OK
13094,00206827,656,1.8246456,OK
13095,00206828,653,1.8233508,OK
13096,00206829,651,1.8232932,OK
13097,00206830,652,1.8239083,OK
13098,00206831,655,1.8226273,OK
13099,00206832,652,1.8235393,OK
13100,00206833,649,1.8244137,OK
13101,00206834,646,1.823852,OK
13102,00206835,652,1.8244613,OK
13103,00206836,651,1.8239989,OK
13104,00206837,651,1.8232539,OK
13105,00206838,655,1.8232992,OK
13106,00206839,654,1.823636,OK
13107,00206840,660,1.8230791,OK
13108,00206841,655,1.8253462,OK
13109,00206842,654,1.8230673,OK
13110,00206843,654,1.8233398,OK
13111,00206844,646,1.824617,OK
13112,00206845,658,1.8235397,OK
13113,00206846,648,1.8236246,OK
13114,00206847,649,1.8235883,OK
13115,00206848,656,1.8247246,OK
13116,00206849,656,1.8255014,OK
13117,00206850,651,1.8241464,OK
13118,00206851,657,1.8236337,OK
13119,00206852,649,1.824821,OK
13120,00206853,651,1.8240414,OK
13121,00206854,650,1.8239726,OK
13122,00206855,653,1.8229476,OK
13123,00206856,654,1.8235319,OK
13124,00206857,652,1.8226416,OK
13125,00206858,646,1.82393,OK
13126,00206859,650,1.823942,OK
13127,00206860,649,1.8236701,OK
13128,00206861,649,1.8234273,OK
13129,00206862,658,1.8233854,OK
13130,00206863,660,1.8233465,OK
13131,00206864,652,1.8244593,OK
13132,00206865,654,1.8234154,OK
13133,00206866,657,1.8228487,OK
13134,00206867,650,1.8236116,OK
13135,00206868,650,1.8234997,OK
13136,00206869,647,1.8243642,OK
13137,00206870,653,1.8234986,OK
13138,00206871,650,1.8250116,OK
13139,00206872,649,1.8240058,OK
13140,00206873,656,1.8234113,OK
13141,00206874,646,1.8236277,OK
13142,00206875,647,1.8234471,OK
13143,00206876,652,1.8233167,OK
13144,00206877,647,1.8243133,OK
13145,00206878,652,1.8241978,OK
13146,00206879,650,1.8250567,OK
13147,00206880,658,1.8230517,OK
13148,00206881,647,1.824053,OK
13149,00206882,649,1.8248538,OK
13150,00206883,657,1.8236502,OK
13151,00206884,647,1.8235795,OK
13152,00206885,657,1.8234937,OK
13153,00206886,651,1.8232923,OK
13154,00206887,651,1.8235695,OK
13155,00206888,656,1.8234376,OK
13156,00206889,655,1.8230841,OK
13157,00206890,656,1.823161,OK
13158,00206891,653,1.8227339,OK
13159,00206892,646,1.8240305,OK
13160,00206893,643,1.8238419,OK
13161,00206894,648,1.8235104,OK
13162,00206895,650,1.8241616,OK
13163,00206896,647,1.8238578,OK
13164,00206897,655,1.8236129,OK
13165,00206898,651,1.8239537,OK
13166,00206899,649,1.8240911,OK
13167,00206900,653,1.8230306,OK
13168,00206901,653,1.8228922,OK
13169,00206902,648,1.8230007,OK
13170,00206903,645,1.8239965,OK
13171,00206904,656,1.823665,OK
13172,00206905,657,1.8233712,OK
13173,00206906,641,1.8235363,OK
13174,00206907,650,1.823407,OK
13175,00206908,647,1.8233908,OK
13176,00206909,643,1.8243678,OK
13177,00206910,650,1.823069,OK
13178,00206911,653,1.8232905,OK
13179,00206912,649,1.8239297,OK
13180,00206913,649,1.823217,OK
13181,00206914,647,1.8236773,OK
13182,00206915,648,1.823585,OK
13183,00206916,655,1.8235676,OK
13184,00206917,651,1.8235155,OK
13185,00206918,649,1.8237048,OK
13186,00206919,644,1.823739,OK
13187,00206920,648,1.8241651,OK
13188,00206921,646,1.8235315,OK
13189,00206922,648,1.8236574,OK
13190,00206923,647,1.8238373,OK
13191,00206924,659,1.822966,OK
13192,00206925,656,1.8246456,OK
13193,00206926,647,1.8243961,OK
13194,00206927,652,1.8238214,OK
13195,00206928,639,1.824032,OK
13196,00206929,647,1.8235825,OK
13197,00206930,645,1.8238876,OK
13198,00206931,650,1.8242112,OK
13199,00206932,648,1.8248496,OK
13200,00206933,653,1.8234463,OK
13201,00206934,650,1.8236192,OK
13202,00206935,649,1.8234754,OK
13203,00206936,647,1.8230184,OK
13204,00206937,657,1.8232652,OK
13205,00206938,654,1.8229241,OK
13206,00206939,649,1.8234932,OK
13207,00206940,644,1.8233523,OK
13208,00206941,647,1.8236045,OK
13209,00206942,652,1.8249433,OK
13210,00206943,643,1.8240201,OK
13211,00206944,653,1.8233327,OK
13212,00206945,652,1.8236514,OK
13213,00206946,645,1.8247899,OK
13214,00206947,639,1.8236262,OK
13215,00206948,652,1.8230608,OK
13216,00206949,642,1.824011,OK
13217,00206950,640,1.8234875,OK
13218,00206951,657,1.8235046,OK
13219,00206952,648,1.8241498,OK
13220,00206953,648,1.8235077,OK
13221,00206954,654,1.8253698,OK
13222,00206955,648,1.8239502,OK
13223,00206956,649,1.8239317,OK
13224,00206957,648,1.8235854,OK
13225,00206958,645,1.8240197,OK
13226,00206959,648,1.8234533,OK
13227,00206960,644,1.8240417,OK
13228,00206961,643,1.8237088,OK
13229,00206962,651,1.8237553,OK
13230,00206963,651,1.82329,OK
13231,00206964,644,1.8237627,OK
13232,00206965,646,1.8236368,OK
13233,00206966,650,1.8245746,OK
13234,00206967,652,1.823845,OK
13235,00206968,650,1.8244127,OK
13236,00206969,644,1.8237617,OK
13237,00206970,648,1.8235395,OK
13238,00206971,651,1.8240702,OK
13239,00206972,654,1.8263775,OK
13240,00206973,650,1.8233973,OK
13241,00206974,650,1.8236159,OK
13242,00206975,656,1.8227274,OK
13243,00206976,646,1.823805,OK
13244,00206977,643,1.82359,OK
13245,00206978,656,1.8237929,OK
13246,00206979,656,1.8240479,OK
13247,00206980,648,1.8241153,OK
13248,00206981,659,1.8229262,OK
13249,00206982,645,1.823626,OK
13250,00206983,657,1.8234365,OK
13251,00206984,649,1.8236617,OK
13252,00206985,647,1.8235343,OK
13253,00206986,644,1.8249736,OK
13254,00206987,647,1.8235695,OK
13255,00206988,655,1.822872,OK
13256,00206989,655,1.8235438,OK
13257,00206990,649,1.8230631,OK
13258,00206991,647,1.823619,OK
13259,00206992,647,1.8239527,OK
13260,00206993,640,1.8245621,OK
13261,00206994,650,1.8233463,OK
13262,00206995,654,1.8226378,OK
13263,00206996,658,1.8234769,OK
13264,00206997,648,1.8239155,OK
13265,00206998,645,1.8231139,OK
13266,00206999,644,1.823316,OK
13267,00207000,651,1.8232495,OK
13268,00207001,644,1.8238051,OK
13269,00207002,658,1.8230752,OK
13270,00207003,650,1.8234684,OK
13271,00207004,657,1.8237756,OK
13272,00207005,648,1.8248962,OK
13273,00207006,649,1.8252712,OK
13274,00207007,654,1.8238947,OK
13275,00207008,643,1.8244584,OK
13276,00207009,649,1.8239182,OK
13277,00207010,649,1.8236407,OK
13278,00207011,643,1.8243319,OK
13279,00207012,648,1.8246368,OK
13280,00207013,655,1.8233759,OK
13281,00207014,647,1.8236489,OK
13282,00207015,651,1.8236309,OK
13283,00207016,646,1.823964,OK
13284,00207017,654,1.8234543,OK
13285,00207018,652,1.8236619,OK
13286,00207019,658,1.8236086,OK
13287,00207020,653,1.8233355,OK
13288,00207021,645,1.8236806,OK
13289,00207022,648,1.8229133,OK
13290,00207023,650,1.8229469,OK
13291,00207024,652,1.8236862,OK
13292,00207025,646,1.823167,OK
13293,00207026,649,1.8242819,OK
13294,00207027,654,1.8229256,OK
13295,00207028,654,1.8229772,OK
13296,00207029,648,1.8233539,OK
13297,00207030,648,1.8230805,OK
13298,00207031,647,1.8237444,OK
13299,00207032,650,1.8231573,OK
13300,00207033,642,1.8236088,OK
13301,00207034,645,1.8241383,OK
13302,00207035,649,1.8233144,OK
13303,00207036,645,1.8235961,OK
13304,00207037,652,1.8230824,OK
13305,00207038,651,1.8227584,OK
13306,00207039,637,1.8235308,OK
13307,00207040,642,1.8241475,OK
13308,00207041,649,1.8235115,OK
13309,00207042,643,1.8240256,OK
13310,00207043,649,1.8245282,OK
13311,00207044,645,1.8236896,OK
13312,00207045,637,1.8240377,OK
13313,00207046,644,1.8231184,OK
13314,00207047,645,1.8232759,OK
13315,00207048,650,1.8238281,OK
13316,00207049,642,1.8240007,OK
13317,00207050,648,1.8226097,OK
13318,00207051,638,1.8233677,OK
13319,00207052,647,1.824128,OK
13320,00207053,645,1.8237101,OK
13321,00207054,646,1.8230252,OK
13322,00207055,651,1.8239076,OK
13323,00207056,642,1.8235099,OK
13324,00207057,643,1.8242012,OK
13325,00207058,662,1.8227465,OK
13326,00207059,650,1.82359,OK
13327,00207060,645,1.8237655,OK
13328,00207061,640,1.8238748,OK
13329,00207062,650,1.8245553,OK
13330,00207063,640,1.823748,OK
13331,00207064,646,1.8235286,OK
13332,00207065,648,1.8228662,OK
13333,00207066,647,1.823165,OK
13334,00207067,650,1.8232024,OK
13335,00207068,651,1.8226167,OK
13336,00207069,652,1.8231434,OK
13337,00207070,658,1.823109,OK
13338,00207071,658,1.8230238,OK
13339,00207072,645,1.8228106,OK
13340,00207073,652,1.8231587,OK
13341,00207074,648,1.8235795,OK
13342,00207075,642,1.8233674,OK
13343,00207076,654,1.8229008,OK
13344,00207077,644,1.8242612,OK
13345,00207078,647,1.8229213,OK
13346,00207079,656,1.8228518,OK
13347,00207080,644,1.8237163,OK
13348,00207081,645,1.8234268,OK
13349,00207082,648,1.8239262,OK
13350,00207083,639,1.8244641,OK
13351,00207084,650,1.8235682,OK
13352,00207085,646,1.8236626,OK
13353,00207086,639,1.824043,OK
13354,00207087,650,1.823629,OK
13355,00207088,645,1.8236194,OK
13356,00207089,646,1.8236715,OK
13357,00207090,648,1.8243971,OK
13358,00207091,653,1.8243922,OK
13359,00207092,648,1.8237305,OK
13360,00207093,646,1.8235725,OK
13361,00207094,648,1.8238299,OK
13362,00207095,640,1.8231331,OK
13363,00207096,646,1.8242123,OK
13364,00207097,646,1.8233203,OK
13365,00207098,651,1.8228937,OK
13366,00207099,650,1.8243393,OK
13367,00207100,653,1.8228618,OK
13368,00207101,647,1.8233663,OK
13369,00207102,648,1.8230305,OK
13370,00207103,645,1.8233562,OK
13371,00207104,641,1.8239015,OK
13372,00207105,648,1.8231792,OK
13373,00207106,648,1.822951,OK
13374,00207107,631,1.824228,OK
13375,00207108,652,1.8228492,OK
13376,00207109,654,1.8223438,OK
13377,00207110,648,1.8244644,OK
13378,00207111,652,1.8232071,OK
13379,00207112,640,1.8242677,OK
13380,00207113,645,1.8233906,OK
13381,00207114,638,1.8243779,OK
13382,00207115,654,1.8228728,OK
13383,00207116,646,1.823567,OK
13384,00207117,647,1.8240701,OK
13385,00207118,650,1.823264,OK
13386,00207119,648,1.8230715,OK
13387,00207120,643,1.8239689,OK
13388,00207121,645,1.8237727,OK
13389,00207122,644,1.8234291,OK
13390,00207123,645,1.824115,OK
13391,00207124,649,1.823432,OK
13392,00207125,649,1.8225322,OK
13393,00207126,647,1.8239716,OK
13394,00207127,645,1.8240919,OK
13395,00207128,652,1.8234339,OK
13396,00207129,642,1.8230859,OK
13397,00207130,641,1.8232032,OK
13398,00207131,647,1.8231761,OK
13399,00207132,639,1.8233427,OK
13400,00207133,639,1.8239784,OK
13401,00207134,647,1.8234987,OK
13402,00207135,648,1.82344,OK
13403,00207136,647,1.8234478,OK
13404,00207137,651,1.8235393,OK
13405,00207138,646,1.8231615,OK
13406,00207139,651,1.8240784,OK
13407,00207140,642,1.824037,OK
13408,00207141,652,1.8240763,OK
13409,00207142,641,1.8238963,OK
13410,00207143,639,1.8236084,OK
13411,00207144,644,1.82408,OK
13412,00207145,640,1.8234272,OK
13413,00207146,646,1.8230726,OK
13414,00207147,640,1.824045,OK
13415,00207148,641,1.8240801,OK
13416,00207149,643,1.8235965,OK
13417,00207150,642,1.8239644,OK
13418,00207151,647,1.8241184,OK
13419,00207152,642,1.8236759,OK
13420,00207153,624,1.8221514,OK
13421,00207154,615,1.8228503,OK
13422,00207155,617,1.8226408,OK
13423,00207156,620,1.8234499,OK
13424,00207157,620,1.82234,OK
13425,00207158,613,1.8231792,OK
13426,00207159,611,1.8217561,OK
13427,00207160,614,1.8223082,OK
13428,00207161,620,1.8214383,OK
13429,00207162,609,1.8231544,OK
13430,00207163,614,1.8224207,OK
13431,00207164,610,1.8231189,OK
13432,00207165,618,1.8225083,OK
13433,00207166,621,1.8222923,OK
13434,00207167,615,1.8226677,OK
13435,00207168,618,1.8232145,OK
13436,00207169,608,1.8229499,OK
13437,00207170,614,1.8221766,OK
13438,00207171,611,1.8222808,OK
13439,00207172,619,1.8229902,OK
13440,00207173,609,1.8226022,OK
13441,00207174,608,1.8223747,OK
13442,00207175,617,1.822639,OK
13443,00207176,607,1.823385,OK
13444,00207177,619,1.8229697,OK
13445,00207178,614,1.8217261,OK
13446,00207179,612,1.822643,OK
13447,00207180,616,1.8220562,OK
13448,00207181,617,1.8219631,OK
13449,00207182,614,1.8218199,OK
13450,00207183,620,1.8223103,OK
13451,00207184,613,1.8233562,OK
13452,00207185,614,1.8222055,OK
13453,00207186,609,1.8225648,OK
13454,00207187,612,1.8230025,OK
13455,00207188,615,1.8235915,OK
13456,00207189,611,1.8229097,OK
13457,00207190,615,1.8225504,OK
13458,00207191,614,1.8232803,OK
13459,00207192,609,1.8232381,OK
13460,00207193,605,1.8237603,OK
13461,00207194,617,1.8215277,OK
13462,00207195,608,1.8225036,OK
13463,00207196,618,1.8224608,OK
13464,00207197,604,1.822799,OK
13465,00207198,618,1.8225107,OK
13466,00207199,626,1.8219868,OK
13467,00207200,620,1.8216616,OK
13468,00207201,613,1.821864,OK
13469,00207202,620,1.8226558,OK
13470,00207203,618,1.8218709,OK
13471,00207204,611,1.8225021,OK
13472,00207205,619,1.8222753,OK
13473,00207206,608,1.8227307,OK
13474,00207207,620,1.8216714,OK
13475,00207208,619,1.8211142,OK
13476,00207209,622,1.8221126,OK
13477,00207210,610,1.8224638,OK
13478,00207211,606,1.8243291,OK
13479,00207212,617,1.8218299,OK
13480,00207213,617,1.8220769,OK
13481,00207214,619,1.8222734,OK
13482,00207215,619,1.8220137,OK
13483,00207216,619,1.8212978,OK
13484,00207217,622,1.8217466,OK
13485,00207218,616,1.8228798,OK
13486,00207219,618,1.8220984,OK
13487,00207220,615,1.8225302,OK
13488,00207221,613,1.8231319,OK
13489,00207222,609,1.8226898,OK
13490,00207223,622,1.8227144,OK
13491,00207224,619,1.8224211,OK
13492,00207225,612,1.8230034,OK
13493,00207226,618,1.8227681,OK
13494,00207227,621,1.8211707,OK
13495,00207228,617,1.8221816,OK
13496,00207229,612,1.8233204,OK
13497,00207230,610,1.8227777,OK
13498,00207231,617,1.822456,OK
13499,00207232,625,1.8215919,OK
13500,00207233,625,1.8222148,OK
13501,00207234,621,1.8219787,OK
13502,00207235,617,1.822456,OK
13503,00207236,611,1.8235035,OK
13504,00207237,620,1.8213764,OK
13505,00207238,623,1.8211942,OK
13506,00207239,616,1.8215916,OK
13507,00207240,610,1.8245481,OK
13508,00207241,620,1.8217078,OK
13509,00207242,611,1.823134,OK
13510,00207243,612,1.8221359,OK
13511,00207244,618,1.8224229,OK
13512,00207245,619,1.8215312,OK
13513,00207246,619,1.8224565,OK
13514,00207247,616,1.8231229,OK
13515,00207248,614,1.8238177,OK
13516,00207249,616,1.822072,OK
13517,00207250,608,1.8234875,OK
13518,00207251,613,1.8228459,OK
13519,00207252,609,1.8226384,OK
13520,00207253,615,1.8240886,OK
13521,00207254,612,1.8226179,OK
13522,00207255,612,1.8226597,OK
13523,00207256,616,1.8219906,OK
13524,00207257,623,1.8222556,OK
13525,00207258,610,1.8225238,OK
13526,00207259,617,1.8224512,OK
13527,00207260,622,1.8224572,OK
13528,00207261,615,1.8225904,OK
13529,00207262,607,1.8227342,OK
13530,00207263,613,1.822977,OK
13531,00207264,612,1.8224212,OK
13532,00207265,619,1.8231443,OK
13533,00207266,613,1.8230108,OK
13534,00207267,607,1.8232135,OK
13535,00207268,611,1.8229315,OK
13536,00207269,608,1.8230631,OK
13537,00207270,614,1.8225688,OK
13538,00207271,615,1.823033,OK
13539,00207272,607,1.8229053,OK
13540,00207273,607,1.8222841,OK
13541,00207274,604,1.8232982,OK
13542,00207275,617,1.8227377,OK
13543,00207276,614,1.8226839,OK
13544,00207277,611,1.8231435,OK
13545,00207278,608,1.8228643,OK
13546,00207279,618,1.8228084,OK
13547,00207280,614,1.8217789,OK
13548,00207281,617,1.821879,OK
13549,00207282,611,1.8227721,OK
13550,00207283,615,1.8232311,OK
13551,00207284,615,1.8227702,OK
13552,00207285,615,1.8221112,OK
13553,00207286,609,1.8238195,OK
13554,00207287,612,1.8234893,OK
13555,00207288,614,1.8224648,OK
13556,00207289,616,1.8221226,OK
13557,00207290,607,1.822655,OK
13558,00207291,616,1.8225552,OK
13559,00207292,613,1.8223965,OK
13560,00207293,605,1.8233697,OK
13561,00207294,604,1.8236387,OK
13562,00207295,616,1.8227563,OK
13563,00207296,618,1.8231924,OK
13564,00207297,605,1.8242047,OK
13565,00207298,612,1.8225411,OK
13566,00207299,605,1.8225619,OK
13567,00207300,609,1.8222873,OK
13568,00207301,617,1.8217504,OK
13569,00207302,610,1.822827,OK
13570,00207303,625,1.8228164,OK
13571,00207304,606,1.8241215,OK
13572,00207305,612,1.8223068,OK
13573,00207306,608,1.8230506,OK
13574,00207307,611,1.8221731,OK
13575,00207308,618,1.8218739,OK
13576,00207309,623,1.8217844,OK
13577,00207310,611,1.8221893,OK
13578,00207311,619,1.8211654,OK
13579,00207312,611,1.8225385,OK
13580,00207313,610,1.822671,OK
13581,00207314,613,1.8221955,OK
13582,00207315,618,1.8231956,OK
13583,00207316,616,1.8221725,OK
13584,00207317,616,1.8222232,OK
13585,00207318,616,1.8224161,OK
13586,00207319,622,1.8220798,OK
13587,00207320,611,1.8225503,OK
13588,00207321,611,1.8222904,OK
13589,00207322,618,1.8216462,OK
13590,00207323,614,1.8227595,OK
13591,00207324,619,1.8216196,OK
13592,00207325,613,1.8231335,OK
13593,00207326,609,1.823144,OK
13594,00207327,620,1.8219079,OK
13595,00207328,614,1.8215322,OK
13596,00207329,619,1.8225384,OK
13597,00207330,621,1.8222619,OK
13598,00207331,611,1.8235041,OK
13599,00207332,615,1.821691,OK
13600,00207333,616,1.82197,OK
13601,00207334,620,1.8214788,OK
13602,00207335,619,1.8216811,OK
13603,00207336,609,1.8228027,OK
13604,00207337,610,1.8220928,OK
13605,00207338,616,1.822081,OK
13606,00207339,621,1.8221372,OK
13607,00207340,616,1.8225825,OK
13608,00207341,610,1.8228383,OK
13609,00207342,613,1.8221653,OK
13610,00207343,614,1.821825,OK
13611,00207344,617,1.8226004,OK
13612,00207345,613,1.8223752,OK
13613,00207346,609,1.8230261,OK
13614,00207347,615,1.8219961,OK
13615,00207348,612,1.8225735,OK
13616,00207349,606,1.8232243,OK
13617,00207350,609,1.822974,OK
13618,00207351,604,1.8244307,OK
13619,00207352,622,1.8223938,OK
13620,00207353,618,1.8238177,OK
13621,00207354,615,1.8218484,OK
13622,00207355,615,1.8230485,OK
13623,00207356,607,1.8236852,OK
13624,00207357,611,1.8233049,OK
13625,00207358,616,1.821774,OK
13626,00207359,624,1.8216184,OK
13627,00207360,614,1.8224245,OK
13628,00207361,619,1.8229401,OK
13629,00207362,624,1.8209563,OK
13630,00207363,615,1.8227491,OK
13631,00207364,610,1.8230401,OK
13632,00207365,618,1.8231514,OK
13633,00207366,612,1.8236086,OK
13634,00207367,615,1.8222215,OK
13635,00207368,618,1.822222,OK
13636,00207369,609,1.8237987,OK
13637,00207370,605,1.8234407,OK
13638,00207371,616,1.8227824,OK
13639,00207372,615,1.8222125,OK
13640,00207373,608,1.822875,OK
13641,00207374,614,1.8225346,OK
13642,00207375,618,1.8224404,OK
13643,00207376,614,1.8226619,OK
13644,00207377,614,1.82181,OK
13645,00207378,613,1.8224001,OK
13646,00207379,612,1.822491,OK
13647,00207380,620,1.8233703,OK
13648,00207381,603,1.823556,OK
13649,00207382,618,1.8219653,OK
13650,00207383,607,1.8229132,OK
13651,00207384,613,1.8230859,OK
13652,00207385,627,1.8215414,OK
13653,00207386,617,1.822352,OK
13654,00207387,622,1.82233,OK
13655,00207388,619,1.8219771,OK
13656,00207389,620,1.8215007,OK
13657,00207390,617,1.8220189,OK
13658,00207391,620,1.8218955,OK
13659,00207392,613,1.8232707,OK
13660,00207393,612,1.8227475,OK
13661,00207394,614,1.8221189,OK
13662,00207395,611,1.8218497,OK
13663,00207396,614,1.8224229,OK
13664,00207397,614,1.8229754,OK
13665,00207398,613,1.822177,OK
13666,00207399,612,1.8244001,OK
13667,00207400,619,1.8232772,OK
13668,00207401,611,1.8228127,OK
13669,00207402,613,1.8227754,OK
13670,00207403,616,1.8222922,OK
13671,00207404,609,1.8228074,OK
13672,00207405,612,1.8233587,OK
13673,00207406,612,1.823304,OK
13674,00207407,620,1.8218114,OK
13675,00207408,624,1.8219635,OK
13676,00207409,612,1.8232037,OK
13677,00207410,618,1.8222532,OK
13678,00207411,613,1.8229808,OK
13679,00207412,621,1.8219712,OK
13680,00207413,618,1.8222018,OK
13681,00207414,626,1.8210676,OK
13682,00207415,622,1.8222742,OK
13683,00207416,614,1.8225219,OK
13684,00207417,617,1.8223281,OK
13685,00207418,624,1.8222296,OK
13686,00207419,618,1.8224773,OK
13687,00207420,623,1.8223071,OK
13688,00207421,624,1.8245887,OK
13689,00207422,614,1.8216696,OK
13690,00207423,616,1.8216965,OK
13691,00207424,615,1.8221705,OK
13692,00207425,623,1.821887,OK
13693,00207426,610,1.8245089,OK
13694,00207427,616,1.822593,OK
13695,00207428,622,1.8221569,OK
13696,00207429,621,1.822347,OK
13697,00207430,619,1.8232892,OK
13698,00207431,612,1.8227332,OK
13699,00207432,617,1.8218259,OK
13700,00207433,625,1.8212537,OK
13701,00207434,621,1.8225133,OK
13702,00207435,619,1.822985,OK
13703,00207436,614,1.8223913,OK
13704,00207437,618,1.8228924,OK
13705,00207438,619,1.8229625,OK
13706,00207439,617,1.8222545,OK
13707,00207440,619,1.8216742,OK
13708,00207441,619,1.8224895,OK
13709,00207442,620,1.8229657,OK
13710,00207443,619,1.8217505,OK
13711,00207444,619,1.8225528,OK
13712,00207445,627,1.8216157,OK
13713,00207446,628,1.8215886,OK
13714,00207447,620,1.8221022,OK
13715,00207448,614,1.8227434,OK
13716,00207449,623,1.8222421,OK
13717,00207450,625,1.8223789,OK
13718,00207451,614,1.8230115,OK
13719,00207452,614,1.8225173,OK
13720,00207453,615,1.8226652,OK
13721,00207454,615,1.8229837,OK
13722,00207455,625,1.8219844,OK
13723,00207456,625,1.8219168,OK
13724,00207457,625,1.8226256,OK
13725,00207458,615,1.8224614,OK
13726,00207459,615,1.8238045,OK
13727,00207460,612,1.8227047,OK
13728,00207461,621,1.8233203,OK
13729,00207462,623,1.8216016,OK
13730,00207463,623,1.8224303,OK
13731,00207464,618,1.824183,OK
13732,00207465,608,1.8233305,OK
13733,00207466,618,1.8230554,OK
13734,00207467,622,1.8223586,OK
13735,00207468,615,1.8219973,OK
13736,00207469,626,1.8221709,OK
13737,00207470,610,1.8230196,OK
13738,00207471,618,1.8226405,OK
13739,00207472,620,1.822153,OK
13740,00207473,622,1.8211273,OK
13741,00207474,623,1.8218547,OK
13742,00207475,622,1.822517,OK
13743,00207476,621,1.8219982,OK
13744,00207477,619,1.822283,OK
13745,00207478,616,1.8228599,OK
13746,00207479,609,1.8232903,OK
13747,00207480,620,1.8235884,OK
13748,00207481,630,1.8218381,OK
13749,00207482,622,1.8225893,OK
13750,00207483,618,1.8226682,OK
13751,00207484,629,1.8211203,OK
13752,00207485,616,1.8225007,OK
13753,00207486,622,1.8218547,OK
13754,00207487,613,1.8221638,OK
13755,00207488,612,1.822879,OK
13756,00207489,606,1.8223156,OK
13757,00207490,617,1.822283,OK
13758,00207491,623,1.8218254,OK
13759,00207492,621,1.8214799,OK
13760,00207493,607,1.8232478,OK
13761,00207494,625,1.8223783,OK
13762,00207495,619,1.8226966,OK
13763,00207496,613,1.8225261,OK
13764,00207497,611,1.8229046,OK
13765,00207498,613,1.8223844,OK
13766,00207499,614,1.8227662,OK
13767,00207500,623,1.8218178,OK
13768,00207501,624,1.8220383,OK
13769,00207502,616,1.8224314,OK
13770,00207503,606,1.8237484,OK
13771,00207504,625,1.8211143,OK
13772,00207505,625,1.8217627,OK
13773,00207506,617,1.8215641,OK
13774,00207507,618,1.8217667,OK
13775,00207508,616,1.822226,OK
13776,00207509,603,1.8238435,OK
13777,00207510,610,1.8231047,OK
13778,00207511,612,1.8226902,OK
13779,00207512,622,1.8215284,OK
13780,00207513,618,1.8219192,OK
13781,00207514,613,1.8221222,OK
13782,00207515,621,1.8218839,OK
13783,00207516,616,1.8223279,OK
13784,00207517,615,1.8221763,OK
13785,00207518,608,1.8232129,OK
13786,00207519,608,1.8235769,OK
13787,00207520,601,1.8234067,OK
13788,00207521,621,1.8221508,OK
13789,00207522,613,1.8227094,OK
13790,00207523,626,1.8212005,OK
13791,00207524,608,1.8233246,OK
13792,00207525,611,1.8224111,OK
13793,00207526,616,1.8235335,OK
13794,00207527,617,1.8220452,OK
13795,00207528,616,1.8219221,OK
13796,00207529,623,1.8240805,OK
13797,00207530,608,1.8222742,OK
13798,00207531,617,1.8218235,OK
13799,00207532,622,1.8215917,OK
13800,00207533,610,1.8230847,OK
13801,00207534,619,1.8222885,OK
13802,00207535,618,1.8240781,OK
13803,00207536,612,1.8228576,OK
13804,00207537,611,1.8224826,OK
13805,00207538,611,1.8234669,OK
13806,00207539,608,1.8225045,OK
13807,00207540,613,1.8223832,OK
13808,00207541,612,1.8225608,OK
13809,00207542,609,1.823074,OK
13810,00207543,607,1.8238833,OK
13811,00207544,618,1.8218145,OK
13812,00207545,619,1.8228797,OK
13813,00207546,614,1.822633,OK
13814,00207547,607,1.8226823,OK
13815,00207548,618,1.8225362,OK
13816,00207549,621,1.82143,OK
13817,00207550,612,1.8227121,OK
13818,00207551,608,1.8229071,OK
13819,00207552,621,1.8214608,OK
13820,00207553,611,1.8219485,OK
13821,00207554,610,1.8223408,OK
13822,00207555,614,1.8220153,OK
13823,00207556,620,1.822891,OK
13824,00207557,619,1.8224173,OK
13825,00207558,618,1.8215798,OK
13826,00207559,619,1.8216541,OK
13827,00207560,611,1.8217841,OK
13828,00207561,610,1.8235432,OK
13829,00207562,610,1.8215529,OK
13830,00207563,611,1.821922,OK
13831,00207564,617,1.8219886,OK
13832,00207565,609,1.8223851,OK
13833,00207566,616,1.8213291,OK
13834,00207567,618,1.8219492,OK
13835,00207568,615,1.824505,OK
13836,00207569,612,1.822189,OK
13837,00207570,610,1.8227171,OK
13838,00207571,618,1.8223362,OK
13839,00207572,611,1.8221595,OK
13840,00207573,609,1.8224312,OK
13841,00207574,618,1.8226637,OK
13842,00207575,622,1.8215014,OK
13843,00207576,608,1.8228261,OK
13844,00207577,614,1.8221054,OK
13845,00207578,612,1.8224857,OK
13846,00207579,607,1.8226521,OK
13847,00207580,615,1.8226235,OK
13848,00207581,612,1.8221406,OK
13849,00207582,613,1.8225229,OK
13850,00207583,619,1.8236768,OK
13851,00207584,600,1.8233793,OK
13852,00207585,611,1.8228121,OK
13853,00207586,619,1.8220097,OK
13854,00207587,608,1.8223757,OK
13855,00207588,607,1.8231866,OK
13856,00207589,615,1.8220901,OK
13857,00207590,627,1.8207922,OK
13858,00207591,614,1.8223892,OK
13859,00207592,611,1.8232136,OK
13860,00207593,608,1.8228147,OK
13861,00207594,613,1.8225089,OK
13862,00207595,612,1.8223734,OK
13863,00207596,620,1.8214202,OK
13864,00207597,612,1.8228185,OK
13865,00207598,620,1.8216758,OK
13866,00207599,608,1.8228583,OK
13867,00207600,613,1.8218056,OK
13868,00207601,616,1.8223835,OK
13869,00207602,609,1.8240523,OK
13870,00207603,611,1.8225136,OK
13871,00207604,611,1.8228718,OK
13872,00207605,599,1.8239958,OK
13873,00207606,607,1.822573,OK
13874,00207607,615,1.8222011,OK
13875,00207608,606,1.8235748,OK
13876,00207609,612,1.8226016,OK
13877,00207610,612,1.8232481,OK
13878,00207611,610,1.8223413,OK
13879,00207612,606,1.8216716,OK
13880,00207613,610,1.8221091,OK
13881,00207614,611,1.8230042,OK
13882,00207615,604,1.8237895,OK
13883,00207616,605,1.8222103,OK
13884,00207617,611,1.8219286,OK
13885,00207618,616,1.822314,OK
13886,00207619,614,1.8237277,OK
13887,00207620,612,1.8226346,OK
13888,00207621,617,1.8224049,OK
13889,00207622,612,1.8235154,OK
13890,00207623,616,1.8219973,OK
13891,00207624,609,1.8220383,OK
13892,00207625,615,1.8227986,OK
13893,00207626,612,1.8226584,OK
13894,00207627,608,1.8223118,OK
13895,00207628,617,1.8218166,OK
13896,00207629,621,1.8221227,OK
13897,00207630,614,1.8226202,OK
13898,00207631,599,1.823611,OK
13899,00207632,601,1.8233193,OK
13900,00207633,608,1.8233229,OK
13901,00207634,621,1.8217604,OK
13902,00207635,606,1.8230451,OK
13903,00207636,615,1.8229107,OK
13904,00207637,611,1.822967,OK
13905,00207638,611,1.8232614,OK
13906,00207639,623,1.8221332,OK
13907,00207640,604,1.8229969,OK
13908,00207641,602,1.8232045,OK
13909,00207642,609,1.8235781,OK
13910,00207643,613,1.8229687,OK
13911,00207644,602,1.8228954,OK
13912,00207645,609,1.8230507,OK
13913,00207646,610,1.8223352,OK
13914,00207647,612,1.8229086,OK
13915,00207648,614,1.8226197,OK
13916,00207649,609,1.822428,OK
13917,00207650,611,1.8226827,OK
13918,00207651,599,1.823669,OK
13919,00207652,623,1.8227482,OK
13920,00207653,619,1.8224356,OK
13921,00207654,608,1.823094,OK
13922,00207655,607,1.8235246,OK
13923,00207656,610,1.8221563,OK
13924,00207657,611,1.8229543,OK
13925,00207658,613,1.8223803,OK
13926,00207659,608,1.8220341,OK
13927,00207660,615,1.8223151,OK
13928,00207661,608,1.8222125,OK
13929,00207662,616,1.8237194,OK
13930,00207663,609,1.823249,OK
13931,00207664,617,1.8226,OK
13932,00207665,622,1.822845,OK
13933,00207666,611,1.8226053,OK
13934,00207667,618,1.8222941,OK
13935,00207668,611,1.8229833,OK
13936,00207669,615,1.8224056,OK
13937,00207670,607,1.8228396,OK
13938,00207671,607,1.8229767,OK
13939,00207672,616,1.8216902,OK
13940,00207673,604,1.8230073,OK
13941,00207674,613,1.8219568,OK
13942,00207675,620,1.8217403,OK
13943,00207676,614,1.8221678,OK
13944,00207677,616,1.8231895,OK
13945,00207678,616,1.8223921,OK
13946,00207679,613,1.8232932,OK
13947,00207680,614,1.822647,OK
13948,00207681,609,1.8228481,OK
13949,00207682,607,1.8223139,OK
13950,00207683,619,1.822143,OK
13951,00207684,610,1.8226004,OK
13952,00207685,612,1.8239782,OK
13953,00207686,625,1.8222063,OK
13954,00207687,627,1.8217832,OK
13955,00207688,625,1.8214637,OK
13956,00207689,614,1.8223748,OK
13957,00207690,603,1.822822,OK
13958,00207691,618,1.8216249,OK
13959,00207692,615,1.8224727,OK
13960,00207693,618,1.8223742,OK
13961,00207694,606,1.8229297,OK
13962,00207695,613,1.8220527,OK
13963,00207696,625,1.8212879,OK
13964,00207697,611,1.8221781,OK
13965,00207698,619,1.8226054,OK
13966,00207699,609,1.8238455,OK
13967,00207700,609,1.8228604,OK
13968,00207701,613,1.8217658,OK
13969,00207702,621,1.8215426,OK
13970,00207703,614,1.8222704,OK
13971,00207704,612,1.8217562,OK
13972,00207705,619,1.8209428,OK
13973,00207706,613,1.8225312,OK
13974,00207707,620,1.8214996,OK
13975,00207708,620,1.8227088,OK
13976,00207709,617,1.8230364,OK
13977,00207710,615,1.8223981,OK
13978,00207711,619,1.8213599,OK
13979,00207712,618,1.8234397,OK
13980,00207713,616,1.8218691,OK
13981,00207714,622,1.8214141,OK
13982,00207715,620,1.821765,OK
13983,00207716,623,1.8213716,OK
13984,00207717,617,1.8218235,OK
13985,00207718,625,1.820974,OK
13986,00207719,606,1.8230804,OK
13987,00207720,617,1.8236157,OK
13988,00207721,620,1.8208784,OK
13989,00207722,620,1.8224409,OK
13990,00207723,616,1.8219482,OK
13991,00207724,621,1.8214163,OK
13992,00207725,625,1.8211324,OK
13993,00207726,610,1.8228031,OK
13994,00207727,625,1.821997,OK
13995,00207728,626,1.8227609,OK
13996,00207729,618,1.8216872,OK
13997,00207730,611,1.8226268,OK
13998,00207731,605,1.8225029,OK
13999,00207732,617,1.8218517,OK
14000,00207733,622,1.8218812,OK
14001,00207734,615,1.8227285,OK
14002,00207735,619,1.8221586,OK
14003,00207736,619,1.8216779,OK
14004,00207737,616,1.8218477,OK
14005,00207738,617,1.8222282,OK
14006,00207739,612,1.8220392,OK
14007,00207740,614,1.8233122,OK
14008,00207741,622,1.822057,OK
14009,00207742,621,1.8224549,OK
14010,00207743,622,1.8219452,OK
14011,00207744,612,1.8232653,OK
14012,00207745,626,1.8217808,OK
14013,00207746,618,1.8223008,OK
14014,00207747,618,1.821533,OK
14015,00207748,617,1.8225676,OK
14016,00207749,608,1.8237373,OK
14017,00207750,617,1.8221952,OK
14018,00207751,625,1.8222222,OK
14019,00207752,618,1.8219881,OK
14020,00207753,617,1.821948,OK
14021,00207754,610,1.8216773,OK
14022,00207755,620,1.8221976,OK
14023,00207756,618,1.8222518,OK
14024,00207757,621,1.8222823,OK
14025,00207758,614,1.8215702,OK
14026,00207759,618,1.8221451,OK
14027,00207760,614,1.8223412,OK
14028,00207761,625,1.821212,OK
14029,00207762,617,1.8227624,OK
14030,00207763,616,1.8223431,OK
14031,00207764,624,1.8216541,OK
14032,00207765,617,1.8213571,OK
14033,00207766,617,1.8214465,OK
14034,00207767,620,1.8221354,OK
14035,00207768,622,1.8217946,OK
14036,00207769,614,1.8226997,OK
14037,00207770,617,1.8217939,OK
14038,00207771,607,1.8230286,OK
14039,00207772,613,1.8222163,OK
14040,00207773,610,1.8229424,OK
14041,00207774,608,1.8226632,OK
14042,00207775,609,1.8221319,OK
14043,00207776,621,1.8215035,OK
14044,00207777,616,1.8220177,OK
14045,00207778,619,1.8221538,OK
14046,00207779,616,1.8224192,OK
14047,00207780,621,1.8222283,OK
14048,00207781,615,1.8219439,OK
14049,00207782,608,1.8221811,OK
14050,00207783,621,1.8224343,OK
14051,00207784,620,1.8220811,OK
14052,00207785,619,1.8219848,OK
14053,00207786,609,1.8231887,OK
14054,00207787,612,1.8223667,OK
14055,00207788,616,1.8231102,OK
14056,00207789,611,1.8226676,OK
14057,00207790,611,1.8243881,OK
14058,00207791,607,1.82351,OK
14059,00207792,614,1.8228968,OK
14060,00207793,618,1.8221064,OK
14061,00207794,615,1.822876,OK
14062,00207795,613,1.8230195,OK
14063,00207796,617,1.8222231,OK
14064,00207797,627,1.8212475,OK
14065,00207798,614,1.8234398,OK
14066,00207799,607,1.8227957,OK
14067,00207800,604,1.8232228,OK
14068,00207801,605,1.8231603,OK
14069,00207802,610,1.8226614,OK
14070,00207803,618,1.8222901,OK
14071,00207804,606,1.8231938,OK
14072,00207805,600,1.8233396,OK
14073,00207806,615,1.8220056,OK
14074,00207807,612,1.8224475,OK
14075,00207808,612,1.8229055,OK
14076,00207809,617,1.8226333,OK
14077,00207810,616,1.821448,OK
14078,00207811,609,1.8224468,OK
14079,00207812,608,1.8223425,OK
14080,00207813,614,1.8220786,OK
14081,00207814,609,1.8235132,OK
14082,00207815,622,1.8217232,OK
14083,00207816,614,1.8220688,OK
14084,00207817,606,1.8231274,OK
14085,00207818,614,1.8215084,OK
14086,00207819,614,1.8218334,OK
14087,00207820,614,1.8223712,OK
14088,00207821,620,1.8221802,OK
14089,00207822,617,1.8220491,OK
14090,00207823,621,1.8223962,OK
14091,00207824,604,1.8232727,OK
14092,00207825,610,1.8235055,OK
14093,00207826,626,1.8215115,OK
14094,00207827,615,1.82279,OK
14095,00207828,601,1.8233799,OK
14096,00207829,618,1.8222815,OK
14097,00207830,614,1.8228433,OK
14098,00207831,608,1.8230852,OK
14099,00207832,611,1.8225927,OK
14100,00207833,612,1.8226811,OK
14101,00207834,611,1.8237163,OK
14102,00207835,614,1.8219595,OK
14103,00207836,625,1.8215735,OK
14104,00207837,617,1.8226609,OK
14105,00207838,610,1.822631,OK
14106,00207839,608,1.822723,OK
14107,00207840,611,1.8224262,OK
14108,00207841,616,1.822274,OK
14109,00207842,620,1.8219758,OK
14110,00207843,625,1.8217825,OK
14111,00207844,617,1.8223509,OK
14112,00207845,613,1.8222493,OK
14113,00207846,619,1.8214787,OK
14114,00207847,603,1.8236837,OK
14115,00207848,610,1.822378,OK
14116,00207849,616,1.822096,OK
14117,00207850,625,1.8220607,OK
14118,00207851,617,1.8225701,OK
14119,00207852,619,1.8227342,OK
14120,00207853,616,1.8230866,OK
14121,00207854,615,1.8232688,OK
14122,00207855,617,1.8230163,OK
14123,00207856,619,1.8224676,OK
14124,00207857,617,1.8218284,OK
14125,00207858,611,1.8229879,OK
14126,00207859,611,1.8230865,OK
14127,00207860,613,1.8234334,OK
14128,00207861,615,1.822836,OK
14129,00207862,618,1.8227624,OK
14130,00207863,603,1.8247218,OK
14131,00207864,610,1.8227367,OK
14132,00207865,617,1.8223588,OK
14133,00207866,618,1.822139,OK
14134,00207867,613,1.822947,OK
14135,00207868,618,1.8221234,OK
14136,00207869,613,1.8223889,OK
14137,00207870,618,1.8227448,OK
14138,00207871,608,1.8224525,OK
14139,00207872,615,1.8225695,OK
14140,00207873,614,1.8229614,OK
14141,00207874,612,1.8222306,OK
14142,00207875,611,1.8222417,OK
14143,00207876,621,1.821751,OK
14144,00207877,623,1.8220738,OK
14145,00207878,608,1.8237642,OK
14146,00207879,611,1.8228602,OK
14147,00207880,609,1.8230345,OK
14148,00207881,613,1.8227447,OK
14149,00207882,619,1.8216484,OK
14150,00207883,606,1.8230562,OK
14151,00207884,611,1.8235123,OK
14152,00207885,620,1.8225251,OK
14153,00207886,617,1.822894,OK
14154,00207887,615,1.8225226,OK
14155,00207888,615,1.8223172,OK
14156,00207889,614,1.8225356,OK
14157,00207890,621,1.8216401,OK
14158,00207891,621,1.8222593,OK
14159,00207892,611,1.8236758,OK
14160,00207893,611,1.8239335,OK
14161,00207894,609,1.8231009,OK
14162,00207895,612,1.8230104,OK
14163,00207896,619,1.8221792,OK
14164,00207897,615,1.8232249,OK
14165,00207898,619,1.8219225,OK
14166,00207899,618,1.821884,OK
14167,00207900,612,1.8223027,OK
14168,00207901,621,1.8230991,OK
14169,00207902,621,1.8222338,OK
14170,00207903,616,1.8227563,OK
14171,00207904,613,1.8237584,OK
14172,00207905,621,1.8215386,OK
14173,00207906,605,1.8231401,OK
14174,00207907,609,1.8227603,OK
14175,00207908,613,1.8235677,OK
14176,00207909,613,1.8232847,OK
14177,00207910,619,1.8223964,OK
14178,00207911,615,1.8222871,OK
14179,00207912,616,1.8227178,OK
14180,00207913,606,1.8228003,OK
14181,00207914,612,1.8226414,OK
14182,00207915,619,1.8222095,OK
14183,00207916,614,1.8230203,OK
14184,00207917,611,1.822485,OK
14185,00207918,611,1.8228012,OK
14186,00207919,615,1.8220086,OK
14187,00207920,614,1.8222207,OK
14188,00207921,613,1.8227717,OK
14189,00207922,613,1.8226951,OK
14190,00207923,613,1.8229821,OK
14191,00207924,619,1.8220079,OK
14192,00207925,613,1.8222629,OK
14193,00207926,617,1.8239516,OK
14194,00207927,608,1.822842,OK
14195,00207928,607,1.8231438,OK
14196,00207929,611,1.8230643,OK
14197,00207930,613,1.8227973,OK
14198,00207931,617,1.8229288,OK
14199,00207932,611,1.8227152,OK
14200,00207933,619,1.8224185,OK
14201,00207934,606,1.8233659,OK
14202,00207935,614,1.8231424,OK
14203,00207936,609,1.823348,OK
14204,00207937,609,1.8242882,OK
14205,00207938,615,1.8223946,OK
14206,00207939,614,1.8230761,OK
14207,00207940,613,1.822544,OK
14208,00207941,608,1.8230687,OK
14209,00207942,604,1.8232125,OK
14210,00207943,613,1.8222979,OK
14211,00207944,611,1.8231221,OK
14212,00207945,614,1.8225354,OK
14213,00207946,612,1.8229254,OK
14214,00207947,610,1.8231289,OK
14215,00207948,617,1.8226771,OK
14216,00207949,617,1.8229228,OK
14217,00207950,609,1.8238226,OK
14218,00207951,613,1.82278,OK
14219,00207952,615,1.8224888,OK
14220,00207953,619,1.8218968,OK
14221,00207954,615,1.8226372,OK
14222,00207955,614,1.8224022,OK
14223,00207956,609,1.8228639,OK
14224,00207957,609,1.8228525,OK
14225,00207958,610,1.8231407,OK
14226,00207959,617,1.8221288,OK
14227,00207960,610,1.8228626,OK
14228,00207961,609,1.8221288,OK
14229,00207962,615,1.8225077,OK
14230,00207963,614,1.8221114,OK
14231,00207964,608,1.8230503,OK
14232,00207965,608,1.823238,OK
14233,00207966,610,1.8227559,OK
14234,00207967,613,1.8218395,OK
14235,00207968,612,1.8228014,OK
14236,00207969,611,1.8222384,OK
14237,00207970,614,1.8230438,OK
14238,00207971,604,1.8237531,OK
14239,00207972,608,1.8234731,OK
14240,00207973,604,1.8227879,OK
14241,00207974,612,1.8221109,OK
14242,00207975,616,1.8221639,OK
14243,00207976,611,1.8221122,OK
14244,00207977,605,1.8234613,OK
14245,00207978,605,1.8226383,OK
14246,00207979,610,1.8216653,OK
14247,00207980,611,1.8228021,OK
14248,00207981,612,1.822822,OK
14249,00207982,621,1.8218579,OK
14250,00207983,602,1.8232995,OK
14251,00207984,602,1.8224218,OK
14252,00207985,601,1.8233323,OK
14253,00207986,608,1.8232892,OK
14254,00207987,610,1.8228327,OK
14255,00207988,607,1.8225062,OK
14256,00207989,608,1.8229952,OK
14257,00207990,603,1.8236191,OK
14258,00207991,607,1.8229715,OK
14259,00207992,601,1.8237239,OK
14260,00207993,613,1.8232956,OK
14261,00207994,608,1.823055,OK
14262,00207995,604,1.8228192,OK
14263,00207996,603,1.8236766,OK
14264,00207997,613,1.8228204,OK
14265,00207998,616,1.8224598,OK
14266,00207999,608,1.8229948,OK
14267,00208000,603,1.8234758,OK
14268,00208001,610,1.8222054,OK
14269,00208002,616,1.8219985,OK
14270,00208003,611,1.8227797,OK
14271,00208004,608,1.823256,OK
14272,00208005,611,1.8229874,OK
14273,00208006,605,1.8235565,OK
14274,00208007,617,1.8224738,OK
14275,00208008,614,1.8223785,OK
14276,00208009,611,1.8222857,OK
14277,00208010,612,1.8226573,OK
14278,00208011,611,1.8221725,OK
14279,00208012,613,1.8221227,OK
14280,00208013,621,1.8214809,OK
14281,00208014,618,1.8217238,OK
14282,00208015,614,1.8220385,OK
14283,00208016,626,1.8215927,OK
14284,00208017,616,1.8226873,OK
14285,00208018,614,1.822241,OK
14286,00208019,620,1.8223774,OK
14287,00208020,607,1.8232346,OK
14288,00208021,617,1.8221006,OK
14289,00208022,616,1.8226699,OK
14290,00208023,617,1.8226222,OK
14291,00208024,622,1.8223131,OK
14292,00208025,614,1.8232318,OK
14293,00208026,607,1.8224413,OK
14294,00208027,611,1.8226019,OK
14295,00208028,602,1.8239588,OK
14296,00208029,619,1.8220633,OK
14297,00208030,609,1.823693,OK
14298,00208031,604,1.8230942,OK
14299,00208032,618,1.8216525,OK
14300,00208033,610,1.822537,OK
14301,00208034,614,1.82275,OK
14302,00208035,614,1.8224889,OK
14303,00208036,607,1.8231748,OK
14304,00208037,618,1.8237451,OK
14305,00208038,613,1.822908,OK
14306,00208039,606,1.8224508,OK
14307,00208040,601,1.8230574,OK
14308,00208041,612,1.8220171,OK
14309,00208042,612,1.8229557,OK
14310,00208043,607,1.82248,OK
14311,00208044,613,1.8221923,OK
14312,00208045,602,1.8233594,OK
14313,00208046,604,1.8222824,OK
14314,00208047,606,1.8242062,OK
14315,00208048,615,1.8221138,OK
14316,00208049,622,1.8214442,OK
14317,00208050,612,1.8218176,OK
14318,00208051,618,1.8221532,OK
14319,00208052,604,1.8232428,OK
14320,00208053,604,1.8230803,OK
14321,00208054,605,1.8228952,OK
14322,00208055,610,1.8226044,OK
14323,00208056,616,1.8225363,OK
14324,00208057,599,1.8242546,OK
14325,00208058,617,1.8211743,OK
14326,00208059,615,1.8222654,OK
14327,00208060,601,1.8229461,OK
14328,00208061,615,1.8218087,OK
14329,00208062,609,1.823517,OK
14330,00208063,609,1.8228995,OK
14331,00208064,606,1.8225166,OK
14332,00208065,609,1.8226244,OK
14333,00208066,606,1.8230165,OK
14334,00208067,611,1.8227031,OK
14335,00208068,606,1.8226146,OK
14336,00208069,614,1.8216958,OK
14337,00208070,613,1.8214931,OK
14338,00208071,611,1.8224782,OK
14339,00208072,609,1.8229957,OK
14340,00208073,604,1.8229944,OK
14341,00208074,592,1.8243631,OK
14342,00208075,604,1.8230158,OK
14343,00208076,606,1.8224952,OK
14344,00208077,603,1.8230097,OK
14345,00208078,607,1.8225448,OK
14346,00208079,603,1.823306,OK
14347,00208080,616,1.821412,OK
14348,00208081,617,1.8210557,OK
14349,00208082,609,1.8221103,OK
14350,00208083,613,1.8219532,OK
14351,00208084,617,1.821916,OK
14352,00208085,611,1.8221581,OK
14353,00208086,609,1.8230772,OK
14354,00208087,607,1.8230946,OK
14355,00208088,601,1.8229346,OK
14356,00208089,610,1.8228217,OK
14357,00208090,606,1.8228973,OK
14358,00208091,610,1.8223252,OK
14359,00208092,615,1.8221152,OK
14360,00208093,606,1.8230789,OK
14361,00208094,613,1.8222194,OK
14362,00208095,620,1.8225826,OK
14363,00208096,613,1.8226889,OK
14364,00208097,608,1.8227824,OK
14365,00208098,613,1.8229423,OK
14366,00208099,607,1.8230101,OK
14367,00208100,604,1.8231198,OK
14368,00208101,620,1.8216662,OK
14369,00208102,616,1.822277,OK
14370,00208103,609,1.8231777,OK
14371,00208104,612,1.8224497,OK
14372,00208105,606,1.8238405,OK
14373,00208106,610,1.8222928,OK
14374,00208107,620,1.8227807,OK
14375,00208108,606,1.8229997,OK
14376,00208109,605,1.8231006,OK
14377,00208110,610,1.8220447,OK
14378,00208111,609,1.8234422,OK
14379,00208112,615,1.8226368,OK
14380,00208113,614,1.8221447,OK
14381,00208114,614,1.8227977,OK
14382,00208115,620,1.8233312,OK
14383,00208116,611,1.822051,OK
14384,00208117,616,1.8220679,OK
14385,00208118,612,1.8219237,OK
14386,00208119,621,1.8218406,OK
14387,00208120,607,1.8224176,OK
14388,00208121,608,1.8231823,OK
14389,00208122,611,1.8227092,OK
14390,00208123,600,1.8235738,OK
14391,00208124,603,1.8231189,OK
14392,00208125,606,1.822689,OK
14393,00208126,602,1.8229865,OK
14394,00208127,606,1.8228036,OK
14395,00208128,613,1.8222075,OK
14396,00208129,623,1.8218611,OK
14397,00208130,614,1.8219507,OK
14398,00208131,604,1.8235744,OK
14399,00208132,603,1.8230726,OK
14400,00208133,607,1.8228766,OK
14401,00208134,606,1.8228067,OK
14402,00208135,608,1.8227108,OK
14403,00208136,611,1.822841,OK
14404,00208137,610,1.8231909,OK
14405,00208138,606,1.8231035,OK
14406,00208139,606,1.8228023,OK
14407,00208140,617,1.8224753,OK
14408,00208141,609,1.8227278,OK
14409,00208142,606,1.8232688,OK
14410,00208143,609,1.8229455,OK
14411,00208144,614,1.8221724,OK
14412,00208145,613,1.822153,OK
14413,00208146,613,1.8221691,OK
14414,00208147,609,1.8245891,OK
14415,00208148,610,1.8231952,OK
14416,00208149,613,1.822834,OK
14417,00208150,613,1.8221252,OK
14418,00208151,612,1.8219459,OK
14419,00208152,600,1.8238362,OK
14420,00208153,608,1.8224808,OK
14421,00208154,745,1.8288004,OK
14422,00208155,745,1.8278743,OK
14423,00208156,742,1.8284316,OK
14424,00208157,742,1.8287225,OK
14425,00208158,742,1.8277156,OK
14426,00208159,739,1.8285302,OK
14427,00208160,739,1.8288939,OK
14428,00208161,747,1.8281316,OK
14429,00208162,743,1.8284993,OK
14430,00208163,745,1.8280817,OK
14431,00208164,747,1.8286209,OK
14432,00208165,741,1.8282216,OK
14433,00208166,738,1.8287773,OK
14434,00208167,741,1.828297,OK
14435,00208168,746,1.8282647,OK
14436,00208169,740,1.8287404,OK
14437,00208170,746,1.8280108,OK
14438,00208171,742,1.8285195,OK
14439,00208172,745,1.8279898,OK
14440,00208173,742,1.828202,OK
14441,00208174,739,1.8276764,OK
14442,00208175,741,1.8281428,OK
14443,00208176,744,1.8290484,OK
14444,00208177,742,1.8290703,OK
14445,00208178,743,1.8285456,OK
14446,00208179,749,1.8294673,OK
14447,00208180,749,1.8281246,OK
14448,00208181,748,1.8280683,OK
14449,00208182,746,1.8287638,OK
14450,00208183,744,1.8279823,OK
14451,00208184,745,1.8283534,OK
14452,00208185,745,1.8281254,OK
14453,00208186,739,1.8279575,OK
14454,00208187,736,1.8289783,OK
14455,00208188,741,1.8282769,OK
14456,00208189,749,1.8284601,OK
14457,00208190,745,1.8282708,OK
14458,00208191,737,1.8285643,OK
14459,00208192,740,1.8280772,OK
14460,00208193,746,1.8284727,OK
14461,00208194,737,1.8286005,OK
14462,00208195,744,1.8283399,OK
14463,00208196,742,1.8288058,OK
14464,00208197,743,1.828579,OK
14465,00208198,738,1.8281648,OK
14466,00208199,742,1.8280553,OK
14467,00208200,738,1.8286563,OK
14468,00208201,743,1.8282062,OK
14469,00208202,737,1.8280402,OK
14470,00208203,740,1.8280171,OK
14471,00208204,742,1.8280206,OK
14472,00208205,744,1.8280984,OK
14473,00208206,744,1.8281106,OK
14474,00208207,740,1.827954,OK
14475,00208208,738,1.8283666,OK
14476,00208209,748,1.8281779,OK
14477,00208210,742,1.8282181,OK
14478,00208211,746,1.8275819,OK
14479,00208212,741,1.8276522,OK
14480,00208213,738,1.8282044,OK
14481,00208214,744,1.8282164,OK
14482,00208215,746,1.8281947,OK
14483,00208216,738,1.8282773,OK
14484,00208217,750,1.8281113,OK
14485,00208218,739,1.8285733,OK
14486,00208219,743,1.8282502,OK
14487,00208220,750,1.828649,OK
14488,00208221,749,1.8286083,OK
14489,00208222,746,1.8280288,OK
14490,00208223,742,1.8287504,OK
14491,00208224,743,1.8281375,OK
14492,00208225,746,1.8279371,OK
14493,00208226,741,1.8284752,OK
14494,00208227,740,1.8285213,OK
14495,00208228,744,1.8288597,OK
14496,00208229,747,1.8280877,OK
14497,00208230,741,1.8290834,OK
14498,00208231,741,1.8281626,OK
14499,00208232,747,1.8288388,OK
14500,00208233,742,1.8280615,OK
14501,00208234,740,1.829025,OK
14502,00208235,746,1.8286577,OK
14503,00208236,745,1.8282397,OK
14504,00208237,742,1.8286798,OK
14505,00208238,745,1.8290968,OK
14506,00208239,742,1.8281333,OK
14507,00208240,745,1.8288627,OK
14508,00208241,745,1.8286933,OK
14509,00208242,746,1.828899,OK
14510,00208243,741,1.8283553,OK
14511,00208244,743,1.8284152,OK
14512,00208245,737,1.828617,OK
14513,00208246,742,1.8290621,OK
14514,00208247,747,1.828553,OK
14515,00208248,745,1.8288757,OK
14516,00208249,744,1.8286507,OK
14517,00208250,741,1.8283092,OK
14518,00208251,739,1.8286295,OK
14519,00208252,748,1.8284891,OK
14520,00208253,745,1.8286968,OK
14521,00208254,740,1.8280959,OK
14522,00208255,745,1.8285615,OK
14523,00208256,739,1.8291304,OK
14524,00208257,737,1.8284771,OK
14525,00208258,746,1.828124,OK
14526,00208259,744,1.8288823,OK
14527,00208260,744,1.8284689,OK
14528,00208261,746,1.82816,OK
14529,00208262,742,1.827993,OK
14530,00208263,739,1.8283036,OK
14531,00208264,740,1.8282413,OK
14532,00208265,750,1.8283674,OK
14533,00208266,741,1.8291614,OK
14534,00208267,743,1.8287418,OK
14535,00208268,743,1.8282557,OK
14536,00208269,746,1.8285657,OK
14537,00208270,746,1.8281724,OK
14538,00208271,741,1.828596,OK
14539,00208272,748,1.8279428,OK
14540,00208273,748,1.8287076,OK
14541,00208274,748,1.8281642,OK
14542,00208275,747,1.8279786,OK
14543,00208276,738,1.8282974,OK
14544,00208277,743,1.8283669,OK
14545,00208278,742,1.8282249,OK
14546,00208279,747,1.8279436,OK
14547,00208280,741,1.8279197,OK
14548,00208281,743,1.8288962,OK
14549,00208282,746,1.8293368,OK
14550,00208283,737,1.8283418,OK
14551,00208284,742,1.828176,OK
14552,00208285,742,1.828106,OK
14553,00208286,741,1.8277671,OK
14554,00208287,740,1.828931,OK
14555,00208288,745,1.8286018,OK
14556,00208289,746,1.8281671,OK
14557,00208290,744,1.82823,OK
14558,00208291,736,1.8281542,OK
14559,00208292,741,1.8283807,OK
14560,00208293,740,1.8283635,OK
14561,00208294,739,1.8288834,OK
14562,00208295,738,1.828994,OK
14563,00208296,742,1.8288782,OK
14564,00208297,745,1.828476,OK
14565,00208298,746,1.8284618,OK
14566,00208299,747,1.8282528,OK
14567,00208300,746,1.8285387,OK
14568,00208301,743,1.8281864,OK
14569,00208302,743,1.8283136,OK
14570,00208303,746,1.8281482,OK
14571,00208304,744,1.8280591,OK
14572,00208305,740,1.8287711,OK
14573,00208306,748,1.8289378,OK
14574,00208307,745,1.828681,OK
14575,00208308,739,1.8285769,OK
14576,00208309,744,1.8276445,OK
14577,00208310,742,1.8280227,OK
14578,00208311,745,1.828454,OK
14579,00208312,744,1.8282293,OK
14580,00208313,742,1.8282046,OK
14581,00208314,746,1.8286353,OK
14582,00208315,746,1.828532,OK
14583,00208316,741,1.8282492,OK
14584,00208317,741,1.8284726,OK
14585,00208318,743,1.8279847,OK
14586,00208319,745,1.8280251,OK
14587,00208320,743,1.828235,OK
14588,00208321,751,1.8281143,OK
14589,00208322,744,1.8289346,OK
14590,00208323,742,1.8284606,OK
14591,00208324,745,1.8286736,OK
14592,00208325,742,1.8283523,OK
14593,00208326,743,1.8287826,OK
14594,00208327,743,1.8289852,OK
14595,00208328,737,1.828389,OK
14596,00208329,745,1.8276075,OK
14597,00208330,747,1.8277426,OK
14598,00208331,734,1.827814,OK
14599,00208332,728,1.8286096,OK
14600,00208333,710,1.8293123,OK
14601,00208334,708,1.8300396,OK
14602,00208335,711,1.8306626,OK
14603,00208336,726,1.8294166,OK
14604,00208337,721,1.8291934,OK
14605,00208338,728,1.8291715,OK
14606,00208339,728,1.8288132,OK
14607,00208340,731,1.8281733,OK
14608,00208341,726,1.8268572,OK
14609,00208342,739,1.8277053,OK
14610,00208343,741,1.8286656,OK
14611,00208344,747,1.8284388,OK
14612,00208345,743,1.8279909,OK
14613,00208346,742,1.8285766,OK
14614,00208347,741,1.8280225,OK
14615,00208348,742,1.8288732,OK
14616,00208349,744,1.8287368,OK
14617,00208350,748,1.8279579,OK
14618,00208351,743,1.8286567,OK
14619,00208352,737,1.8280624,OK
14620,00208353,741,1.8286461,OK
14621,00208354,743,1.8287128,OK
14622,00208355,740,1.8287667,OK
14623,00208356,747,1.8283075,OK
14624,00208357,748,1.8291754,OK
14625,00208358,744,1.8285037,OK
14626,00208359,742,1.8280227,OK
14627,00208360,743,1.8295771,OK
14628,00208361,741,1.8292667,OK
14629,00208362,741,1.8289837,OK
14630,00208363,737,1.8284475,OK
14631,00208364,745,1.8280371,OK
14632,00208365,745,1.8284338,OK
14633,00208366,745,1.8281754,OK
14634,00208367,745,1.8285058,OK
14635,00208368,741,1.8284982,OK
14636,00208369,741,1.8284317,OK
14637,00208370,732,1.8293658,OK
14638,00208371,739,1.8286446,OK
14639,00208372,750,1.8284773,OK
14640,00208373,747,1.8287692,OK
14641,00208374,746,1.8277065,OK
14642,00208375,735,1.8293686,OK
14643,00208376,742,1.8292301,OK
14644,00208377,744,1.8283101,OK
14645,00208378,738,1.8281946,OK
14646,00208379,741,1.8283721,OK
14647,00208380,744,1.8284062,OK
14648,00208381,742,1.8281246,OK
14649,00208382,745,1.8288761,OK
14650,00208383,739,1.8288999,OK
14651,00208384,750,1.8293548,OK
14652,00208385,743,1.828539,OK
14653,00208386,741,1.8280464,OK
14654,00208387,744,1.8275139,OK
14655,00208388,747,1.8281136,OK
14656,00208389,745,1.8288932,OK
14657,00208390,746,1.8287348,OK
14658,00208391,741,1.8288022,OK
14659,00208392,743,1.8278897,OK
14660,00208393,740,1.8283305,OK
14661,00208394,752,1.8284619,OK
14662,00208395,744,1.8279802,OK
14663,00208396,741,1.8282595,OK
14664,00208397,740,1.8285562,OK
14665,00208398,738,1.8276582,OK
14666,00208399,741,1.8285222,OK
14667,00208400,746,1.8284689,OK
14668,00208401,747,1.828655,OK
14669,00208402,744,1.8285339,OK
14670,00208403,739,1.8284973,OK
14671,00208404,744,1.828435,OK
14672,00208405,743,1.8283777,OK
14673,00208406,738,1.8287444,OK
14674,00208407,746,1.8285944,OK
14675,00208408,745,1.8285424,OK
14676,00208409,738,1.8284651,OK
14677,00208410,744,1.8282498,OK
14678,00208411,741,1.8283795,OK
14679,00208412,745,1.8278629,OK
14680,00208413,745,1.8288558,OK
14681,00208414,738,1.8285736,OK
14682,00208415,747,1.8281902,OK
14683,00208416,744,1.8287808,OK
14684,00208417,744,1.8279012,OK
14685,00208418,746,1.8285638,OK
14686,00208419,742,1.8282331,OK
14687,00208420,741,1.8285282,OK
14688,00208421,739,1.828241,OK
14689,00208422,737,1.8281422,OK
14690,00208423,740,1.828433,OK
14691,00208424,741,1.8283594,OK
14692,00208425,748,1.8282216,OK
14693,00208426,742,1.8283813,OK
14694,00208427,741,1.8285161,OK
14695,00208428,738,1.8287286,OK
14696,00208429,743,1.8281536,OK
14697,00208430,738,1.8282496,OK
14698,00208431,748,1.8287005,OK
14699,00208432,742,1.8285879,OK
14700,00208433,738,1.8285991,OK
14701,00208434,738,1.8284874,OK
14702,00208435,742,1.8286695,OK
14703,00208436,738,1.8285327,OK
14704,00208437,743,1.8282318,OK
14705,00208438,746,1.8283801,OK
14706,00208439,737,1.828934,OK
14707,00208440,745,1.828903,OK
14708,00208441,740,1.8284508,OK
14709,00208442,734,1.8285767,OK
14710,00208443,735,1.8286611,OK
14711,00208444,742,1.8282349,OK
14712,00208445,735,1.8284429,OK
14713,00208446,743,1.8282778,OK
14714,00208447,738,1.8279303,OK
14715,00208448,750,1.8283223,OK
14716,00208449,742,1.8283359,OK
14717,00208450,742,1.8287367,OK
14718,00208451,741,1.8285012,OK
14719,00208452,746,1.8282304,OK
14720,00208453,745,1.8287936,OK
14721,00208454,739,1.8288125,OK
14722,00208455,741,1.8279668,OK
14723,00208456,750,1.8283161,OK
14724,00208457,736,1.8284183,OK
14725,00208458,740,1.8284134,OK
14726,00208459,742,1.8279611,OK
14727,00208460,740,1.8282565,OK
14728,00208461,742,1.8284059,OK
14729,00208462,740,1.8284397,OK
14730,00208463,739,1.8281319,OK
14731,00208464,741,1.8280008,OK
14732,00208465,736,1.8278935,OK
14733,00208466,749,1.8275927,OK
14734,00208467,740,1.8289596,OK
14735,00208468,734,1.8285463,OK
14736,00208469,741,1.8282729,OK
14737,00208470,740,1.8281164,OK
14738,00208471,740,1.8281947,OK
14739,00208472,741,1.8285528,OK
14740,00208473,740,1.8283523,OK
14741,00208474,743,1.8280156,OK
14742,00208475,741,1.8282232,OK
14743,00208476,739,1.8283491,OK
14744,00208477,741,1.8283503,OK
14745,00208478,741,1.828203,OK
14746,00208479,740,1.8286206,OK
14747,00208480,737,1.8282628,OK
14748,00208481,737,1.8282325,OK
14749,00208482,745,1.828048,OK
14750,00208483,739,1.828208,OK
14751,00208484,740,1.8279393,OK
14752,00208485,734,1.8291858,OK
14753,00208486,742,1.8286294,OK
14754,00208487,745,1.8281319,OK
14755,00208488,742,1.8278311,OK
14756,00208489,742,1.8286824,OK
14757,00208490,739,1.8280308,OK
14758,00208491,741,1.8279189,OK
14759,00208492,738,1.8286905,OK
14760,00208493,741,1.8289701,OK
14761,00208494,745,1.828709,OK
14762,00208495,745,1.8282961,OK
14763,00208496,741,1.8283253,OK
14764,00208497,742,1.8279872,OK
14765,00208498,742,1.8279302,OK
14766,00208499,741,1.8281654,OK
14767,00208500,741,1.8279891,OK
14768,00208501,746,1.8291045,OK
14769,00208502,739,1.8286012,OK
14770,00208503,740,1.8286976,OK
14771,00208504,745,1.8289304,OK
14772,00208505,740,1.8283532,OK
14773,00208506,738,1.8284562,OK
14774,00208507,744,1.8283252,OK
14775,00208508,735,1.8287874,OK
14776,00208509,746,1.8282753,OK
14777,00208510,742,1.8282441,OK
14778,00208511,744,1.8283747,OK
14779,00208512,746,1.8283737,OK
14780,00208513,741,1.8281085,OK
14781,00208514,742,1.828073,OK
14782,00208515,745,1.8281676,OK
14783,00208516,737,1.8278885,OK
14784,00208517,745,1.8282859,OK
14785,00208518,740,1.8291461,OK
14786,00208519,742,1.8282596,OK
14787,00208520,740,1.8281174,OK
14788,00208521,745,1.828528,OK
14789,00208522,742,1.8277804,OK
14790,00208523,745,1.828202,OK
14791,00208524,744,1.8279389,OK
14792,00208525,739,1.8280176,OK
14793,00208526,738,1.8287311,OK
14794,00208527,735,1.8282404,OK
14795,00208528,740,1.8286885,OK
14796,00208529,743,1.8284347,OK
14797,00208530,738,1.8288413,OK
14798,00208531,742,1.8280163,OK
14799,00208532,744,1.8284403,OK
14800,00208533,738,1.8282825,OK
14801,00208534,743,1.8290161,OK
14802,00208535,740,1.8283235,OK
14803,00208536,746,1.8291559,OK
14804,00208537,741,1.8286742,OK
14805,00208538,744,1.8281404,OK
14806,00208539,740,1.8282118,OK
14807,00208540,738,1.828388,OK
14808,00208541,740,1.8285934,OK
14809,00208542,739,1.8285285,OK
14810,00208543,733,1.828706,OK
14811,00208544,743,1.8286232,OK
14812,00208545,740,1.8283976,OK
14813,00208546,740,1.8282349,OK
14814,00208547,742,1.829565,OK
14815,00208548,736,1.8287735,OK
14816,00208549,738,1.8284224,OK
14817,00208550,738,1.8285948,OK
14818,00208551,746,1.828292,OK
14819,00208552,743,1.8285955,OK
14820,00208553,742,1.8285908,OK
14821,00208554,740,1.8283875,OK
14822,00208555,746,1.828626,OK
14823,00208556,740,1.8283901,OK
14824,00208557,738,1.8286155,OK
14825,00208558,743,1.8289926,OK
14826,00208559,739,1.8283106,OK
14827,00208560,739,1.8294096,OK
14828,00208561,737,1.8284031,OK
14829,00208562,741,1.82852,OK
14830,00208563,741,1.8285025,OK
14831,00208564,743,1.8280385,OK
14832,00208565,743,1.8278855,OK
14833,00208566,744,1.8280159,OK
14834,00208567,740,1.8281986,OK
14835,00208568,741,1.8282588,OK
14836,00208569,741,1.8277955,OK
14837,00208570,730,1.8280016,OK
14838,00208571,740,1.8279415,OK
14839,00208572,739,1.827291,OK
14840,00208573,741,1.8277645,OK
14841,00208574,738,1.8281536,OK
14842,00208575,738,1.8279722,OK
14843,00208576,745,1.8284832,OK
14844,00208577,744,1.8280141,OK
14845,00208578,738,1.8285143,OK
14846,00208579,739,1.8275557,OK
14847,00208580,739,1.8282714,OK
14848,00208581,738,1.8292142,OK
14849,00208582,738,1.8286757,OK
14850,00208583,743,1.8284066,OK
14851,00208584,736,1.8293462,OK
14852,00208585,740,1.8292946,OK
14853,00208586,737,1.8280528,OK
14854,00208587,733,1.8287286,OK
14855,00208588,745,1.8280782,OK
14856,00208589,741,1.8283428,OK
14857,00208590,736,1.8279825,OK
14858,00208591,745,1.8286788,OK
14859,00208592,740,1.827964,OK
14860,00208593,740,1.8293071,OK
14861,00208594,738,1.8285083,OK
14862,00208595,748,1.8281269,OK
14863,00208596,748,1.8295368,OK
14864,00208597,742,1.8285205,OK
14865,00208598,742,1.8284948,OK
14866,00208599,743,1.8292875,OK
14867,00208600,740,1.8287063,OK
14868,00208601,741,1.8280185,OK
14869,00208602,747,1.8276517,OK
14870,00208603,748,1.8282908,OK
14871,00208604,739,1.8289347,OK
14872,00208605,741,1.8282131,OK
14873,00208606,742,1.8285882,OK
14874,00208607,740,1.8283696,OK
14875,00208608,744,1.828169,OK
14876,00208609,745,1.8288653,OK
14877,00208610,744,1.8286363,OK
14878,00208611,739,1.8286142,OK
14879,00208612,746,1.8281729,OK
14880,00208613,743,1.8280538,OK
14881,00208614,745,1.8286959,OK
14882,00208615,744,1.8277229,OK
14883,00208616,741,1.8279594,OK
14884,00208617,743,1.8285203,OK
14885,00208618,745,1.8282292,OK
14886,00208619,751,1.8279657,OK
14887,00208620,741,1.8292403,OK
14888,00208621,738,1.8282139,OK
14889,00208622,740,1.828599,OK
14890,00208623,744,1.8286128,OK
14891,00208624,738,1.8278719,OK
14892,00208625,741,1.8290465,OK
14893,00208626,744,1.8283468,OK
14894,00208627,743,1.8286153,OK
14895,00208628,742,1.8282592,OK
14896,00208629,744,1.8282537,OK
14897,00208630,741,1.8280971,OK
14898,00208631,740,1.8279947,OK
14899,00208632,741,1.8289794,OK
14900,00208633,744,1.8281227,OK
14901,00208634,743,1.8281095,OK
14902,00208635,740,1.8281791,OK
14903,00208636,744,1.8285971,OK
14904,00208637,741,1.828948,OK
14905,00208638,745,1.8283393,OK
14906,00208639,742,1.8282324,OK
14907,00208640,739,1.828167,OK
14908,00208641,746,1.8290031,OK
14909,00208642,741,1.8288044,OK
14910,00208643,744,1.8282038,OK
14911,00208644,739,1.8282198,OK
14912,00208645,736,1.828404,OK
14913,00208646,747,1.8284572,OK
14914,00208647,741,1.8281022,OK
14915,00208648,741,1.8288083,OK
14916,00208649,745,1.8288256,OK
14917,00208650,745,1.828517,OK
14918,00208651,741,1.8283186,OK
14919,00208652,738,1.8286642,OK
14920,00208653,743,1.8290342,OK
14921,00208654,745,1.8285385,OK
14922,00208655,740,1.8282282,OK
14923,00208656,741,1.8278271,OK
14924,00208657,737,1.8287076,OK
14925,00208658,748,1.8290112,OK
14926,00208659,744,1.8281132,OK
14927,00208660,727,1.828305,OK
14928,00208661,736,1.8281364,OK
14929,00208662,738,1.8284446,OK
14930,00208663,738,1.8286815,OK
14931,00208664,742,1.8286028,OK
14932,00208665,742,1.8286179,OK
14933,00208666,738,1.8282479,OK
14934,00208667,741,1.8289181,OK
14935,00208668,736,1.828325,OK
14936,00208669,747,1.828329,OK
14937,00208670,739,1.8292202,OK
14938,00208671,740,1.82924,OK
14939,00208672,741,1.8281046,OK
14940,00208673,742,1.8297967,OK
14941,00208674,742,1.828244,OK
14942,00208675,744,1.8284534,OK
14943,00208676,741,1.8281525,OK
14944,00208677,741,1.828492,OK
14945,00208678,738,1.8282367,OK
14946,00208679,746,1.8279841,OK
14947,00208680,749,1.8291149,OK
14948,00208681,745,1.8290373,OK
14949,00208682,745,1.8285953,OK
14950,00208683,742,1.8282592,OK
14951,00208684,749,1.8283389,OK
14952,00208685,737,1.8287524,OK
14953,00208686,744,1.8282104,OK
14954,00208687,739,1.8286982,OK
14955,00208688,750,1.828236,OK
14956,00208689,739,1.8283807,OK
14957,00208690,740,1.8287035,OK
14958,00208691,745,1.8280759,OK
14959,00208692,744,1.8280395,OK
14960,00208693,734,1.8286022,OK
14961,00208694,736,1.8288553,OK
14962,00208695,737,1.8290135,OK
14963,00208696,742,1.8284098,OK
14964,00208697,741,1.8276489,OK
14965,00208698,739,1.82868,OK
14966,00208699,745,1.8282954,OK
14967,00208700,736,1.8281592,OK
14968,00208701,742,1.8283422,OK
14969,00208702,742,1.8280752,OK
14970,00208703,751,1.8281333,OK
14971,00208704,742,1.8282284,OK
14972,00208705,741,1.8283789,OK
14973,00208706,739,1.8285316,OK
14974,00208707,740,1.828238,OK
14975,00208708,742,1.8279973,OK
14976,00208709,736,1.8283881,OK
14977,00208710,737,1.8284895,OK
14978,00208711,740,1.8284637,OK
14979,00208712,744,1.8283544,OK
14980,00208713,739,1.8282375,OK
14981,00208714,744,1.8285966,OK
14982,00208715,743,1.8284986,OK
14983,00208716,743,1.8286302,OK
14984,00208717,745,1.8280499,OK
14985,00208718,742,1.8279622,OK
14986,00208719,738,1.82953,OK
14987,00208720,743,1.8282433,OK
14988,00208721,744,1.8277828,OK
14989,00208722,740,1.8286061,OK
14990,00208723,733,1.8279257,OK
14991,00208724,742,1.8285307,OK
14992,00208725,736,1.8285577,OK
14993,00208726,738,1.8281267,OK
14994,00208727,739,1.8282375,OK
14995,00208728,747,1.8280708,OK
14996,00208729,744,1.8281975,OK
14997,00208730,743,1.8284413,OK
14998,00208731,741,1.828292,OK
14999,00208732,742,1.8285108,OK
15000,00208733,745,1.8282152,OK
15001,00208734,745,1.8289151,OK
15002,00208735,741,1.8287164,OK
15003,00208736,742,1.8279519,OK
15004,00208737,738,1.828126,OK
15005,00208738,739,1.8281176,OK
15006,00208739,740,1.8283464,OK
15007,00208740,743,1.8277366,OK
15008,00208741,751,1.8282521,OK
15009,00208742,744,1.8279355,OK
15010,00208743,738,1.8288485,OK
15011,00208744,740,1.8286332,OK
15012,00208745,743,1.828195,OK
15013,00208746,742,1.8289138,OK
15014,00208747,739,1.8282007,OK
15015,00208748,745,1.8278543,OK
15016,00208749,747,1.8281901,OK
15017,00208750,748,1.8278329,OK
15018,00208751,744,1.8282845,OK
15019,00208752,738,1.8282441,OK
15020,00208753,743,1.8279883,OK
15021,00208754,739,1.8286008,OK
15022,00208755,740,1.8284959,OK
15023,00208756,736,1.8286602,OK
15024,00208757,736,1.8287802,OK
15025,00208758,745,1.828845,OK
15026,00208759,742,1.8287361,OK
15027,00208760,746,1.8286371,OK
15028,00208761,741,1.8285745,OK
15029,00208762,736,1.8284203,OK
15030,00208763,743,1.8284308,OK
15031,00208764,748,1.8281118,OK
15032,00208765,741,1.8293635,OK
15033,00208766,745,1.8283334,OK
15034,00208767,740,1.8282634,OK
15035,00208768,737,1.8283939,OK
15036,00208769,745,1.827914,OK
15037,00208770,745,1.8283811,OK
15038,00208771,740,1.8286878,OK
15039,00208772,740,1.828905,OK
15040,00208773,741,1.8281395,OK
15041,00208774,748,1.8294169,OK
15042,00208775,742,1.8283184,OK
15043,00208776,741,1.8283458,OK
15044,00208777,745,1.8278234,OK
15045,00208778,741,1.8280369,OK
15046,00208779,748,1.828359,OK
15047,00208780,749,1.8280882,OK
15048,00208781,753,1.8284421,OK
15049,00208782,749,1.8283652,OK
15050,00208783,743,1.8284433,OK
15051,00208784,745,1.8288014,OK
15052,00208785,744,1.8286642,OK
15053,00208786,745,1.8293749,OK
15054,00208787,741,1.8283149,OK
15055,00208788,744,1.8283308,OK
15056,00208789,741,1.8282427,OK
15057,00208790,742,1.8286465,OK
15058,00208791,744,1.8284113,OK
15059,00208792,740,1.8284081,OK
15060,00208793,740,1.8279551,OK
15061,00208794,741,1.8280964,OK
15062,00208795,744,1.8285092,OK
15063,00208796,745,1.8291409,OK
15064,00208797,743,1.828745,OK
15065,00208798,747,1.8280169,OK
15066,00208799,741,1.8283415,OK
15067,00208800,744,1.8284395,OK
15068,00208801,741,1.8284706,OK
15069,00208802,740,1.8288218,OK
15070,00208803,738,1.8276185,OK
15071,00208804,740,1.8283932,OK
15072,00208805,736,1.8285006,OK
15073,00208806,749,1.8287572,OK
15074,00208807,741,1.828241,OK
15075,00208808,745,1.8294328,OK
15076,00208809,740,1.8280816,OK
15077,00208810,738,1.8284578,OK
15078,00208811,745,1.8288617,OK
15079,00208812,741,1.8284599,OK
15080,00208813,739,1.829314,OK
15081,00208814,736,1.8290489,OK
15082,00208815,748,1.8285581,OK
15083,00208816,742,1.8284292,OK
15084,00208817,738,1.8283883,OK
15085,00208818,742,1.8283782,OK
15086,00208819,739,1.8285607,OK
15087,00208820,737,1.8283887,OK
15088,00208821,744,1.8288518,OK
15089,00208822,750,1.8287499,OK
15090,00208823,743,1.8285728,OK
15091,00208824,744,1.8282369,OK
15092,00208825,743,1.828181,OK
15093,00208826,744,1.828505,OK
15094,00208827,739,1.8292327,OK
15095,00208828,739,1.8283958,OK
15096,00208829,747,1.8282083,OK
15097,00208830,742,1.828757,OK
15098,00208831,737,1.8275611,OK
15099,00208832,743,1.82899,OK
15100,00208833,744,1.8286179,OK
15101,00208834,743,1.8283005,OK
15102,00208835,735,1.8284199,OK
15103,00208836,743,1.8277804,OK
15104,00208837,743,1.8281792,OK
15105,00208838,746,1.8285295,OK
15106,00208839,743,1.8276529,OK
15107,00208840,734,1.8282769,OK
15108,00208841,743,1.8286186,OK
15109,00208842,745,1.8279202,OK
15110,00208843,742,1.827899,OK
15111,00208844,737,1.828028,OK
15112,00208845,740,1.8283013,OK
15113,00208846,742,1.828801,OK
15114,00208847,743,1.8274413,OK
15115,00208848,734,1.8285738,OK
15116,00208849,746,1.8285908,OK
15117,00208850,742,1.8283068,OK
15118,00208851,743,1.8282349,OK
15119,00208852,738,1.8280346,OK
15120,00208853,738,1.8278885,OK
15121,00208854,736,1.8277173,OK
15122,00208855,742,1.8291631,OK
15123,00208856,752,1.8282537,OK
15124,00208857,746,1.828122,OK
15125,00208858,742,1.8285383,OK
15126,00208859,746,1.82876,OK
15127,00208860,745,1.8284509,OK
15128,00208861,742,1.8282872,OK
15129,00208862,737,1.8285006,OK
15130,00208863,740,1.8290431,OK
15131,00208864,743,1.828278,OK
15132,00208865,748,1.8282294,OK
15133,00208866,740,1.8293186,OK
15134,00208867,744,1.8281083,OK
15135,00208868,741,1.8289036,OK
15136,00208869,747,1.8282788,OK
15137,00208870,745,1.8280877,OK
15138,00208871,748,1.8286022,OK
15139,00208872,748,1.8286748,OK
15140,00208873,749,1.8285631,OK
15141,00208874,744,1.8277326,OK
15142,00208875,744,1.8287728,OK
15143,00208876,748,1.8280323,OK
15144,00208877,748,1.8293476,OK
15145,00208878,739,1.8285127,OK
15146,00208879,746,1.8285557,OK
15147,00208880,749,1.8291974,OK
15148,00208881,743,1.828447,OK
15149,00208882,749,1.8284446,OK
15150,00208883,749,1.8276433,OK
15151,00208884,738,1.829201,OK
15152,00208885,746,1.8283855,OK
15153,00208886,742,1.8279678,OK
15154,00208887,743,1.8290133,OK
15155,00208888,741,1.8292706,OK
15156,00208889,747,1.8282793,OK
15157,00208890,746,1.8283194,OK
15158,00208891,745,1.8292143,OK
15159,00208892,740,1.8279492,OK
15160,00208893,743,1.8285764,OK
15161,00208894,747,1.8290492,OK
15162,00208895,745,1.8273969,OK
15163,00208896,742,1.8281363,OK
15164,00208897,742,1.8278472,OK
15165,00208898,747,1.8284684,OK
15166,00208899,742,1.8287276,OK
15167,00208900,741,1.8274097,OK
15168,00208901,741,1.8281704,OK
15169,00208902,743,1.8292079,OK
15170,00208903,738,1.8287593,OK
15171,00208904,742,1.8283159,OK
15172,00208905,739,1.828507,OK
15173,00208906,745,1.8290155,OK
15174,00208907,740,1.827988,OK
15175,00208908,739,1.8279169,OK
15176,00208909,742,1.8292447,OK
15177,00208910,740,1.827798,OK
15178,00208911,745,1.8280213,OK
15179,00208912,737,1.8281727,OK
15180,00208913,746,1.8282028,OK
15181,00208914,741,1.8278825,OK
15182,00208915,748,1.8283693,OK
15183,00208916,744,1.8275098,OK
15184,00208917,736,1.8278646,OK
15185,00208918,746,1.827962,OK
15186,00208919,740,1.8275585,OK
15187,00208920,738,1.8277111,OK
15188,00208921,742,1.8287077,OK
15189,00208922,739,1.8274995,OK
15190,00208923,741,1.8274809,OK
15191,00208924,741,1.8280443,OK
15192,00208925,739,1.8285328,OK
15193,00208926,740,1.8279775,OK
15194,00208927,735,1.8280115,OK
15195,00208928,737,1.8283114,OK
15196,00208929,745,1.8280191,OK
15197,00208930,739,1.828081,OK
15198,00208931,746,1.8279928,OK
15199,00208932,741,1.8299038,OK
15200,00208933,748,1.8285438,OK
15201,00208934,746,1.8282782,OK
15202,00208935,740,1.8285394,OK
15203,00208936,747,1.8284185,OK
15204,00208937,743,1.8277378,OK
15205,00208938,747,1.8282101,OK
15206,00208939,746,1.828362,OK
15207,00208940,743,1.8281783,OK
15208,00208941,733,1.8285558,OK
15209,00208942,737,1.8288689,OK
15210,00208943,743,1.8282975,OK
15211,00208944,741,1.8279873,OK
15212,00208945,743,1.8282323,OK
15213,00208946,739,1.8277742,OK
15214,00208947,740,1.8278264,OK
15215,00208948,743,1.8282784,OK
15216,00208949,740,1.8288729,OK
15217,00208950,738,1.8277773,OK
15218,00208951,745,1.8289402,OK
15219,00208952,747,1.8281914,OK
15220,00208953,750,1.8300002,OK
15221,00208954,743,1.8277578,OK
15222,00208955,745,1.829473,OK
15223,00208956,743,1.8286297,OK
15224,00208957,739,1.8283881,OK
15225,00208958,744,1.8286333,OK
15226,00208959,744,1.828676,OK
15227,00208960,743,1.8284305,OK
15228,00208961,740,1.828383,OK
15229,00208962,744,1.828166,OK
15230,00208963,741,1.8285309,OK
15231,00208964,742,1.8296884,OK
15232,00208965,742,1.8284537,OK
15233,00208966,741,1.8300287,OK
15234,00208967,741,1.8287022,OK
15235,00208968,736,1.8278304,OK
15236,00208969,742,1.8281257,OK
15237,00208970,737,1.8283198,OK
15238,00208971,740,1.8294454,OK
15239,00208972,742,1.8289038,OK
15240,00208973,744,1.8281475,OK
15241,00208974,745,1.8291548,OK
15242,00208975,745,1.8283722,OK
15243,00208976,741,1.8284018,OK
15244,00208977,742,1.828002,OK
15245,00208978,745,1.8283565,OK
15246,00208979,741,1.8283095,OK
15247,00208980,742,1.828485,OK
15248,00208981,745,1.8301078,OK
15249,00208982,745,1.8285697,OK
15250,00208983,747,1.8295362,OK
15251,00208984,742,1.8284056,OK
15252,00208985,744,1.828582,OK
15253,00208986,744,1.828571,OK
15254,00208987,743,1.8286123,OK
15255,00208988,741,1.828489,OK
15256,00208989,748,1.8277433,OK
15257,00208990,740,1.8286859,OK
15258,00208991,746,1.827641,OK
15259,00208992,739,1.8283688,OK
15260,00208993,746,1.8283112,OK
15261,00208994,746,1.8279898,OK
15262,00208995,737,1.8283342,OK
15263,00208996,741,1.8286884,OK
15264,00208997,746,1.8282866,OK
15265,00208998,742,1.8285474,OK
15266,00208999,747,1.8285334,OK
15267,00209000,738,1.8280993,OK
15268,00209001,744,1.8290668,OK
15269,00209002,735,1.8287185,OK
15270,00209003,747,1.8292686,OK
15271,00209004,739,1.8289872,OK
15272,00209005,742,1.8283403,OK
15273,00209006,744,1.8290018,OK
15274,00209007,743,1.8290877,OK
15275,00209008,747,1.8293053,OK
15276,00209009,750,1.8282983,OK
15277,00209010,744,1.8279606,OK
15278,00209011,740,1.8292636,OK
15279,00209012,743,1.827919,OK
15280,00209013,743,1.8290066,OK
15281,00209014,748,1.8289739,OK
15282,00209015,746,1.8283135,OK
15283,00209016,745,1.8290724,OK
15284,00209017,739,1.8286729,OK
15285,00209018,742,1.8283596,OK
15286,00209019,742,1.828149,OK
15287,00209020,748,1.8279108,OK
15288,00209021,747,1.8283862,OK
15289,00209022,743,1.8283402,OK
15290,00209023,740,1.8282201,OK
15291,00209024,742,1.8287383,OK
15292,00209025,739,1.8280517,OK
15293,00209026,748,1.8293622,OK
15294,00209027,747,1.8285664,OK
15295,00209028,746,1.8284575,OK
15296,00209029,741,1.8280044,OK
15297,00209030,746,1.8273997,OK
15298,00209031,750,1.8283874,OK
15299,00209032,750,1.8290895,OK
15300,00209033,745,1.828335,OK
15301,00209034,739,1.828122,OK
15302,00209035,744,1.828756,OK
15303,00209036,751,1.8293033,OK
15304,00209037,743,1.8285971,OK
15305,00209038,748,1.8283305,OK
15306,00209039,745,1.8290288,OK
15307,00209040,746,1.828334,OK
15308,00209041,742,1.8288233,OK
15309,00209042,747,1.8292915,OK
15310,00209043,742,1.8287808,OK
15311,00209044,743,1.8283381,OK
15312,00209045,740,1.8284078,OK
15313,00209046,742,1.8280908,OK
15314,00209047,744,1.8287191,OK
15315,00209048,742,1.8284837,OK
15316,00209049,742,1.8285848,OK
15317,00209050,738,1.8285867,OK
15318,00209051,744,1.8293339,OK
15319,00209052,741,1.829259,OK
15320,00209053,743,1.8290099,OK
15321,00209054,745,1.8286238,OK
15322,00209055,742,1.8288225,OK
15323,00209056,750,1.8288631,OK
15324,00209057,748,1.8285681,OK
15325,00209058,738,1.8282807,OK
15326,00209059,743,1.8282609,OK
15327,00209060,738,1.8281728,OK
15328,00209061,728,1.8288386,OK
15329,00209062,740,1.830303,OK
15330,00209063,731,1.8291491,OK
15331,00209064,732,1.8291852,OK
15332,00209065,740,1.8282192,OK
15333,00209066,748,1.8284352,OK
15334,00209067,743,1.828797,OK
15335,00209068,738,1.8276477,OK
15336,00209069,748,1.8281671,OK
15337,00209070,749,1.8282489,OK
15338,00209071,737,1.8281233,OK
15339,00209072,748,1.8282415,OK
15340,00209073,738,1.8282007,OK
15341,00209074,748,1.8277969,OK
15342,00209075,744,1.828157,OK
15343,00209076,738,1.828368,OK
15344,00209077,737,1.828663,OK
15345,00209078,744,1.8282369,OK
15346,00209079,747,1.8280989,OK
15347,00209080,745,1.8280572,OK
15348,00209081,749,1.8288354,OK
15349,00209082,740,1.8282055,OK
15350,00209083,737,1.8287872,OK
15351,00209084,742,1.8281158,OK
15352,00209085,740,1.8286525,OK
15353,00209086,746,1.828314,OK
15354,00209087,747,1.8275912,OK
15355,00209088,744,1.8286829,OK
15356,00209089,743,1.8284338,OK
15357,00209090,745,1.8293631,OK
15358,00209091,742,1.827869,OK
15359,00209092,744,1.8279799,OK
15360,00209093,746,1.8279225,OK
15361,00209094,742,1.8278035,OK
15362,00209095,739,1.8279893,OK
15363,00209096,745,1.8278686,OK
15364,00209097,744,1.8290265,OK
15365,00209098,737,1.8281504,OK
15366,00209099,744,1.8280954,OK
15367,00209100,742,1.8280051,OK
15368,00209101,738,1.8282491,OK
15369,00209102,741,1.8289237,OK
15370,00209103,738,1.828035,OK
15371,00209104,738,1.8280205,OK
15372,00209105,734,1.8279634,OK
15373,00209106,741,1.8280127,OK
15374,00209107,743,1.8282356,OK
15375,00209108,741,1.8289688,OK
15376,00209109,744,1.8278211,OK
15377,00209110,740,1.8280343,OK
15378,00209111,743,1.8283522,OK
15379,00209112,740,1.827669,OK
15380,00209113,746,1.8284376,OK
15381,00209114,742,1.8274219,OK
15382,00209115,743,1.8288705,OK
15383,00209116,747,1.8283423,OK
15384,00209117,737,1.8283023,OK
15385,00209118,741,1.827915,OK
15386,00209119,738,1.8289104,OK
15387,00209120,737,1.8283272,OK
15388,00209121,737,1.8281041,OK
15389,00209122,733,1.8284539,OK
15390,00209123,742,1.829128,OK
15391,00209124,743,1.827973,OK
15392,00209125,743,1.8278648,OK
15393,00209126,741,1.8283355,OK
15394,00209127,742,1.8293848,OK
15395,00209128,738,1.8291988,OK
15396,00209129,736,1.8287058,OK
15397,00209130,738,1.8283132,OK
15398,00209131,745,1.8283187,OK
15399,00209132,737,1.8281664,OK
15400,00209133,741,1.8284308,OK
15401,00209134,750,1.8279539,OK
15402,00209135,740,1.8281623,OK
15403,00209136,748,1.8283587,OK
15404,00209137,743,1.8280168,OK
15405,00209138,748,1.8282554,OK
15406,00209139,743,1.8288331,OK
15407,00209140,728,1.8282961,OK
15408,00209141,724,1.8293289,OK
15409,00209142,732,1.8299664,OK
15410,00209143,749,1.8282918,OK
15411,00209144,742,1.8281307,OK
15412,00209145,749,1.8283209,OK
15413,00209146,746,1.828767,OK
15414,00209147,742,1.8280013,OK
15415,00209148,750,1.829027,OK
15416,00209149,744,1.8281136,OK
15417,00209150,753,1.827897,OK
15418,00209151,745,1.8286195,OK
15419,00209152,739,1.8288964,OK
15420,00209153,748,1.8284194,OK
15421,00209154,741,1.8281724,OK
15422,00209155,748,1.8283675,OK
15423,00209156,742,1.8285142,OK
15424,00209157,741,1.8282526,OK
15425,00209158,745,1.8283005,OK
15426,00209159,746,1.8283054,OK
15427,00209160,745,1.8286048,OK
15428,00209161,741,1.8285582,OK
15429,00209162,739,1.8280491,OK
15430,00209163,749,1.8287482,OK
15431,00209164,737,1.8281783,OK
15432,00209165,740,1.8282492,OK
15433,00209166,747,1.8281466,OK
15434,00209167,745,1.8298035,OK
15435,00209168,745,1.8287381,OK
15436,00209169,743,1.8287562,OK
15437,00209170,744,1.8286425,OK
15438,00209171,742,1.8282168,OK
15439,00209172,741,1.828279,OK
15440,00209173,740,1.8288432,OK
15441,00209174,746,1.8280088,OK
15442,00209175,737,1.8286945,OK
15443,00209176,748,1.8279014,OK
15444,00209177,743,1.8277851,OK
15445,00209178,745,1.8285202,OK
15446,00209179,749,1.8284428,OK
15447,00209180,745,1.8291776,OK
15448,00209181,743,1.8279899,OK
15449,00209182,744,1.828931,OK
15450,00209183,740,1.8285148,OK
15451,00209184,742,1.8284557,OK
15452,00209185,750,1.8281384,OK
15453,00209186,740,1.8281208,OK
15454,00209187,739,1.828314,OK
15455,00209188,748,1.8282503,OK
15456,00209189,742,1.8284796,OK
15457,00209190,740,1.8282001,OK
15458,00209191,746,1.8281593,OK
15459,00209192,734,1.8280537,OK
15460,00209193,744,1.828039,OK
15461,00209194,742,1.828061,OK
15462,00209195,738,1.8279272,OK
15463,00209196,750,1.8293135,OK
15464,00209197,739,1.8284204,OK
15465,00209198,720,1.8294004,OK
15466,00209199,720,1.8292273,OK
15467,00209200,710,1.8291373,OK
15468,00209201,721,1.8297068,OK
15469,00209202,730,1.8290865,OK
15470,00209203,737,1.8288392,OK
15471,00209204,739,1.8284954,OK
15472,00209205,740,1.8280832,OK
15473,00209206,738,1.8287674,OK
15474,00209207,743,1.8279834,OK
15475,00209208,742,1.8286968,OK
15476,00209209,744,1.8277737,OK
15477,00209210,738,1.8286772,OK
15478,00209211,737,1.8280876,OK
15479,00209212,739,1.8285722,OK
15480,00209213,741,1.8277636,OK
15481,00209214,741,1.8283701,OK
15482,00209215,741,1.8284904,OK
15483,00209216,738,1.8286828,OK
15484,00209217,743,1.8284851,OK
15485,00209218,731,1.8278824,OK
15486,00209219,736,1.8280052,OK
15487,00209220,738,1.8283179,OK
15488,00209221,738,1.8277584,OK
15489,00209222,732,1.8284267,OK
15490,00209223,746,1.8283685,OK
15491,00209224,747,1.827942,OK
15492,00209225,747,1.8281049,OK
15493,00209226,742,1.8277528,OK
15494,00209227,741,1.8292646,OK
15495,00209228,746,1.8280648,OK
15496,00209229,740,1.8279257,OK
15497,00209230,746,1.8292861,OK
15498,00209231,738,1.8278419,OK
15499,00209232,737,1.828396,OK
15500,00209233,741,1.8283824,OK
15501,00209234,738,1.8284235,OK
15502,00209235,735,1.8283037,OK
15503,00209236,740,1.8293332,OK
15504,00209237,743,1.828309,OK
15505,00209238,737,1.8284148,OK
15506,00209239,739,1.8276197,OK
15507,00209240,744,1.8281293,OK
15508,00209241,741,1.828118,OK
15509,00209242,737,1.8285961,OK
15510,00209243,739,1.8282017,OK
15511,00209244,743,1.8280911,OK
15512,00209245,744,1.8281085,OK
15513,00209246,743,1.8281347,OK
15514,00209247,735,1.8284367,OK
15515,00209248,740,1.8283025,OK
15516,00209249,743,1.8288696,OK
15517,00209250,739,1.8275112,OK
15518,00209251,742,1.8278173,OK
15519,00209252,741,1.8279891,OK
15520,00209253,741,1.8277845,OK
15521,00209254,740,1.8283731,OK
15522,00209255,735,1.8286047,OK
15523,00209256,744,1.8284206,OK
15524,00209257,739,1.8284448,OK
15525,00209258,744,1.8278387,OK
15526,00209259,739,1.828191,OK
15527,00209260,741,1.8284861,OK
15528,00209261,747,1.8284093,OK
15529,00209262,739,1.8279681,OK
15530,00209263,740,1.8280919,OK
15531,00209264,738,1.8277787,OK
15532,00209265,745,1.828458,OK
15533,00209266,742,1.8280072,OK
15534,00209267,740,1.8280092,OK
15535,00209268,737,1.8280419,OK
15536,00209269,746,1.8276353,OK
15537,00209270,740,1.8283015,OK
15538,00209271,744,1.8280543,OK
15539,00209272,744,1.8278668,OK
15540,00209273,738,1.8281007,OK
15541,00209274,740,1.828545,OK
15542,00209275,743,1.8286263,OK
15543,00209276,740,1.8282377,OK
15544,00209277,742,1.8285383,OK
15545,00209278,742,1.8293992,OK
15546,00209279,742,1.8288565,OK
15547,00209280,746,1.8279045,OK
15548,00209281,742,1.8276095,OK
15549,00209282,742,1.8286461,OK
15550,00209283,737,1.828117,OK
15551,00209284,736,1.8277193,OK
15552,00209285,740,1.828577,OK
15553,00209286,743,1.8282576,OK
15554,00209287,738,1.8284204,OK
15555,00209288,745,1.8280568,OK
15556,00209289,745,1.8277566,OK
15557,00209290,746,1.828068,OK
15558,00209291,742,1.828087,OK
15559,00209292,743,1.8282831,OK
15560,00209293,739,1.8281577,OK
15561,00209294,743,1.8279604,OK
15562,00209295,745,1.8280008,OK
15563,00209296,742,1.8279858,OK
15564,00209297,739,1.827513,OK
15565,00209298,738,1.8282139,OK
15566,00209299,739,1.8294052,OK
15567,00209300,746,1.8279238,OK
15568,00209301,745,1.828497,OK
15569,00209302,740,1.8282542,OK
15570,00209303,739,1.8282483,OK
15571,00209304,736,1.8282112,OK
15572,00209305,746,1.8283207,OK
15573,00209306,746,1.8278672,OK
15574,00209307,739,1.8276833,OK
15575,00209308,739,1.8280077,OK
15576,00209309,746,1.8276678,OK
15577,00209310,745,1.8278123,OK
15578,00209311,745,1.8278284,OK
15579,00209312,741,1.8283099,OK
15580,00209313,745,1.8285117,OK
15581,00209314,742,1.8280901,OK
15582,00209315,750,1.8272461,OK
15583,00209316,744,1.8280684,OK
15584,00209317,740,1.8290062,OK
15585,00209318,739,1.8280953,OK
15586,00209319,740,1.8279613,OK
15587,00209320,745,1.82767,OK
15588,00209321,744,1.828041,OK
15589,00209322,741,1.8280094,OK
15590,00209323,738,1.827825,OK
15591,00209324,741,1.828413,OK
15592,00209325,739,1.82864,OK
15593,00209326,747,1.827535,OK
15594,00209327,745,1.8281081,OK
15595,00209328,749,1.8290759,OK
15596,00209329,745,1.8288829,OK
15597,00209330,745,1.8279899,OK
15598,00209331,741,1.8276281,OK
15599,00209332,739,1.8282168,OK
15600,00209333,743,1.8281108,OK
15601,00209334,743,1.8289409,OK
15602,00209335,745,1.8282973,OK
15603,00209336,741,1.8280072,OK
15604,00209337,740,1.8282118,OK
15605,00209338,747,1.8279897,OK
15606,00209339,741,1.8281527,OK
15607,00209340,744,1.8282616,OK
15608,00209341,740,1.8280128,OK
15609,00209342,741,1.8279576,OK
15610,00209343,752,1.828635,OK
15611,00209344,749,1.8290429,OK
15612,00209345,744,1.8276397,OK
15613,00209346,743,1.8285134,OK
15614,00209347,742,1.8284423,OK
15615,00209348,739,1.827361,OK
15616,00209349,744,1.8276558,OK
15617,00209350,747,1.8281273,OK
15618,00209351,745,1.8278309,OK
15619,00209352,738,1.8280873,OK
15620,00209353,742,1.8286496,OK
15621,00209354,749,1.8278741,OK
15622,00209355,746,1.8282721,OK
15623,00209356,754,1.8303217,OK
15624,00209357,752,1.830061,OK
15625,00209358,753,1.829937,OK
15626,00209359,754,1.830567,OK
15627,00209360,752,1.8297654,OK
15628,00209361,753,1.8293415,OK
15629,00209362,762,1.8306442,OK
15630,00209363,752,1.8288423,OK
15631,00209364,756,1.8301711,OK
15632,00209365,756,1.8297743,OK
15633,00209366,760,1.8310794,OK
15634,00209367,759,1.8291048,OK
15635,00209368,754,1.8289655,OK
15636,00209369,756,1.8294213,OK
15637,00209370,754,1.8296183,OK
15638,00209371,757,1.8301239,OK
15639,00209372,753,1.8297242,OK
15640,00209373,759,1.8302354,OK
15641,00209374,756,1.8298779,OK
15642,00209375,752,1.829484,OK
15643,00209376,753,1.8296897,OK
15644,00209377,755,1.8294191,OK
15645,00209378,762,1.8313553,OK
15646,00209379,757,1.8303274,OK
15647,00209380,757,1.8304594,OK
15648,00209381,754,1.8290702,OK
15649,00209382,755,1.8294498,OK
15650,00209383,761,1.8295221,OK
15651,00209384,754,1.8296951,OK
15652,00209385,754,1.8297493,OK
15653,00209386,753,1.8314012,OK
15654,00209387,756,1.829634,OK
15655,00209388,762,1.8295907,OK
15656,00209389,756,1.8301365,OK
15657,00209390,751,1.8302959,OK
15658,00209391,757,1.8300419,OK
15659,00209392,759,1.8304895,OK
15660,00209393,761,1.8300743,OK
15661,00209394,757,1.8299172,OK
15662,00209395,750,1.8298584,OK
15663,00209396,757,1.83016,OK
15664,00209397,751,1.829867,OK
15665,00209398,756,1.8301169,OK
15666,00209399,753,1.8298074,OK
15667,00209400,752,1.8311834,OK
15668,00209401,752,1.8294744,OK
15669,00209402,759,1.8298037,OK
15670,00209403,752,1.8296887,OK
15671,00209404,755,1.8312057,OK
15672,00209405,751,1.8308356,OK
15673,00209406,756,1.8295808,OK
15674,00209407,763,1.8303429,OK
15675,00209408,759,1.83126,OK
15676,00209409,764,1.8294684,OK
15677,00209410,759,1.8304675,OK
15678,00209411,758,1.8307922,OK
15679,00209412,753,1.8308507,OK
15680,00209413,762,1.8301992,OK
15681,00209414,759,1.8301656,OK
15682,00209415,759,1.8299707,OK
15683,00209416,752,1.8296708,OK
15684,00209417,760,1.8292062,OK
15685,00209418,748,1.8286726,OK
15686,00209419,757,1.8306735,OK
15687,00209420,757,1.8289505,OK
15688,00209421,753,1.8297209,OK
15689,00209422,757,1.82948,OK
15690,00209423,751,1.8299819,OK
15691,00209424,755,1.830351,OK
15692,00209425,753,1.8298804,OK
15693,00209426,750,1.8294044,OK
15694,00209427,753,1.8292747,OK
15695,00209428,750,1.8293828,OK
15696,00209429,753,1.8304434,OK
15697,00209430,751,1.8307449,OK
15698,00209431,757,1.8294502,OK
15699,00209432,762,1.830162,OK
15700,00209433,755,1.8300179,OK
15701,00209434,753,1.8289586,OK
15702,00209435,756,1.8297849,OK
15703,00209436,752,1.8289623,OK
15704,00209437,756,1.82989,OK
15705,00209438,755,1.8298862,OK
15706,00209439,753,1.8301579,OK
15707,00209440,759,1.8299603,OK
15708,00209441,760,1.8294127,OK
15709,00209442,749,1.8291684,OK
15710,00209443,749,1.8295074,OK
15711,00209444,754,1.8304498,OK
15712,00209445,756,1.8302057,OK
15713,00209446,750,1.8300437,OK
15714,00209447,759,1.8308488,OK
15715,00209448,755,1.8299596,OK
15716,00209449,750,1.8298323,OK
15717,00209450,749,1.8306956,OK
15718,00209451,757,1.8294742,OK
15719,00209452,758,1.8296217,OK
15720,00209453,753,1.8298168,OK
15721,00209454,754,1.8301021,OK
15722,00209455,759,1.8297477,OK
15723,00209456,754,1.82936,OK
15724,00209457,761,1.8291879,OK
15725,00209458,755,1.8300694,OK
15726,00209459,758,1.830102,OK
15727,00209460,757,1.8303018,OK
15728,00209461,754,1.829631,OK
15729,00209462,756,1.8298156,OK
15730,00209463,757,1.8298994,OK
15731,00209464,753,1.8294785,OK
15732,00209465,753,1.8300704,OK
15733,00209466,752,1.8297303,OK
15734,00209467,761,1.8293701,OK
15735,00209468,757,1.8296762,OK
15736,00209469,752,1.8299768,OK
15737,00209470,759,1.8296542,OK
15738,00209471,756,1.8295485,OK
15739,00209472,749,1.8296847,OK
15740,00209473,751,1.829428,OK
15741,00209474,751,1.8311535,OK
15742,00209475,756,1.8297439,OK
15743,00209476,756,1.8292545,OK
15744,00209477,753,1.8302885,OK
15745,00209478,751,1.8295077,OK
15746,00209479,750,1.8305258,OK
15747,00209480,756,1.8295037,OK
15748,00209481,755,1.8293208,OK
15749,00209482,754,1.8296934,OK
15750,00209483,747,1.8302305,OK
15751,00209484,759,1.8309529,OK
15752,00209485,753,1.829882,OK
15753,00209486,755,1.8301383,OK
15754,00209487,757,1.8304996,OK
15755,00209488,753,1.8302529,OK
15756,00209489,755,1.8301548,OK
15757,00209490,757,1.8292235,OK
15758,00209491,755,1.8297095,OK
15759,00209492,759,1.8302828,OK
15760,00209493,754,1.8303621,OK
15761,00209494,748,1.8299626,OK
15762,00209495,755,1.8297749,OK
15763,00209496,759,1.829338,OK
15764,00209497,751,1.8301324,OK
15765,00209498,751,1.8303145,OK
15766,00209499,753,1.8298547,OK
15767,00209500,753,1.8305749,OK
15768,00209501,758,1.829771,OK
15769,00209502,756,1.8302013,OK
15770,00209503,756,1.8303704,OK
15771,00209504,760,1.8293495,OK
15772,00209505,756,1.8298744,OK
15773,00209506,752,1.8298308,OK
15774,00209507,752,1.8309612,OK
15775,00209508,755,1.8294556,OK
15776,00209509,750,1.829392,OK
15777,00209510,757,1.8297353,OK
15778,00209511,752,1.8303667,OK
15779,00209512,764,1.8306189,OK
15780,00209513,756,1.8302066,OK
15781,00209514,754,1.8305842,OK
15782,00209515,754,1.8299279,OK
15783,00209516,755,1.829216,OK
15784,00209517,759,1.8292406,OK
15785,00209518,756,1.8296745,OK
15786,00209519,756,1.8298624,OK
15787,00209520,754,1.8296402,OK
15788,00209521,753,1.8298749,OK
15789,00209522,753,1.8297591,OK
15790,00209523,756,1.8308415,OK
15791,00209524,749,1.8291831,OK
15792,00209525,755,1.8299763,OK
15793,00209526,749,1.8304726,OK
15794,00209527,754,1.8300266,OK
15795,00209528,756,1.8296719,OK
15796,00209529,754,1.8296293,OK
15797,00209530,760,1.8299546,OK
15798,00209531,749,1.8293387,OK
15799,00209532,758,1.8295454,OK
15800,00209533,760,1.829581,OK
15801,00209534,757,1.8307493,OK
15802,00209535,752,1.8304008,OK
15803,00209536,750,1.829888,OK
15804,00209537,754,1.8301387,OK
15805,00209538,752,1.8304144,OK
15806,00209539,752,1.8297794,OK
15807,00209540,757,1.8305483,OK
15808,00209541,757,1.8302152,OK
15809,00209542,754,1.8299395,OK
15810,00209543,760,1.8300891,OK
15811,00209544,756,1.8302622,OK
15812,00209545,751,1.8306544,OK
15813,00209546,753,1.8296933,OK
15814,00209547,758,1.8308486,OK
15815,00209548,756,1.831026,OK
15816,00209549,747,1.8301886,OK
15817,00209550,753,1.8292309,OK
15818,00209551,762,1.8302704,OK
15819,00209552,759,1.8300012,OK
15820,00209553,754,1.830079,OK
15821,00209554,753,1.830175,OK
15822,00209555,753,1.8304129,OK
15823,00209556,756,1.8292555,OK
15824,00209557,755,1.8295617,OK
15825,00209558,757,1.8300283,OK
15826,00209559,754,1.830395,OK
15827,00209560,752,1.8297222,OK
15828,00209561,757,1.8295531,OK
15829,00209562,754,1.8300469,OK
15830,00209563,752,1.8297029,OK
15831,00209564,754,1.8295623,OK
15832,00209565,752,1.830181,OK
15833,00209566,752,1.830838,OK
15834,00209567,750,1.8296146,OK
15835,00209568,760,1.8292434,OK
15836,00209569,754,1.8310181,OK
15837,00209570,753,1.8296127,OK
15838,00209571,756,1.8297052,OK
15839,00209572,753,1.8298844,OK
15840,00209573,754,1.8307147,OK
15841,00209574,753,1.829578,OK
15842,00209575,753,1.8299714,OK
15843,00209576,748,1.8303064,OK
15844,00209577,760,1.8304023,OK
15845,00209578,757,1.8303908,OK
15846,00209579,757,1.8294076,OK
15847,00209580,750,1.8300167,OK
15848,00209581,750,1.8304478,OK
15849,00209582,756,1.829689,OK
15850,00209583,760,1.8305969,OK
15851,00209584,764,1.8310186,OK
15852,00209585,758,1.8310208,OK
15853,00209586,752,1.8300625,OK
15854,00209587,756,1.8301542,OK
15855,00209588,752,1.8299376,OK
15856,00209589,757,1.8292886,OK
15857,00209590,758,1.8300381,OK
15858,00209591,746,1.830066,OK
15859,00209592,762,1.8298465,OK
15860,00209593,751,1.8296071,OK
15861,00209594,753,1.8310269,OK
15862,00209595,761,1.8298609,OK
15863,00209596,758,1.830783,OK
15864,00209597,755,1.8297405,OK
15865,00209598,756,1.8301846,OK
15866,00209599,760,1.8295066,OK
15867,00209600,758,1.8295895,OK
15868,00209601,755,1.8318874,OK
15869,00209602,752,1.8304092,OK
15870,00209603,756,1.8299935,OK
15871,00209604,750,1.829945,OK
15872,00209605,756,1.8294736,OK
15873,00209606,757,1.8302058,OK
15874,00209607,760,1.8297923,OK
15875,00209608,755,1.830762,OK
15876,00209609,754,1.8298968,OK
15877,00209610,755,1.8298889,OK
15878,00209611,756,1.830079,OK
15879,00209612,756,1.8311336,OK
15880,00209613,758,1.8292922,OK
15881,00209614,756,1.8297888,OK
15882,00209615,756,1.8296947,OK
15883,00209616,758,1.8302093,OK
15884,00209617,759,1.8302897,OK
15885,00209618,761,1.8309726,OK
15886,00209619,756,1.8297368,OK
15887,00209620,758,1.8305508,OK
15888,00209621,759,1.8299491,OK
15889,00209622,757,1.8294327,OK
15890,00209623,753,1.8297799,OK
15891,00209624,758,1.8311887,OK
15892,00209625,754,1.8312218,OK
15893,00209626,756,1.8299351,OK
15894,00209627,759,1.8310785,OK
15895,00209628,760,1.83086,OK
15896,00209629,754,1.8296944,OK
15897,00209630,751,1.83048,OK
15898,00209631,755,1.8310854,OK
15899,00209632,760,1.8301994,OK
15900,00209633,759,1.8314025,OK
15901,00209634,758,1.8297036,OK
15902,00209635,753,1.8308481,OK
15903,00209636,757,1.830143,OK
15904,00209637,757,1.8302788,OK
15905,00209638,754,1.829734,OK
15906,00209639,753,1.830242,OK
15907,00209640,757,1.8302023,OK
15908,00209641,762,1.8298488,OK
15909,00209642,754,1.829791,OK
15910,00209643,756,1.8304995,OK
15911,00209644,756,1.8298758,OK
15912,00209645,752,1.8301566,OK
15913,00209646,751,1.8297131,OK
15914,00209647,754,1.8302947,OK
15915,00209648,760,1.8296412,OK
15916,00209649,760,1.8295683,OK
15917,00209650,760,1.8303411,OK
15918,00209651,758,1.8309422,OK
15919,00209652,760,1.8293682,OK
15920,00209653,756,1.8308765,OK
15921,00209654,756,1.829575,OK
15922,00209655,753,1.8301319,OK
15923,00209656,760,1.8295423,OK
15924,00209657,758,1.830264,OK
15925,00209658,753,1.8303673,OK
15926,00209659,752,1.8302473,OK
15927,00209660,757,1.8301487,OK
15928,00209661,754,1.8295546,OK
15929,00209662,755,1.8305128,OK
15930,00209663,755,1.8296857,OK
15931,00209664,755,1.8300326,OK
15932,00209665,755,1.830472,OK
15933,00209666,759,1.8299218,OK
15934,00209667,752,1.8297752,OK
15935,00209668,755,1.8306686,OK
15936,00209669,750,1.8302301,OK
15937,00209670,754,1.8312315,OK
15938,00209671,750,1.829698,OK
15939,00209672,758,1.8301232,OK
15940,00209673,759,1.8299263,OK
15941,00209674,754,1.8296566,OK
15942,00209675,754,1.8296214,OK
15943,00209676,754,1.8292495,OK
15944,00209677,762,1.830142,OK
15945,00209678,757,1.8302547,OK
15946,00209679,757,1.8294402,OK
15947,00209680,763,1.8298298,OK
15948,00209681,756,1.8293234,OK
15949,00209682,754,1.8298836,OK
15950,00209683,751,1.8297665,OK
15951,00209684,748,1.8300322,OK
15952,00209685,753,1.8288182,OK
15953,00209686,760,1.8308513,OK
15954,00209687,760,1.8295025,OK
15955,00209688,751,1.8293099,OK
15956,00209689,752,1.8295009,OK
15957,00209690,751,1.8299149,OK
15958,00209691,762,1.8299056,OK
15959,00209692,757,1.8305669,OK
15960,00209693,753,1.8298295,OK
15961,00209694,758,1.8304234,OK
15962,00209695,756,1.8298291,OK
15963,00209696,750,1.829208,OK
15964,00209697,758,1.8297026,OK
15965,00209698,754,1.8298619,OK
15966,00209699,754,1.8298974,OK
15967,00209700,747,1.8298715,OK
15968,00209701,754,1.8296087,OK
15969,00209702,756,1.829976,OK
15970,00209703,754,1.8299897,OK
15971,00209704,751,1.8298787,OK
15972,00209705,755,1.8296474,OK
15973,00209706,755,1.8298657,OK
15974,00209707,757,1.8297253,OK
15975,00209708,757,1.8296498,OK
15976,00209709,758,1.8294865,OK
15977,00209710,749,1.8298954,OK
15978,00209711,757,1.8296462,OK
15979,00209712,754,1.8298317,OK
15980,00209713,750,1.8309616,OK
15981,00209714,756,1.8296808,OK
15982,00209715,757,1.8295093,OK
15983,00209716,756,1.8297849,OK
15984,00209717,753,1.8299124,OK
15985,00209718,753,1.8289783,OK
15986,00209719,757,1.8297952,OK
15987,00209720,756,1.8296947,OK
15988,00209721,752,1.8299103,OK
15989,00209722,756,1.8296112,OK
15990,00209723,754,1.8296915,OK
15991,00209724,756,1.8292816,OK
15992,00209725,752,1.8295473,OK
15993,00209726,756,1.8304201,OK
15994,00209727,757,1.8297726,OK
15995,00209728,751,1.830709,OK
15996,00209729,757,1.8292898,OK
15997,00209730,752,1.8291022,OK
15998,00209731,751,1.8312925,OK
15999,00209732,755,1.8303814,OK
16000,00209733,744,1.8300706,OK
16001,00209734,756,1.8290544,OK
16002,00209735,752,1.8300409,OK
16003,00209736,749,1.8299564,OK
16004,00209737,751,1.8287431,OK
16005,00209738,752,1.8297313,OK
16006,00209739,756,1.829595,OK
16007,00209740,758,1.8299904,OK
16008,00209741,751,1.8301209,OK
16009,00209742,755,1.8301662,OK
16010,00209743,756,1.8299501,OK
16011,00209744,753,1.8294728,OK
16012,00209745,752,1.8296666,OK
16013,00209746,761,1.8308328,OK
16014,00209747,754,1.8307354,OK
16015,00209748,753,1.8297276,OK
16016,00209749,755,1.8297322,OK
16017,00209750,758,1.8295422,OK
16018,00209751,757,1.829347,OK
16019,00209752,754,1.8297874,OK
16020,00209753,759,1.8296973,OK
16021,00209754,754,1.8300542,OK
16022,00209755,750,1.8294638,OK
16023,00209756,753,1.8294908,OK
16024,00209757,754,1.8304149,OK
16025,00209758,756,1.8294623,OK
16026,00209759,760,1.8294334,OK
16027,00209760,755,1.8292694,OK
16028,00209761,753,1.8299235,OK
16029,00209762,761,1.8302679,OK
16030,00209763,757,1.8296213,OK
16031,00209764,754,1.8297435,OK
16032,00209765,755,1.829614,OK
16033,00209766,753,1.8300334,OK
16034,00209767,753,1.8302331,OK
16035,00209768,751,1.8299708,OK
16036,00209769,758,1.8292677,OK
16037,00209770,751,1.829531,OK
16038,00209771,755,1.8303267,OK
16039,00209772,749,1.8295292,OK
16040,00209773,755,1.8292645,OK
16041,00209774,759,1.8312727,OK
16042,00209775,758,1.829456,OK
16043,00209776,755,1.8301897,OK
16044,00209777,756,1.8293846,OK
16045,00209778,753,1.8292688,OK
16046,00209779,758,1.8298413,OK
16047,00209780,755,1.8297479,OK
16048,00209781,760,1.8305798,OK
16049,00209782,760,1.8299764,OK
16050,00209783,757,1.8304539,OK
16051,00209784,749,1.8309295,OK
16052,00209785,752,1.8302765,OK
16053,00209786,751,1.8305467,OK
16054,00209787,750,1.829442,OK
16055,00209788,758,1.8295482,OK
16056,00209789,755,1.82915,OK
16057,00209790,757,1.8294789,OK
16058,00209791,754,1.8302503,OK
16059,00209792,756,1.8297229,OK
16060,00209793,755,1.8301456,OK
16061,00209794,753,1.8291168,OK
16062,00209795,753,1.8294758,OK
16063,00209796,749,1.8299036,OK
16064,00209797,746,1.8290453,OK
16065,00209798,759,1.829762,OK
16066,00209799,753,1.8300775,OK
16067,00209800,753,1.829703,OK
16068,00209801,756,1.829403,OK
16069,00209802,755,1.8299482,OK
16070,00209803,760,1.8294289,OK
16071,00209804,754,1.829717,OK
16072,00209805,754,1.8296916,OK
16073,00209806,758,1.8304627,OK
16074,00209807,755,1.8291954,OK
16075,00209808,754,1.8295995,OK
16076,00209809,755,1.83175,OK
16077,00209810,753,1.8297902,OK
16078,00209811,751,1.8298862,OK
16079,00209812,755,1.8295983,OK
16080,00209813,751,1.8295228,OK
16081,00209814,754,1.8301609,OK
16082,00209815,752,1.8299989,OK
16083,00209816,756,1.8303906,OK
16084,00209817,760,1.8292277,OK
16085,00209818,756,1.8294865,OK
16086,00209819,753,1.8298343,OK
16087,00209820,749,1.8296524,OK
16088,00209821,754,1.830263,OK
16089,00209822,756,1.8299122,OK
16090,00209823,758,1.8300414,OK
16091,00209824,753,1.8302664,OK
16092,00209825,751,1.829517,OK
16093,00209826,756,1.831236,OK
16094,00209827,753,1.8299363,OK
16095,00209828,752,1.8307586,OK
16096,00209829,752,1.8302715,OK
16097,00209830,748,1.8294665,OK
16098,00209831,757,1.8299505,OK
16099,00209832,760,1.8309662,OK
16100,00209833,757,1.8298367,OK
16101,00209834,757,1.8305157,OK
16102,00209835,761,1.8303742,OK
16103,00209836,760,1.830995,OK
16104,00209837,753,1.8297478,OK
16105,00209838,750,1.830597,OK
16106,00209839,756,1.8301101,OK
16107,00209840,754,1.8305036,OK
16108,00209841,754,1.8298631,OK
16109,00209842,757,1.830154,OK
16110,00209843,755,1.8298484,OK
16111,00209844,755,1.8302634,OK
16112,00209845,759,1.8303831,OK
16113,00209846,753,1.8302039,OK
16114,00209847,755,1.8301889,OK
16115,00209848,754,1.8302808,OK
16116,00209849,757,1.8313558,OK
16117,00209850,759,1.8299137,OK
16118,00209851,758,1.8302681,OK
16119,00209852,760,1.8301058,OK
16120,00209853,759,1.830201,OK
16121,00209854,759,1.8300679,OK
16122,00209855,755,1.8301425,OK
16123,00209856,756,1.8296676,OK
16124,00209857,756,1.8298604,OK
16125,00209858,761,1.8299344,OK
16126,00209859,751,1.8298473,OK
16127,00209860,750,1.8305244,OK
16128,00209861,754,1.8300782,OK
16129,00209862,755,1.8289952,OK
16130,00209863,755,1.8298521,OK
16131,00209864,752,1.829607,OK
16132,00209865,753,1.8293154,OK
16133,00209866,758,1.8296945,OK
16134,00209867,756,1.8302848,OK
16135,00209868,756,1.8302779,OK
16136,00209869,756,1.8311917,OK
16137,00209870,756,1.8296719,OK
16138,00209871,759,1.8297681,OK
16139,00209872,751,1.8292937,OK
16140,00209873,753,1.8301172,OK
16141,00209874,757,1.8299407,OK
16142,00209875,758,1.8302282,OK
16143,00209876,759,1.8297594,OK
16144,00209877,757,1.8295633,OK
16145,00209878,757,1.8301375,OK
16146,00209879,759,1.830098,OK
16147,00209880,758,1.8299038,OK
16148,00209881,752,1.8291967,OK
16149,00209882,760,1.8298243,OK
16150,00209883,754,1.8302499,OK
16151,00209884,760,1.8296993,OK
16152,00209885,755,1.8295915,OK
16153,00209886,750,1.8294384,OK
16154,00209887,754,1.830467,OK
16155,00209888,757,1.8302968,OK
16156,00209889,753,1.8297386,OK
16157,00209890,755,1.8301495,OK
16158,00209891,751,1.8309643,OK
16159,00209892,756,1.8299855,OK
16160,00209893,761,1.8303005,OK
16161,00209894,755,1.8298475,OK
16162,00209895,754,1.829617,OK
16163,00209896,763,1.8302757,OK
16164,00209897,756,1.8294704,OK
16165,00209898,754,1.830393,OK
16166,00209899,755,1.830023,OK
16167,00209900,759,1.8300757,OK
16168,00209901,749,1.8301026,OK
16169,00209902,756,1.8300781,OK
16170,00209903,757,1.830133,OK
16171,00209904,764,1.8301942,OK
16172,00209905,757,1.8304136,OK
16173,00209906,751,1.830409,OK
16174,00209907,756,1.8306037,OK
16175,00209908,756,1.8303187,OK
16176,00209909,755,1.8306605,OK
16177,00209910,755,1.8294542,OK
16178,00209911,758,1.8302946,OK
16179,00209912,759,1.8302853,OK
16180,00209913,756,1.8302196,OK
16181,00209914,755,1.8305192,OK
16182,00209915,761,1.8304256,OK
16183,00209916,754,1.8302513,OK
16184,00209917,761,1.83028,OK
16185,00209918,755,1.8300308,OK
16186,00209919,757,1.8301148,OK
16187,00209920,757,1.8295734,OK
16188,00209921,755,1.8299882,OK
16189,00209922,755,1.830028,OK
16190,00209923,753,1.8303038,OK
16191,00209924,758,1.830931,OK
16192,00209925,756,1.8298944,OK
16193,00209926,756,1.8306426,OK
16194,00209927,756,1.829907,OK
16195,00209928,755,1.8304093,OK
16196,00209929,755,1.8299541,OK
16197,00209930,759,1.829945,OK
16198,00209931,759,1.8297441,OK
16199,00209932,758,1.830035,OK
16200,00209933,750,1.8300662,OK
16201,00209934,755,1.8303947,OK
16202,00209935,756,1.8297148,OK
16203,00209936,756,1.8297867,OK
16204,00209937,753,1.8296047,OK
16205,00209938,751,1.8296083,OK
16206,00209939,761,1.8302568,OK
16207,00209940,755,1.8306731,OK
16208,00209941,752,1.8300161,OK
16209,00209942,756,1.8295934,OK
16210,00209943,760,1.8301735,OK
16211,00209944,756,1.8299757,OK
16212,00209945,761,1.8297997,OK
16213,00209946,755,1.8302433,OK
16214,00209947,752,1.830861,OK
16215,00209948,756,1.8302791,OK
16216,00209949,753,1.8308172,OK
16217,00209950,756,1.8304665,OK
16218,00209951,759,1.8296082,OK
16219,00209952,750,1.8297061,OK
16220,00209953,747,1.8295035,OK
16221,00209954,758,1.8303226,OK
16222,00209955,756,1.8297875,OK
16223,00209956,753,1.830179,OK
16224,00209957,759,1.8300335,OK
16225,00209958,750,1.8295159,OK
16226,00209959,761,1.8305218,OK
16227,00209960,753,1.8299303,OK
16228,00209961,753,1.8297623,OK
16229,00209962,754,1.8307731,OK
16230,00209963,752,1.8297411,OK
16231,00209964,756,1.830057,OK
16232,00209965,755,1.8292023,OK
16233,00209966,753,1.8300753,OK
16234,00209967,754,1.8292494,OK
16235,00209968,753,1.8305017,OK
16236,00209969,758,1.8302095,OK
16237,00209970,756,1.8303016,OK
16238,00209971,757,1.8299866,OK
16239,00209972,755,1.8295684,OK
16240,00209973,759,1.8294795,OK
16241,00209974,759,1.8295981,OK
16242,00209975,751,1.8297539,OK
16243,00209976,753,1.8298508,OK
16244,00209977,762,1.8301053,OK
16245,00209978,752,1.8304399,OK
16246,00209979,751,1.8299314,OK
16247,00209980,757,1.8298203,OK
16248,00209981,749,1.8305707,OK
16249,00209982,755,1.8300251,OK
16250,00209983,754,1.8296671,OK
16251,00209984,752,1.8293487,OK
16252,00209985,755,1.829813,OK
16253,00209986,761,1.831078,OK
16254,00209987,759,1.8296832,OK
16255,00209988,758,1.8297963,OK
16256,00209989,759,1.8302112,OK
16257,00209990,761,1.8298507,OK
16258,00209991,756,1.8300732,OK
16259,00209992,761,1.8303665,OK
16260,00209993,762,1.8303655,OK
16261,00209994,762,1.8299855,OK
16262,00209995,756,1.829986,OK
16263,00209996,755,1.8297384,OK
16264,00209997,759,1.8299266,OK
16265,00209998,758,1.8292371,OK
16266,00209999,749,1.8301288,OK
16267,00210000,757,1.8304788,OK
16268,00210001,749,1.8301127,OK
16269,00210002,752,1.8288438,OK
16270,00210003,755,1.8299505,OK
16271,00210004,755,1.8294561,OK
16272,00210005,755,1.8299898,OK
16273,00210006,757,1.8299155,OK
16274,00210007,757,1.8307447,OK
16275,00210008,760,1.8301349,OK
16276,00210009,757,1.8299717,OK
16277,00210010,751,1.8303392,OK
16278,00210011,759,1.8303086,OK
16279,00210012,755,1.8295842,OK
16280,00210013,750,1.8295755,OK
16281,00210014,758,1.8306957,OK
16282,00210015,757,1.8305132,OK
16283,00210016,757,1.8301902,OK
16284,00210017,757,1.8301942,OK
16285,00210018,757,1.8300264,OK
16286,00210019,753,1.8303646,OK
16287,00210020,757,1.8297957,OK
16288,00210021,756,1.8297801,OK
16289,00210022,761,1.829859,OK
16290,00210023,755,1.8304673,OK
16291,00210024,753,1.8299906,OK
16292,00210025,752,1.8300318,OK
16293,00210026,753,1.8299273,OK
16294,00210027,758,1.8298881,OK
16295,00210028,757,1.8296112,OK
16296,00210029,759,1.8299657,OK
16297,00210030,755,1.8300841,OK
16298,00210031,755,1.8301485,OK
16299,00210032,757,1.8303047,OK
16300,00210033,761,1.8306329,OK
16301,00210034,756,1.8302796,OK
16302,00210035,761,1.8300095,OK
16303,00210036,756,1.830206,OK
16304,00210037,757,1.8302752,OK
16305,00210038,755,1.8303555,OK
16306,00210039,757,1.830302,OK
16307,00210040,755,1.8300613,OK
16308,00210041,756,1.8306435,OK
16309,00210042,757,1.8297769,OK
16310,00210043,759,1.8297588,OK
16311,00210044,760,1.830788,OK
16312,00210045,753,1.8294826,OK
16313,00210046,759,1.8302186,OK
16314,00210047,756,1.8300427,OK
16315,00210048,753,1.8297359,OK
16316,00210049,756,1.8309181,OK
16317,00210050,753,1.8306043,OK
16318,00210051,752,1.8302011,OK
16319,00210052,757,1.8302444,OK
16320,00210053,751,1.830439,OK
16321,00210054,761,1.8302151,OK
16322,00210055,757,1.8296295,OK
16323,00210056,759,1.8309438,OK
16324,00210057,756,1.8293718,OK
16325,00210058,763,1.8303705,OK
16326,00210059,755,1.8301454,OK
16327,00210060,753,1.830197,OK
16328,00210061,755,1.8300723,OK
16329,00210062,756,1.8319616,OK
16330,00210063,750,1.8300611,OK
16331,00210064,759,1.8298845,OK
16332,00210065,757,1.8297534,OK
16333,00210066,759,1.830185,OK
16334,00210067,756,1.8299716,OK
16335,00210068,762,1.8300548,OK
16336,00210069,753,1.8298427,OK
16337,00210070,754,1.8303357,OK
16338,00210071,757,1.8302394,OK
16339,00210072,755,1.8306262,OK
16340,00210073,755,1.8301648,OK
16341,00210074,756,1.8310728,OK
16342,00210075,750,1.8296993,OK
16343,00210076,761,1.8303366,OK
16344,00210077,760,1.8294271,OK
16345,00210078,754,1.8308066,OK
16346,00210079,753,1.830564,OK
16347,00210080,761,1.8304236,OK
16348,00210081,758,1.8301831,OK
16349,00210082,753,1.8299483,OK
16350,00210083,756,1.8301505,OK
16351,00210084,752,1.8308419,OK
16352,00210085,759,1.8299345,OK
16353,00210086,758,1.830698,OK
16354,00210087,758,1.8301313,OK
16355,00210088,756,1.8300765,OK
16356,00210089,753,1.8310553,OK
16357,00210090,756,1.8302981,OK
16358,00210091,762,1.830025,OK
16359,00210092,762,1.8304299,OK
16360,00210093,753,1.8302623,OK
16361,00210094,761,1.8306147,OK
16362,00210095,758,1.8305326,OK
16363,00210096,760,1.8296776,OK
16364,00210097,756,1.8309513,OK
16365,00210098,754,1.8299379,OK
16366,00210099,755,1.8305932,OK
16367,00210100,762,1.8298125,OK
16368,00210101,763,1.830565,OK
16369,00210102,755,1.8303955,OK
16370,00210103,756,1.8301104,OK
16371,00210104,755,1.8306133,OK
16372,00210105,755,1.8295082,OK
16373,00210106,755,1.8296288,OK
16374,00210107,756,1.8301324,OK
16375,00210108,760,1.830188,OK
16376,00210109,753,1.8300872,OK
16377,00210110,755,1.8301426,OK
16378,00210111,756,1.8300598,OK
16379,00210112,755,1.8304797,OK
16380,00210113,757,1.8307744,OK
16381,00210114,754,1.8301646,OK
16382,00210115,746,1.8307319,OK
16383,00210116,758,1.8308238,OK
16384,00210117,755,1.830063,OK
16385,00210118,758,1.8301046,OK
16386,00210119,755,1.830292,OK
16387,00210120,754,1.8306817,OK
16388,00210121,760,1.830257,OK
16389,00210122,761,1.8304939,OK
16390,00210123,757,1.830073,OK
16391,00210124,754,1.8300581,OK
16392,00210125,760,1.8297945,OK
16393,00210126,754,1.8313159,OK
16394,00210127,757,1.8311585,OK
16395,00210128,755,1.8296455,OK
16396,00210129,755,1.8297462,OK
16397,00210130,753,1.8308845,OK
16398,00210131,751,1.8299851,OK
16399,00210132,758,1.8306197,OK
16400,00210133,759,1.830231,OK
16401,00210134,757,1.8302641,OK
16402,00210135,758,1.8309318,OK
16403,00210136,757,1.8301481,OK
16404,00210137,761,1.8297904,OK
16405,00210138,760,1.8297642,OK
16406,00210139,752,1.8301855,OK
16407,00210140,759,1.8304485,OK
16408,00210141,757,1.8303231,OK
16409,00210142,763,1.8310397,OK
16410,00210143,757,1.8303062,OK
16411,00210144,752,1.8301945,OK
16412,00210145,756,1.8309731,OK
16413,00210146,758,1.8302501,OK
16414,00210147,758,1.8297193,OK
16415,00210148,756,1.8299145,OK
16416,00210149,757,1.829794,OK
16417,00210150,759,1.8298274,OK
16418,00210151,756,1.8307344,OK
16419,00210152,755,1.8298327,OK
16420,00210153,760,1.8298452,OK
16421,00210154,754,1.8301401,OK
16422,00210155,755,1.8309255,OK
16423,00210156,758,1.8303832,OK
16424,00210157,760,1.830348,OK
16425,00210158,758,1.8303715,OK
16426,00210159,758,1.8303264,OK
16427,00210160,756,1.8301378,OK
16428,00210161,757,1.8298247,OK
16429,00210162,762,1.8301432,OK
16430,00210163,754,1.8314945,OK
16431,00210164,757,1.8314034,OK
16432,00210165,758,1.8304209,OK
16433,00210166,757,1.830021,OK
16434,00210167,756,1.8295721,OK
16435,00210168,750,1.8296839,OK
16436,00210169,751,1.8301412,OK
16437,00210170,759,1.8303255,OK
16438,00210171,755,1.830427,OK
16439,00210172,756,1.8298153,OK
16440,00210173,757,1.8300159,OK
16441,00210174,755,1.8302867,OK
16442,00210175,755,1.8310647,OK
16443,00210176,752,1.8303931,OK
16444,00210177,759,1.8316832,OK
16445,00210178,758,1.8301007,OK
16446,00210179,760,1.8297104,OK
16447,00210180,755,1.8304675,OK
16448,00210181,756,1.829948,OK
16449,00210182,753,1.8301631,OK
16450,00210183,757,1.829902,OK
16451,00210184,757,1.8299066,OK
16452,00210185,751,1.830177,OK
16453,00210186,756,1.8303106,OK
16454,00210187,759,1.8300971,OK
16455,00210188,758,1.8307269,OK
16456,00210189,753,1.829847,OK
16457,00210190,755,1.8305849,OK
16458,00210191,759,1.8310119,OK
16459,00210192,750,1.8307984,OK
16460,00210193,755,1.8300571,OK
16461,00210194,759,1.8302208,OK
16462,00210195,751,1.82999,OK
16463,00210196,760,1.8303136,OK
16464,00210197,758,1.8298135,OK
16465,00210198,751,1.8295976,OK
16466,00210199,756,1.8301896,OK
16467,00210200,754,1.8303251,OK
16468,00210201,756,1.830432,OK
16469,00210202,753,1.8294494,OK
16470,00210203,759,1.8308976,OK
16471,00210204,754,1.8303955,OK
16472,00210205,758,1.8303612,OK
16473,00210206,757,1.8302845,OK
16474,00210207,756,1.8303021,OK
16475,00210208,760,1.8295624,OK
16476,00210209,761,1.8299769,OK
16477,00210210,755,1.8300694,OK
16478,00210211,754,1.8301609,OK
16479,00210212,756,1.8300107,OK
16480,00210213,758,1.8308727,OK
16481,00210214,757,1.8306696,OK
16482,00210215,756,1.829935,OK
16483,00210216,759,1.8298926,OK
16484,00210217,755,1.8302087,OK
16485,00210218,751,1.8302157,OK
16486,00210219,755,1.8303677,OK
16487,00210220,754,1.8295423,OK
16488,00210221,760,1.8304479,OK
16489,00210222,758,1.8293451,OK
16490,00210223,756,1.8301711,OK
16491,00210224,752,1.8299191,OK
16492,00210225,754,1.8298339,OK
16493,00210226,755,1.829975,OK
16494,00210227,754,1.8311384,OK
16495,00210228,754,1.8304777,OK
16496,00210229,757,1.8300675,OK
16497,00210230,755,1.8303397,OK
16498,00210231,753,1.830353,OK
16499,00210232,756,1.8296803,OK
16500,00210233,759,1.8307765,OK
16501,00210234,756,1.8313011,OK
16502,00210235,758,1.8300089,OK
16503,00210236,753,1.8301728,OK
16504,00210237,752,1.8299274,OK
16505,00210238,750,1.8290747,OK
16506,00210239,756,1.830533,OK
16507,00210240,755,1.8303146,OK
16508,00210241,758,1.8301184,OK
16509,00210242,759,1.8302289,OK
16510,00210243,761,1.8303124,OK
16511,00210244,756,1.8295697,OK
16512,00210245,756,1.8297064,OK
16513,00210246,755,1.82924,OK
16514,00210247,752,1.8296142,OK
16515,00210248,756,1.8298404,OK
16516,00210249,752,1.8297888,OK
16517,00210250,752,1.8316222,OK
16518,00210251,755,1.830256,OK
16519,00210252,752,1.8305349,OK
16520,00210253,764,1.8328742,OK
16521,00210254,752,1.8296967,OK
16522,00210255,752,1.8300099,OK
16523,00210256,750,1.8298535,OK
16524,00210257,746,1.8286041,OK
16525,00210258,753,1.8298844,OK
16526,00210259,755,1.8301554,OK
16527,00210260,753,1.8296602,OK
16528,00210261,753,1.8306086,OK
16529,00210262,759,1.8301135,OK
16530,00210263,758,1.8308578,OK
16531,00210264,753,1.8299792,OK
16532,00210265,759,1.830205,OK
16533,00210266,753,1.8297224,OK
16534,00210267,762,1.8310478,OK
16535,00210268,759,1.8296374,OK
16536,00210269,757,1.8303511,OK
16537,00210270,756,1.8288206,OK
16538,00210271,761,1.8293927,OK
16539,00210272,755,1.8301486,OK
16540,00210273,759,1.83163,OK
16541,00210274,759,1.8301469,OK
16542,00210275,756,1.8304285,OK
16543,00210276,754,1.830042,OK
16544,00210277,758,1.8300643,OK
16545,00210278,763,1.8295155,OK
16546,00210279,755,1.8295954,OK
16547,00210280,758,1.8297666,OK
16548,00210281,752,1.8301855,OK
16549,00210282,752,1.829844,OK
16550,00210283,755,1.8305148,OK
16551,00210284,757,1.8295218,OK
16552,00210285,760,1.8302912,OK
16553,00210286,757,1.8307147,OK
16554,00210287,756,1.8307567,OK
16555,00210288,758,1.8301569,OK
16556,00210289,756,1.8302522,OK
16557,00210290,753,1.8297474,OK
16558,00210291,752,1.8300385,OK
16559,00210292,754,1.8300303,OK
16560,00210293,757,1.8299296,OK
16561,00210294,754,1.8296908,OK
16562,00210295,760,1.8300425,OK
16563,00210296,758,1.829881,OK
16564,00210297,759,1.8304232,OK
16565,00210298,754,1.8302168,OK
16566,00210299,755,1.830019,OK
16567,00210300,756,1.8305049,OK
16568,00210301,754,1.8300012,OK
16569,00210302,751,1.8298371,OK
16570,00210303,744,1.8298125,OK
16571,00210304,753,1.8299096,OK
16572,00210305,756,1.8299756,OK
16573,00210306,762,1.830585,OK
16574,00210307,753,1.83012,OK
16575,00210308,756,1.8300345,OK
16576,00210309,752,1.8310713,OK
16577,00210310,758,1.8304182,OK
16578,00210311,756,1.829958,OK
16579,00210312,759,1.8300376,OK
16580,00210313,757,1.829933,OK
16581,00210314,754,1.8299444,OK
16582,00210315,752,1.8305174,OK
16583,00210316,753,1.8296466,OK
16584,00210317,756,1.8298827,OK
16585,00210318,755,1.8301389,OK
16586,00210319,755,1.8295676,OK
16587,00210320,758,1.8295013,OK
16588,00210321,756,1.829244,OK
16589,00210322,753,1.8303125,OK
16590,00210323,755,1.829995,OK
16591,00210324,754,1.8308353,OK
16592,00210325,762,1.8302672,OK
16593,00210326,763,1.8294014,OK
16594,00210327,755,1.830732,OK
16595,00210328,757,1.830152,OK
16596,00210329,750,1.8304425,OK
16597,00210330,751,1.8297579,OK
16598,00210331,756,1.8299111,OK
16599,00210332,756,1.8305578,OK
16600,00210333,754,1.8305988,OK
16601,00210334,748,1.8299862,OK
16602,00210335,751,1.8299595,OK
16603,00210336,747,1.830219,OK
16604,00210337,757,1.830102,OK
16605,00210338,758,1.8303357,OK
16606,00210339,761,1.8312324,OK
16607,00210340,754,1.8302202,OK
16608,00210341,754,1.8299506,OK
16609,00210342,755,1.8300577,OK
16610,00210343,753,1.8295348,OK
16611,00210344,763,1.8306903,OK
16612,00210345,761,1.8301458,OK
16613,00210346,757,1.8303226,OK
16614,00210347,754,1.8305742,OK
16615,00210348,753,1.8298906,OK
16616,00210349,756,1.8305125,OK
16617,00210350,759,1.8300856,OK
16618,00210351,763,1.830736,OK
16619,00210352,758,1.8304337,OK
16620,00210353,755,1.8306227,OK
16621,00210354,752,1.8296171,OK
16622,00210355,761,1.8296915,OK
16623,00210356,753,1.8297795,OK
16624,00210357,763,1.8298873,OK
16625,00210358,761,1.8308501,OK
16626,00210359,760,1.831383,OK
16627,00210360,760,1.8302525,OK
16628,00210361,760,1.8300499,OK
16629,00210362,760,1.830935,OK
16630,00210363,759,1.829757,OK
16631,00210364,758,1.8300805,OK
16632,00210365,761,1.8305732,OK
16633,00210366,755,1.8302497,OK
16634,00210367,760,1.8302802,OK
16635,00210368,754,1.8303428,OK
16636,00210369,756,1.8307027,OK
16637,00210370,757,1.8303359,OK
16638,00210371,759,1.8302791,OK
16639,00210372,757,1.8300562,OK
16640,00210373,763,1.8307325,OK
16641,00210374,760,1.8300958,OK
16642,00210375,759,1.8309244,OK
16643,00210376,757,1.8307383,OK
16644,00210377,759,1.8305733,OK
16645,00210378,755,1.830605,OK
16646,00210379,755,1.8311995,OK
16647,00210380,758,1.8308969,OK
16648,00210381,759,1.8300607,OK
16649,00210382,757,1.8307393,OK
16650,00210383,756,1.8302699,OK
16651,00210384,749,1.8303925,OK
16652,00210385,762,1.8304937,OK
16653,00210386,758,1.8311837,OK
16654,00210387,759,1.8301772,OK
16655,00210388,756,1.8306788,OK
16656,00210389,760,1.8300468,OK
16657,00210390,759,1.8301799,OK
16658,00210391,762,1.8306634,OK
16659,00210392,754,1.8300198,OK
16660,00210393,760,1.8303033,OK
16661,00210394,758,1.8302072,OK
16662,00210395,754,1.830231,OK
16663,00210396,762,1.8300633,OK
16664,00210397,760,1.8307103,OK
16665,00210398,760,1.8301867,OK
16666,00210399,756,1.8299714,OK
16667,00210400,762,1.8302579,OK
16668,00210401,758,1.8304241,OK
16669,00210402,759,1.829799,OK
16670,00210403,757,1.8300155,OK
16671,00210404,761,1.8299329,OK
16672,00210405,762,1.8301013,OK
16673,00210406,755,1.8304548,OK
16674,00210407,761,1.8307965,OK
16675,00210408,756,1.8300699,OK
16676,00210409,756,1.8301941,OK
16677,00210410,760,1.8307611,OK
16678,00210411,757,1.8302417,OK
16679,00210412,762,1.8301361,OK
16680,00210413,759,1.8309187,OK
16681,00210414,754,1.8301775,OK
16682,00210415,761,1.831098,OK
16683,00210416,761,1.8302435,OK
16684,00210417,762,1.8302411,OK
16685,00210418,754,1.8304877,OK
16686,00210419,758,1.8304788,OK
16687,00210420,755,1.8302262,OK
16688,00210421,760,1.8306456,OK
16689,00210422,757,1.8301786,OK
16690,00210423,756,1.8305063,OK
16691,00210424,760,1.8304263,OK
16692,00210425,757,1.8305225,OK
16693,00210426,759,1.8301749,OK
16694,00210427,764,1.8295931,OK
16695,00210428,759,1.8299505,OK
16696,00210429,761,1.8303405,OK
16697,00210430,760,1.8297058,OK
16698,00210431,757,1.8300296,OK
16699,00210432,754,1.8298117,OK
16700,00210433,763,1.8303354,OK
16701,00210434,760,1.8304337,OK
16702,00210435,761,1.8308625,OK
16703,00210436,758,1.8303181,OK
16704,00210437,755,1.8302705,OK
16705,00210438,756,1.8297797,OK
16706,00210439,758,1.8301048,OK
16707,00210440,756,1.8304743,OK
16708,00210441,755,1.8294152,OK
16709,00210442,757,1.8299456,OK
16710,00210443,763,1.8302375,OK
16711,00210444,761,1.8303646,OK
16712,00210445,759,1.8305861,OK
16713,00210446,762,1.8306473,OK
16714,00210447,758,1.8304205,OK
16715,00210448,755,1.8301315,OK
16716,00210449,761,1.8296626,OK
16717,00210450,763,1.8301927,OK
16718,00210451,758,1.8301071,OK
16719,00210452,757,1.8301761,OK
16720,00210453,755,1.8303604,OK
16721,00210454,758,1.8311659,OK
16722,00210455,759,1.8297935,OK
16723,00210456,753,1.829869,OK
16724,00210457,761,1.830379,OK
16725,00210458,761,1.8299973,OK
16726,00210459,758,1.8297629,OK
16727,00210460,758,1.8299046,OK
16728,00210461,755,1.8302628,OK
16729,00210462,756,1.8294084,OK
16730,00210463,756,1.8298687,OK
16731,00210464,758,1.8297187,OK
16732,00210465,763,1.830049,OK
16733,00210466,757,1.8300321,OK
16734,00210467,759,1.8291447,OK
16735,00210468,756,1.8298805,OK
16736,00210469,755,1.8300426,OK
16737,00210470,758,1.8304743,OK
16738,00210471,756,1.8299537,OK
16739,00210472,756,1.8301272,OK
16740,00210473,756,1.8292258,OK
16741,00210474,760,1.8297697,OK
16742,00210475,760,1.8298272,OK
16743,00210476,759,1.8301486,OK
16744,00210477,761,1.8296143,OK
16745,00210478,759,1.8296295,OK
16746,00210479,761,1.8299983,OK
16747,00210480,755,1.8305945,OK
16748,00210481,764,1.8305523,OK
16749,00210482,757,1.8304722,OK
16750,00210483,757,1.8297118,OK
16751,00210484,758,1.8308927,OK
16752,00210485,762,1.8310475,OK
16753,00210486,760,1.8312882,OK
16754,00210487,757,1.830014,OK
16755,00210488,759,1.8298317,OK
16756,00210489,756,1.8299729,OK
16757,00210490,759,1.8297002,OK
16758,00210491,760,1.8303955,OK
16759,00210492,756,1.8301833,OK
16760,00210493,763,1.83036,OK
16761,00210494,760,1.8308591,OK
16762,00210495,758,1.8301654,OK
16763,00210496,757,1.83056,OK
16764,00210497,757,1.8305148,OK
16765,00210498,762,1.8307443,OK
16766,00210499,755,1.8305147,OK
16767,00210500,756,1.8302112,OK
16768,00210501,761,1.8303255,OK
16769,00210502,760,1.8302315,OK
16770,00210503,759,1.8303636,OK
16771,00210504,759,1.8299347,OK
16772,00210505,759,1.8305535,OK
16773,00210506,762,1.8303173,OK
16774,00210507,756,1.8299156,OK
16775,00210508,756,1.8299332,OK
16776,00210509,756,1.8305836,OK
16777,00210510,755,1.8305628,OK
16778,00210511,764,1.8305569,OK
16779,00210512,760,1.8310025,OK
16780,00210513,757,1.8302815,OK
16781,00210514,759,1.8302033,OK
16782,00210515,755,1.8303543,OK
16783,00210516,764,1.8299586,OK
16784,00210517,758,1.8314552,OK
16785,00210518,757,1.82968,OK
16786,00210519,758,1.8303332,OK
16787,00210520,755,1.8307134,OK
16788,00210521,763,1.8302711,OK
16789,00210522,761,1.830216,OK
16790,00210523,759,1.8303747,OK
16791,00210524,754,1.8306086,OK
16792,00210525,760,1.8301395,OK
16793,00210526,762,1.8306465,OK
16794,00210527,756,1.830523,OK
16795,00210528,757,1.8302023,OK
16796,00210529,754,1.829561,OK
16797,00210530,764,1.8295894,OK
16798,00210531,753,1.8300625,OK
16799,00210532,763,1.8307571,OK
16800,00210533,757,1.8302292,OK
16801,00210534,752,1.8301651,OK
16802,00210535,756,1.8297366,OK
16803,00210536,755,1.829806,OK
16804,00210537,759,1.8295319,OK
16805,00210538,755,1.8296002,OK
16806,00210539,757,1.8298563,OK
16807,00210540,760,1.8299786,OK
16808,00210541,756,1.830197,OK
16809,00210542,754,1.8304913,OK
16810,00210543,758,1.8302205,OK
16811,00210544,755,1.8303285,OK
16812,00210545,755,1.8303064,OK
16813,00210546,759,1.8301716,OK
16814,00210547,764,1.8301679,OK
16815,00210548,753,1.8295033,OK
16816,00210549,762,1.8301318,OK
16817,00210550,757,1.8307915,OK
16818,00210551,760,1.8307531,OK
16819,00210552,758,1.829956,OK
16820,00210553,759,1.830477,OK
16821,00210554,760,1.8300096,OK
16822,00210555,757,1.8302401,OK
16823,00210556,759,1.8303471,OK
16824,00210557,761,1.8300387,OK
16825,00210558,756,1.8301387,OK
16826,00210559,760,1.8298529,OK
16827,00210560,756,1.8303186,OK
16828,00210561,761,1.8301394,OK
16829,00210562,759,1.8299533,OK
16830,00210563,759,1.8295743,OK
16831,00210564,756,1.8291858,OK
16832,00210565,756,1.8299751,OK
16833,00210566,758,1.8302104,OK
16834,00210567,761,1.8296655,OK
16835,00210568,759,1.8303232,OK
16836,00210569,754,1.8304813,OK
16837,00210570,758,1.8302718,OK
16838,00210571,758,1.8304174,OK
16839,00210572,762,1.8306471,OK
16840,00210573,760,1.8303007,OK
16841,00210574,760,1.831514,OK
16842,00210575,757,1.8298224,OK
16843,00210576,758,1.8304044,OK
16844,00210577,757,1.8299336,OK
16845,00210578,763,1.8310041,OK
16846,00210579,756,1.8297257,OK
16847,00210580,757,1.8305999,OK
16848,00210581,758,1.8307563,OK
16849,00210582,760,1.8304768,OK
16850,00210583,757,1.8300169,OK
16851,00210584,760,1.8297225,OK
16852,00210585,756,1.8310701,OK
16853,00210586,759,1.8306688,OK
16854,00210587,759,1.8309869,OK
16855,00210588,760,1.8304462,OK
16856,00210589,760,1.8304957,OK
16857,00210590,760,1.8305321,OK
16858,00210591,760,1.8311828,OK
16859,00210592,757,1.8304105,OK
16860,00210593,763,1.8304143,OK
16861,00210594,759,1.8303702,OK
16862,00210595,761,1.830345,OK
16863,00210596,754,1.8310348,OK
16864,00210597,763,1.8302516,OK
16865,00210598,757,1.83036,OK
16866,00210599,754,1.8298566,OK
16867,00210600,758,1.8299541,OK
16868,00210601,757,1.8304639,OK
16869,00210602,761,1.8302376,OK
16870,00210603,757,1.8297614,OK
16871,00210604,758,1.8306872,OK
16872,00210605,754,1.8302286,OK
16873,00210606,759,1.8300749,OK
16874,00210607,757,1.8290092,OK
16875,00210608,764,1.8300852,OK
16876,00210609,757,1.8298656,OK
16877,00210610,760,1.8302188,OK
16878,00210611,754,1.8301239,OK
16879,00210612,758,1.8303086,OK
16880,00210613,761,1.8303084,OK
16881,00210614,754,1.8304813,OK
16882,00210615,759,1.8300326,OK
16883,00210616,758,1.8300378,OK
16884,00210617,757,1.8299333,OK
16885,00210618,759,1.8300794,OK
16886,00210619,758,1.83019,OK
16887,00210620,758,1.8308804,OK
16888,00210621,760,1.8304787,OK
16889,00210622,759,1.830273,OK
16890,00210623,759,1.8301325,OK
16891,00210624,757,1.8303443,OK
16892,00210625,760,1.829691,OK
16893,00210626,756,1.8313644,OK
16894,00210627,757,1.8302715,OK
16895,00210628,757,1.8301909,OK
16896,00210629,757,1.8304126,OK
16897,00210630,758,1.8301854,OK
16898,00210631,762,1.8302546,OK
16899,00210632,754,1.830061,OK
16900,00210633,759,1.830867,OK
16901,00210634,760,1.830188,OK
16902,00210635,761,1.8300257,OK
16903,00210636,758,1.8305591,OK
16904,00210637,763,1.8308963,OK
16905,00210638,761,1.8303849,OK
16906,00210639,757,1.8304996,OK
16907,00210640,759,1.8302293,OK
16908,00210641,755,1.8300596,OK
16909,00210642,760,1.8306991,OK
16910,00210643,759,1.8300081,OK
16911,00210644,757,1.8300115,OK
16912,00210645,760,1.8305924,OK
16913,00210646,758,1.8304945,OK
16914,00210647,758,1.8306806,OK
16915,00210648,757,1.829966,OK
16916,00210649,759,1.8308282,OK
16917,00210650,754,1.8304232,OK
16918,00210651,756,1.8305825,OK
16919,00210652,760,1.8299024,OK
16920,00210653,757,1.8309497,OK
16921,00210654,763,1.8303149,OK
16922,00210655,762,1.830088,OK
16923,00210656,758,1.8305131,OK
16924,00210657,758,1.8304347,OK
16925,00210658,761,1.8308069,OK
16926,00210659,761,1.8301789,OK
16927,00210660,760,1.8303465,OK
16928,00210661,757,1.8306006,OK
16929,00210662,755,1.8302683,OK
16930,00210663,758,1.829745,OK
16931,00210664,762,1.8298209,OK
16932,00210665,758,1.8297399,OK
16933,00210666,760,1.8299717,OK
16934,00210667,757,1.8302268,OK
16935,00210668,761,1.8302982,OK
16936,00210669,760,1.8304276,OK
16937,00210670,758,1.8300904,OK
16938,00210671,757,1.8295707,OK
16939,00210672,759,1.8304578,OK
16940,00210673,762,1.8308337,OK
16941,00210674,762,1.8311288,OK
16942,00210675,756,1.8305373,OK
16943,00210676,759,1.8296722,OK
16944,00210677,758,1.8298175,OK
16945,00210678,759,1.8297676,OK
16946,00210679,762,1.8303348,OK
16947,00210680,759,1.8308287,OK
16948,00210681,758,1.8306824,OK
16949,00210682,758,1.829867,OK
16950,00210683,762,1.830457,OK
16951,00210684,760,1.8301082,OK
16952,00210685,762,1.8299308,OK
16953,00210686,756,1.8300626,OK
16954,00210687,758,1.8303971,OK
16955,00210688,755,1.8299524,OK
16956,00210689,757,1.8303511,OK
16957,00210690,760,1.829794,OK
16958,00210691,767,1.8295029,OK
16959,00210692,759,1.8304933,OK
16960,00210693,756,1.8300745,OK
16961,00210694,758,1.8300986,OK
16962,00210695,758,1.8303323,OK
16963,00210696,761,1.83028,OK
16964,00210697,763,1.8305323,OK
16965,00210698,760,1.8294883,OK
16966,00210699,763,1.8301804,OK
16967,00210700,756,1.8301253,OK
16968,00210701,755,1.8301234,OK
16969,00210702,757,1.8308247,OK
16970,00210703,760,1.8298266,OK
16971,00210704,754,1.8302258,OK
16972,00210705,760,1.8300781,OK
16973,00210706,761,1.8301316,OK
16974,00210707,759,1.8306202,OK
16975,00210708,764,1.8307865,OK
16976,00210709,757,1.830441,OK
16977,00210710,762,1.8301735,OK
16978,00210711,757,1.830395,OK
16979,00210712,756,1.8300321,OK
16980,00210713,764,1.8305185,OK
16981,00210714,759,1.8301942,OK
16982,00210715,761,1.8303733,OK
16983,00210716,757,1.8305578,OK
16984,00210717,766,1.8307917,OK
16985,00210718,758,1.8301672,OK
16986,00210719,754,1.8304986,OK
16987,00210720,756,1.8299822,OK
16988,00210721,757,1.8301994,OK
16989,00210722,752,1.83046,OK
16990,00210723,760,1.8307579,OK
16991,00210724,756,1.8306543,OK
16992,00210725,759,1.8300009,OK
16993,00210726,762,1.83099,OK
16994,00210727,760,1.8302788,OK
16995,00210728,759,1.8314297,OK
16996,00210729,762,1.8297539,OK
16997,00210730,758,1.8303561,OK
16998,00210731,754,1.8306422,OK
16999,00210732,756,1.8302383,OK
17000,00210733,757,1.8299475,OK
17001,00210734,760,1.8301938,OK
17002,00210735,756,1.8306155,OK
17003,00210736,758,1.8303281,OK
17004,00210737,758,1.8297049,OK
17005,00210738,760,1.8297254,OK
17006,00210739,752,1.8302101,OK
17007,00210740,766,1.8300663,OK
17008,00210741,758,1.8294985,OK
17009,00210742,756,1.8300107,OK
17010,00210743,757,1.8301946,OK
17011,00210744,759,1.8302033,OK
17012,00210745,756,1.829246,OK
17013,00210746,758,1.8301924,OK
17014,00210747,760,1.8305354,OK
17015,00210748,759,1.8299096,OK
17016,00210749,758,1.8301011,OK
17017,00210750,759,1.8301727,OK
17018,00210751,754,1.830304,OK
17019,00210752,755,1.8300306,OK
17020,00210753,761,1.830971,OK
17021,00210754,760,1.8300861,OK
17022,00210755,755,1.8301961,OK
17023,00210756,760,1.8299153,OK
17024,00210757,756,1.8310138,OK
17025,00210758,757,1.8302249,OK
17026,00210759,759,1.8303753,OK
17027,00210760,758,1.8299367,OK
17028,00210761,756,1.8302042,OK
17029,00210762,757,1.8299073,OK
17030,00210763,754,1.8297304,OK
17031,00210764,759,1.8303918,OK
17032,00210765,755,1.8302915,OK
17033,00210766,759,1.8301251,OK
17034,00210767,757,1.8304996,OK
17035,00210768,756,1.8303124,OK
17036,00210769,758,1.8299631,OK
17037,00210770,757,1.8304069,OK
17038,00210771,758,1.8304031,OK
17039,00210772,760,1.8298727,OK
17040,00210773,755,1.8316746,OK
17041,00210774,757,1.8299319,OK
17042,00210775,758,1.8302672,OK
17043,00210776,756,1.8301402,OK
17044,00210777,758,1.83057,OK
17045,00210778,759,1.829994,OK
17046,00210779,759,1.8301791,OK
17047,00210780,759,1.8301468,OK
17048,00210781,762,1.8306148,OK
17049,00210782,762,1.8301966,OK
17050,00210783,761,1.8299861,OK
17051,00210784,759,1.8301201,OK
17052,00210785,762,1.8300805,OK
17053,00210786,757,1.8302487,OK
17054,00210787,756,1.8302635,OK
17055,00210788,762,1.8312281,OK
17056,00210789,757,1.8303767,OK
17057,00210790,756,1.8300552,OK
17058,00210791,758,1.8298346,OK
17059,00210792,762,1.8295549,OK
17060,00210793,756,1.8302444,OK
17061,00210794,757,1.8305038,OK
17062,00210795,750,1.83109,OK
17063,00210796,755,1.831037,OK
17064,00210797,759,1.8299465,OK
17065,00210798,751,1.8301129,OK
17066,00210799,754,1.8302921,OK
17067,00210800,754,1.8304615,OK
17068,00210801,750,1.8301878,OK
17069,00210802,745,1.8309091,OK
17070,00210803,742,1.8314828,OK
17071,00210804,740,1.8314489,OK
17072,00210805,742,1.8304743,OK
17073,00210806,744,1.8320514,OK
17074,00210807,746,1.8313533,OK
17075,00210808,747,1.8304266,OK
17076,00210809,752,1.8300843,OK
17077,00210810,758,1.830146,OK
17078,00210811,757,1.8302078,OK
17079,00210812,758,1.8298978,OK
17080,00210813,755,1.8295493,OK
17081,00210814,757,1.8304292,OK
17082,00210815,759,1.8299778,OK
17083,00210816,759,1.829715,OK
17084,00210817,752,1.8299363,OK
17085,00210818,757,1.8296171,OK
17086,00210819,756,1.8297038,OK
17087,00210820,760,1.8292625,OK
17088,00210821,761,1.8294743,OK
17089,00210822,758,1.829621,OK
17090,00210823,758,1.830035,OK
17091,00210824,758,1.8302279,OK
17092,00210825,757,1.830075,OK
17093,00210826,757,1.8299323,OK
17094,00210827,760,1.8296254,OK
17095,00210828,756,1.8297243,OK
17096,00210829,756,1.8292199,OK
17097,00210830,760,1.8296818,OK
17098,00210831,758,1.8299097,OK
17099,00210832,762,1.8299298,OK
17100,00210833,758,1.8303113,OK
17101,00210834,757,1.8301078,OK
17102,00210835,762,1.8301623,OK
17103,00210836,760,1.8295918,OK
17104,00210837,757,1.8308321,OK
17105,00210838,757,1.8297609,OK
17106,00210839,760,1.8294687,OK
17107,00210840,753,1.8296483,OK
17108,00210841,756,1.8306652,OK
17109,00210842,759,1.8297588,OK
17110,00210843,757,1.8298733,OK
17111,00210844,755,1.8301767,OK
17112,00210845,756,1.8300545,OK
17113,00210846,759,1.829991,OK
17114,00210847,756,1.8298646,OK
17115,00210848,753,1.8300616,OK
17116,00210849,757,1.829945,OK
17117,00210850,760,1.8296916,OK
17118,00210851,756,1.8304083,OK
17119,00210852,762,1.8301598,OK
17120,00210853,755,1.8295017,OK
17121,00210854,762,1.8299099,OK
17122,00210855,760,1.8296624,OK
17123,00210856,761,1.8294005,OK
17124,00210857,756,1.8299383,OK
17125,00210858,758,1.8299091,OK
17126,00210859,754,1.8297929,OK
17127,00210860,760,1.8300817,OK
17128,00210861,761,1.8298678,OK
17129,00210862,760,1.8303233,OK
17130,00210863,755,1.8301915,OK
17131,00210864,756,1.8298343,OK
17132,00210865,760,1.8310801,OK
17133,00210866,755,1.8298396,OK
17134,00210867,756,1.8299567,OK
17135,00210868,756,1.830168,OK
17136,00210869,761,1.8304111,OK
17137,00210870,760,1.8302375,OK
17138,00210871,759,1.8294628,OK
17139,00210872,760,1.8297629,OK
17140,00210873,759,1.8300575,OK
17141,00210874,758,1.8300147,OK
17142,00210875,758,1.8300105,OK
17143,00210876,760,1.8296939,OK
17144,00210877,760,1.8298346,OK
17145,00210878,755,1.829963,OK
17146,00210879,759,1.8306406,OK
17147,00210880,762,1.831009,OK
17148,00210881,760,1.8309256,OK
17149,00210882,752,1.8293295,OK
17150,00210883,760,1.8299387,OK
17151,00210884,757,1.8293413,OK
17152,00210885,764,1.831989,OK
17153,00210886,759,1.8300256,OK
17154,00210887,757,1.829743,OK
17155,00210888,757,1.8299617,OK
17156,00210889,756,1.8300134,OK
17157,00210890,762,1.8293927,OK
17158,00210891,761,1.8311082,OK
17159,00210892,758,1.8304641,OK
17160,00210893,761,1.8310018,OK
17161,00210894,762,1.8296626,OK
17162,00210895,758,1.8305452,OK
17163,00210896,757,1.8313906,OK
17164,00210897,756,1.8298947,OK
17165,00210898,755,1.8299242,OK
17166,00210899,762,1.8301717,OK
17167,00210900,760,1.8295875,OK
17168,00210901,757,1.8299907,OK
17169,00210902,759,1.8302141,OK
17170,00210903,760,1.830043,OK
17171,00210904,761,1.829569,OK
17172,00210905,759,1.8301859,OK
17173,00210906,753,1.8297944,OK
17174,00300000,39,1.6939526,OK
17175,00300001,50,1.6985713,OK
17176,00300002,56,1.6995165,OK
17177,00300003,50,1.6935496,OK
17178,00300004,53,1.6977843,OK
17179,00300005,48,1.6977202,OK
17180,00300006,51,1.7027637,OK
17181,00300007,46,1.688797,OK
17182,00300008,47,1.6954324,OK
17183,00300009,58,1.6939156,OK
17184,00300010,47,1.7003051,OK
17185,00300011,60,1.6990412,OK
17186,00300012,48,1.6993259,OK
17187,00300013,52,1.7014376,OK
17188,00300014,55,1.7005858,OK
17189,00300015,57,1.6966921,OK
17190,00300016,54,1.6980819,OK
17191,00300017,45,1.7048557,OK
17192,00300018,52,1.7008604,OK
17193,00300019,48,1.6990374,OK
17194,00300020,51,1.6935707,OK
17195,00300021,50,1.7012722,OK
17196,00300022,36,1.6985106,OK
17197,00300023,50,1.6952581,OK
17198,00300024,40,1.6875439,OK
17199,00300025,51,1.7036921,OK
17200,00300026,51,1.6998395,OK
17201,00300027,51,1.6948884,OK
17202,00300028,51,1.6936789,OK
17203,00300029,44,1.6962147,OK
17204,00300030,49,1.6974993,OK
17205,00300031,53,1.7051156,OK
17206,00300032,48,1.6961204,OK
17207,00300033,51,1.6983917,OK
17208,00300034,50,1.6998799,OK
17209,00300035,52,1.7020434,OK
17210,00300036,41,1.6990273,OK
17211,00300037,56,1.6995575,OK
17212,00300038,46,1.694183,OK
17213,00300039,55,1.6981742,OK
17214,00300040,48,1.6978678,OK
17215,00300041,45,1.6961868,OK
17216,00300042,52,1.6972289,OK
17217,00300043,47,1.6916711,OK
17218,00300044,47,1.6971042,OK
17219,00300045,53,1.6972398,OK
17220,00300046,55,1.7081968,OK
17221,00300047,60,1.7007757,OK
17222,00300048,56,1.6948568,OK
17223,00300049,50,1.6953292,OK
17224,00300050,51,1.6914244,OK
17225,00300051,40,1.6947191,OK
17226,00300052,54,1.7020233,OK
17227,00300053,49,1.6966294,OK
17228,00300054,38,1.6949296,OK
17229,00300055,55,1.6887112,OK
17230,00300056,46,1.6952955,OK
17231,00300057,62,1.7006378,OK
17232,00300058,56,1.6967144,OK
17233,00300059,50,1.6972698,OK
17234,00300060,64,1.7008133,OK
17235,00300061,45,1.6922587,OK
17236,00300062,57,1.6963426,OK
17237,00300063,51,1.6912642,OK
17238,00300064,50,1.6941881,OK
17239,00300065,54,1.6983277,OK
17240,00300066,56,1.7016718,OK
17241,00300067,52,1.7003766,OK
17242,00300068,57,1.7023143,OK
17243,00300069,47,1.6922095,OK
17244,00300070,52,1.7005423,OK
17245,00300071,49,1.6937609,OK
17246,00300072,52,1.701707,OK
17247,00300073,53,1.6998825,OK
17248,00300074,58,1.6989912,OK
17249,00300075,47,1.6964107,OK
17250,00300076,56,1.7045653,OK
17251,00300077,49,1.696755,OK
17252,00300078,49,1.6978439,OK
17253,00300079,50,1.6955006,OK
17254,00300080,52,1.7064599,OK
17255,00300081,56,1.7018394,OK
17256,00300082,46,1.6950972,OK
17257,00300083,55,1.6994649,OK
17258,00300084,53,1.6956583,OK
17259,00300085,57,1.7000928,OK
17260,00300086,53,1.6969309,OK
17261,00300087,45,1.6914469,OK
17262,00300088,51,1.6936096,OK
17263,00300089,57,1.691144,OK
17264,00300090,47,1.7024544,OK
17265,00300091,43,1.6949651,OK
17266,00300092,49,1.6985108,OK
17267,00300093,43,1.6933398,OK
17268,00300094,45,1.693076,OK
17269,00300095,46,1.6965609,OK
17270,00300096,45,1.6958063,OK
17271,00300097,59,1.6963718,OK
17272,00300098,50,1.703309,OK
17273,00300099,56,1.6961768,OK
17274,00300100,46,1.6922998,OK
17275,00300101,56,1.6961552,OK
17276,00300102,51,1.694665,OK
17277,00300103,41,1.6977028,OK
17278,00300104,51,1.6973009,OK
17279,00300105,55,1.7008356,OK
17280,00300106,47,1.6883936,OK
17281,00300107,49,1.7034384,OK
17282,00300108,50,1.6971087,OK
17283,00300109,47,1.6946069,OK
17284,00300110,56,1.6965265,OK
17285,00300111,45,1.700772,OK
17286,00300112,48,1.6937603,OK
17287,00300113,51,1.6910084,OK
17288,00300114,51,1.7031451,OK
17289,00300115,50,1.694295,OK
17290,00300116,45,1.691852,OK
17291,00300117,47,1.6994073,OK
17292,00300118,49,1.6917902,OK
17293,00300119,50,1.692277,OK
17294,00300120,45,1.6969343,OK
17295,00300121,45,1.6931666,OK
17296,00300122,49,1.6988273,OK
17297,00300123,48,1.7024627,OK
17298,00300124,59,1.6980999,OK
17299,00300125,55,1.6889414,OK
17300,00300126,42,1.6974363,OK
17301,00300127,43,1.6859893,OK
17302,00300128,49,1.6963933,OK
17303,00300129,49,1.6970973,OK
17304,00300130,45,1.6982145,OK
17305,00300131,46,1.6978835,OK
17306,00300132,46,1.6979328,OK
17307,00300133,52,1.6978796,OK
17308,00300134,54,1.7001402,OK
17309,00300135,56,1.6930245,OK
17310,00300136,49,1.6901635,OK
17311,00300137,52,1.7013627,OK
17312,00300138,43,1.6897801,OK
17313,00300139,38,1.6909889,OK
17314,00300140,50,1.6993228,OK
17315,00300141,50,1.6946715,OK
17316,00300142,56,1.7053841,OK
17317,00300143,55,1.6940454,OK
17318,00300144,52,1.7010057,OK
17319,00300145,42,1.6931422,OK
17320,00300146,47,1.6924474,OK
17321,00300147,44,1.687632,OK
17322,00300148,57,1.7030715,OK
17323,00300149,48,1.6902269,OK
17324,00300150,51,1.6910312,OK
17325,00300151,52,1.6941514,OK
17326,00300152,50,1.6956328,OK
17327,00300153,44,1.6982635,OK
17328,00300154,45,1.7015655,OK
17329,00300155,45,1.6962938,OK
17330,00300156,52,1.6978228,OK
17331,00300157,50,1.7006395,OK
17332,00300158,45,1.6934916,OK
17333,00300159,49,1.6954305,OK
17334,00300160,51,1.6966357,OK
17335,00300161,44,1.6923661,OK
17336,00300162,51,1.6934351,OK
17337,00300163,55,1.6962849,OK
17338,00300164,51,1.7013562,OK
17339,00300165,47,1.7009909,OK
17340,00300166,50,1.691428,OK
17341,00300167,49,1.6971202,OK
17342,00300168,58,1.7010151,OK
17343,00300169,45,1.6954985,OK
17344,00300170,47,1.7038223,OK
17345,00300171,43,1.6968322,OK
17346,00300172,48,1.6988872,OK
17347,00300173,48,1.7039723,OK
17348,00300174,49,1.6914495,OK
17349,00300175,52,1.6930993,OK
17350,00300176,43,1.6978153,OK
17351,00300177,47,1.700426,OK
17352,00300178,64,1.6914237,OK
17353,00300179,56,1.7003678,OK
17354,00300180,56,1.6975287,OK
17355,00300181,49,1.6973796,OK
17356,00300182,54,1.6948321,OK
17357,00300183,54,1.7056595,OK
17358,00300184,53,1.696302,OK
17359,00300185,49,1.6966807,OK
17360,00300186,50,1.6947774,OK
17361,00300187,47,1.6982735,OK
17362,00300188,55,1.7002308,OK
17363,00300189,53,1.6902632,OK
17364,00300190,52,1.6948806,OK
17365,00300191,55,1.6972729,OK
17366,00300192,53,1.6937916,OK
17367,00300193,45,1.6941805,OK
17368,00300194,48,1.6842571,OK
17369,00300195,59,1.6894455,OK
17370,00300196,50,1.7017788,OK
17371,00300197,51,1.7018832,OK
17372,00300198,53,1.6952368,OK
17373,00300199,52,1.6956658,OK
17374,00300200,52,1.6951743,OK
17375,00300201,46,1.6935213,OK
17376,00300202,56,1.697426,OK
17377,00300203,51,1.7009302,OK
17378,00300204,46,1.7003292,OK
17379,00300205,49,1.6919607,OK
17380,00300206,49,1.694869,OK
17381,00300207,42,1.7012854,OK
17382,00300208,56,1.7043637,OK
17383,00300209,59,1.6997732,OK
17384,00300210,53,1.6927629,OK
17385,00300211,47,1.6974398,OK
17386,00300212,53,1.691879,OK
17387,00300213,57,1.7013133,OK
17388,00300214,58,1.6950836,OK
17389,00300215,44,1.6916337,OK
17390,00300216,53,1.7001699,OK
17391,00300217,58,1.7056348,OK
17392,00300218,49,1.6986691,OK
17393,00300219,56,1.697106,OK
17394,00300220,48,1.6928358,OK
17395,00300221,56,1.6988763,OK
17396,00300222,51,1.6899533,OK
17397,00300223,48,1.695284,OK
17398,00300224,53,1.7014575,OK
17399,00300225,50,1.7013855,OK
17400,00300226,47,1.7017688,OK
17401,00300227,54,1.6979825,OK
17402,00300228,49,1.7076402,OK
17403,00300229,52,1.7042146,OK
17404,00300230,55,1.6983048,OK
17405,00300231,44,1.6919703,OK
17406,00300232,61,1.7030126,OK
17407,00300233,56,1.6901826,OK
17408,00300234,47,1.6887314,OK
17409,00300235,51,1.6940339,OK
17410,00300236,48,1.700894,OK
17411,00300237,53,1.6982769,OK
17412,00300238,58,1.7053977,OK
17413,00300239,56,1.6966245,OK
17414,00300240,47,1.696282,OK
17415,00300241,46,1.6946954,OK
17416,00300242,50,1.6986876,OK
17417,00300243,45,1.7064775,OK
17418,00300244,49,1.6966664,OK
17419,00300245,52,1.7070696,OK
17420,00300246,52,1.694209,OK
17421,00300247,52,1.7011125,OK
17422,00300248,58,1.6979396,OK
17423,00300249,42,1.6935503,OK
17424,00300250,41,1.6955743,OK
17425,00300251,59,1.6976758,OK
17426,00300252,49,1.6989115,OK
17427,00300253,50,1.6919563,OK
17428,00300254,44,1.691636,OK
17429,00300255,54,1.7004747,OK
17430,00300256,48,1.697935,OK
17431,00300257,51,1.7026988,OK
17432,00300258,55,1.6998036,OK
17433,00300259,57,1.701304,OK
17434,00300260,52,1.6954997,OK
17435,00300261,47,1.6987683,OK
17436,00300262,51,1.699588,OK
17437,00300263,44,1.6958611,OK
17438,00300264,48,1.6950983,OK
17439,00300265,50,1.6937561,OK
17440,00300266,58,1.704342,OK
17441,00300267,46,1.6975293,OK
17442,00300268,50,1.6985272,OK
17443,00300269,49,1.696661,OK
17444,00300270,52,1.6949869,OK
17445,00300271,52,1.7019858,OK
17446,00300272,47,1.6899725,OK
17447,00300273,48,1.6967663,OK
17448,00300274,51,1.6937162,OK
17449,00300275,52,1.6944703,OK
17450,00300276,48,1.6963171,OK
17451,00300277,43,1.6903744,OK
17452,00300278,54,1.6949091,OK
17453,00300279,53,1.6953249,OK
17454,00300280,42,1.6888767,OK
17455,00300281,40,1.6876819,OK
17456,00300282,57,1.7041123,OK
17457,00300283,50,1.7029926,OK
17458,00300284,52,1.6991236,OK
17459,00300285,48,1.6973047,OK
17460,00300286,51,1.6917797,OK
17461,00300287,49,1.700037,OK
17462,00300288,50,1.6971824,OK
17463,00300289,58,1.6947072,OK
17464,00300290,52,1.7016214,OK
17465,00300291,47,1.6946089,OK
17466,00300292,46,1.6976975,OK
17467,00300293,52,1.6984951,OK
17468,00300294,43,1.6967454,OK
17469,00300295,44,1.7015289,OK
17470,00300296,40,1.688035,OK
17471,00300297,50,1.7005141,OK
17472,00300298,44,1.6976482,OK
17473,00300299,44,1.7028142,OK
17474,00300300,45,1.6936754,OK
17475,00300301,47,1.6951573,OK
17476,00300302,38,1.6917502,OK
17477,00300303,44,1.698563,OK
17478,00300304,50,1.6938742,OK
17479,00300305,44,1.6915427,OK
17480,00300306,52,1.7042048,OK
17481,00300307,42,1.6894774,OK
17482,00300308,47,1.6984541,OK
17483,00300309,40,1.6978581,OK
17484,00300310,48,1.700272,OK
17485,00300311,45,1.7004399,OK
17486,00300312,48,1.6935626,OK
17487,00300313,44,1.696241,OK
17488,00300314,38,1.6946194,OK
17489,00300315,42,1.6937876,OK
17490,00300316,41,1.6934867,OK
17491,00300317,41,1.6923192,OK
17492,00300318,50,1.6978186,OK
17493,00300319,43,1.6963457,OK
17494,00300320,38,1.6923147,OK
17495,00300321,43,1.7031071,OK
17496,00300322,58,1.697718,OK
17497,00300323,47,1.706333,OK
17498,00300324,50,1.6949975,OK
17499,00300325,40,1.6956612,OK
17500,00300326,53,1.6960454,OK
17501,00300327,56,1.6923805,OK
17502,00300328,44,1.6940932,OK
17503,00300329,40,1.6951202,OK
17504,00300330,45,1.6984751,OK
17505,00300331,48,1.7022387,OK
17506,00300332,50,1.6960338,OK
17507,00300333,49,1.694558,OK
17508,00300334,53,1.7035344,OK
17509,00300335,55,1.7001834,OK
17510,00300336,41,1.7097702,OK
17511,00300337,36,1.6900048,OK
17512,00300338,56,1.7003229,OK
17513,00300339,38,1.6905655,OK
17514,00300340,50,1.6963941,OK
17515,00300341,43,1.7034141,OK
17516,00300342,41,1.6955789,OK
17517,00300343,53,1.6984236,OK
17518,00300344,44,1.7012204,OK
17519,00300345,47,1.6999347,OK
17520,00300346,55,1.7012063,OK
17521,00300347,57,1.7010751,OK
17522,00300348,50,1.6997463,OK
17523,00300349,56,1.7024994,OK
17524,00300350,43,1.7063403,OK
17525,00300351,45,1.6944078,OK
17526,00300352,50,1.695635,OK
17527,00300353,54,1.707241,OK
17528,00300354,58,1.6951855,OK
17529,00300355,50,1.6954122,OK
17530,00300356,50,1.6955206,OK
17531,00300357,50,1.693005,OK
17532,00300358,58,1.7030321,OK
17533,00300359,45,1.6924384,OK
17534,00300360,52,1.6969202,OK
17535,00300361,50,1.6963758,OK
17536,00300362,46,1.704453,OK
17537,00300363,47,1.6958874,OK
17538,00300364,46,1.6905793,OK
17539,00300365,51,1.6949118,OK
17540,00300366,44,1.6938194,OK
17541,00300367,55,1.7012919,OK
17542,00300368,53,1.7070837,OK
17543,00300369,54,1.6996908,OK
17544,00300370,50,1.7004611,OK
17545,00300371,51,1.6992357,OK
17546,00300372,50,1.7032368,OK
17547,00300373,48,1.7118225,OK
17548,00300374,58,1.6989226,OK
17549,00300375,44,1.6927568,OK
17550,00300376,49,1.7010651,OK
17551,00300377,57,1.700163,OK
17552,00300378,55,1.697625,OK
17553,00300379,55,1.6994975,OK
17554,00300380,46,1.6916915,OK
17555,00300381,63,1.7062098,OK
17556,00300382,44,1.6955676,OK
17557,00300383,44,1.6972134,OK
17558,00300384,49,1.6883457,OK
17559,00300385,45,1.7012774,OK
17560,00300386,50,1.6984391,OK
17561,00300387,49,1.7014064,OK
17562,00300388,54,1.7045791,OK
17563,00300389,61,1.7026333,OK
17564,00300390,70,1.701429,OK
17565,00300391,55,1.6983851,OK
17566,00300392,62,1.7004482,OK
17567,00300393,63,1.7042509,OK
17568,00300394,57,1.6976578,OK
17569,00300395,54,1.6927195,OK
17570,00300396,59,1.7034924,OK
17571,00300397,52,1.6934276,OK
17572,00300398,59,1.7018554,OK
17573,00300399,51,1.7005258,OK
17574,00300400,67,1.6913013,OK
17575,00300401,72,1.6968013,OK
17576,00300402,71,1.6931295,OK
17577,00300403,70,1.6913437,OK
17578,00300404,72,1.6986694,OK
17579,00300405,60,1.6998085,OK
17580,00300406,68,1.6875426,OK
17581,00300407,72,1.7028335,OK
17582,00300408,58,1.6953816,OK
17583,00300409,68,1.6963516,OK
17584,00300410,71,1.6896316,OK
17585,00300411,62,1.6878806,OK
17586,00300412,71,1.69526,OK
17587,00300413,70,1.7015156,OK
17588,00300414,75,1.6934018,OK
17589,00300415,66,1.6930586,OK
17590,00300416,66,1.6996484,OK
17591,00300417,71,1.6953369,OK
17592,00300418,59,1.6973321,OK
17593,00300419,60,1.6907933,OK
17594,00300420,67,1.7016903,OK
17595,00300421,61,1.6930126,OK
17596,00300422,68,1.70256,OK
17597,00300423,62,1.6905065,OK
17598,00300424,70,1.6957452,OK
17599,00300425,72,1.6973765,OK
17600,00300426,65,1.6905122,OK
17601,00300427,60,1.6978279,OK
17602,00300428,63,1.6932638,OK
17603,00300429,71,1.6901895,OK
17604,00300430,67,1.6934865,OK
17605,00300431,72,1.7003984,OK
17606,00300432,71,1.693755,OK
17607,00300433,63,1.6979467,OK
17608,00300434,65,1.6953119,OK
17609,00300435,60,1.6904434,OK
17610,00300436,64,1.6951653,OK
17611,00300437,63,1.6932092,OK
17612,00300438,64,1.692427,OK
17613,00300439,55,1.6968075,OK
17614,00300440,80,1.6891234,OK
17615,00300441,72,1.6942297,OK
17616,00300442,66,1.6897337,OK
17617,00300443,56,1.6938754,OK
17618,00300444,57,1.6946533,OK
17619,00300445,63,1.7008276,OK
17620,00300446,60,1.6920257,OK
17621,00300447,69,1.693641,OK
17622,00300448,65,1.6921664,OK
17623,00300449,65,1.7014035,OK
17624,00300450,66,1.6923238,OK
17625,00300451,64,1.6985185,OK
17626,00300452,68,1.6861168,OK
17627,00300453,62,1.6912905,OK
17628,00300454,62,1.6917349,OK
17629,00300455,64,1.6923473,OK
17630,00300456,59,1.6887218,OK
17631,00300457,73,1.6956002,OK
17632,00300458,59,1.6941651,OK
17633,00300459,67,1.693535,OK
17634,00300460,72,1.693913,OK
17635,00300461,55,1.691193,OK
17636,00300462,60,1.6903106,OK
17637,00300463,64,1.6939752,OK
17638,00300464,61,1.6910915,OK
17639,00300465,63,1.6998236,OK
17640,00300466,77,1.6936535,OK
17641,00300467,65,1.6894236,OK
17642,00300468,68,1.6884004,OK
17643,00300469,70,1.68953,OK
17644,00300470,67,1.6906356,OK
17645,00300471,56,1.6950327,OK
17646,00300472,71,1.6896491,OK
17647,00300473,66,1.6970958,OK
17648,00300474,65,1.6900958,OK
17649,00300475,66,1.6858976,OK
17650,00300476,69,1.7004817,OK
17651,00300477,73,1.6903653,OK
17652,00300478,75,1.6938217,OK
17653,00300479,58,1.6884516,OK
17654,00300480,56,1.6931546,OK
17655,00300481,72,1.6940646,OK
17656,00300482,60,1.6953,OK
17657,00300483,72,1.6915817,OK
17658,00300484,75,1.6948758,OK
17659,00300485,64,1.6949562,OK
17660,00300486,59,1.6955032,OK
17661,00300487,62,1.6984308,OK
17662,00300488,64,1.6964724,OK
17663,00300489,66,1.6933175,OK
17664,00300490,58,1.6904302,OK
17665,00300491,64,1.688519,OK
17666,00300492,65,1.6992999,OK
17667,00300493,55,1.6899211,OK
17668,00300494,65,1.693063,OK
17669,00300495,69,1.691433,OK
17670,00300496,54,1.6885278,OK
17671,00300497,69,1.6965024,OK
17672,00300498,63,1.6886504,OK
17673,00300499,65,1.6888773,OK
17674,00300500,62,1.6937743,OK
17675,00300501,66,1.7009615,OK
17676,00300502,64,1.6991582,OK
17677,00300503,57,1.692883,OK
17678,00300504,64,1.6891671,OK
17679,00300505,67,1.6923552,OK
17680,00300506,60,1.6919982,OK
17681,00300507,59,1.6924313,OK
17682,00300508,67,1.6952078,OK
17683,00300509,65,1.687903,OK
17684,00300510,66,1.695704,OK
17685,00300511,64,1.6918864,OK
17686,00300512,66,1.6947943,OK
17687,00300513,64,1.6966324,OK
17688,00300514,73,1.6940099,OK
17689,00300515,59,1.694424,OK
17690,00300516,65,1.6924313,OK
17691,00300517,53,1.6997283,OK
17692,00300518,66,1.6942716,OK
17693,00300519,68,1.6991769,OK
17694,00300520,57,1.6923587,OK
17695,00300521,57,1.694758,OK
17696,00300522,72,1.6961037,OK
17697,00300523,62,1.7022514,OK
17698,00300524,71,1.6956158,OK
17699,00300525,68,1.6931074,OK
17700,00300526,67,1.6967459,OK
17701,00300527,60,1.6927885,OK
17702,00300528,72,1.6890063,OK
17703,00300529,62,1.6947186,OK
17704,00300530,68,1.6914473,OK
17705,00300531,61,1.6867938,OK
17706,00300532,65,1.6921813,OK
17707,00300533,55,1.6929531,OK
17708,00300534,61,1.6951175,OK
17709,00300535,59,1.6922137,OK
17710,00300536,67,1.690753,OK
17711,00300537,60,1.696226,OK
17712,00300538,64,1.6943052,OK
17713,00300539,56,1.6860536,OK
17714,00300540,71,1.6950961,OK
17715,00300541,57,1.6960704,OK
17716,00300542,66,1.6941522,OK
17717,00300543,67,1.7014905,OK
17718,00300544,52,1.6948305,OK
17719,00300545,65,1.6972989,OK
17720,00300546,60,1.6923642,OK
17721,00300547,72,1.6899695,OK
17722,00300548,67,1.696739,OK
17723,00300549,61,1.6913972,OK
17724,00300550,62,1.6981587,OK
17725,00300551,75,1.6887693,OK
17726,00300552,77,1.6993476,OK
17727,00300553,69,1.7016882,OK
17728,00300554,64,1.6911833,OK
17729,00300555,79,1.6948822,OK
17730,00300556,66,1.6916374,OK
17731,00300557,67,1.6904747,OK
17732,00300558,69,1.6968713,OK
17733,00300559,69,1.6963025,OK
17734,00300560,60,1.6883472,OK
17735,00300561,65,1.6964067,OK
17736,00300562,68,1.6963679,OK
17737,00300563,56,1.6954339,OK
17738,00300564,77,1.6919411,OK
17739,00300565,64,1.6922628,OK
17740,00300566,61,1.6950021,OK
17741,00300567,65,1.698151,OK
17742,00300568,71,1.6969318,OK
17743,00300569,66,1.6934032,OK
17744,00300570,65,1.6953322,OK
17745,00300571,64,1.6983539,OK
17746,00300572,65,1.701432,OK
17747,00300573,67,1.6994777,OK
17748,00300574,69,1.6979111,OK
17749,00300575,64,1.702327,OK
17750,00300576,60,1.6955783,OK
17751,00300577,72,1.6929938,OK
17752,00300578,63,1.6904644,OK
17753,00300579,58,1.6932765,OK
17754,00300580,69,1.6900774,OK
17755,00300581,68,1.6950132,OK
17756,00300582,62,1.6948644,OK
17757,00300583,68,1.6902587,OK
17758,00300584,62,1.6958649,OK
17759,00300585,70,1.696417,OK
17760,00300586,71,1.6957678,OK
17761,00300587,70,1.6935353,OK
17762,00300588,67,1.6984277,OK
17763,00300589,55,1.6947707,OK
17764,00300590,60,1.6940216,OK
17765,00300591,57,1.688019,OK
17766,00300592,67,1.695617,OK
17767,00300593,66,1.6927283,OK
17768,00300594,65,1.6975663,OK
17769,00300595,62,1.6885244,OK
17770,00300596,64,1.6936424,OK
17771,00300597,57,1.7007971,OK
17772,00300598,64,1.6984985,OK
17773,00300599,69,1.6948966,OK
17774,00300600,123,1.6994607,OK
17775,00300601,133,1.7040378,OK
17776,00300602,123,1.6988744,OK
17777,00300603,111,1.6932018,OK
17778,00300604,122,1.6988686,OK
17779,00300605,125,1.6983376,OK
17780,00300606,124,1.7015344,OK
17781,00300607,128,1.7144959,OK
17782,00300608,127,1.7045107,OK
17783,00300609,118,1.6959475,OK
17784,00300610,119,1.7024597,OK
17785,00300611,134,1.7092563,OK
17786,00300612,130,1.7015359,OK
17787,00300613,119,1.7025164,OK
17788,00300614,117,1.696659,OK
17789,00300615,128,1.7061362,OK
17790,00300616,121,1.7009197,OK
17791,00300617,117,1.7008063,OK
17792,00300618,126,1.7056664,OK
17793,00300619,125,1.7037584,OK
17794,00300620,125,1.7040226,OK
17795,00300621,117,1.6976564,OK
17796,00300622,121,1.6949595,OK
17797,00300623,121,1.692683,OK
17798,00300624,127,1.6985878,OK
17799,00300625,120,1.7108277,OK
17800,00300626,122,1.7014542,OK
17801,00300627,111,1.7023025,OK
17802,00300628,116,1.6968933,OK
17803,00300629,122,1.7014782,OK
17804,00300630,130,1.7069784,OK
17805,00300631,118,1.6967676,OK
17806,00300632,125,1.708577,OK
17807,00300633,122,1.6934228,OK
17808,00300634,123,1.7036296,OK
17809,00300635,121,1.7040255,OK
17810,00300636,122,1.7021534,OK
17811,00300637,121,1.6945915,OK
17812,00300638,125,1.7057678,OK
17813,00300639,128,1.6965097,OK
17814,00300640,122,1.7009592,OK
17815,00300641,123,1.6987365,OK
17816,00300642,128,1.7165067,OK
17817,00300643,124,1.6975433,OK
17818,00300644,114,1.7061781,OK
17819,00300645,118,1.6965433,OK
17820,00300646,118,1.7012498,OK
17821,00300647,131,1.6991924,OK
17822,00300648,128,1.7065372,OK
17823,00300649,117,1.6963972,OK
17824,00300650,126,1.7078855,OK
17825,00300651,113,1.6933188,OK
17826,00300652,131,1.7012709,OK
17827,00300653,120,1.7006989,OK
17828,00300654,127,1.7050475,OK
17829,00300655,111,1.6991785,OK
17830,00300656,117,1.6958185,OK
17831,00300657,131,1.6987671,OK
17832,00300658,131,1.7054751,OK
17833,00300659,129,1.6989014,OK
17834,00300660,125,1.6955279,OK
17835,00300661,118,1.6982716,OK
17836,00300662,118,1.6948545,OK
17837,00300663,122,1.6981955,OK
17838,00300664,123,1.6973467,OK
17839,00300665,121,1.702144,OK
17840,00300666,132,1.7045443,OK
17841,00300667,134,1.713475,OK
17842,00300668,126,1.7094116,OK
17843,00300669,132,1.7040398,OK
17844,00300670,125,1.704474,OK
17845,00300671,126,1.6933627,OK
17846,00300672,119,1.6974764,OK
17847,00300673,131,1.699521,OK
17848,00300674,124,1.6983768,OK
17849,00300675,119,1.696769,OK
17850,00300676,142,1.7075464,OK
17851,00300677,109,1.6964256,OK
17852,00300678,121,1.6931878,OK
17853,00300679,125,1.7129933,OK
17854,00300680,123,1.705225,OK
17855,00300681,111,1.7035812,OK
17856,00300682,130,1.7096201,OK
17857,00300683,131,1.7155608,OK
17858,00300684,128,1.7216849,OK
17859,00300685,132,1.705265,OK
17860,00300686,121,1.7003782,OK
17861,00300687,134,1.7006984,OK
17862,00300688,119,1.6952409,OK
17863,00300689,124,1.7043531,OK
17864,00300690,123,1.696684,OK
17865,00300691,129,1.7000886,OK
17866,00300692,117,1.6979934,OK
17867,00300693,132,1.7069758,OK
17868,00300694,137,1.7075143,OK
17869,00300695,118,1.728861,OK
17870,00300696,118,1.7097697,OK
17871,00300697,127,1.6974632,OK
17872,00300698,127,1.710504,OK
17873,00300699,121,1.7013392,OK
17874,00300700,122,1.7125057,OK
17875,00300701,126,1.6976763,OK
17876,00300702,126,1.7030622,OK
17877,00300703,120,1.6954893,OK
17878,00300704,118,1.698493,OK
17879,00300705,122,1.7091302,OK
17880,00300706,124,1.7045277,OK
17881,00300707,118,1.6934155,OK
17882,00300708,123,1.7153598,OK
17883,00300709,117,1.6938022,OK
17884,00300710,131,1.7069216,OK
17885,00300711,137,1.7130212,OK
17886,00300712,124,1.7036041,OK
17887,00300713,123,1.7110412,OK
17888,00300714,118,1.6966645,OK
17889,00300715,108,1.7049723,OK
17890,00300716,105,1.6913866,OK
17891,00300717,120,1.7094231,OK
17892,00300718,120,1.71135,OK
17893,00300719,122,1.7016035,OK
17894,00300720,134,1.712673,OK
17895,00300721,133,1.722439,OK
17896,00300722,117,1.7031409,OK
17897,00300723,122,1.7061139,OK
17898,00300724,119,1.6976815,OK
17899,00300725,111,1.694513,OK
17900,00300726,110,1.697106,OK
17901,00300727,119,1.6991359,OK
17902,00300728,111,1.7057874,OK
17903,00300729,129,1.7030091,OK
17904,00300730,117,1.6974108,OK
17905,00300731,114,1.6988232,OK
17906,00300732,109,1.6889032,OK
17907,00300733,108,1.6946607,OK
17908,00300734,118,1.6942637,OK
17909,00300735,117,1.6969151,OK
17910,00300736,101,1.6904399,OK
17911,00300737,117,1.6980591,OK
17912,00300738,116,1.7144759,OK
17913,00300739,110,1.7009424,OK
17914,00300740,112,1.7019234,OK
17915,00300741,109,1.6981561,OK
17916,00300742,108,1.7002975,OK
17917,00300743,106,1.7010343,OK
17918,00300744,118,1.7102032,OK
17919,00300745,118,1.699544,OK
17920,00300746,118,1.7022487,OK
17921,00300747,127,1.702098,OK
17922,00300748,130,1.7069747,OK
17923,00300749,114,1.7067907,OK
17924,00300750,113,1.6976084,OK
17925,00300751,111,1.6950802,OK
17926,00300752,108,1.7007083,OK
17927,00300753,109,1.7056237,OK
17928,00300754,107,1.6995803,OK
17929,00300755,117,1.700636,OK
17930,00300756,122,1.701571,OK
17931,00300757,100,1.6968402,OK
17932,00300758,114,1.7072121,OK
17933,00300759,118,1.706712,OK
17934,00300760,128,1.7022654,OK
17935,00300761,120,1.6981988,OK
17936,00300762,112,1.6997861,OK
17937,00300763,114,1.6963733,OK
17938,00300764,110,1.6982538,OK
17939,00300765,108,1.6922927,OK
17940,00300766,116,1.6992456,OK
17941,00300767,117,1.6950817,OK
17942,00300768,118,1.6985065,OK
17943,00300769,125,1.7224457,OK
17944,00300770,124,1.7041051,OK
17945,00300771,114,1.7032973,OK
17946,00300772,116,1.7133797,OK
17947,00300773,119,1.7167429,OK
17948,00300774,121,1.6968222,OK
17949,00300775,113,1.6997088,OK
17950,00300776,118,1.7086687,OK
17951,00300777,107,1.6959006,OK
17952,00300778,121,1.7113831,OK
17953,00300779,115,1.6993577,OK
17954,00300780,133,1.7120848,OK
17955,00300781,114,1.6952709,OK
17956,00300782,113,1.7061105,OK
17957,00300783,133,1.7084478,OK
17958,00300784,114,1.6931955,OK
17959,00300785,117,1.7063947,OK
17960,00300786,127,1.7015023,OK
17961,00300787,107,1.6969033,OK
17962,00300788,109,1.7040997,OK
17963,00300789,124,1.706222,OK
17964,00300790,121,1.6943798,OK
17965,00300791,122,1.7044646,OK
17966,00300792,126,1.6982969,OK
17967,00300793,120,1.7153435,OK
17968,00300794,124,1.7076241,OK
17969,00300795,119,1.6988274,OK
17970,00300796,117,1.6985743,OK
17971,00300797,113,1.6944842,OK
17972,00300798,117,1.6982675,OK
17973,00300799,120,1.7068255,OK
17974,00300800,99,1.698445,OK
17975,00300801,107,1.706979,OK
17976,00300802,104,1.6892823,OK
17977,00300803,99,1.6945691,OK
17978,00300804,105,1.7013193,OK
17979,00300805,110,1.6986831,OK
17980,00300806,110,1.6968817,OK
17981,00300807,100,1.6922346,OK
17982,00300808,111,1.7023286,OK
17983,00300809,99,1.6964822,OK
17984,00300810,97,1.6883743,OK
17985,00300811,94,1.6912905,OK
17986,00300812,111,1.6935009,OK
17987,00300813,103,1.7007426,OK
17988,00300814,93,1.6906593,OK
17989,00300815,98,1.689441,OK
17990,00300816,109,1.6912464,OK
17991,00300817,90,1.7013147,OK
17992,00300818,106,1.6955177,OK
17993,00300819,97,1.6944079,OK
17994,00300820,99,1.6964962,OK
17995,00300821,105,1.7019387,OK
17996,00300822,105,1.7029457,OK
17997,00300823,108,1.697194,OK
17998,00300824,100,1.6974167,OK
17999,00300825,100,1.6961873,OK
18000,00300826,122,1.7075193,OK
18001,00300827,117,1.7080122,OK
18002,00300828,112,1.7077444,OK
18003,00300829,104,1.6935933,OK
18004,00300830,114,1.7071846,OK
18005,00300831,110,1.7079542,OK
18006,00300832,111,1.7048278,OK
18007,00300833,114,1.7009969,OK
18008,00300834,126,1.7023578,OK
18009,00300835,108,1.6965187,OK
18010,00300836,108,1.704168,OK
18011,00300837,95,1.6942306,OK
18012,00300838,105,1.6976563,OK
18013,00300839,106,1.6973609,OK
18014,00300840,105,1.7002217,OK
18015,00300841,108,1.6922075,OK
18016,00300842,100,1.6923783,OK
18017,00300843,108,1.6986413,OK
18018,00300844,114,1.7040087,OK
18019,00300845,123,1.7079961,OK
18020,00300846,100,1.6925064,OK
18021,00300847,117,1.705293,OK
18022,00300848,118,1.7013072,OK
18023,00300849,110,1.7026435,OK
18024,00300850,98,1.6963176,OK
18025,00300851,99,1.693845,OK
18026,00300852,113,1.703765,OK
18027,00300853,106,1.6962293,OK
18028,00300854,123,1.708705,OK
18029,00300855,103,1.6918231,OK
18030,00300856,110,1.7035469,OK
18031,00300857,121,1.6998707,OK
18032,00300858,112,1.7098697,OK
18033,00300859,113,1.7008419,OK
18034,00300860,107,1.708856,OK
18035,00300861,107,1.6956315,OK
18036,00300862,111,1.6936328,OK
18037,00300863,114,1.6955497,OK
18038,00300864,106,1.6974074,OK
18039,00300865,123,1.7030417,OK
18040,00300866,119,1.7023672,OK
18041,00300867,113,1.7028633,OK
18042,00300868,106,1.7038541,OK
18043,00300869,108,1.7084826,OK
18044,00300870,117,1.7007679,OK
18045,00300871,103,1.6896745,OK
18046,00300872,104,1.6992575,OK
18047,00300873,114,1.7028911,OK
18048,00300874,107,1.6954632,OK
18049,00300875,111,1.7019295,OK
18050,00300876,119,1.7098447,OK
18051,00300877,132,1.7157634,OK
18052,00300878,108,1.7005827,OK
18053,00300879,119,1.7022852,OK
18054,00300880,119,1.6966172,OK
18055,00300881,118,1.7019854,OK
18056,00300882,115,1.6977177,OK
18057,00300883,119,1.7024049,OK
18058,00300884,115,1.6946377,OK
18059,00300885,105,1.6959966,OK
18060,00300886,115,1.705442,OK
18061,00300887,102,1.6961787,OK
18062,00300888,105,1.6997672,OK
18063,00300889,114,1.699208,OK
18064,00300890,112,1.6953506,OK
18065,00300891,114,1.6997619,OK
18066,00300892,113,1.7030818,OK
18067,00300893,117,1.6985294,OK
18068,00300894,101,1.7013334,OK
18069,00300895,120,1.711693,OK
18070,00300896,112,1.7079207,OK
18071,00300897,123,1.7107749,OK
18072,00300898,97,1.6924253,OK
18073,00300899,115,1.6960396,OK
18074,00300900,118,1.6998391,OK
18075,00300901,112,1.7034465,OK
18076,00300902,112,1.7115678,OK
18077,00300903,117,1.7049658,OK
18078,00300904,104,1.6963805,OK
18079,00300905,108,1.7035209,OK
18080,00300906,103,1.6943799,OK
18081,00300907,114,1.703255,OK
18082,00300908,109,1.710216,OK
18083,00300909,110,1.7002211,OK
18084,00300910,112,1.6976863,OK
18085,00300911,115,1.704803,OK
18086,00300912,111,1.7109208,OK
18087,00300913,107,1.6981312,OK
18088,00300914,115,1.7053301,OK
18089,00300915,102,1.7009676,OK
18090,00300916,116,1.699567,OK
18091,00300917,107,1.6926366,OK
18092,00300918,115,1.7068766,OK
18093,00300919,115,1.6984152,OK
18094,00300920,115,1.7009497,OK
18095,00300921,109,1.701358,OK
18096,00300922,116,1.7006996,OK
18097,00300923,114,1.6948776,OK
18098,00300924,103,1.6942888,OK
18099,00300925,135,1.7008078,OK
18100,00300926,111,1.6992698,OK
18101,00300927,114,1.6930631,OK
18102,00300928,122,1.7013829,OK
18103,00300929,114,1.7097635,OK
18104,00300930,109,1.6938363,OK
18105,00300931,121,1.7012607,OK
18106,00300932,120,1.6968732,OK
18107,00300933,115,1.6941195,OK
18108,00300934,114,1.6941911,OK
18109,00300935,108,1.7161386,OK
18110,00300936,107,1.7024952,OK
18111,00300937,117,1.7005644,OK
18112,00300938,111,1.7015954,OK
18113,00300939,116,1.699642,OK
18114,00300940,110,1.6996799,OK
18115,00300941,119,1.7046599,OK
18116,00300942,106,1.6966519,OK
18117,00300943,111,1.7069645,OK
18118,00300944,109,1.7014687,OK
18119,00300945,122,1.7082052,OK
18120,00300946,112,1.7016951,OK
18121,00300947,92,1.6940684,OK
18122,00300948,113,1.7031972,OK
18123,00300949,114,1.704491,OK
18124,00300950,117,1.6904312,OK
18125,00300951,110,1.6943581,OK
18126,00300952,121,1.7027004,OK
18127,00300953,106,1.6945155,OK
18128,00300954,114,1.6985459,OK
18129,00300955,120,1.7017891,OK
18130,00300956,111,1.6954825,OK
18131,00300957,113,1.7037139,OK
18132,00300958,106,1.7001197,OK
18133,00300959,120,1.6987598,OK
18134,00300960,111,1.6975585,OK
18135,00300961,113,1.7041652,OK
18136,00300962,107,1.6970316,OK
18137,00300963,104,1.6958932,OK
18138,00300964,97,1.6982261,OK
18139,00300965,112,1.703088,OK
18140,00300966,129,1.7015411,OK
18141,00300967,117,1.6955636,OK
18142,00300968,120,1.7066945,OK
18143,00300969,111,1.693617,OK
18144,00300970,111,1.6965629,OK
18145,00300971,113,1.7040912,OK
18146,00300972,103,1.7021502,OK
18147,00300973,106,1.7035345,OK
18148,00300974,103,1.6898603,OK
18149,00300975,108,1.6957297,OK
18150,00300976,102,1.6889055,OK
18151,00300977,122,1.7059246,OK
18152,00300978,105,1.6972395,OK
18153,00300979,97,1.6937072,OK
18154,00300980,91,1.6949629,OK
18155,00300981,113,1.6956471,OK
18156,00300982,108,1.695685,OK
18157,00300983,109,1.6941801,OK
18158,00300984,98,1.6938143,OK
18159,00300985,110,1.6974074,OK
18160,00300986,103,1.6938301,OK
18161,00300987,105,1.707659,OK
18162,00300988,107,1.6921083,OK
18163,00300989,100,1.6970752,OK
18164,00300990,118,1.704672,OK
18165,00300991,105,1.6965437,OK
18166,00300992,99,1.6966373,OK
18167,00300993,105,1.6927366,OK
18168,00300994,114,1.7025248,OK
18169,00300995,111,1.6930003,OK
18170,00300996,112,1.7002741,OK
18171,00300997,106,1.6979678,OK
18172,00300998,113,1.7029324,OK
18173,00300999,112,1.6988351,OK
18174,00301000,128,1.7025517,OK
18175,00301001,122,1.7077669,OK
18176,00301002,110,1.7037244,OK
18177,00301003,116,1.7113589,OK
18178,00301004,120,1.7024373,OK
18179,00301005,119,1.702418,OK
18180,00301006,118,1.7042006,OK
18181,00301007,116,1.7045069,OK
18182,00301008,120,1.7060528,OK
18183,00301009,123,1.703821,OK
18184,00301010,115,1.7093146,OK
18185,00301011,129,1.7125312,OK
18186,00301012,117,1.7065238,OK
18187,00301013,115,1.710342,OK
18188,00301014,133,1.7092602,OK
18189,00301015,133,1.7087879,OK
18190,00301016,129,1.7092811,OK
18191,00301017,128,1.7162323,OK
18192,00301018,104,1.7007059,OK
18193,00301019,135,1.7109733,OK
18194,00301020,129,1.7068523,OK
18195,00301021,113,1.7043681,OK
18196,00301022,119,1.7013206,OK
18197,00301023,122,1.7094704,OK
18198,00301024,125,1.707125,OK
18199,00301025,113,1.6986754,OK
18200,00301026,110,1.7009221,OK
18201,00301027,128,1.7022398,OK
18202,00301028,130,1.702971,OK
18203,00301029,122,1.7008125,OK
18204,00301030,106,1.713198,OK
18205,00301031,139,1.7119994,OK
18206,00301032,131,1.7158425,OK
18207,00301033,111,1.7089138,OK
18208,00301034,127,1.7126644,OK
18209,00301035,131,1.7102419,OK
18210,00301036,135,1.7184714,OK
18211,00301037,119,1.6990668,OK
18212,00301038,116,1.7166445,OK
18213,00301039,123,1.7095132,OK
18214,00301040,121,1.7080175,OK
18215,00301041,121,1.711222,OK
18216,00301042,127,1.7134408,OK
18217,00301043,154,1.7223499,OK
18218,00301044,125,1.7160544,OK
18219,00301045,128,1.7159085,OK
18220,00301046,142,1.7243651,OK
18221,00301047,124,1.7198583,OK
18222,00301048,126,1.7089756,OK
18223,00301049,122,1.702484,OK
18224,00301050,121,1.708878,OK
18225,00301051,130,1.7097234,OK
18226,00301052,126,1.7098626,OK
18227,00301053,123,1.7072573,OK
18228,00301054,120,1.7166564,OK
18229,00301055,117,1.71353,OK
18230,00301056,140,1.7100153,OK
18231,00301057,117,1.7138878,OK
18232,00301058,125,1.7237575,OK
18233,00301059,134,1.7164692,OK
18234,00301060,124,1.7100744,OK
18235,00301061,135,1.717754,OK
18236,00301062,127,1.7236502,OK
18237,00301063,123,1.7221384,OK
18238,00301064,128,1.7030966,OK
18239,00301065,109,1.6996301,OK
18240,00301066,122,1.7123595,OK
18241,00301067,136,1.7117103,OK
18242,00301068,129,1.715095,OK
18243,00301069,133,1.718254,OK
18244,00301070,140,1.7153956,OK
18245,00301071,130,1.709647,OK
18246,00301072,141,1.7198077,OK
18247,00301073,126,1.714814,OK
18248,00301074,124,1.7027245,OK
18249,00301075,126,1.7241517,OK
18250,00301076,118,1.7090169,OK
18251,00301077,133,1.7136908,OK
18252,00301078,140,1.7153678,OK
18253,00301079,136,1.7184802,OK
18254,00301080,139,1.7216856,OK
18255,00301081,127,1.7180882,OK
18256,00301082,128,1.713175,OK
18257,00301083,118,1.7171143,OK
18258,00301084,134,1.7158914,OK
18259,00301085,128,1.7132715,OK
18260,00301086,128,1.7045479,OK
18261,00301087,116,1.7095658,OK
18262,00301088,118,1.7040684,OK
18263,00301089,128,1.7115903,OK
18264,00301090,120,1.7144717,OK
18265,00301091,116,1.7139204,OK
18266,00301092,113,1.7080015,OK
18267,00301093,110,1.7035768,OK
18268,00301094,126,1.7087735,OK
18269,00301095,116,1.7015253,OK
18270,00301096,124,1.7031676,OK
18271,00301097,112,1.7011359,OK
18272,00301098,112,1.7021378,OK
18273,00301099,117,1.6998366,OK
18274,00301100,116,1.6994269,OK
18275,00301101,105,1.6930661,OK
18276,00301102,102,1.6895448,OK
18277,00301103,112,1.6955324,OK
18278,00301104,117,1.6955732,OK
18279,00301105,110,1.7021407,OK
18280,00301106,119,1.6994314,OK
18281,00301107,117,1.6963556,OK
18282,00301108,118,1.6988072,OK
18283,00301109,107,1.6930695,OK
18284,00301110,120,1.7029005,OK
18285,00301111,114,1.6980101,OK
18286,00301112,114,1.6975948,OK
18287,00301113,101,1.6911849,OK
18288,00301114,106,1.6942626,OK
18289,00301115,122,1.6992153,OK
18290,00301116,119,1.6976882,OK
18291,00301117,116,1.6958686,OK
18292,00301118,116,1.7017266,OK
18293,00301119,107,1.6958684,OK
18294,00301120,118,1.701275,OK
18295,00301121,113,1.6940517,OK
18296,00301122,106,1.6975168,OK
18297,00301123,102,1.6960231,OK
18298,00301124,114,1.7071728,OK
18299,00301125,117,1.7086128,OK
18300,00301126,118,1.7130692,OK
18301,00301127,122,1.710941,OK
18302,00301128,127,1.7176481,OK
18303,00301129,125,1.704786,OK
18304,00301130,110,1.7095486,OK
18305,00301131,112,1.7082428,OK
18306,00301132,107,1.7047683,OK
18307,00301133,120,1.7205741,OK
18308,00301134,123,1.7005243,OK
18309,00301135,119,1.710002,OK
18310,00301136,121,1.705506,OK
18311,00301137,109,1.7018253,OK
18312,00301138,114,1.7026725,OK
18313,00301139,115,1.7110534,OK
18314,00301140,120,1.7059821,OK
18315,00301141,117,1.7053295,OK
18316,00301142,115,1.7071655,OK
18317,00301143,109,1.7004802,OK
18318,00301144,113,1.6964308,OK
18319,00301145,117,1.6988266,OK
18320,00301146,118,1.7016476,OK
18321,00301147,118,1.706399,OK
18322,00301148,106,1.699408,OK
18323,00301149,104,1.7043865,OK
18324,00301150,117,1.703118,OK
18325,00301151,116,1.6996578,OK
18326,00301152,101,1.6962394,OK
18327,00301153,110,1.6944083,OK
18328,00301154,113,1.6971453,OK
18329,00301155,122,1.7059264,OK
18330,00301156,116,1.7018409,OK
18331,00301157,108,1.6906482,OK
18332,00301158,111,1.6958705,OK
18333,00301159,105,1.6960498,OK
18334,00301160,108,1.6967424,OK
18335,00301161,118,1.6939394,OK
18336,00301162,106,1.6952487,OK
18337,00301163,105,1.7005779,OK
18338,00301164,116,1.696682,OK
18339,00301165,106,1.694393,OK
18340,00301166,111,1.6962234,OK
18341,00301167,110,1.694802,OK
18342,00301168,108,1.6937888,OK
18343,00301169,118,1.696721,OK
18344,00301170,111,1.6977609,OK
18345,00301171,116,1.7051705,OK
18346,00301172,104,1.6898868,OK
18347,00301173,105,1.7002429,OK
18348,00301174,108,1.692151,OK
18349,00301175,119,1.701918,OK
18350,00301176,119,1.6933814,OK
18351,00301177,105,1.6928174,OK
18352,00301178,120,1.6892532,OK
18353,00301179,109,1.6927371,OK
18354,00301180,127,1.6998938,OK
18355,00301181,115,1.6951208,OK
18356,00301182,122,1.694423,OK
18357,00301183,119,1.6989319,OK
18358,00301184,111,1.6933608,OK
18359,00301185,111,1.697972,OK
18360,00301186,104,1.6907566,OK
18361,00301187,111,1.6973369,OK
18362,00301188,114,1.6993358,OK
18363,00301189,113,1.6940271,OK
18364,00301190,97,1.6939564,OK
18365,00301191,120,1.7002487,OK
18366,00301192,110,1.6955504,OK
18367,00301193,99,1.6929286,OK
18368,00301194,112,1.6988909,OK
18369,00301195,116,1.7007085,OK
18370,00301196,124,1.7007729,OK
18371,00301197,126,1.7107191,OK
18372,00301198,109,1.7006192,OK
18373,00301199,111,1.6996934,OK
18374,00301200,126,1.6939021,OK
18375,00301201,128,1.6966398,OK
18376,00301202,136,1.6977048,OK
18377,00301203,127,1.6986829,OK
18378,00301204,136,1.6988955,OK
18379,00301205,132,1.693625,OK
18380,00301206,120,1.6920259,OK
18381,00301207,132,1.6955165,OK
18382,00301208,129,1.6954125,OK
18383,00301209,117,1.6901952,OK
18384,00301210,132,1.6960787,OK
18385,00301211,133,1.6971451,OK
18386,00301212,122,1.6926261,OK
18387,00301213,126,1.6970384,OK
18388,00301214,128,1.6983504,OK
18389,00301215,120,1.6963544,OK
18390,00301216,125,1.692587,OK
18391,00301217,127,1.7045758,OK
18392,00301218,132,1.6980867,OK
18393,00301219,128,1.695323,OK
18394,00301220,133,1.6989363,OK
18395,00301221,127,1.6909823,OK
18396,00301222,119,1.6872351,OK
18397,00301223,131,1.6887754,OK
18398,00301224,126,1.6899142,OK
18399,00301225,120,1.6888291,OK
18400,00301226,127,1.689551,OK
18401,00301227,119,1.6892323,OK
18402,00301228,131,1.6901834,OK
18403,00301229,128,1.6965225,OK
18404,00301230,129,1.7018445,OK
18405,00301231,125,1.7025974,OK
18406,00301232,131,1.6923469,OK
18407,00301233,129,1.6922798,OK
18408,00301234,131,1.6997982,OK
18409,00301235,135,1.703545,OK
18410,00301236,130,1.7004805,OK
18411,00301237,129,1.6931823,OK
18412,00301238,125,1.6978877,OK
18413,00301239,135,1.6970056,OK
18414,00301240,120,1.6983768,OK
18415,00301241,130,1.6943412,OK
18416,00301242,129,1.692137,OK
18417,00301243,140,1.6957414,OK
18418,00301244,126,1.6980557,OK
18419,00301245,130,1.6943035,OK
18420,00301246,125,1.6940812,OK
18421,00301247,115,1.6860403,OK
18422,00301248,122,1.6865344,OK
18423,00301249,125,1.6892567,OK
18424,00301250,130,1.6992234,OK
18425,00301251,132,1.6946522,OK
18426,00301252,128,1.6892914,OK
18427,00301253,132,1.6880751,OK
18428,00301254,127,1.6902462,OK
18429,00301255,128,1.6955171,OK
18430,00301256,134,1.6873269,OK
18431,00301257,132,1.696212,OK
18432,00301258,124,1.6897624,OK
18433,00301259,124,1.6898569,OK
18434,00301260,128,1.6880496,OK
18435,00301261,127,1.6909785,OK
18436,00301262,134,1.7055231,OK
18437,00301263,132,1.6953943,OK
18438,00301264,132,1.69348,OK
18439,00301265,133,1.6950028,OK
18440,00301266,123,1.692496,OK
18441,00301267,127,1.6901754,OK
18442,00301268,126,1.6977787,OK
18443,00301269,128,1.6938728,OK
18444,00301270,122,1.6861815,OK
18445,00301271,127,1.6924251,OK
18446,00301272,129,1.6911433,OK
18447,00301273,136,1.6962171,OK
18448,00301274,130,1.6944857,OK
18449,00301275,135,1.6957296,OK
18450,00301276,128,1.7011251,OK
18451,00301277,140,1.7027828,OK
18452,00301278,131,1.6960082,OK
18453,00301279,122,1.6932572,OK
18454,00301280,129,1.694564,OK
18455,00301281,128,1.6879392,OK
18456,00301282,131,1.6935282,OK
18457,00301283,137,1.6944703,OK
18458,00301284,134,1.6932489,OK
18459,00301285,135,1.6968262,OK
18460,00301286,133,1.6967605,OK
18461,00301287,136,1.6954913,OK
18462,00301288,139,1.7039644,OK
18463,00301289,135,1.6950555,OK
18464,00301290,133,1.6961623,OK
18465,00301291,134,1.7001563,OK
18466,00301292,142,1.7051132,OK
18467,00301293,128,1.6970208,OK
18468,00301294,127,1.6936024,OK
18469,00301295,130,1.6891388,OK
18470,00301296,129,1.693598,OK
18471,00301297,127,1.6937596,OK
18472,00301298,133,1.6941278,OK
18473,00301299,139,1.6925625,OK
18474,00301300,124,1.6910392,OK
18475,00301301,130,1.6951897,OK
18476,00301302,128,1.6920092,OK
18477,00301303,135,1.6986974,OK
18478,00301304,138,1.7006813,OK
18479,00301305,130,1.6994474,OK
18480,00301306,132,1.6921788,OK
18481,00301307,133,1.692129,OK
18482,00301308,127,1.6923596,OK
18483,00301309,130,1.6997349,OK
18484,00301310,133,1.6959708,OK
18485,00301311,135,1.6976435,OK
18486,00301312,129,1.69416,OK
18487,00301313,125,1.6919975,OK
18488,00301314,127,1.6887122,OK
18489,00301315,139,1.7000748,OK
18490,00301316,139,1.7061698,OK
18491,00301317,136,1.703815,OK
18492,00301318,123,1.6879873,OK
18493,00301319,123,1.6931444,OK
18494,00301320,140,1.6942961,OK
18495,00301321,129,1.7032845,OK
18496,00301322,128,1.7045113,OK
18497,00301323,144,1.695537,OK
18498,00301324,136,1.693851,OK
18499,00301325,133,1.6984698,OK
18500,00301326,138,1.7003393,OK
18501,00301327,136,1.7017214,OK
18502,00301328,150,1.7116668,OK
18503,00301329,134,1.7063459,OK
18504,00301330,140,1.7014444,OK
18505,00301331,131,1.7012717,OK
18506,00301332,143,1.701804,OK
18507,00301333,126,1.6942149,OK
18508,00301334,137,1.6912597,OK
18509,00301335,136,1.6953021,OK
18510,00301336,139,1.7001377,OK
18511,00301337,138,1.6963497,OK
18512,00301338,137,1.6959563,OK
18513,00301339,135,1.7008699,OK
18514,00301340,141,1.7003955,OK
18515,00301341,147,1.7060828,OK
18516,00301342,136,1.7002647,OK
18517,00301343,126,1.6957482,OK
18518,00301344,138,1.716633,OK
18519,00301345,135,1.7094383,OK
18520,00301346,141,1.6965061,OK
18521,00301347,137,1.7088646,OK
18522,00301348,138,1.7002858,OK
18523,00301349,132,1.6966828,OK
18524,00301350,128,1.6967028,OK
18525,00301351,138,1.6958934,OK
18526,00301352,125,1.6947806,OK
18527,00301353,128,1.6983155,OK
18528,00301354,133,1.6920056,OK
18529,00301355,137,1.7005354,OK
18530,00301356,141,1.7045665,OK
18531,00301357,137,1.6963385,OK
18532,00301358,125,1.6951846,OK
18533,00301359,143,1.7023966,OK
18534,00301360,142,1.7019424,OK
18535,00301361,137,1.7053921,OK
18536,00301362,139,1.707657,OK
18537,00301363,129,1.6931218,OK
18538,00301364,132,1.6937665,OK
18539,00301365,134,1.6959454,OK
18540,00301366,140,1.6976147,OK
18541,00301367,121,1.691713,OK
18542,00301368,132,1.6914252,OK
18543,00301369,147,1.7096303,OK
18544,00301370,137,1.6952572,OK
18545,00301371,136,1.6963414,OK
18546,00301372,142,1.6963675,OK
18547,00301373,140,1.6917136,OK
18548,00301374,129,1.7007676,OK
18549,00301375,144,1.6995636,OK
18550,00301376,149,1.7070004,OK
18551,00301377,134,1.6900038,OK
18552,00301378,134,1.6969819,OK
18553,00301379,131,1.6917464,OK
18554,00301380,145,1.7006242,OK
18555,00301381,137,1.6934552,OK
18556,00301382,138,1.6988407,OK
18557,00301383,134,1.6991425,OK
18558,00301384,137,1.6970295,OK
18559,00301385,140,1.6955328,OK
18560,00301386,128,1.68562,OK
18561,00301387,137,1.6956989,OK
18562,00301388,133,1.6935718,OK
18563,00301389,138,1.6940233,OK
18564,00301390,139,1.6964592,OK
18565,00301391,128,1.6886349,OK
18566,00301392,145,1.7105447,OK
18567,00301393,130,1.6974555,OK
18568,00301394,146,1.7009621,OK
18569,00301395,143,1.7039343,OK
18570,00301396,134,1.698705,OK
18571,00301397,135,1.6924192,OK
18572,00301398,134,1.6989886,OK
18573,00301399,133,1.698666,OK
18574,00301400,141,1.6946542,OK
18575,00301401,131,1.691003,OK
18576,00301402,129,1.6948178,OK
18577,00301403,145,1.694924,OK
18578,00301404,129,1.6908286,OK
18579,00301405,135,1.6917485,OK
18580,00301406,136,1.6968849,OK
18581,00301407,130,1.6967726,OK
18582,00301408,135,1.6891425,OK
18583,00301409,125,1.6875854,OK
18584,00301410,141,1.6981043,OK
18585,00301411,131,1.6955879,OK
18586,00301412,128,1.6945304,OK
18587,00301413,131,1.6939435,OK
18588,00301414,133,1.6848253,OK
18589,00301415,137,1.6947984,OK
18590,00301416,131,1.6895454,OK
18591,00301417,136,1.69213,OK
18592,00301418,132,1.6932646,OK
18593,00301419,126,1.6933349,OK
18594,00301420,130,1.6862855,OK
18595,00301421,132,1.6923759,OK
18596,00301422,139,1.6989728,OK
18597,00301423,133,1.6892259,OK
18598,00301424,137,1.6932012,OK
18599,00301425,139,1.6931005,OK
18600,00301426,131,1.6863418,OK
18601,00301427,135,1.6909629,OK
18602,00301428,130,1.6956847,OK
18603,00301429,133,1.6913955,OK
18604,00301430,144,1.698796,OK
18605,00301431,129,1.689367,OK
18606,00301432,134,1.6909468,OK
18607,00301433,140,1.7013574,OK
18608,00301434,136,1.6934683,OK
18609,00301435,124,1.692563,OK
18610,00301436,132,1.6992102,OK
18611,00301437,126,1.6864241,OK
18612,00301438,134,1.6892687,OK
18613,00301439,142,1.6922328,OK
18614,00301440,132,1.6868156,OK
18615,00301441,124,1.6875027,OK
18616,00301442,134,1.6849592,OK
18617,00301443,134,1.6993823,OK
18618,00301444,148,1.6996784,OK
18619,00301445,142,1.6962837,OK
18620,00301446,138,1.6951493,OK
18621,00301447,133,1.6911874,OK
18622,00301448,126,1.6922123,OK
18623,00301449,144,1.7071041,OK
18624,00301450,131,1.68828,OK
18625,00301451,128,1.6879241,OK
18626,00301452,133,1.6968262,OK
18627,00301453,134,1.6927838,OK
18628,00301454,128,1.6895863,OK
18629,00301455,125,1.6873821,OK
18630,00301456,129,1.6877362,OK
18631,00301457,133,1.6959742,OK
18632,00301458,125,1.6872507,OK
18633,00301459,128,1.6855625,OK
18634,00301460,134,1.6911072,OK
18635,00301461,130,1.6899948,OK
18636,00301462,141,1.6937665,OK
18637,00301463,132,1.6902461,OK
18638,00301464,126,1.6864026,OK
18639,00301465,133,1.6961714,OK
18640,00301466,133,1.6890235,OK
18641,00301467,128,1.6915345,OK
18642,00301468,138,1.6997542,OK
18643,00301469,125,1.6859936,OK
18644,00301470,132,1.692817,OK
18645,00301471,124,1.6882015,OK
18646,00301472,125,1.6840862,OK
18647,00301473,128,1.688983,OK
18648,00301474,122,1.69066,OK
18649,00301475,123,1.6900058,OK
18650,00301476,128,1.6880558,OK
18651,00301477,123,1.6884792,OK
18652,00301478,136,1.693302,OK
18653,00301479,125,1.6899464,OK
18654,00301480,127,1.6910757,OK
18655,00301481,126,1.6915714,OK
18656,00301482,136,1.7003407,OK
18657,00301483,122,1.6833432,OK
18658,00301484,131,1.6932013,OK
18659,00301485,137,1.6920177,OK
18660,00301486,136,1.6946706,OK
18661,00301487,133,1.6869055,OK
18662,00301488,134,1.6888425,OK
18663,00301489,131,1.6880311,OK
18664,00301490,130,1.690101,OK
18665,00301491,137,1.6933197,OK
18666,00301492,137,1.6932034,OK
18667,00301493,132,1.6883215,OK
18668,00301494,127,1.6906604,OK
18669,00301495,131,1.693942,OK
18670,00301496,128,1.6860008,OK
18671,00301497,126,1.6894714,OK
18672,00301498,128,1.687407,OK
18673,00301499,128,1.6923014,OK
18674,00301500,139,1.6981024,OK
18675,00301501,125,1.6896805,OK
18676,00301502,118,1.6842465,OK
18677,00301503,131,1.6919494,OK
18678,00301504,133,1.6885211,OK
18679,00301505,128,1.6943867,OK
18680,00301506,134,1.6930895,OK
18681,00301507,139,1.6930423,OK
18682,00301508,135,1.6968604,OK
18683,00301509,123,1.6874906,OK
18684,00301510,138,1.6900369,OK
18685,00301511,126,1.6929502,OK
18686,00301512,134,1.6916217,OK
18687,00301513,130,1.690186,OK
18688,00301514,135,1.6893016,OK
18689,00301515,138,1.6871805,OK
18690,00301516,136,1.6900969,OK
18691,00301517,130,1.6855985,OK
18692,00301518,133,1.6919551,OK
18693,00301519,137,1.6924866,OK
18694,00301520,134,1.6892252,OK
18695,00301521,123,1.6873176,OK
18696,00301522,142,1.692062,OK
18697,00301523,133,1.6912614,OK
18698,00301524,129,1.6879479,OK
18699,00301525,131,1.6902101,OK
18700,00301526,128,1.6852536,OK
18701,00301527,129,1.692578,OK
18702,00301528,130,1.6912084,OK
18703,00301529,129,1.6900513,OK
18704,00301530,131,1.6885327,OK
18705,00301531,139,1.6891321,OK
18706,00301532,129,1.6869473,OK
18707,00301533,129,1.6893926,OK
18708,00301534,149,1.6980665,OK
18709,00301535,139,1.6947289,OK
18710,00301536,129,1.692357,OK
18711,00301537,133,1.6911628,OK
18712,00301538,134,1.6874882,OK
18713,00301539,136,1.6983798,OK
18714,00301540,125,1.68709,OK
18715,00301541,131,1.6904644,OK
18716,00301542,141,1.6903937,OK
18717,00301543,124,1.6876608,OK
18718,00301544,135,1.6928402,OK
18719,00301545,141,1.6934108,OK
18720,00301546,129,1.6945704,OK
18721,00301547,136,1.7019008,OK
18722,00301548,141,1.69163,OK
18723,00301549,132,1.6923233,OK
18724,00301550,132,1.6939209,OK
18725,00301551,135,1.6940255,OK
18726,00301552,139,1.6923977,OK
18727,00301553,141,1.691274,OK
18728,00301554,129,1.6898465,OK
18729,00301555,126,1.6885204,OK
18730,00301556,127,1.6866006,OK
18731,00301557,131,1.6924804,OK
18732,00301558,136,1.686638,OK
18733,00301559,128,1.6918548,OK
18734,00301560,139,1.6994399,OK
18735,00301561,134,1.693682,OK
18736,00301562,148,1.699651,OK
18737,00301563,134,1.6920742,OK
18738,00301564,135,1.6895593,OK
18739,00301565,133,1.700546,OK
18740,00301566,134,1.6908485,OK
18741,00301567,137,1.6934538,OK
18742,00301568,136,1.6937052,OK
18743,00301569,128,1.6946934,OK
18744,00301570,128,1.6895812,OK
18745,00301571,135,1.6917546,OK
18746,00301572,139,1.6900457,OK
18747,00301573,131,1.6888022,OK
18748,00301574,135,1.6948755,OK
18749,00301575,128,1.6890352,OK
18750,00301576,123,1.6884882,OK
18751,00301577,143,1.7001266,OK
18752,00301578,136,1.6920962,OK
18753,00301579,137,1.6915214,OK
18754,00301580,131,1.6979331,OK
18755,00301581,161,1.70053,OK
18756,00301582,132,1.6924032,OK
18757,00301583,142,1.6942956,OK
18758,00301584,141,1.6958046,OK
18759,00301585,136,1.6912451,OK
18760,00301586,136,1.6902348,OK
18761,00301587,139,1.6979723,OK
18762,00301588,120,1.6841375,OK
18763,00301589,148,1.7031107,OK
18764,00301590,138,1.7039382,OK
18765,00301591,138,1.694021,OK
18766,00301592,134,1.6982511,OK
18767,00301593,134,1.703362,OK
18768,00301594,137,1.6915423,OK
18769,00301595,141,1.7077665,OK
18770,00301596,144,1.7003961,OK
18771,00301597,131,1.6986319,OK
18772,00301598,127,1.6885669,OK
18773,00301599,134,1.6873875,OK
