Frame_Index,Frame_ID,Point_Count,Status
0,00000000,118674,OK
1,00000001,118644,OK
2,00000002,118753,OK
3,00000003,118939,OK
4,00000004,118843,OK
5,00000005,118690,OK
6,00000006,118399,OK
7,00000007,118521,OK
8,00000008,118446,OK
9,00000009,118326,OK
10,00000010,118458,OK
11,00000011,118352,OK
12,00000012,118536,OK
13,00000013,118366,OK
14,00000014,118382,OK
15,00000015,118387,OK
16,00000016,118438,OK
17,00000017,118478,OK
18,00000018,118378,OK
19,00000019,118555,OK
20,00000020,118797,OK
21,00000021,118744,OK
22,00000022,118621,OK
23,00000023,118441,OK
24,00000024,118224,OK
25,00000025,118397,OK
26,00000026,118123,OK
27,00000027,118183,OK
28,00000028,118130,OK
29,00000029,118238,OK
30,00000030,118122,OK
31,00000031,118243,OK
32,00000032,117992,OK
33,00000033,117954,OK
34,00000034,117739,OK
35,00000035,117880,OK
36,00000036,117952,OK
37,00000037,118135,OK
38,00000038,117804,OK
39,00000039,117654,OK
40,00000040,117801,OK
41,00000041,117924,OK
42,00000042,118115,OK
43,00000043,118578,OK
44,00000044,118606,OK
45,00000045,118510,OK
46,00000046,118366,OK
47,00000047,118433,OK
48,00000048,118504,OK
49,00000049,118781,OK
50,00000050,118915,OK
51,00000051,118734,OK
52,00000052,118790,OK
53,00000053,118433,OK
54,00000054,118091,OK
55,00000055,118224,OK
56,00000056,118245,OK
57,00000057,118425,OK
58,00000058,118409,OK
59,00000059,118647,OK
60,00000060,118634,OK
61,00000061,118425,OK
62,00000062,118545,OK
63,00000063,118642,OK
64,00000064,118773,OK
65,00000065,118974,OK
66,00000066,119130,OK
67,00000067,119037,OK
68,00000068,119073,OK
69,00000069,119139,OK
70,00000070,119076,OK
71,00000071,119006,OK
72,00000072,119131,OK
73,00000073,119154,OK
74,00000074,119148,OK
75,00000075,119070,OK
76,00000076,119282,OK
77,00000077,119154,OK
78,00000078,118893,OK
79,00000079,118674,OK
80,00000080,118718,OK
81,00000081,118854,OK
82,00000082,119101,OK
83,00000083,118974,OK
84,00000084,119164,OK
85,00000085,119336,OK
86,00000086,119425,OK
87,00000087,119060,OK
88,00000088,118785,OK
89,00000089,118603,OK
90,00000090,118600,OK
91,00000091,118519,OK
92,00000092,118385,OK
93,00000093,118835,OK
94,00000094,118605,OK
95,00000095,118483,OK
96,00000096,118422,OK
97,00000097,118280,OK
98,00000098,117979,OK
99,00000099,118000,OK
100,00000100,120041,OK
101,00000101,119639,OK
102,00000102,119037,OK
103,00000103,118749,OK
104,00000104,118320,OK
105,00000105,117995,OK
106,00000106,117344,OK
107,00000107,117180,OK
108,00000108,116813,OK
109,00000109,116585,OK
110,00000110,116473,OK
111,00000111,116408,OK
112,00000112,116254,OK
113,00000113,116225,OK
114,00000114,116302,OK
115,00000115,116279,OK
116,00000116,116173,OK
117,00000117,116218,OK
118,00000118,116064,OK
119,00000119,115997,OK
120,00000120,115934,OK
121,00000121,115820,OK
122,00000122,115771,OK
123,00000123,115628,OK
124,00000124,115756,OK
125,00000125,116219,OK
126,00000126,115935,OK
127,00000127,115915,OK
128,00000128,116023,OK
129,00000129,115870,OK
130,00000130,115746,OK
131,00000131,115458,OK
132,00000132,115387,OK
133,00000133,115115,OK
134,00000134,115016,OK
135,00000135,114904,OK
136,00000136,114969,OK
137,00000137,115068,OK
138,00000138,115069,OK
139,00000139,114915,OK
140,00000140,114910,OK
141,00000141,115028,OK
142,00000142,115192,OK
143,00000143,115191,OK
144,00000144,115119,OK
145,00000145,115134,OK
146,00000146,115221,OK
147,00000147,115226,OK
148,00000148,115383,OK
149,00000149,115401,OK
150,00000150,115548,OK
151,00000151,115542,OK
152,00000152,115554,OK
153,00000153,115625,OK
154,00000154,115753,OK
155,00000155,115768,OK
156,00000156,115874,OK
157,00000157,116030,OK
158,00000158,116127,OK
159,00000159,116128,OK
160,00000160,115958,OK
161,00000161,115777,OK
162,00000162,115898,OK
163,00000163,116231,OK
164,00000164,116033,OK
165,00000165,116371,OK
166,00000166,116212,OK
167,00000167,116251,OK
168,00000168,116616,OK
169,00000169,116887,OK
170,00000170,117046,OK
171,00000171,116881,OK
172,00000172,116640,OK
173,00000173,116587,OK
174,00000174,116234,OK
175,00000175,116477,OK
176,00000176,116608,OK
177,00000177,116708,OK
178,00000178,116606,OK
179,00000179,116595,OK
180,00000180,117045,OK
181,00000181,117347,OK
182,00000182,116836,OK
183,00000183,116594,OK
184,00000184,116396,OK
185,00000185,115494,OK
186,00000186,115131,OK
187,00000187,115146,OK
188,00000188,115006,OK
189,00000189,114739,OK
190,00000190,114409,OK
191,00000191,114006,OK
192,00000192,113617,OK
193,00000193,113861,OK
194,00000194,114055,OK
195,00000195,114213,OK
196,00000196,114284,OK
197,00000197,114659,OK
198,00000198,115276,OK
199,00000199,115087,OK
200,00000200,110897,OK
201,00000201,110024,OK
202,00000202,109799,OK
203,00000203,110136,OK
204,00000204,110573,OK
205,00000205,110791,OK
206,00000206,111316,OK
207,00000207,110243,OK
208,00000208,109162,OK
209,00000209,108444,OK
210,00000210,107907,OK
211,00000211,106733,OK
212,00000212,106615,OK
213,00000213,106426,OK
214,00000214,105983,OK
215,00000215,105802,OK
216,00000216,105528,OK
217,00000217,105409,OK
218,00000218,105362,OK
219,00000219,105468,OK
220,00000220,105740,OK
221,00000221,105974,OK
222,00000222,105995,OK
223,00000223,106188,OK
224,00000224,106327,OK
225,00000225,106826,OK
226,00000226,106760,OK
227,00000227,106857,OK
228,00000228,106926,OK
229,00000229,107253,OK
230,00000230,107408,OK
231,00000231,107558,OK
232,00000232,107457,OK
233,00000233,107756,OK
234,00000234,107796,OK
235,00000235,107445,OK
236,00000236,107803,OK
237,00000237,108292,OK
238,00000238,107725,OK
239,00000239,107600,OK
240,00000240,107388,OK
241,00000241,107917,OK
242,00000242,108786,OK
243,00000243,108604,OK
244,00000244,108906,OK
245,00000245,108784,OK
246,00000246,109143,OK
247,00000247,109428,OK
248,00000248,110188,OK
249,00000249,110983,OK
250,00000250,111787,OK
251,00000251,113201,OK
252,00000252,113693,OK
253,00000253,113400,OK
254,00000254,113010,OK
255,00000255,113530,OK
256,00000256,114792,OK
257,00000257,115551,OK
258,00000258,116569,OK
259,00000259,117054,OK
260,00000260,116904,OK
261,00000261,117693,OK
262,00000262,118157,OK
263,00000263,118702,OK
264,00000264,119031,OK
265,00000265,119359,OK
266,00000266,118615,OK
267,00000267,118961,OK
268,00000268,118830,OK
269,00000269,119303,OK
270,00000270,119760,OK
271,00000271,119425,OK
272,00000272,119087,OK
273,00000273,119052,OK
274,00000274,119417,OK
275,00000275,119881,OK
276,00000276,120139,OK
277,00000277,120300,OK
278,00000278,120796,OK
279,00000279,120177,OK
280,00000280,120246,OK
281,00000281,119908,OK
282,00000282,119847,OK
283,00000283,120012,OK
284,00000284,120465,OK
285,00000285,120653,OK
286,00000286,121116,OK
287,00000287,121721,OK
288,00000288,122288,OK
289,00000289,122219,OK
290,00000290,122532,OK
291,00000291,122452,OK
292,00000292,122554,OK
293,00000293,122220,OK
294,00000294,121711,OK
295,00000295,121423,OK
296,00000296,121283,OK
297,00000297,120934,OK
298,00000298,121075,OK
299,00000299,121477,OK
300,00000300,116330,OK
301,00000301,116449,OK
302,00000302,116192,OK
303,00000303,116210,OK
304,00000304,116242,OK
305,00000305,116032,OK
306,00000306,116233,OK
307,00000307,116270,OK
308,00000308,116236,OK
309,00000309,116245,OK
310,00000310,116248,OK
311,00000311,116247,OK
312,00000312,116312,OK
313,00000313,116216,OK
314,00000314,116108,OK
315,00000315,116144,OK
316,00000316,116074,OK
317,00000317,116128,OK
318,00000318,116055,OK
319,00000319,116032,OK
320,00000320,116104,OK
321,00000321,115997,OK
322,00000322,115930,OK
323,00000323,115882,OK
324,00000324,115840,OK
325,00000325,115652,OK
326,00000326,115727,OK
327,00000327,115929,OK
328,00000328,116008,OK
329,00000329,115948,OK
330,00000330,116011,OK
331,00000331,115912,OK
332,00000332,116025,OK
333,00000333,115852,OK
334,00000334,115881,OK
335,00000335,115547,OK
336,00000336,115270,OK
337,00000337,115177,OK
338,00000338,115050,OK
339,00000339,114682,OK
340,00000340,115300,OK
341,00000341,115346,OK
342,00000342,115580,OK
343,00000343,115849,OK
344,00000344,115960,OK
345,00000345,116524,OK
346,00000346,116474,OK
347,00000347,116562,OK
348,00000348,116734,OK
349,00000349,116504,OK
350,00000350,116588,OK
351,00000351,116788,OK
352,00000352,116543,OK
353,00000353,116935,OK
354,00000354,117051,OK
355,00000355,117153,OK
356,00000356,117069,OK
357,00000357,116912,OK
358,00000358,117041,OK
359,00000359,117078,OK
360,00000360,116955,OK
361,00000361,116928,OK
362,00000362,116774,OK
363,00000363,116612,OK
364,00000364,116298,OK
365,00000365,116028,OK
366,00000366,115867,OK
367,00000367,115622,OK
368,00000368,114941,OK
369,00000369,114392,OK
370,00000370,113523,OK
371,00000371,112654,OK
372,00000372,112002,OK
373,00000373,111102,OK
374,00000374,110383,OK
375,00000375,109830,OK
376,00000376,109233,OK
377,00000377,108384,OK
378,00000378,107766,OK
379,00000379,106940,OK
380,00000380,106464,OK
381,00000381,106429,OK
382,00000382,106167,OK
383,00000383,105752,OK
384,00000384,105580,OK
385,00000385,105622,OK
386,00000386,105201,OK
387,00000387,105301,OK
388,00000388,105172,OK
389,00000389,105327,OK
390,00000390,105500,OK
391,00000391,105591,OK
392,00000392,105543,OK
393,00000393,105606,OK
394,00000394,105589,OK
395,00000395,105604,OK
396,00000396,105479,OK
397,00000397,105579,OK
398,00000398,105610,OK
399,00000399,122177,OK
400,00000400,121870,OK
401,00000401,120638,OK
402,00000402,120582,OK
403,00000403,120880,OK
404,00000404,121039,OK
405,00000405,120819,OK
406,00000406,121026,OK
407,00000407,121167,OK
408,00000408,121052,OK
409,00000409,121191,OK
410,00000410,121317,OK
411,00000411,120989,OK
412,00000412,120930,OK
413,00000413,121015,OK
414,00000414,121264,OK
415,00000415,121144,OK
416,00000416,121002,OK
417,00000417,120665,OK
418,00000418,120558,OK
419,00000419,120098,OK
420,00000420,119579,OK
421,00000421,119335,OK
422,00000422,119067,OK
423,00000423,119306,OK
424,00000424,119246,OK
425,00000425,118713,OK
426,00000426,118306,OK
427,00000427,117623,OK
428,00000428,117413,OK
429,00000429,117079,OK
430,00000430,116737,OK
431,00000431,116272,OK
432,00000432,116264,OK
433,00000433,116400,OK
434,00000434,116559,OK
435,00000435,116667,OK
436,00000436,116310,OK
437,00000437,116314,OK
438,00000438,116481,OK
439,00000439,116759,OK
440,00000440,117266,OK
441,00000441,117631,OK
442,00000442,117839,OK
443,00000443,118260,OK
444,00000444,118379,OK
445,00000445,118883,OK
446,00000446,119080,OK
447,00000447,119733,OK
448,00000448,120103,OK
449,00000449,120563,OK
450,00000450,120995,OK
451,00000451,121137,OK
452,00000452,121063,OK
453,00000453,120893,OK
454,00000454,120786,OK
455,00000455,120718,OK
456,00000456,120812,OK
457,00000457,121051,OK
458,00000458,120938,OK
459,00000459,121180,OK
460,00000460,121477,OK
461,00000461,121541,OK
462,00000462,121430,OK
463,00000463,121465,OK
464,00000464,121354,OK
465,00000465,121188,OK
466,00000466,120998,OK
467,00000467,120929,OK
468,00000468,120704,OK
469,00000469,120480,OK
470,00000470,120258,OK
471,00000471,120333,OK
472,00000472,120248,OK
473,00000473,120390,OK
474,00000474,120417,OK
475,00000475,120144,OK
476,00000476,120149,OK
477,00000477,120087,OK
478,00000478,119936,OK
479,00000479,119985,OK
480,00000480,120102,OK
481,00000481,120272,OK
482,00000482,120388,OK
483,00000483,120477,OK
484,00000484,120743,OK
485,00000485,120535,OK
486,00000486,120565,OK
487,00000487,120442,OK
488,00000488,120610,OK
489,00000489,120648,OK
490,00000490,120784,OK
491,00000491,120610,OK
492,00000492,120752,OK
493,00000493,120751,OK
494,00000494,120693,OK
495,00000495,120821,OK
496,00000496,120889,OK
497,00000497,120707,OK
498,00000498,120520,OK
499,00000499,120378,OK
500,00000500,120641,OK
501,00000501,120606,OK
502,00000502,120732,OK
503,00000503,120830,OK
504,00000504,120887,OK
505,00000505,120795,OK
506,00000506,120952,OK
507,00000507,120703,OK
508,00000508,120798,OK
509,00000509,120843,OK
510,00000510,120600,OK
511,00000511,120585,OK
512,00000512,120479,OK
513,00000513,120582,OK
514,00000514,120462,OK
515,00000515,120212,OK
516,00000516,120380,OK
517,00000517,120362,OK
518,00000518,120702,OK
519,00000519,120815,OK
520,00000520,120736,OK
521,00000521,121006,OK
522,00000522,121102,OK
523,00000523,121150,OK
524,00000524,121480,OK
525,00000525,121465,OK
526,00000526,121299,OK
527,00000527,121565,OK
528,00000528,121407,OK
529,00000529,121679,OK
530,00000530,121872,OK
531,00000531,121635,OK
532,00000532,121742,OK
533,00000533,121855,OK
534,00000534,121669,OK
535,00000535,121974,OK
536,00000536,122023,OK
537,00000537,122181,OK
538,00000538,122498,OK
539,00000539,122386,OK
540,00000540,122324,OK
541,00000541,122082,OK
542,00000542,121809,OK
543,00000543,122757,OK
544,00000544,122730,OK
545,00000545,122450,OK
546,00000546,122274,OK
547,00000547,122236,OK
548,00000548,122282,OK
549,00000549,122063,OK
550,00000550,122049,OK
551,00000551,121883,OK
552,00000552,121272,OK
553,00000553,120701,OK
554,00000554,120866,OK
555,00000555,120711,OK
556,00000556,120786,OK
557,00000557,120852,OK
558,00000558,121354,OK
559,00000559,121731,OK
560,00000560,122108,OK
561,00000561,122114,OK
562,00000562,122213,OK
563,00000563,122137,OK
564,00000564,121616,OK
565,00000565,121501,OK
566,00000566,121511,OK
567,00000567,121667,OK
568,00000568,121963,OK
569,00000569,121990,OK
570,00000570,121600,OK
571,00000571,121110,OK
572,00000572,121020,OK
573,00000573,120969,OK
574,00000574,120993,OK
575,00000575,120600,OK
576,00000576,120656,OK
577,00000577,120479,OK
578,00000578,120568,OK
579,00000579,120832,OK
580,00000580,121010,OK
581,00000581,121383,OK
582,00000582,121769,OK
583,00000583,122567,OK
584,00000584,122719,OK
585,00000585,122638,OK
586,00000586,122593,OK
587,00000587,122627,OK
588,00000588,122849,OK
589,00000589,123261,OK
590,00000590,123362,OK
591,00000591,123715,OK
592,00000592,123964,OK
593,00000593,124097,OK
594,00000594,124049,OK
595,00000595,124044,OK
596,00000596,124175,OK
597,00000597,124366,OK
598,00000598,124168,OK
599,00000599,118813,OK
600,00000600,118835,OK
601,00000601,119104,OK
602,00000602,119093,OK
603,00000603,119134,OK
604,00000604,119010,OK
605,00000605,119111,OK
606,00000606,119117,OK
607,00000607,118738,OK
608,00000608,118841,OK
609,00000609,118579,OK
610,00000610,118125,OK
611,00000611,117954,OK
612,00000612,117785,OK
613,00000613,117703,OK
614,00000614,117902,OK
615,00000615,117612,OK
616,00000616,117791,OK
617,00000617,117844,OK
618,00000618,117930,OK
619,00000619,117967,OK
620,00000620,118171,OK
621,00000621,117952,OK
622,00000622,118057,OK
623,00000623,117959,OK
624,00000624,118104,OK
625,00000625,118352,OK
626,00000626,118246,OK
627,00000627,118743,OK
628,00000628,118885,OK
629,00000629,119036,OK
630,00000630,119123,OK
631,00000631,119133,OK
632,00000632,119113,OK
633,00000633,118963,OK
634,00000634,119070,OK
635,00000635,118889,OK
636,00000636,118955,OK
637,00000637,119006,OK
638,00000638,119223,OK
639,00000639,119186,OK
640,00000640,119048,OK
641,00000641,118906,OK
642,00000642,119004,OK
643,00000643,119370,OK
644,00000644,119655,OK
645,00000645,119877,OK
646,00000646,120094,OK
647,00000647,120085,OK
648,00000648,120107,OK
649,00000649,119744,OK
650,00000650,119480,OK
651,00000651,118652,OK
652,00000652,118532,OK
653,00000653,118691,OK
654,00000654,118849,OK
655,00000655,119159,OK
656,00000656,119150,OK
657,00000657,119180,OK
658,00000658,118956,OK
659,00000659,118738,OK
660,00000660,118544,OK
661,00000661,118604,OK
662,00000662,118326,OK
663,00000663,118323,OK
664,00000664,118182,OK
665,00000665,118039,OK
666,00000666,117930,OK
667,00000667,117823,OK
668,00000668,117554,OK
669,00000669,117257,OK
670,00000670,117298,OK
671,00000671,117348,OK
672,00000672,117352,OK
673,00000673,117416,OK
674,00000674,117042,OK
675,00000675,116932,OK
676,00000676,116561,OK
677,00000677,116376,OK
678,00000678,116224,OK
679,00000679,116472,OK
680,00000680,116593,OK
681,00000681,116541,OK
682,00000682,116592,OK
683,00000683,116720,OK
684,00000684,116911,OK
685,00000685,117079,OK
686,00000686,117257,OK
687,00000687,117320,OK
688,00000688,117418,OK
689,00000689,117525,OK
690,00000690,117432,OK
691,00000691,117694,OK
692,00000692,117748,OK
693,00000693,117637,OK
694,00000694,117535,OK
695,00000695,117403,OK
696,00000696,117052,OK
697,00000697,116882,OK
698,00000698,116738,OK
699,00000699,116610,OK
700,00000700,116160,OK
701,00000701,116134,OK
702,00000702,115856,OK
703,00000703,115534,OK
704,00000704,115364,OK
705,00000705,115199,OK
706,00000706,114931,OK
707,00000707,114811,OK
708,00000708,114724,OK
709,00000709,114922,OK
710,00000710,115164,OK
711,00000711,115184,OK
712,00000712,115296,OK
713,00000713,115506,OK
714,00000714,115508,OK
715,00000715,115786,OK
716,00000716,115730,OK
717,00000717,115656,OK
718,00000718,115960,OK
719,00000719,115775,OK
720,00000720,115711,OK
721,00000721,115546,OK
722,00000722,115189,OK
723,00000723,114965,OK
724,00000724,114745,OK
725,00000725,114783,OK
726,00000726,114470,OK
727,00000727,114378,OK
728,00000728,114335,OK
729,00000729,114114,OK
730,00000730,114265,OK
731,00000731,114134,OK
732,00000732,114004,OK
733,00000733,113963,OK
734,00000734,113986,OK
735,00000735,113936,OK
736,00000736,113827,OK
737,00000737,114010,OK
738,00000738,113991,OK
739,00000739,114045,OK
740,00000740,114052,OK
741,00000741,113934,OK
742,00000742,113886,OK
743,00000743,113771,OK
744,00000744,113672,OK
745,00000745,113807,OK
746,00000746,113935,OK
747,00000747,113746,OK
748,00000748,113733,OK
749,00000749,113853,OK
750,00000750,113991,OK
751,00000751,113761,OK
752,00000752,113733,OK
753,00000753,113480,OK
754,00000754,113431,OK
755,00000755,113404,OK
756,00000756,113435,OK
757,00000757,113417,OK
758,00000758,113429,OK
759,00000759,113355,OK
760,00000760,113531,OK
761,00000761,113481,OK
762,00000762,113747,OK
763,00000763,113850,OK
764,00000764,113626,OK
765,00000765,113172,OK
766,00000766,112699,OK
767,00000767,112576,OK
768,00000768,112357,OK
769,00000769,112486,OK
770,00000770,112235,OK
771,00000771,112053,OK
772,00000772,111803,OK
773,00000773,111735,OK
774,00000774,111535,OK
775,00000775,111751,OK
776,00000776,111766,OK
777,00000777,111831,OK
778,00000778,111578,OK
779,00000779,111470,OK
780,00000780,111466,OK
781,00000781,111606,OK
782,00000782,112002,OK
783,00000783,112012,OK
784,00000784,111910,OK
785,00000785,111856,OK
786,00000786,112652,OK
787,00000787,113014,OK
788,00000788,112656,OK
789,00000789,112690,OK
790,00000790,112185,OK
791,00000791,112349,OK
792,00000792,112249,OK
793,00000793,112385,OK
794,00000794,112275,OK
795,00000795,112394,OK
796,00000796,112297,OK
797,00000797,112506,OK
798,00000798,111988,OK
799,00000799,131934,OK
800,00000800,131766,OK
801,00000801,131428,OK
802,00000802,131396,OK
803,00000803,131476,OK
804,00000804,131441,OK
805,00000805,131633,OK
806,00000806,131606,OK
807,00000807,131482,OK
808,00000808,131550,OK
809,00000809,131466,OK
810,00000810,131331,OK
811,00000811,131347,OK
812,00000812,131484,OK
813,00000813,131688,OK
814,00000814,131430,OK
815,00000815,131760,OK
816,00000816,131932,OK
817,00000817,131836,OK
818,00000818,131370,OK
819,00000819,131162,OK
820,00000820,130643,OK
821,00000821,130290,OK
822,00000822,129807,OK
823,00000823,129650,OK
824,00000824,129463,OK
825,00000825,129541,OK
826,00000826,129132,OK
827,00000827,129088,OK
828,00000828,128796,OK
829,00000829,128673,OK
830,00000830,128227,OK
831,00000831,128120,OK
832,00000832,128370,OK
833,00000833,128428,OK
834,00000834,128240,OK
835,00000835,128538,OK
836,00000836,128404,OK
837,00000837,128659,OK
838,00000838,128156,OK
839,00000839,127873,OK
840,00000840,127922,OK
841,00000841,127727,OK
842,00000842,128030,OK
843,00000843,128400,OK
844,00000844,128014,OK
845,00000845,128038,OK
846,00000846,128160,OK
847,00000847,128194,OK
848,00000848,128219,OK
849,00000849,128368,OK
850,00000850,128220,OK
851,00000851,128494,OK
852,00000852,128836,OK
853,00000853,128972,OK
854,00000854,129078,OK
855,00000855,129294,OK
856,00000856,129268,OK
857,00000857,129254,OK
858,00000858,129013,OK
859,00000859,129189,OK
860,00000860,129019,OK
861,00000861,129090,OK
862,00000862,128965,OK
863,00000863,128976,OK
864,00000864,129107,OK
865,00000865,129178,OK
866,00000866,129348,OK
867,00000867,129240,OK
868,00000868,129412,OK
869,00000869,129417,OK
870,00000870,129550,OK
871,00000871,129461,OK
872,00000872,129820,OK
873,00000873,129606,OK
874,00000874,129758,OK
875,00000875,129939,OK
876,00000876,129943,OK
877,00000877,130114,OK
878,00000878,129961,OK
879,00000879,129991,OK
880,00000880,129970,OK
881,00000881,129990,OK
882,00000882,129935,OK
883,00000883,129587,OK
884,00000884,129705,OK
885,00000885,129916,OK
886,00000886,129603,OK
887,00000887,129280,OK
888,00000888,128918,OK
889,00000889,129288,OK
890,00000890,129673,OK
891,00000891,129459,OK
892,00000892,129705,OK
893,00000893,129717,OK
894,00000894,129278,OK
895,00000895,128544,OK
896,00000896,128503,OK
897,00000897,128354,OK
898,00000898,128216,OK
899,00000899,128249,OK
900,00000900,128246,OK
901,00000901,128039,OK
902,00000902,127507,OK
903,00000903,127303,OK
904,00000904,128118,OK
905,00000905,128032,OK
906,00000906,127988,OK
907,00000907,127949,OK
908,00000908,128062,OK
909,00000909,128462,OK
910,00000910,128886,OK
911,00000911,129200,OK
912,00000912,129561,OK
913,00000913,129491,OK
914,00000914,129330,OK
915,00000915,129126,OK
916,00000916,129374,OK
917,00000917,129100,OK
918,00000918,129124,OK
919,00000919,129167,OK
920,00000920,129245,OK
921,00000921,129273,OK
922,00000922,129209,OK
923,00000923,129153,OK
924,00000924,129503,OK
925,00000925,129473,OK
926,00000926,129292,OK
927,00000927,129180,OK
928,00000928,128863,OK
929,00000929,128815,OK
930,00000930,129013,OK
931,00000931,128696,OK
932,00000932,128871,OK
933,00000933,128803,OK
934,00000934,128509,OK
935,00000935,128561,OK
936,00000936,128751,OK
937,00000937,128890,OK
938,00000938,129198,OK
939,00000939,129234,OK
940,00000940,129292,OK
941,00000941,129448,OK
942,00000942,129499,OK
943,00000943,129523,OK
944,00000944,129454,OK
945,00000945,129602,OK
946,00000946,129491,OK
947,00000947,129698,OK
948,00000948,129700,OK
949,00000949,129654,OK
950,00000950,129916,OK
951,00000951,129708,OK
952,00000952,129652,OK
953,00000953,129773,OK
954,00000954,129597,OK
955,00000955,129339,OK
956,00000956,129217,OK
957,00000957,129294,OK
958,00000958,129163,OK
959,00000959,128886,OK
960,00000960,128849,OK
961,00000961,128879,OK
962,00000962,128894,OK
963,00000963,128875,OK
964,00000964,128766,OK
965,00000965,128628,OK
966,00000966,128765,OK
967,00000967,128844,OK
968,00000968,128847,OK
969,00000969,129150,OK
970,00000970,129145,OK
971,00000971,129309,OK
972,00000972,129149,OK
973,00000973,129342,OK
974,00000974,129736,OK
975,00000975,129704,OK
976,00000976,130026,OK
977,00000977,130013,OK
978,00000978,130030,OK
979,00000979,129547,OK
980,00000980,129383,OK
981,00000981,129534,OK
982,00000982,129622,OK
983,00000983,130100,OK
984,00000984,130069,OK
985,00000985,129787,OK
986,00000986,129511,OK
987,00000987,129396,OK
988,00000988,129668,OK
989,00000989,129381,OK
990,00000990,129824,OK
991,00000991,129759,OK
992,00000992,129867,OK
993,00000993,129333,OK
994,00000994,129530,OK
995,00000995,129577,OK
996,00000996,129121,OK
997,00000997,129069,OK
998,00000998,129329,OK
999,00000999,119890,OK
1000,00001000,120009,OK
1001,00001001,120122,OK
1002,00001002,120232,OK
1003,00001003,120633,OK
1004,00001004,120479,OK
1005,00001005,120542,OK
1006,00001006,120658,OK
1007,00001007,120732,OK
1008,00001008,120560,OK
1009,00001009,120191,OK
1010,00001010,120189,OK
1011,00001011,120098,OK
1012,00001012,120086,OK
1013,00001013,119868,OK
1014,00001014,120058,OK
1015,00001015,119957,OK
1016,00001016,119972,OK
1017,00001017,119885,OK
1018,00001018,119903,OK
1019,00001019,120156,OK
1020,00001020,120295,OK
1021,00001021,120451,OK
1022,00001022,120653,OK
1023,00001023,120803,OK
1024,00001024,120833,OK
1025,00001025,121133,OK
1026,00001026,121410,OK
1027,00001027,121488,OK
1028,00001028,121583,OK
1029,00001029,121678,OK
1030,00001030,121653,OK
1031,00001031,121939,OK
1032,00001032,122001,OK
1033,00001033,122178,OK
1034,00001034,122369,OK
1035,00001035,122645,OK
1036,00001036,122755,OK
1037,00001037,122733,OK
1038,00001038,122967,OK
1039,00001039,123331,OK
1040,00001040,123440,OK
1041,00001041,123435,OK
1042,00001042,123658,OK
1043,00001043,123835,OK
1044,00001044,124243,OK
1045,00001045,123920,OK
1046,00001046,123592,OK
1047,00001047,123032,OK
1048,00001048,122950,OK
1049,00001049,123069,OK
1050,00001050,123122,OK
1051,00001051,123191,OK
1052,00001052,123203,OK
1053,00001053,123702,OK
1054,00001054,123795,OK
1055,00001055,124281,OK
1056,00001056,124397,OK
1057,00001057,124352,OK
1058,00001058,124375,OK
1059,00001059,124672,OK
1060,00001060,125540,OK
1061,00001061,126574,OK
1062,00001062,127152,OK
1063,00001063,127453,OK
1064,00001064,127834,OK
1065,00001065,128206,OK
1066,00001066,128802,OK
1067,00001067,129286,OK
1068,00001068,129711,OK
1069,00001069,129958,OK
1070,00001070,130343,OK
1071,00001071,130677,OK
1072,00001072,130743,OK
1073,00001073,130865,OK
1074,00001074,131222,OK
1075,00001075,131416,OK
1076,00001076,131663,OK
1077,00001077,132214,OK
1078,00001078,132692,OK
1079,00001079,132391,OK
1080,00001080,132231,OK
1081,00001081,132235,OK
1082,00001082,132077,OK
1083,00001083,131934,OK
1084,00001084,131901,OK
1085,00001085,131841,OK
1086,00001086,131998,OK
1087,00001087,131834,OK
1088,00001088,131818,OK
1089,00001089,131808,OK
1090,00001090,131887,OK
1091,00001091,131850,OK
1092,00001092,132050,OK
1093,00001093,131988,OK
1094,00001094,131926,OK
1095,00001095,132046,OK
1096,00001096,131937,OK
1097,00001097,131888,OK
1098,00001098,132042,OK
1099,00001099,131722,OK
1100,00001100,131724,OK
1101,00001101,131769,OK
1102,00001102,131837,OK
1103,00001103,131871,OK
1104,00001104,132036,OK
1105,00001105,132167,OK
1106,00001106,131994,OK
1107,00001107,131894,OK
1108,00001108,131552,OK
1109,00001109,131463,OK
1110,00001110,131486,OK
1111,00001111,131697,OK
1112,00001112,131766,OK
1113,00001113,131830,OK
1114,00001114,131766,OK
1115,00001115,131489,OK
1116,00001116,131315,OK
1117,00001117,131041,OK
1118,00001118,130968,OK
1119,00001119,130966,OK
1120,00001120,130695,OK
1121,00001121,130393,OK
1122,00001122,130173,OK
1123,00001123,129973,OK
1124,00001124,129468,OK
1125,00001125,129409,OK
1126,00001126,129103,OK
1127,00001127,129133,OK
1128,00001128,128693,OK
1129,00001129,128406,OK
1130,00001130,128318,OK
1131,00001131,128148,OK
1132,00001132,127833,OK
1133,00001133,127527,OK
1134,00001134,127311,OK
1135,00001135,127273,OK
1136,00001136,127189,OK
1137,00001137,126883,OK
1138,00001138,126733,OK
1139,00001139,126317,OK
1140,00001140,125878,OK
1141,00001141,125698,OK
1142,00001142,125526,OK
1143,00001143,125627,OK
1144,00001144,125764,OK
1145,00001145,125819,OK
1146,00001146,125755,OK
1147,00001147,125797,OK
1148,00001148,125870,OK
1149,00001149,125729,OK
1150,00001150,125855,OK
1151,00001151,126117,OK
1152,00001152,126291,OK
1153,00001153,126784,OK
1154,00001154,126828,OK
1155,00001155,126387,OK
1156,00001156,126274,OK
1157,00001157,125999,OK
1158,00001158,125903,OK
1159,00001159,126548,OK
1160,00001160,126769,OK
1161,00001161,126738,OK
1162,00001162,126800,OK
1163,00001163,127165,OK
1164,00001164,126900,OK
1165,00001165,126727,OK
1166,00001166,127086,OK
1167,00001167,127406,OK
1168,00001168,127379,OK
1169,00001169,127582,OK
1170,00001170,127592,OK
1171,00001171,127583,OK
1172,00001172,127480,OK
1173,00001173,127080,OK
1174,00001174,126812,OK
1175,00001175,126407,OK
1176,00001176,126099,OK
1177,00001177,125872,OK
1178,00001178,125489,OK
1179,00001179,125368,OK
1180,00001180,125183,OK
1181,00001181,125183,OK
1182,00001182,125039,OK
1183,00001183,124836,OK
1184,00001184,124697,OK
1185,00001185,124812,OK
1186,00001186,125119,OK
1187,00001187,124985,OK
1188,00001188,124914,OK
1189,00001189,124977,OK
1190,00001190,124862,OK
1191,00001191,125306,OK
1192,00001192,125371,OK
1193,00001193,125155,OK
1194,00001194,125265,OK
1195,00001195,125073,OK
1196,00001196,124747,OK
1197,00001197,124951,OK
1198,00001198,125540,OK
1199,00001199,109614,OK
1200,00001200,109317,OK
1201,00001201,108777,OK
1202,00001202,108631,OK
1203,00001203,108650,OK
1204,00001204,108371,OK
1205,00001205,108462,OK
1206,00001206,108178,OK
1207,00001207,108157,OK
1208,00001208,107905,OK
1209,00001209,107786,OK
1210,00001210,107914,OK
1211,00001211,107661,OK
1212,00001212,108060,OK
1213,00001213,107876,OK
1214,00001214,108135,OK
1215,00001215,108309,OK
1216,00001216,108580,OK
1217,00001217,108005,OK
1218,00001218,108156,OK
1219,00001219,108606,OK
1220,00001220,108839,OK
1221,00001221,108453,OK
1222,00001222,107982,OK
1223,00001223,107789,OK
1224,00001224,107628,OK
1225,00001225,107252,OK
1226,00001226,107168,OK
1227,00001227,107369,OK
1228,00001228,107404,OK
1229,00001229,107095,OK
1230,00001230,106853,OK
1231,00001231,106774,OK
1232,00001232,106979,OK
1233,00001233,107717,OK
1234,00001234,108250,OK
1235,00001235,108595,OK
1236,00001236,108976,OK
1237,00001237,109237,OK
1238,00001238,108992,OK
1239,00001239,109749,OK
1240,00001240,110036,OK
1241,00001241,110598,OK
1242,00001242,111262,OK
1243,00001243,111512,OK
1244,00001244,111699,OK
1245,00001245,111483,OK
1246,00001246,111361,OK
1247,00001247,111297,OK
1248,00001248,111306,OK
1249,00001249,111275,OK
1250,00001250,110818,OK
1251,00001251,111131,OK
1252,00001252,111347,OK
1253,00001253,111640,OK
1254,00001254,110642,OK
1255,00001255,111678,OK
1256,00001256,111214,OK
1257,00001257,110769,OK
1258,00001258,110515,OK
1259,00001259,110017,OK
1260,00001260,109775,OK
1261,00001261,109174,OK
1262,00001262,108369,OK
1263,00001263,108041,OK
1264,00001264,107673,OK
1265,00001265,107088,OK
1266,00001266,107321,OK
1267,00001267,107071,OK
1268,00001268,107128,OK
1269,00001269,106889,OK
1270,00001270,106104,OK
1271,00001271,105560,OK
1272,00001272,105377,OK
1273,00001273,104984,OK
1274,00001274,104742,OK
1275,00001275,104795,OK
1276,00001276,104556,OK
1277,00001277,104675,OK
1278,00001278,105325,OK
1279,00001279,105408,OK
1280,00001280,105009,OK
1281,00001281,104857,OK
1282,00001282,104361,OK
1283,00001283,104486,OK
1284,00001284,104852,OK
1285,00001285,105062,OK
1286,00001286,105329,OK
1287,00001287,104997,OK
1288,00001288,104544,OK
1289,00001289,104672,OK
1290,00001290,104730,OK
1291,00001291,104875,OK
1292,00001292,104872,OK
1293,00001293,104643,OK
1294,00001294,104917,OK
1295,00001295,104939,OK
1296,00001296,220099,OK
1297,00001297,104705,OK
1298,00001298,104473,OK
1299,00001299,104539,OK
1300,00001300,104822,OK
1301,00001301,105002,OK
1302,00001302,105003,OK
1303,00001303,105079,OK
1304,00001304,105019,OK
1305,00001305,104966,OK
1306,00001306,105057,OK
1307,00001307,105348,OK
1308,00001308,105271,OK
1309,00001309,105046,OK
1310,00001310,105348,OK
1311,00001311,105467,OK
1312,00001312,105747,OK
1313,00001313,105657,OK
1314,00001314,105783,OK
1315,00001315,105516,OK
1316,00001316,105365,OK
1317,00001317,105384,OK
1318,00001318,105233,OK
1319,00001319,105265,OK
1320,00001320,105259,OK
1321,00001321,105267,OK
1322,00001322,105378,OK
1323,00001323,105234,OK
1324,00001324,105103,OK
1325,00001325,105152,OK
1326,00001326,105215,OK
1327,00001327,105013,OK
1328,00001328,104874,OK
1329,00001329,105106,OK
1330,00001330,104864,OK
1331,00001331,105106,OK
1332,00001332,105060,OK
1333,00001333,105312,OK
1334,00001334,105383,OK
1335,00001335,105437,OK
1336,00001336,105412,OK
1337,00001337,105081,OK
1338,00001338,105354,OK
1339,00001339,105371,OK
1340,00001340,105358,OK
1341,00001341,105301,OK
1342,00001342,105669,OK
1343,00001343,105810,OK
1344,00001344,105825,OK
1345,00001345,106032,OK
1346,00001346,105752,OK
1347,00001347,105588,OK
1348,00001348,105735,OK
1349,00001349,105655,OK
1350,00001350,105670,OK
1351,00001351,105689,OK
1352,00001352,105864,OK
1353,00001353,105901,OK
1354,00001354,106000,OK
1355,00001355,105954,OK
1356,00001356,106053,OK
1357,00001357,106107,OK
1358,00001358,105891,OK
1359,00001359,106033,OK
1360,00001360,106069,OK
1361,00001361,106155,OK
1362,00001362,106267,OK
1363,00001363,106324,OK
1364,00001364,106260,OK
1365,00001365,106526,OK
1366,00001366,106326,OK
1367,00001367,106444,OK
1368,00001368,106265,OK
1369,00001369,106261,OK
1370,00001370,106245,OK
1371,00001371,106002,OK
1372,00001372,105670,OK
1373,00001373,105822,OK
1374,00001374,105755,OK
1375,00001375,106012,OK
1376,00001376,106003,OK
1377,00001377,105936,OK
1378,00001378,105987,OK
1379,00001379,105992,OK
1380,00001380,106108,OK
1381,00001381,106164,OK
1382,00001382,106266,OK
1383,00001383,106270,OK
1384,00001384,106135,OK
1385,00001385,106216,OK
1386,00001386,106219,OK
1387,00001387,106190,OK
1388,00001388,106177,OK
1389,00001389,106278,OK
1390,00001390,106415,OK
1391,00001391,106797,OK
1392,00001392,107193,OK
1393,00001393,107517,OK
1394,00001394,107182,OK
1395,00001395,106619,OK
1396,00001396,106151,OK
1397,00001397,105858,OK
1398,00001398,105732,OK
1399,00001399,105598,OK
1400,00001400,105729,OK
1401,00001401,105852,OK
1402,00001402,105896,OK
1403,00001403,106036,OK
1404,00001404,106139,OK
1405,00001405,105936,OK
1406,00001406,106056,OK
1407,00001407,106257,OK
1408,00001408,106235,OK
1409,00001409,106368,OK
1410,00001410,106431,OK
1411,00001411,106505,OK
1412,00001412,106264,OK
1413,00001413,106515,OK
1414,00001414,106573,OK
1415,00001415,106677,OK
1416,00001416,106688,OK
1417,00001417,106710,OK
1418,00001418,106653,OK
1419,00001419,106827,OK
1420,00001420,107001,OK
1421,00001421,107226,OK
1422,00001422,107349,OK
1423,00001423,107593,OK
1424,00001424,107689,OK
1425,00001425,108031,OK
1426,00001426,108135,OK
1427,00001427,108243,OK
1428,00001428,108456,OK
1429,00001429,108350,OK
1430,00001430,108348,OK
1431,00001431,108345,OK
1432,00001432,108762,OK
1433,00001433,108994,OK
1434,00001434,108567,OK
1435,00001435,108061,OK
1436,00001436,107673,OK
1437,00001437,107630,OK
1438,00001438,107844,OK
1439,00001439,107473,OK
1440,00001440,106514,OK
1441,00001441,106039,OK
1442,00001442,105659,OK
1443,00001443,106044,OK
1444,00001444,105946,OK
1445,00001445,106164,OK
1446,00001446,105859,OK
1447,00001447,105696,OK
1448,00001448,105791,OK
1449,00001449,105817,OK
1450,00001450,105830,OK
1451,00001451,105322,OK
1452,00001452,104908,OK
1453,00001453,104527,OK
1454,00001454,104361,OK
1455,00001455,105089,OK
1456,00001456,105506,OK
1457,00001457,105875,OK
1458,00001458,105711,OK
1459,00001459,105486,OK
1460,00001460,105116,OK
1461,00001461,105123,OK
1462,00001462,105222,OK
1463,00001463,104996,OK
1464,00001464,104304,OK
1465,00001465,103822,OK
1466,00001466,104002,OK
1467,00001467,104405,OK
1468,00001468,105115,OK
1469,00001469,106689,OK
1470,00001470,107830,OK
1471,00001471,108246,OK
1472,00001472,107933,OK
1473,00001473,107493,OK
1474,00001474,107145,OK
1475,00001475,107182,OK
1476,00001476,107210,OK
1477,00001477,107656,OK
1478,00001478,107743,OK
1479,00001479,108549,OK
1480,00001480,109958,OK
1481,00001481,111010,OK
1482,00001482,110434,OK
1483,00001483,110208,OK
1484,00001484,110837,OK
1485,00001485,111370,OK
1486,00001486,111741,OK
1487,00001487,112043,OK
1488,00001488,112028,OK
1489,00001489,111535,OK
1490,00001490,111346,OK
1491,00001491,111307,OK
1492,00001492,111584,OK
1493,00001493,111601,OK
1494,00001494,111645,OK
1495,00001495,111634,OK
1496,00001496,111947,OK
1497,00001497,111816,OK
1498,00001498,111638,OK
1499,00001499,111986,OK
1500,00001500,112236,OK
1501,00001501,112005,OK
1502,00001502,111883,OK
1503,00001503,112134,OK
1504,00001504,112273,OK
1505,00001505,111976,OK
1506,00001506,111694,OK
1507,00001507,111502,OK
1508,00001508,111736,OK
1509,00001509,112146,OK
1510,00001510,112342,OK
1511,00001511,112487,OK
1512,00001512,113183,OK
1513,00001513,113938,OK
1514,00001514,114466,OK
1515,00001515,115035,OK
1516,00001516,114980,OK
1517,00001517,114936,OK
1518,00001518,115258,OK
1519,00001519,115796,OK
1520,00001520,115905,OK
1521,00001521,116442,OK
1522,00001522,116698,OK
1523,00001523,117096,OK
1524,00001524,117280,OK
1525,00001525,116955,OK
1526,00001526,116810,OK
1527,00001527,116590,OK
1528,00001528,116734,OK
1529,00001529,116879,OK
1530,00001530,116990,OK
1531,00001531,117544,OK
1532,00001532,118533,OK
1533,00001533,118888,OK
1534,00001534,118851,OK
1535,00001535,118605,OK
1536,00001536,118257,OK
1537,00001537,118293,OK
1538,00001538,118182,OK
1539,00001539,118720,OK
1540,00001540,118300,OK
1541,00001541,118615,OK
1542,00001542,118235,OK
1543,00001543,117991,OK
1544,00001544,118038,OK
1545,00001545,118412,OK
1546,00001546,118775,OK
1547,00001547,118996,OK
1548,00001548,119083,OK
1549,00001549,119011,OK
1550,00001550,118948,OK
1551,00001551,119028,OK
1552,00001552,118983,OK
1553,00001553,118615,OK
1554,00001554,118584,OK
1555,00001555,118623,OK
1556,00001556,118420,OK
1557,00001557,118736,OK
1558,00001558,119072,OK
1559,00001559,119044,OK
1560,00001560,119709,OK
1561,00001561,119798,OK
1562,00001562,119921,OK
1563,00001563,120888,OK
1564,00001564,121612,OK
1565,00001565,120862,OK
1566,00001566,120351,OK
1567,00001567,121049,OK
1568,00001568,121456,OK
1569,00001569,120741,OK
1570,00001570,120715,OK
1571,00001571,120534,OK
1572,00001572,120334,OK
1573,00001573,120449,OK
1574,00001574,120202,OK
1575,00001575,120163,OK
1576,00001576,120393,OK
1577,00001577,120100,OK
1578,00001578,119785,OK
1579,00001579,119894,OK
1580,00001580,119640,OK
1581,00001581,119304,OK
1582,00001582,119519,OK
1583,00001583,119753,OK
1584,00001584,120270,OK
1585,00001585,120430,OK
1586,00001586,120614,OK
1587,00001587,120646,OK
1588,00001588,120897,OK
1589,00001589,120962,OK
1590,00001590,120877,OK
1591,00001591,121256,OK
1592,00001592,121372,OK
1593,00001593,121405,OK
1594,00001594,122022,OK
1595,00001595,122587,OK
1596,00001596,122479,OK
1597,00001597,123040,OK
1598,00001598,123332,OK
1599,00001599,123853,OK
1600,00001600,123928,OK
1601,00001601,123638,OK
1602,00001602,123484,OK
1603,00001603,123141,OK
1604,00001604,123272,OK
1605,00001605,123147,OK
1606,00001606,123276,OK
1607,00001607,122542,OK
1608,00001608,122867,OK
1609,00001609,123738,OK
1610,00001610,123742,OK
1611,00001611,123512,OK
1612,00001612,123495,OK
1613,00001613,123461,OK
1614,00001614,123463,OK
1615,00001615,123619,OK
1616,00001616,123646,OK
1617,00001617,123662,OK
1618,00001618,123606,OK
1619,00001619,123414,OK
1620,00001620,123351,OK
1621,00001621,123105,OK
1622,00001622,123084,OK
1623,00001623,123346,OK
1624,00001624,123412,OK
1625,00001625,123280,OK
1626,00001626,123408,OK
1627,00001627,123509,OK
1628,00001628,123440,OK
1629,00001629,123156,OK
1630,00001630,122827,OK
1631,00001631,122360,OK
1632,00001632,122483,OK
1633,00001633,122757,OK
1634,00001634,123209,OK
1635,00001635,123503,OK
1636,00001636,123110,OK
1637,00001637,122323,OK
1638,00001638,121979,OK
1639,00001639,121491,OK
1640,00001640,121411,OK
1641,00001641,121277,OK
1642,00001642,120953,OK
1643,00001643,121173,OK
1644,00001644,121209,OK
1645,00001645,121177,OK
1646,00001646,121251,OK
1647,00001647,121292,OK
1648,00001648,121731,OK
1649,00001649,121731,OK
1650,00001650,121426,OK
1651,00001651,121422,OK
1652,00001652,121383,OK
1653,00001653,121274,OK
1654,00001654,121099,OK
1655,00001655,120938,OK
1656,00001656,120917,OK
1657,00001657,120690,OK
1658,00001658,120672,OK
1659,00001659,120512,OK
1660,00001660,120525,OK
1661,00001661,120466,OK
1662,00001662,120476,OK
1663,00001663,120434,OK
1664,00001664,120312,OK
1665,00001665,120245,OK
1666,00001666,120100,OK
1667,00001667,119636,OK
1668,00001668,119118,OK
1669,00001669,118647,OK
1670,00001670,118201,OK
1671,00001671,118308,OK
1672,00001672,118245,OK
1673,00001673,118264,OK
1674,00001674,118262,OK
1675,00001675,118250,OK
1676,00001676,118200,OK
1677,00001677,118333,OK
1678,00001678,118619,OK
1679,00001679,119056,OK
1680,00001680,119637,OK
1681,00001681,120505,OK
1682,00001682,120867,OK
1683,00001683,120999,OK
1684,00001684,121200,OK
1685,00001685,121005,OK
1686,00001686,121204,OK
1687,00001687,121511,OK
1688,00001688,121671,OK
1689,00001689,121926,OK
1690,00001690,121687,OK
1691,00001691,121592,OK
1692,00001692,122152,OK
1693,00001693,122717,OK
1694,00001694,122616,OK
1695,00001695,122588,OK
1696,00001696,121353,OK
1697,00001697,120258,OK
1698,00001698,119966,OK
1699,00001699,120337,OK
1700,00001700,121357,OK
1701,00001701,121581,OK
1702,00001702,121915,OK
1703,00001703,121527,OK
1704,00001704,121640,OK
1705,00001705,121583,OK
1706,00001706,121544,OK
1707,00001707,121529,OK
1708,00001708,121101,OK
1709,00001709,121011,OK
1710,00001710,120868,OK
1711,00001711,120958,OK
1712,00001712,120683,OK
1713,00001713,120437,OK
1714,00001714,119143,OK
1715,00001715,118351,OK
1716,00001716,117343,OK
1717,00001717,116893,OK
1718,00001718,116671,OK
1719,00001719,116694,OK
1720,00001720,117264,OK
1721,00001721,118688,OK
1722,00001722,119846,OK
1723,00001723,120681,OK
1724,00001724,121262,OK
1725,00001725,121779,OK
1726,00001726,121810,OK
1727,00001727,121686,OK
1728,00001728,121993,OK
1729,00001729,121983,OK
1730,00001730,121744,OK
1731,00001731,121294,OK
1732,00001732,121745,OK
1733,00001733,121898,OK
1734,00001734,121861,OK
1735,00001735,121912,OK
1736,00001736,121530,OK
1737,00001737,121311,OK
1738,00001738,121021,OK
1739,00001739,120879,OK
1740,00001740,121447,OK
1741,00001741,121589,OK
1742,00001742,121542,OK
1743,00001743,121558,OK
1744,00001744,121192,OK
1745,00001745,121088,OK
1746,00001746,121168,OK
1747,00001747,120990,OK
1748,00001748,120721,OK
1749,00001749,120406,OK
1750,00001750,120696,OK
1751,00001751,120328,OK
1752,00001752,120567,OK
1753,00001753,120719,OK
1754,00001754,121152,OK
1755,00001755,121312,OK
1756,00001756,121322,OK
1757,00001757,121142,OK
1758,00001758,121179,OK
1759,00001759,121555,OK
1760,00001760,121564,OK
1761,00001761,121539,OK
1762,00001762,121697,OK
1763,00001763,121890,OK
1764,00001764,121902,OK
1765,00001765,121742,OK
1766,00001766,121604,OK
1767,00001767,121616,OK
1768,00001768,226229,OK
1769,00001769,120949,OK
1770,00001770,120639,OK
1771,00001771,121344,OK
1772,00001772,120422,OK
1773,00001773,119989,OK
1774,00001774,119606,OK
1775,00001775,119451,OK
1776,00001776,119280,OK
1777,00001777,119283,OK
1778,00001778,119130,OK
1779,00001779,118987,OK
1780,00001780,119203,OK
1781,00001781,119010,OK
1782,00001782,119149,OK
1783,00001783,119378,OK
1784,00001784,119718,OK
1785,00001785,119640,OK
1786,00001786,119658,OK
1787,00001787,119371,OK
1788,00001788,119456,OK
1789,00001789,119416,OK
1790,00001790,119349,OK
1791,00001791,119377,OK
1792,00001792,118961,OK
1793,00001793,118983,OK
1794,00001794,119440,OK
1795,00001795,119290,OK
1796,00001796,119385,OK
1797,00001797,119236,OK
1798,00001798,119210,OK
1799,00001799,119204,OK
1800,00001800,119099,OK
1801,00001801,119027,OK
1802,00001802,118928,OK
1803,00001803,118949,OK
1804,00001804,119156,OK
1805,00001805,119114,OK
1806,00001806,119084,OK
1807,00001807,118907,OK
1808,00001808,118718,OK
1809,00001809,117950,OK
1810,00001810,117411,OK
1811,00001811,117665,OK
1812,00001812,118172,OK
1813,00001813,117934,OK
1814,00001814,117912,OK
1815,00001815,117747,OK
1816,00001816,117250,OK
1817,00001817,117332,OK
1818,00001818,117557,OK
1819,00001819,118150,OK
1820,00001820,118403,OK
1821,00001821,119308,OK
1822,00001822,119836,OK
1823,00001823,119725,OK
1824,00001824,119400,OK
1825,00001825,119395,OK
1826,00001826,118738,OK
1827,00001827,118403,OK
1828,00001828,118194,OK
1829,00001829,118297,OK
1830,00001830,118162,OK
1831,00001831,117906,OK
1832,00001832,117910,OK
1833,00001833,117786,OK
1834,00001834,117719,OK
1835,00001835,117727,OK
1836,00001836,117689,OK
1837,00001837,117742,OK
1838,00001838,117172,OK
1839,00001839,117005,OK
1840,00001840,116894,OK
1841,00001841,116854,OK
1842,00001842,116385,OK
1843,00001843,116605,OK
1844,00001844,116750,OK
1845,00001845,116888,OK
1846,00001846,117073,OK
1847,00001847,117317,OK
1848,00001848,117283,OK
1849,00001849,117585,OK
1850,00001850,117715,OK
1851,00001851,117963,OK
1852,00001852,118070,OK
1853,00001853,118213,OK
1854,00001854,118132,OK
1855,00001855,118298,OK
1856,00001856,118712,OK
1857,00001857,118342,OK
1858,00001858,118082,OK
1859,00001859,118287,OK
1860,00001860,118035,OK
1861,00001861,118380,OK
1862,00001862,117941,OK
1863,00001863,118156,OK
1864,00001864,118199,OK
1865,00001865,118313,OK
1866,00001866,118561,OK
1867,00001867,118920,OK
1868,00001868,119083,OK
1869,00001869,119055,OK
1870,00001870,119040,OK
1871,00001871,119111,OK
1872,00001872,119150,OK
1873,00001873,119584,OK
1874,00001874,119974,OK
1875,00001875,120160,OK
1876,00001876,120471,OK
1877,00001877,120230,OK
1878,00001878,120227,OK
1879,00001879,120169,OK
1880,00001880,119856,OK
1881,00001881,119826,OK
1882,00001882,119868,OK
1883,00001883,119827,OK
1884,00001884,119996,OK
1885,00001885,120566,OK
1886,00001886,120729,OK
1887,00001887,120577,OK
1888,00001888,120997,OK
1889,00001889,120834,OK
1890,00001890,121029,OK
1891,00001891,120914,OK
1892,00001892,120726,OK
1893,00001893,120375,OK
1894,00001894,120313,OK
1895,00001895,120529,OK
1896,00001896,120632,OK
1897,00001897,121084,OK
1898,00001898,121260,OK
1899,00001899,121440,OK
1900,00001900,121843,OK
1901,00001901,121957,OK
1902,00001902,122766,OK
1903,00001903,123768,OK
1904,00001904,123940,OK
1905,00001905,124622,OK
1906,00001906,125408,OK
1907,00001907,126042,OK
1908,00001908,126166,OK
1909,00001909,126409,OK
1910,00001910,126181,OK
1911,00001911,126140,OK
1912,00001912,125496,OK
1913,00001913,124729,OK
1914,00001914,124619,OK
1915,00001915,124580,OK
1916,00001916,124136,OK
1917,00001917,124061,OK
1918,00001918,123997,OK
1919,00001919,123806,OK
1920,00001920,123507,OK
1921,00001921,123471,OK
1922,00001922,123397,OK
1923,00001923,123097,OK
1924,00001924,122968,OK
1925,00001925,122832,OK
1926,00001926,122842,OK
1927,00001927,122275,OK
1928,00001928,121666,OK
1929,00001929,120320,OK
1930,00001930,119300,OK
1931,00001931,118728,OK
1932,00001932,118746,OK
1933,00001933,118576,OK
1934,00001934,118895,OK
1935,00001935,120103,OK
1936,00001936,120336,OK
1937,00001937,120566,OK
1938,00001938,120469,OK
1939,00001939,120634,OK
1940,00001940,120823,OK
1941,00001941,120876,OK
1942,00001942,121012,OK
1943,00001943,121116,OK
1944,00001944,121046,OK
1945,00001945,120971,OK
1946,00001946,121099,OK
1947,00001947,121017,OK
1948,00001948,120724,OK
1949,00001949,120768,OK
1950,00001950,120865,OK
1951,00001951,120716,OK
1952,00001952,120561,OK
1953,00001953,120573,OK
1954,00001954,120286,OK
1955,00001955,120047,OK
1956,00001956,119850,OK
1957,00001957,119662,OK
1958,00001958,119704,OK
1959,00001959,119487,OK
1960,00001960,119516,OK
1961,00001961,119484,OK
1962,00001962,119455,OK
1963,00001963,119423,OK
1964,00001964,119684,OK
1965,00001965,119678,OK
1966,00001966,119827,OK
1967,00001967,119877,OK
1968,00001968,120160,OK
1969,00001969,120210,OK
1970,00001970,120131,OK
1971,00001971,119979,OK
1972,00001972,119980,OK
1973,00001973,119831,OK
1974,00001974,119670,OK
1975,00001975,119792,OK
1976,00001976,119784,OK
1977,00001977,119746,OK
1978,00001978,119841,OK
1979,00001979,119945,OK
1980,00001980,120057,OK
1981,00001981,119937,OK
1982,00001982,120087,OK
1983,00001983,120061,OK
1984,00001984,120266,OK
1985,00001985,120617,OK
1986,00001986,120789,OK
1987,00001987,121113,OK
1988,00001988,121316,OK
1989,00001989,121377,OK
1990,00001990,121547,OK
1991,00001991,121621,OK
1992,00001992,121722,OK
1993,00001993,122063,OK
1994,00001994,121765,OK
1995,00001995,121844,OK
1996,00001996,121772,OK
1997,00001997,121786,OK
1998,00001998,121757,OK
1999,00001999,118991,OK
2000,00002000,118794,OK
2001,00002001,118885,OK
2002,00002002,118981,OK
2003,00002003,118753,OK
2004,00002004,118719,OK
2005,00002005,118945,OK
2006,00002006,119116,OK
2007,00002007,119288,OK
2008,00002008,119368,OK
2009,00002009,119355,OK
2010,00002010,119173,OK
2011,00002011,119338,OK
2012,00002012,119326,OK
2013,00002013,119743,OK
2014,00002014,119530,OK
2015,00002015,119594,OK
2016,00002016,119683,OK
2017,00002017,120076,OK
2018,00002018,120513,OK
2019,00002019,120824,OK
2020,00002020,120884,OK
2021,00002021,120326,OK
2022,00002022,120242,OK
2023,00002023,120515,OK
2024,00002024,120424,OK
2025,00002025,120414,OK
2026,00002026,120510,OK
2027,00002027,120555,OK
2028,00002028,120525,OK
2029,00002029,120429,OK
2030,00002030,120210,OK
2031,00002031,119942,OK
2032,00002032,120030,OK
2033,00002033,120127,OK
2034,00002034,120454,OK
2035,00002035,120431,OK
2036,00002036,120474,OK
2037,00002037,120551,OK
2038,00002038,120480,OK
2039,00002039,120446,OK
2040,00002040,120347,OK
2041,00002041,120433,OK
2042,00002042,120545,OK
2043,00002043,120402,OK
2044,00002044,120240,OK
2045,00002045,120170,OK
2046,00002046,120058,OK
2047,00002047,120287,OK
2048,00002048,120320,OK
2049,00002049,120122,OK
2050,00002050,120374,OK
2051,00002051,120746,OK
2052,00002052,120717,OK
2053,00002053,120693,OK
2054,00002054,120612,OK
2055,00002055,120639,OK
2056,00002056,120680,OK
2057,00002057,120781,OK
2058,00002058,120677,OK
2059,00002059,120813,OK
2060,00002060,120919,OK
2061,00002061,120857,OK
2062,00002062,120853,OK
2063,00002063,120829,OK
2064,00002064,120848,OK
2065,00002065,120605,OK
2066,00002066,120496,OK
2067,00002067,120438,OK
2068,00002068,120227,OK
2069,00002069,119848,OK
2070,00002070,119719,OK
2071,00002071,119087,OK
2072,00002072,118532,OK
2073,00002073,117646,OK
2074,00002074,116872,OK
2075,00002075,115840,OK
2076,00002076,115033,OK
2077,00002077,113775,OK
2078,00002078,112843,OK
2079,00002079,111964,OK
2080,00002080,111224,OK
2081,00002081,110641,OK
2082,00002082,110170,OK
2083,00002083,109748,OK
2084,00002084,109868,OK
2085,00002085,109999,OK
2086,00002086,110184,OK
2087,00002087,110928,OK
2088,00002088,111717,OK
2089,00002089,112543,OK
2090,00002090,113715,OK
2091,00002091,114443,OK
2092,00002092,115172,OK
2093,00002093,115945,OK
2094,00002094,117701,OK
2095,00002095,118655,OK
2096,00002096,119901,OK
2097,00002097,121128,OK
2098,00002098,121429,OK
2099,00002099,122186,OK
2100,00002100,122688,OK
2101,00002101,123321,OK
2102,00002102,123536,OK
2103,00002103,123732,OK
2104,00002104,123700,OK
2105,00002105,123947,OK
2106,00002106,124197,OK
2107,00002107,124591,OK
2108,00002108,124863,OK
2109,00002109,125101,OK
2110,00002110,125103,OK
2111,00002111,124871,OK
2112,00002112,124902,OK
2113,00002113,124313,OK
2114,00002114,123716,OK
2115,00002115,123873,OK
2116,00002116,124256,OK
2117,00002117,123760,OK
2118,00002118,123709,OK
2119,00002119,124041,OK
2120,00002120,123777,OK
2121,00002121,124300,OK
2122,00002122,124631,OK
2123,00002123,125089,OK
2124,00002124,125198,OK
2125,00002125,125149,OK
2126,00002126,125215,OK
2127,00002127,125215,OK
2128,00002128,125164,OK
2129,00002129,124745,OK
2130,00002130,124093,OK
2131,00002131,123461,OK
2132,00002132,122805,OK
2133,00002133,122510,OK
2134,00002134,121993,OK
2135,00002135,122095,OK
2136,00002136,121921,OK
2137,00002137,122042,OK
2138,00002138,122060,OK
2139,00002139,121836,OK
2140,00002140,121890,OK
2141,00002141,121735,OK
2142,00002142,121743,OK
2143,00002143,121760,OK
2144,00002144,121583,OK
2145,00002145,121423,OK
2146,00002146,121817,OK
2147,00002147,121645,OK
2148,00002148,121669,OK
2149,00002149,121804,OK
2150,00002150,121834,OK
2151,00002151,121809,OK
2152,00002152,121906,OK
2153,00002153,121901,OK
2154,00002154,121881,OK
2155,00002155,122110,OK
2156,00002156,121867,OK
2157,00002157,122102,OK
2158,00002158,122339,OK
2159,00002159,122550,OK
2160,00002160,122306,OK
2161,00002161,122407,OK
2162,00002162,122615,OK
2163,00002163,122881,OK
2164,00002164,122985,OK
2165,00002165,123224,OK
2166,00002166,123266,OK
2167,00002167,123004,OK
2168,00002168,122912,OK
2169,00002169,123007,OK
2170,00002170,122794,OK
2171,00002171,123001,OK
2172,00002172,122492,OK
2173,00002173,122356,OK
2174,00002174,122219,OK
2175,00002175,122317,OK
2176,00002176,122055,OK
2177,00002177,121857,OK
2178,00002178,121680,OK
2179,00002179,121314,OK
2180,00002180,121335,OK
2181,00002181,121434,OK
2182,00002182,121498,OK
2183,00002183,120923,OK
2184,00002184,121429,OK
2185,00002185,121516,OK
2186,00002186,121558,OK
2187,00002187,121547,OK
2188,00002188,121480,OK
2189,00002189,121199,OK
2190,00002190,121321,OK
2191,00002191,121265,OK
2192,00002192,121334,OK
2193,00002193,120976,OK
2194,00002194,120313,OK
2195,00002195,119018,OK
2196,00002196,118811,OK
2197,00002197,118853,OK
2198,00002198,118862,OK
2199,00002199,118794,OK
2200,00002200,119046,OK
2201,00002201,119335,OK
2202,00002202,119124,OK
2203,00002203,119618,OK
2204,00002204,119620,OK
2205,00002205,119479,OK
2206,00002206,119501,OK
2207,00002207,119649,OK
2208,00002208,119786,OK
2209,00002209,119772,OK
2210,00002210,120010,OK
2211,00002211,120289,OK
2212,00002212,120262,OK
2213,00002213,120171,OK
2214,00002214,120794,OK
2215,00002215,120765,OK
2216,00002216,120869,OK
2217,00002217,121105,OK
2218,00002218,121056,OK
2219,00002219,121093,OK
2220,00002220,121620,OK
2221,00002221,121703,OK
2222,00002222,121717,OK
2223,00002223,121672,OK
2224,00002224,121831,OK
2225,00002225,121917,OK
2226,00002226,121693,OK
2227,00002227,121531,OK
2228,00002228,121491,OK
2229,00002229,121765,OK
2230,00002230,121883,OK
2231,00002231,121697,OK
2232,00002232,122211,OK
2233,00002233,122038,OK
2234,00002234,121627,OK
2235,00002235,121299,OK
2236,00002236,120532,OK
2237,00002237,120108,OK
2238,00002238,119757,OK
2239,00002239,120170,OK
2240,00002240,120216,OK
2241,00002241,120111,OK
2242,00002242,120590,OK
2243,00002243,121143,OK
2244,00002244,120999,OK
2245,00002245,120964,OK
2246,00002246,120668,OK
2247,00002247,120342,OK
2248,00002248,119938,OK
2249,00002249,119506,OK
2250,00002250,119090,OK
2251,00002251,118881,OK
2252,00002252,118949,OK
2253,00002253,118728,OK
2254,00002254,118947,OK
2255,00002255,119098,OK
2256,00002256,119475,OK
2257,00002257,119708,OK
2258,00002258,119840,OK
2259,00002259,120011,OK
2260,00002260,120334,OK
2261,00002261,120953,OK
2262,00002262,121301,OK
2263,00002263,121384,OK
2264,00002264,121272,OK
2265,00002265,121328,OK
2266,00002266,121544,OK
2267,00002267,121391,OK
2268,00002268,121600,OK
2269,00002269,122036,OK
2270,00002270,122051,OK
2271,00002271,122050,OK
2272,00002272,121889,OK
2273,00002273,121724,OK
2274,00002274,121783,OK
2275,00002275,121572,OK
2276,00002276,121477,OK
2277,00002277,121145,OK
2278,00002278,120857,OK
2279,00002279,120901,OK
2280,00002280,121132,OK
2281,00002281,120799,OK
2282,00002282,120930,OK
2283,00002283,120828,OK
2284,00002284,120556,OK
2285,00002285,120483,OK
2286,00002286,120680,OK
2287,00002287,120743,OK
2288,00002288,120765,OK
2289,00002289,120911,OK
2290,00002290,120604,OK
2291,00002291,120836,OK
2292,00002292,120772,OK
2293,00002293,120551,OK
2294,00002294,120602,OK
2295,00002295,120625,OK
2296,00002296,120521,OK
2297,00002297,120434,OK
2298,00002298,120429,OK
2299,00002299,120613,OK
2300,00002300,120520,OK
2301,00002301,120424,OK
2302,00002302,120028,OK
2303,00002303,119900,OK
2304,00002304,119448,OK
2305,00002305,119024,OK
2306,00002306,119474,OK
2307,00002307,119730,OK
2308,00002308,119654,OK
2309,00002309,119489,OK
2310,00002310,119365,OK
2311,00002311,119392,OK
2312,00002312,119626,OK
2313,00002313,119773,OK
2314,00002314,119749,OK
2315,00002315,119963,OK
2316,00002316,119877,OK
2317,00002317,119901,OK
2318,00002318,120061,OK
2319,00002319,119802,OK
2320,00002320,119827,OK
2321,00002321,119352,OK
2322,00002322,119177,OK
2323,00002323,118672,OK
2324,00002324,118697,OK
2325,00002325,118271,OK
2326,00002326,117966,OK
2327,00002327,117494,OK
2328,00002328,117175,OK
2329,00002329,117076,OK
2330,00002330,116704,OK
2331,00002331,116562,OK
2332,00002332,116430,OK
2333,00002333,116798,OK
2334,00002334,117337,OK
2335,00002335,117571,OK
2336,00002336,118420,OK
2337,00002337,118878,OK
2338,00002338,119451,OK
2339,00002339,119925,OK
2340,00002340,120686,OK
2341,00002341,121085,OK
2342,00002342,121632,OK
2343,00002343,121954,OK
2344,00002344,122519,OK
2345,00002345,122863,OK
2346,00002346,122953,OK
2347,00002347,122748,OK
2348,00002348,122763,OK
2349,00002349,122090,OK
2350,00002350,121850,OK
2351,00002351,122360,OK
2352,00002352,122702,OK
2353,00002353,123886,OK
2354,00002354,124903,OK
2355,00002355,125339,OK
2356,00002356,125246,OK
2357,00002357,125006,OK
2358,00002358,125288,OK
2359,00002359,125710,OK
2360,00002360,126789,OK
2361,00002361,127572,OK
2362,00002362,127894,OK
2363,00002363,128169,OK
2364,00002364,128428,OK
2365,00002365,129106,OK
2366,00002366,129520,OK
2367,00002367,129855,OK
2368,00002368,130055,OK
2369,00002369,130403,OK
2370,00002370,130248,OK
2371,00002371,129431,OK
2372,00002372,129385,OK
2373,00002373,128852,OK
2374,00002374,128371,OK
2375,00002375,127329,OK
2376,00002376,126537,OK
2377,00002377,126232,OK
2378,00002378,126033,OK
2379,00002379,124841,OK
2380,00002380,124354,OK
2381,00002381,123794,OK
2382,00002382,123712,OK
2383,00002383,123469,OK
2384,00002384,123863,OK
2385,00002385,123631,OK
2386,00002386,123814,OK
2387,00002387,123817,OK
2388,00002388,123575,OK
2389,00002389,123708,OK
2390,00002390,123420,OK
2391,00002391,122743,OK
2392,00002392,122105,OK
2393,00002393,121752,OK
2394,00002394,121443,OK
2395,00002395,121348,OK
2396,00002396,121107,OK
2397,00002397,120735,OK
2398,00002398,120684,OK
2399,00002399,120972,OK
2400,00002400,120732,OK
2401,00002401,120457,OK
2402,00002402,120053,OK
2403,00002403,119857,OK
2404,00002404,119549,OK
2405,00002405,118789,OK
2406,00002406,118675,OK
2407,00002407,118386,OK
2408,00002408,118233,OK
2409,00002409,118333,OK
2410,00002410,117686,OK
2411,00002411,117564,OK
2412,00002412,117501,OK
2413,00002413,117413,OK
2414,00002414,118033,OK
2415,00002415,118425,OK
2416,00002416,118404,OK
2417,00002417,118196,OK
2418,00002418,117688,OK
2419,00002419,117219,OK
2420,00002420,117146,OK
2421,00002421,117218,OK
2422,00002422,117158,OK
2423,00002423,116848,OK
2424,00002424,116610,OK
2425,00002425,116139,OK
2426,00002426,115838,OK
2427,00002427,115411,OK
2428,00002428,115234,OK
2429,00002429,115111,OK
2430,00002430,115399,OK
2431,00002431,115649,OK
2432,00002432,116205,OK
2433,00002433,116092,OK
2434,00002434,116017,OK
2435,00002435,116140,OK
2436,00002436,115964,OK
2437,00002437,115840,OK
2438,00002438,115737,OK
2439,00002439,115736,OK
2440,00002440,115957,OK
2441,00002441,115839,OK
2442,00002442,115967,OK
2443,00002443,115838,OK
2444,00002444,115984,OK
2445,00002445,116005,OK
2446,00002446,115900,OK
2447,00002447,115977,OK
2448,00002448,116090,OK
2449,00002449,116139,OK
2450,00002450,116284,OK
2451,00002451,116282,OK
2452,00002452,115678,OK
2453,00002453,115209,OK
2454,00002454,115436,OK
2455,00002455,115527,OK
2456,00002456,115627,OK
2457,00002457,115739,OK
2458,00002458,115694,OK
2459,00002459,115971,OK
2460,00002460,115984,OK
2461,00002461,116024,OK
2462,00002462,115497,OK
2463,00002463,115669,OK
2464,00002464,115343,OK
2465,00002465,115311,OK
2466,00002466,115215,OK
2467,00002467,115012,OK
2468,00002468,115162,OK
2469,00002469,115277,OK
2470,00002470,115485,OK
2471,00002471,115578,OK
2472,00002472,115937,OK
2473,00002473,115835,OK
2474,00002474,115729,OK
2475,00002475,115825,OK
2476,00002476,115736,OK
2477,00002477,115923,OK
2478,00002478,115910,OK
2479,00002479,115710,OK
2480,00002480,115761,OK
2481,00002481,115906,OK
2482,00002482,115849,OK
2483,00002483,115625,OK
2484,00002484,115891,OK
2485,00002485,115759,OK
2486,00002486,115483,OK
2487,00002487,115378,OK
2488,00002488,115658,OK
2489,00002489,115800,OK
2490,00002490,115693,OK
2491,00002491,115433,OK
2492,00002492,115020,OK
2493,00002493,114881,OK
2494,00002494,114690,OK
2495,00002495,114807,OK
2496,00002496,114632,OK
2497,00002497,114324,OK
2498,00002498,114322,OK
2499,00002499,114225,OK
2500,00002500,114281,OK
2501,00002501,114319,OK
2502,00002502,114460,OK
2503,00002503,114251,OK
2504,00002504,114158,OK
2505,00002505,113868,OK
2506,00002506,113597,OK
2507,00002507,113996,OK
2508,00002508,113768,OK
2509,00002509,113682,OK
2510,00002510,113586,OK
2511,00002511,113508,OK
2512,00002512,113503,OK
2513,00002513,114056,OK
2514,00002514,115073,OK
2515,00002515,115233,OK
2516,00002516,115339,OK
2517,00002517,115153,OK
2518,00002518,114197,OK
2519,00002519,113128,OK
2520,00002520,112672,OK
2521,00002521,113000,OK
2522,00002522,113189,OK
2523,00002523,113607,OK
2524,00002524,113982,OK
2525,00002525,113959,OK
2526,00002526,113913,OK
2527,00002527,113960,OK
2528,00002528,114138,OK
2529,00002529,114103,OK
2530,00002530,113971,OK
2531,00002531,113784,OK
2532,00002532,113927,OK
2533,00002533,113973,OK
2534,00002534,114372,OK
2535,00002535,114756,OK
2536,00002536,114986,OK
2537,00002537,115112,OK
2538,00002538,115310,OK
2539,00002539,115237,OK
2540,00002540,115290,OK
2541,00002541,115403,OK
2542,00002542,115225,OK
2543,00002543,115092,OK
2544,00002544,115105,OK
2545,00002545,114940,OK
2546,00002546,115038,OK
2547,00002547,115125,OK
2548,00002548,115210,OK
2549,00002549,115320,OK
2550,00002550,115296,OK
2551,00002551,115256,OK
2552,00002552,115261,OK
2553,00002553,115356,OK
2554,00002554,115583,OK
2555,00002555,115699,OK
2556,00002556,115623,OK
2557,00002557,115362,OK
2558,00002558,115475,OK
2559,00002559,115406,OK
2560,00002560,115180,OK
2561,00002561,114887,OK
2562,00002562,114036,OK
2563,00002563,112552,OK
2564,00002564,111395,OK
2565,00002565,111013,OK
2566,00002566,110847,OK
2567,00002567,110645,OK
2568,00002568,110969,OK
2569,00002569,110735,OK
2570,00002570,111132,OK
2571,00002571,111488,OK
2572,00002572,112028,OK
2573,00002573,112494,OK
2574,00002574,113171,OK
2575,00002575,114073,OK
2576,00002576,114639,OK
2577,00002577,114735,OK
2578,00002578,115266,OK
2579,00002579,115601,OK
2580,00002580,116330,OK
2581,00002581,116467,OK
2582,00002582,116847,OK
2583,00002583,117041,OK
2584,00002584,117729,OK
2585,00002585,117461,OK
2586,00002586,117598,OK
2587,00002587,117326,OK
2588,00002588,116934,OK
2589,00002589,116776,OK
2590,00002590,116725,OK
2591,00002591,116631,OK
2592,00002592,116433,OK
2593,00002593,116482,OK
2594,00002594,116510,OK
2595,00002595,116602,OK
2596,00002596,116425,OK
2597,00002597,116301,OK
2598,00002598,116275,OK
2599,00002599,119212,OK
2600,00002600,119665,OK
2601,00002601,119739,OK
2602,00002602,119823,OK
2603,00002603,119872,OK
2604,00002604,119607,OK
2605,00002605,119958,OK
2606,00002606,120108,OK
2607,00002607,120368,OK
2608,00002608,120360,OK
2609,00002609,120181,OK
2610,00002610,120132,OK
2611,00002611,120101,OK
2612,00002612,120429,OK
2613,00002613,120677,OK
2614,00002614,120919,OK
2615,00002615,120919,OK
2616,00002616,121481,OK
2617,00002617,121691,OK
2618,00002618,122152,OK
2619,00002619,122463,OK
2620,00002620,122996,OK
2621,00002621,123147,OK
2622,00002622,123284,OK
2623,00002623,123007,OK
2624,00002624,122607,OK
2625,00002625,123146,OK
2626,00002626,123866,OK
2627,00002627,124389,OK
2628,00002628,124105,OK
2629,00002629,123415,OK
2630,00002630,123458,OK
2631,00002631,123657,OK
2632,00002632,123951,OK
2633,00002633,123329,OK
2634,00002634,123074,OK
2635,00002635,123360,OK
2636,00002636,123318,OK
2637,00002637,123421,OK
2638,00002638,123640,OK
2639,00002639,123306,OK
2640,00002640,123389,OK
2641,00002641,123317,OK
2642,00002642,123267,OK
2643,00002643,123359,OK
2644,00002644,123756,OK
2645,00002645,123963,OK
2646,00002646,124311,OK
2647,00002647,124207,OK
2648,00002648,124148,OK
2649,00002649,123424,OK
2650,00002650,122801,OK
2651,00002651,122313,OK
2652,00002652,121398,OK
2653,00002653,120975,OK
2654,00002654,121123,OK
2655,00002655,121067,OK
2656,00002656,120866,OK
2657,00002657,120603,OK
2658,00002658,120486,OK
2659,00002659,120794,OK
2660,00002660,120802,OK
2661,00002661,121579,OK
2662,00002662,122387,OK
2663,00002663,122942,OK
2664,00002664,122961,OK
2665,00002665,123274,OK
2666,00002666,123588,OK
2667,00002667,123888,OK
2668,00002668,124008,OK
2669,00002669,123682,OK
2670,00002670,123488,OK
2671,00002671,123837,OK
2672,00002672,123377,OK
2673,00002673,122977,OK
2674,00002674,122959,OK
2675,00002675,123169,OK
2676,00002676,123332,OK
2677,00002677,122750,OK
2678,00002678,122082,OK
2679,00002679,120834,OK
2680,00002680,120052,OK
2681,00002681,119973,OK
2682,00002682,119513,OK
2683,00002683,119090,OK
2684,00002684,119168,OK
2685,00002685,119158,OK
2686,00002686,118963,OK
2687,00002687,118945,OK
2688,00002688,119778,OK
2689,00002689,120366,OK
2690,00002690,120465,OK
2691,00002691,120570,OK
2692,00002692,120210,OK
2693,00002693,120194,OK
2694,00002694,120325,OK
2695,00002695,120520,OK
2696,00002696,120230,OK
2697,00002697,120195,OK
2698,00002698,120241,OK
2699,00002699,120212,OK
2700,00002700,120301,OK
2701,00002701,120372,OK
2702,00002702,120442,OK
2703,00002703,120224,OK
2704,00002704,120216,OK
2705,00002705,119976,OK
2706,00002706,120164,OK
2707,00002707,120099,OK
2708,00002708,120410,OK
2709,00002709,120317,OK
2710,00002710,120359,OK
2711,00002711,120364,OK
2712,00002712,120419,OK
2713,00002713,120367,OK
2714,00002714,120556,OK
2715,00002715,120665,OK
2716,00002716,120732,OK
2717,00002717,120736,OK
2718,00002718,120457,OK
2719,00002719,120032,OK
2720,00002720,119863,OK
2721,00002721,119596,OK
2722,00002722,119535,OK
2723,00002723,119341,OK
2724,00002724,119460,OK
2725,00002725,119422,OK
2726,00002726,119176,OK
2727,00002727,119486,OK
2728,00002728,119540,OK
2729,00002729,119690,OK
2730,00002730,120058,OK
2731,00002731,119947,OK
2732,00002732,119845,OK
2733,00002733,119971,OK
2734,00002734,119860,OK
2735,00002735,119838,OK
2736,00002736,120295,OK
2737,00002737,119868,OK
2738,00002738,120196,OK
2739,00002739,120021,OK
2740,00002740,119796,OK
2741,00002741,119642,OK
2742,00002742,119294,OK
2743,00002743,119229,OK
2744,00002744,119281,OK
2745,00002745,119658,OK
2746,00002746,119673,OK
2747,00002747,119779,OK
2748,00002748,119911,OK
2749,00002749,120189,OK
2750,00002750,120345,OK
2751,00002751,120297,OK
2752,00002752,120286,OK
2753,00002753,120067,OK
2754,00002754,120500,OK
2755,00002755,120127,OK
2756,00002756,119681,OK
2757,00002757,119700,OK
2758,00002758,119329,OK
2759,00002759,119481,OK
2760,00002760,119287,OK
2761,00002761,119618,OK
2762,00002762,119841,OK
2763,00002763,120114,OK
2764,00002764,120056,OK
2765,00002765,119724,OK
2766,00002766,119123,OK
2767,00002767,118545,OK
2768,00002768,117712,OK
2769,00002769,117430,OK
2770,00002770,117253,OK
2771,00002771,117808,OK
2772,00002772,117948,OK
2773,00002773,118366,OK
2774,00002774,118742,OK
2775,00002775,119029,OK
2776,00002776,119866,OK
2777,00002777,120427,OK
2778,00002778,120452,OK
2779,00002779,120269,OK
2780,00002780,120450,OK
2781,00002781,120312,OK
2782,00002782,120040,OK
2783,00002783,119949,OK
2784,00002784,119618,OK
2785,00002785,119738,OK
2786,00002786,119058,OK
2787,00002787,119439,OK
2788,00002788,119281,OK
2789,00002789,118970,OK
2790,00002790,119095,OK
2791,00002791,119503,OK
2792,00002792,120066,OK
2793,00002793,120053,OK
2794,00002794,119752,OK
2795,00002795,120045,OK
2796,00002796,120029,OK
2797,00002797,120142,OK
2798,00002798,120234,OK
2799,00002799,120703,OK
2800,00002800,121441,OK
2801,00002801,122018,OK
2802,00002802,122649,OK
2803,00002803,123489,OK
2804,00002804,123542,OK
2805,00002805,123612,OK
2806,00002806,123548,OK
2807,00002807,123143,OK
2808,00002808,122803,OK
2809,00002809,122514,OK
2810,00002810,122052,OK
2811,00002811,121294,OK
2812,00002812,120872,OK
2813,00002813,120909,OK
2814,00002814,120688,OK
2815,00002815,120848,OK
2816,00002816,120632,OK
2817,00002817,120736,OK
2818,00002818,120208,OK
2819,00002819,119756,OK
2820,00002820,119879,OK
2821,00002821,119630,OK
2822,00002822,119483,OK
2823,00002823,119398,OK
2824,00002824,119387,OK
2825,00002825,119329,OK
2826,00002826,119646,OK
2827,00002827,119956,OK
2828,00002828,119980,OK
2829,00002829,119885,OK
2830,00002830,119836,OK
2831,00002831,119562,OK
2832,00002832,119466,OK
2833,00002833,119496,OK
2834,00002834,120004,OK
2835,00002835,119658,OK
2836,00002836,119334,OK
2837,00002837,119437,OK
2838,00002838,119974,OK
2839,00002839,120266,OK
2840,00002840,120550,OK
2841,00002841,120779,OK
2842,00002842,121060,OK
2843,00002843,120944,OK
2844,00002844,120877,OK
2845,00002845,121062,OK
2846,00002846,121105,OK
2847,00002847,121562,OK
2848,00002848,121616,OK
2849,00002849,121829,OK
2850,00002850,121790,OK
2851,00002851,121912,OK
2852,00002852,122167,OK
2853,00002853,122234,OK
2854,00002854,121935,OK
2855,00002855,122133,OK
2856,00002856,121868,OK
2857,00002857,121563,OK
2858,00002858,121260,OK
2859,00002859,120872,OK
2860,00002860,119901,OK
2861,00002861,119408,OK
2862,00002862,119138,OK
2863,00002863,118969,OK
2864,00002864,119002,OK
2865,00002865,118622,OK
2866,00002866,118419,OK
2867,00002867,118345,OK
2868,00002868,118549,OK
2869,00002869,118866,OK
2870,00002870,119371,OK
2871,00002871,120111,OK
2872,00002872,120555,OK
2873,00002873,120956,OK
2874,00002874,121038,OK
2875,00002875,121444,OK
2876,00002876,121666,OK
2877,00002877,122008,OK
2878,00002878,122024,OK
2879,00002879,122181,OK
2880,00002880,122236,OK
2881,00002881,122290,OK
2882,00002882,122055,OK
2883,00002883,121955,OK
2884,00002884,121833,OK
2885,00002885,121654,OK
2886,00002886,121262,OK
2887,00002887,121089,OK
2888,00002888,120878,OK
2889,00002889,120949,OK
2890,00002890,120847,OK
2891,00002891,120882,OK
2892,00002892,120642,OK
2893,00002893,120684,OK
2894,00002894,120528,OK
2895,00002895,120542,OK
2896,00002896,120446,OK
2897,00002897,120492,OK
2898,00002898,120684,OK
2899,00002899,120753,OK
2900,00002900,120800,OK
2901,00002901,120726,OK
2902,00002902,120748,OK
2903,00002903,121025,OK
2904,00002904,121087,OK
2905,00002905,120868,OK
2906,00002906,120742,OK
2907,00002907,120544,OK
2908,00002908,120504,OK
2909,00002909,120375,OK
2910,00002910,120235,OK
2911,00002911,120110,OK
2912,00002912,119861,OK
2913,00002913,119610,OK
2914,00002914,119607,OK
2915,00002915,119464,OK
2916,00002916,119272,OK
2917,00002917,119160,OK
2918,00002918,119039,OK
2919,00002919,119011,OK
2920,00002920,118582,OK
2921,00002921,118372,OK
2922,00002922,118277,OK
2923,00002923,118106,OK
2924,00002924,117810,OK
2925,00002925,117580,OK
2926,00002926,117117,OK
2927,00002927,117100,OK
2928,00002928,117245,OK
2929,00002929,117092,OK
2930,00002930,116908,OK
2931,00002931,116920,OK
2932,00002932,116926,OK
2933,00002933,116953,OK
2934,00002934,116870,OK
2935,00002935,116612,OK
2936,00002936,116714,OK
2937,00002937,116898,OK
2938,00002938,116926,OK
2939,00002939,116774,OK
2940,00002940,116864,OK
2941,00002941,116862,OK
2942,00002942,116879,OK
2943,00002943,116816,OK
2944,00002944,116751,OK
2945,00002945,116727,OK
2946,00002946,116759,OK
2947,00002947,116876,OK
2948,00002948,117070,OK
2949,00002949,116903,OK
2950,00002950,117085,OK
2951,00002951,117102,OK
2952,00002952,117124,OK
2953,00002953,117047,OK
2954,00002954,116910,OK
2955,00002955,117063,OK
2956,00002956,117012,OK
2957,00002957,116863,OK
2958,00002958,116791,OK
2959,00002959,116877,OK
2960,00002960,116990,OK
2961,00002961,116827,OK
2962,00002962,116756,OK
2963,00002963,116890,OK
2964,00002964,116815,OK
2965,00002965,117023,OK
2966,00002966,116904,OK
2967,00002967,116856,OK
2968,00002968,117020,OK
2969,00002969,116926,OK
2970,00002970,117051,OK
2971,00002971,117118,OK
2972,00002972,117092,OK
2973,00002973,117081,OK
2974,00002974,117088,OK
2975,00002975,117104,OK
2976,00002976,116816,OK
2977,00002977,116695,OK
2978,00002978,116620,OK
2979,00002979,116336,OK
2980,00002980,116062,OK
2981,00002981,115842,OK
2982,00002982,115551,OK
2983,00002983,115191,OK
2984,00002984,115565,OK
2985,00002985,115256,OK
2986,00002986,115103,OK
2987,00002987,115336,OK
2988,00002988,115511,OK
2989,00002989,115724,OK
2990,00002990,116029,OK
2991,00002991,116567,OK
2992,00002992,116601,OK
2993,00002993,116710,OK
2994,00002994,116768,OK
2995,00002995,116654,OK
2996,00002996,116726,OK
2997,00002997,116674,OK
2998,00002998,116708,OK
2999,00002999,116864,OK
3000,00003000,116940,OK
3001,00003001,116953,OK
3002,00003002,117081,OK
3003,00003003,117123,OK
3004,00003004,117053,OK
3005,00003005,117206,OK
3006,00003006,117098,OK
3007,00003007,117274,OK
3008,00003008,117320,OK
3009,00003009,117567,OK
3010,00003010,117405,OK
3011,00003011,117755,OK
3012,00003012,117795,OK
3013,00003013,118147,OK
3014,00003014,118468,OK
3015,00003015,118302,OK
3016,00003016,118804,OK
3017,00003017,118885,OK
3018,00003018,118879,OK
3019,00003019,119112,OK
3020,00003020,119241,OK
3021,00003021,119282,OK
3022,00003022,119735,OK
3023,00003023,120093,OK
3024,00003024,120166,OK
3025,00003025,120391,OK
3026,00003026,120505,OK
3027,00003027,120422,OK
3028,00003028,120731,OK
3029,00003029,120898,OK
3030,00003030,121249,OK
3031,00003031,121335,OK
3032,00003032,121294,OK
3033,00003033,121572,OK
3034,00003034,121421,OK
3035,00003035,121288,OK
3036,00003036,120985,OK
3037,00003037,121209,OK
3038,00003038,121270,OK
3039,00003039,120975,OK
3040,00003040,120996,OK
3041,00003041,121155,OK
3042,00003042,120770,OK
3043,00003043,121089,OK
3044,00003044,121110,OK
3045,00003045,121594,OK
3046,00003046,121459,OK
3047,00003047,121387,OK
3048,00003048,121170,OK
3049,00003049,121045,OK
3050,00003050,121018,OK
3051,00003051,120881,OK
3052,00003052,120589,OK
3053,00003053,120296,OK
3054,00003054,120285,OK
3055,00003055,120201,OK
3056,00003056,120112,OK
3057,00003057,120042,OK
3058,00003058,120268,OK
3059,00003059,120391,OK
3060,00003060,120391,OK
3061,00003061,120296,OK
3062,00003062,120354,OK
3063,00003063,120187,OK
3064,00003064,120232,OK
3065,00003065,120444,OK
3066,00003066,120673,OK
3067,00003067,120948,OK
3068,00003068,120958,OK
3069,00003069,121280,OK
3070,00003070,121368,OK
3071,00003071,121332,OK
3072,00003072,121354,OK
3073,00003073,121119,OK
3074,00003074,120751,OK
3075,00003075,120610,OK
3076,00003076,119402,OK
3077,00003077,118337,OK
3078,00003078,117157,OK
3079,00003079,116288,OK
3080,00003080,115998,OK
3081,00003081,115166,OK
3082,00003082,114989,OK
3083,00003083,115705,OK
3084,00003084,116521,OK
3085,00003085,117523,OK
3086,00003086,117984,OK
3087,00003087,118548,OK
3088,00003088,119219,OK
3089,00003089,119792,OK
3090,00003090,119820,OK
3091,00003091,120013,OK
3092,00003092,119899,OK
3093,00003093,119580,OK
3094,00003094,119829,OK
3095,00003095,120024,OK
3096,00003096,119671,OK
3097,00003097,119786,OK
3098,00003098,119936,OK
3099,00003099,119951,OK
3100,00003100,120232,OK
3101,00003101,120018,OK
3102,00003102,120009,OK
3103,00003103,120157,OK
3104,00003104,120034,OK
3105,00003105,120222,OK
3106,00003106,120099,OK
3107,00003107,120044,OK
3108,00003108,120119,OK
3109,00003109,120313,OK
3110,00003110,120406,OK
3111,00003111,120488,OK
3112,00003112,120483,OK
3113,00003113,120361,OK
3114,00003114,120391,OK
3115,00003115,120503,OK
3116,00003116,120622,OK
3117,00003117,120304,OK
3118,00003118,120293,OK
3119,00003119,120781,OK
3120,00003120,120893,OK
3121,00003121,120898,OK
3122,00003122,120856,OK
3123,00003123,121046,OK
3124,00003124,120813,OK
3125,00003125,120831,OK
3126,00003126,120676,OK
3127,00003127,120672,OK
3128,00003128,120565,OK
3129,00003129,120457,OK
3130,00003130,120412,OK
3131,00003131,120403,OK
3132,00003132,120293,OK
3133,00003133,120053,OK
3134,00003134,120184,OK
3135,00003135,120066,OK
3136,00003136,120323,OK
3137,00003137,120198,OK
3138,00003138,120154,OK
3139,00003139,120235,OK
3140,00003140,120280,OK
3141,00003141,120305,OK
3142,00003142,120252,OK
3143,00003143,120205,OK
3144,00003144,120125,OK
3145,00003145,120048,OK
3146,00003146,119899,OK
3147,00003147,119786,OK
3148,00003148,119558,OK
3149,00003149,119757,OK
3150,00003150,119499,OK
3151,00003151,119558,OK
3152,00003152,119448,OK
3153,00003153,119444,OK
3154,00003154,119295,OK
3155,00003155,119224,OK
3156,00003156,119185,OK
3157,00003157,119311,OK
3158,00003158,119203,OK
3159,00003159,119345,OK
3160,00003160,119175,OK
3161,00003161,119282,OK
3162,00003162,119470,OK
3163,00003163,119403,OK
3164,00003164,119692,OK
3165,00003165,119682,OK
3166,00003166,119919,OK
3167,00003167,120084,OK
3168,00003168,120512,OK
3169,00003169,120932,OK
3170,00003170,120922,OK
3171,00003171,120777,OK
3172,00003172,120838,OK
3173,00003173,120877,OK
3174,00003174,121040,OK
3175,00003175,120931,OK
3176,00003176,120945,OK
3177,00003177,121194,OK
3178,00003178,120969,OK
3179,00003179,120829,OK
3180,00003180,120529,OK
3181,00003181,120279,OK
3182,00003182,120305,OK
3183,00003183,119899,OK
3184,00003184,119743,OK
3185,00003185,119313,OK
3186,00003186,119323,OK
3187,00003187,119438,OK
3188,00003188,119516,OK
3189,00003189,119382,OK
3190,00003190,119480,OK
3191,00003191,119601,OK
3192,00003192,119496,OK
3193,00003193,119405,OK
3194,00003194,119654,OK
3195,00003195,119572,OK
3196,00003196,120149,OK
3197,00003197,120714,OK
3198,00003198,120831,OK
3199,00003199,120806,OK
3200,00003200,120704,OK
3201,00003201,120674,OK
3202,00003202,120616,OK
3203,00003203,120624,OK
3204,00003204,120541,OK
3205,00003205,120423,OK
3206,00003206,120422,OK
3207,00003207,120331,OK
3208,00003208,120273,OK
3209,00003209,120408,OK
3210,00003210,120302,OK
3211,00003211,120207,OK
3212,00003212,120331,OK
3213,00003213,120473,OK
3214,00003214,120415,OK
3215,00003215,120221,OK
3216,00003216,119960,OK
3217,00003217,120102,OK
3218,00003218,118910,OK
3219,00003219,117837,OK
3220,00003220,117038,OK
3221,00003221,116486,OK
3222,00003222,116194,OK
3223,00003223,115985,OK
3224,00003224,115177,OK
3225,00003225,114534,OK
3226,00003226,114615,OK
3227,00003227,114299,OK
3228,00003228,114437,OK
3229,00003229,114812,OK
3230,00003230,115440,OK
3231,00003231,115922,OK
3232,00003232,116140,OK
3233,00003233,115751,OK
3234,00003234,115423,OK
3235,00003235,115059,OK
3236,00003236,114612,OK
3237,00003237,114284,OK
3238,00003238,113933,OK
3239,00003239,113816,OK
3240,00003240,113425,OK
3241,00003241,112491,OK
3242,00003242,111703,OK
3243,00003243,110497,OK
3244,00003244,110162,OK
3245,00003245,109993,OK
3246,00003246,109749,OK
3247,00003247,109895,OK
3248,00003248,110233,OK
3249,00003249,110973,OK
3250,00003250,111676,OK
3251,00003251,112740,OK
3252,00003252,114235,OK
3253,00003253,115352,OK
3254,00003254,116400,OK
3255,00003255,117744,OK
3256,00003256,118408,OK
3257,00003257,119398,OK
3258,00003258,120142,OK
3259,00003259,120256,OK
3260,00003260,120543,OK
3261,00003261,120552,OK
3262,00003262,120761,OK
3263,00003263,120556,OK
3264,00003264,120436,OK
3265,00003265,120065,OK
3266,00003266,119949,OK
3267,00003267,119955,OK
3268,00003268,120041,OK
3269,00003269,119862,OK
3270,00003270,119983,OK
3271,00003271,120016,OK
3272,00003272,120335,OK
3273,00003273,120460,OK
3274,00003274,120382,OK
3275,00003275,120109,OK
3276,00003276,120160,OK
3277,00003277,120214,OK
3278,00003278,120399,OK
3279,00003279,120347,OK
3280,00003280,120261,OK
3281,00003281,119729,OK
3282,00003282,119379,OK
3283,00003283,119473,OK
3284,00003284,119691,OK
3285,00003285,119691,OK
3286,00003286,119717,OK
3287,00003287,119276,OK
3288,00003288,119152,OK
3289,00003289,119339,OK
3290,00003290,119828,OK
3291,00003291,120150,OK
3292,00003292,121123,OK
3293,00003293,121449,OK
3294,00003294,122438,OK
3295,00003295,123401,OK
3296,00003296,124162,OK
3297,00003297,125018,OK
3298,00003298,125814,OK
3299,00003299,126239,OK
3300,00003300,127005,OK
3301,00003301,127408,OK
3302,00003302,127395,OK
3303,00003303,127368,OK
3304,00003304,126870,OK
3305,00003305,126179,OK
3306,00003306,125735,OK
3307,00003307,125497,OK
3308,00003308,125072,OK
3309,00003309,124823,OK
3310,00003310,124803,OK
3311,00003311,125216,OK
3312,00003312,124721,OK
3313,00003313,124610,OK
3314,00003314,124627,OK
3315,00003315,124396,OK
3316,00003316,124196,OK
3317,00003317,123648,OK
3318,00003318,123170,OK
3319,00003319,122723,OK
3320,00003320,122332,OK
3321,00003321,121748,OK
3322,00003322,121429,OK
3323,00003323,120955,OK
3324,00003324,120631,OK
3325,00003325,120284,OK
3326,00003326,120107,OK
3327,00003327,119767,OK
3328,00003328,119620,OK
3329,00003329,119596,OK
3330,00003330,119485,OK
3331,00003331,119395,OK
3332,00003332,119326,OK
3333,00003333,119226,OK
3334,00003334,119297,OK
3335,00003335,119146,OK
3336,00003336,118947,OK
3337,00003337,118991,OK
3338,00003338,118826,OK
3339,00003339,118735,OK
3340,00003340,118741,OK
3341,00003341,118287,OK
3342,00003342,118440,OK
3343,00003343,118460,OK
3344,00003344,118549,OK
3345,00003345,118366,OK
3346,00003346,118337,OK
3347,00003347,118344,OK
3348,00003348,117999,OK
3349,00003349,117782,OK
3350,00003350,117857,OK
3351,00003351,117868,OK
3352,00003352,117957,OK
3353,00003353,117836,OK
3354,00003354,117860,OK
3355,00003355,117631,OK
3356,00003356,117496,OK
3357,00003357,117597,OK
3358,00003358,117261,OK
3359,00003359,117179,OK
3360,00003360,117082,OK
3361,00003361,117031,OK
3362,00003362,116927,OK
3363,00003363,116721,OK
3364,00003364,116306,OK
3365,00003365,116508,OK
3366,00003366,116056,OK
3367,00003367,116095,OK
3368,00003368,115792,OK
3369,00003369,115782,OK
3370,00003370,115818,OK
3371,00003371,116163,OK
3372,00003372,116157,OK
3373,00003373,116278,OK
3374,00003374,116105,OK
3375,00003375,115928,OK
3376,00003376,115910,OK
3377,00003377,115755,OK
3378,00003378,115575,OK
3379,00003379,115535,OK
3380,00003380,115731,OK
3381,00003381,115558,OK
3382,00003382,115684,OK
3383,00003383,115598,OK
3384,00003384,115666,OK
3385,00003385,115517,OK
3386,00003386,115502,OK
3387,00003387,115466,OK
3388,00003388,115491,OK
3389,00003389,115331,OK
3390,00003390,115388,OK
3391,00003391,115408,OK
3392,00003392,116054,OK
3393,00003393,116381,OK
3394,00003394,116553,OK
3395,00003395,116589,OK
3396,00003396,116468,OK
3397,00003397,116810,OK
3398,00003398,117281,OK
3399,00003399,124714,OK
3400,00003400,124991,OK
3401,00003401,125394,OK
3402,00003402,125988,OK
3403,00003403,126113,OK
3404,00003404,126293,OK
3405,00003405,126869,OK
3406,00003406,126866,OK
3407,00003407,126790,OK
3408,00003408,126623,OK
3409,00003409,126035,OK
3410,00003410,125730,OK
3411,00003411,125500,OK
3412,00003412,125420,OK
3413,00003413,124831,OK
3414,00003414,125206,OK
3415,00003415,125180,OK
3416,00003416,125302,OK
3417,00003417,126045,OK
3418,00003418,126164,OK
3419,00003419,125970,OK
3420,00003420,125636,OK
3421,00003421,125827,OK
3422,00003422,125767,OK
3423,00003423,125536,OK
3424,00003424,125352,OK
3425,00003425,124913,OK
3426,00003426,124807,OK
3427,00003427,124906,OK
3428,00003428,124959,OK
3429,00003429,125337,OK
3430,00003430,125152,OK
3431,00003431,125277,OK
3432,00003432,125393,OK
3433,00003433,125489,OK
3434,00003434,126115,OK
3435,00003435,126269,OK
3436,00003436,126024,OK
3437,00003437,126532,OK
3438,00003438,126335,OK
3439,00003439,126312,OK
3440,00003440,126425,OK
3441,00003441,125986,OK
3442,00003442,125997,OK
3443,00003443,126118,OK
3444,00003444,125783,OK
3445,00003445,125540,OK
3446,00003446,125157,OK
3447,00003447,125049,OK
3448,00003448,124547,OK
3449,00003449,124049,OK
3450,00003450,123424,OK
3451,00003451,123442,OK
3452,00003452,123295,OK
3453,00003453,123539,OK
3454,00003454,124038,OK
3455,00003455,123538,OK
3456,00003456,122883,OK
3457,00003457,123330,OK
3458,00003458,125271,OK
3459,00003459,125048,OK
3460,00003460,124229,OK
3461,00003461,123396,OK
3462,00003462,123624,OK
3463,00003463,123777,OK
3464,00003464,124651,OK
3465,00003465,124878,OK
3466,00003466,124773,OK
3467,00003467,125092,OK
3468,00003468,125075,OK
3469,00003469,124876,OK
3470,00003470,124867,OK
3471,00003471,124840,OK
3472,00003472,125141,OK
3473,00003473,125298,OK
3474,00003474,124945,OK
3475,00003475,124746,OK
3476,00003476,124335,OK
3477,00003477,124265,OK
3478,00003478,123821,OK
3479,00003479,123269,OK
3480,00003480,122806,OK
3481,00003481,122924,OK
3482,00003482,122898,OK
3483,00003483,122649,OK
3484,00003484,121818,OK
3485,00003485,121619,OK
3486,00003486,121412,OK
3487,00003487,121782,OK
3488,00003488,122735,OK
3489,00003489,122230,OK
3490,00003490,121863,OK
3491,00003491,121537,OK
3492,00003492,122028,OK
3493,00003493,122018,OK
3494,00003494,122534,OK
3495,00003495,122460,OK
3496,00003496,122639,OK
3497,00003497,122317,OK
3498,00003498,122857,OK
3499,00003499,123508,OK
3500,00003500,123969,OK
3501,00003501,124401,OK
3502,00003502,124866,OK
3503,00003503,125721,OK
3504,00003504,126219,OK
3505,00003505,126296,OK
3506,00003506,126821,OK
3507,00003507,126516,OK
3508,00003508,126419,OK
3509,00003509,126414,OK
3510,00003510,126537,OK
3511,00003511,126739,OK
3512,00003512,127199,OK
3513,00003513,126638,OK
3514,00003514,126451,OK
3515,00003515,127345,OK
3516,00003516,126225,OK
3517,00003517,125334,OK
3518,00003518,124722,OK
3519,00003519,124167,OK
3520,00003520,123881,OK
3521,00003521,123802,OK
3522,00003522,123291,OK
3523,00003523,123501,OK
3524,00003524,123522,OK
3525,00003525,123064,OK
3526,00003526,123305,OK
3527,00003527,122556,OK
3528,00003528,121902,OK
3529,00003529,121467,OK
3530,00003530,121127,OK
3531,00003531,120908,OK
3532,00003532,120571,OK
3533,00003533,120417,OK
3534,00003534,120171,OK
3535,00003535,120436,OK
3536,00003536,119808,OK
3537,00003537,119148,OK
3538,00003538,119029,OK
3539,00003539,118857,OK
3540,00003540,119112,OK
3541,00003541,119150,OK
3542,00003542,119045,OK
3543,00003543,118644,OK
3544,00003544,118812,OK
3545,00003545,118911,OK
3546,00003546,118638,OK
3547,00003547,118911,OK
3548,00003548,118868,OK
3549,00003549,118850,OK
3550,00003550,118786,OK
3551,00003551,118788,OK
3552,00003552,118687,OK
3553,00003553,118523,OK
3554,00003554,118412,OK
3555,00003555,118428,OK
3556,00003556,118427,OK
3557,00003557,118540,OK
3558,00003558,118372,OK
3559,00003559,118656,OK
3560,00003560,118635,OK
3561,00003561,118481,OK
3562,00003562,118663,OK
3563,00003563,118717,OK
3564,00003564,118374,OK
3565,00003565,118189,OK
3566,00003566,118087,OK
3567,00003567,118043,OK
3568,00003568,117796,OK
3569,00003569,117829,OK
3570,00003570,118074,OK
3571,00003571,117929,OK
3572,00003572,118187,OK
3573,00003573,118368,OK
3574,00003574,118447,OK
3575,00003575,118486,OK
3576,00003576,118263,OK
3577,00003577,118343,OK
3578,00003578,118095,OK
3579,00003579,117903,OK
3580,00003580,117932,OK
3581,00003581,118120,OK
3582,00003582,118356,OK
3583,00003583,118450,OK
3584,00003584,119055,OK
3585,00003585,119320,OK
3586,00003586,119580,OK
3587,00003587,119684,OK
3588,00003588,120085,OK
3589,00003589,119958,OK
3590,00003590,119492,OK
3591,00003591,119339,OK
3592,00003592,119548,OK
3593,00003593,119504,OK
3594,00003594,119324,OK
3595,00003595,118703,OK
3596,00003596,118548,OK
3597,00003597,118603,OK
3598,00003598,118329,OK
3599,00003599,118123,OK
3600,00003600,118249,OK
3601,00003601,118578,OK
3602,00003602,118502,OK
3603,00003603,118650,OK
3604,00003604,118639,OK
3605,00003605,118827,OK
3606,00003606,119334,OK
3607,00003607,118858,OK
3608,00003608,118853,OK
3609,00003609,119171,OK
3610,00003610,119368,OK
3611,00003611,119645,OK
3612,00003612,119306,OK
3613,00003613,119341,OK
3614,00003614,119806,OK
3615,00003615,119667,OK
3616,00003616,119604,OK
3617,00003617,119694,OK
3618,00003618,119678,OK
3619,00003619,119432,OK
3620,00003620,120529,OK
3621,00003621,120817,OK
3622,00003622,120719,OK
3623,00003623,120937,OK
3624,00003624,121131,OK
3625,00003625,121127,OK
3626,00003626,121084,OK
3627,00003627,120748,OK
3628,00003628,121190,OK
3629,00003629,120677,OK
3630,00003630,120548,OK
3631,00003631,120254,OK
3632,00003632,120283,OK
3633,00003633,120148,OK
3634,00003634,120038,OK
3635,00003635,119776,OK
3636,00003636,120056,OK
3637,00003637,120262,OK
3638,00003638,119880,OK
3639,00003639,119838,OK
3640,00003640,119565,OK
3641,00003641,119465,OK
3642,00003642,119352,OK
3643,00003643,119164,OK
3644,00003644,119416,OK
3645,00003645,119621,OK
3646,00003646,120141,OK
3647,00003647,120188,OK
3648,00003648,120722,OK
3649,00003649,121169,OK
3650,00003650,121395,OK
3651,00003651,121274,OK
3652,00003652,121457,OK
3653,00003653,121279,OK
3654,00003654,121675,OK
3655,00003655,121656,OK
3656,00003656,122110,OK
3657,00003657,121879,OK
3658,00003658,121083,OK
3659,00003659,120641,OK
3660,00003660,121032,OK
3661,00003661,121037,OK
3662,00003662,121299,OK
3663,00003663,121529,OK
3664,00003664,121621,OK
3665,00003665,121368,OK
3666,00003666,121012,OK
3667,00003667,121333,OK
3668,00003668,121604,OK
3669,00003669,121832,OK
3670,00003670,121879,OK
3671,00003671,121689,OK
3672,00003672,121028,OK
3673,00003673,121189,OK
3674,00003674,121451,OK
3675,00003675,121610,OK
3676,00003676,121322,OK
3677,00003677,121386,OK
3678,00003678,121615,OK
3679,00003679,122198,OK
3680,00003680,122281,OK
3681,00003681,122048,OK
3682,00003682,122293,OK
3683,00003683,122630,OK
3684,00003684,122731,OK
3685,00003685,122461,OK
3686,00003686,122613,OK
3687,00003687,122729,OK
3688,00003688,122722,OK
3689,00003689,122706,OK
3690,00003690,122609,OK
3691,00003691,122777,OK
3692,00003692,122814,OK
3693,00003693,122816,OK
3694,00003694,122478,OK
3695,00003695,122450,OK
3696,00003696,122503,OK
3697,00003697,122386,OK
3698,00003698,122070,OK
3699,00003699,121972,OK
3700,00003700,121967,OK
3701,00003701,122112,OK
3702,00003702,121859,OK
3703,00003703,122128,OK
3704,00003704,122166,OK
3705,00003705,122064,OK
3706,00003706,122271,OK
3707,00003707,122246,OK
3708,00003708,122173,OK
3709,00003709,122112,OK
3710,00003710,122243,OK
3711,00003711,122445,OK
3712,00003712,122684,OK
3713,00003713,122666,OK
3714,00003714,122888,OK
3715,00003715,122524,OK
3716,00003716,122161,OK
3717,00003717,122002,OK
3718,00003718,121842,OK
3719,00003719,121651,OK
3720,00003720,121358,OK
3721,00003721,121166,OK
3722,00003722,120806,OK
3723,00003723,121112,OK
3724,00003724,120901,OK
3725,00003725,120674,OK
3726,00003726,120355,OK
3727,00003727,120420,OK
3728,00003728,120558,OK
3729,00003729,120622,OK
3730,00003730,120687,OK
3731,00003731,120794,OK
3732,00003732,120870,OK
3733,00003733,121079,OK
3734,00003734,121004,OK
3735,00003735,120818,OK
3736,00003736,120460,OK
3737,00003737,120251,OK
3738,00003738,120357,OK
3739,00003739,120500,OK
3740,00003740,120774,OK
3741,00003741,120648,OK
3742,00003742,120445,OK
3743,00003743,120414,OK
3744,00003744,120353,OK
3745,00003745,120180,OK
3746,00003746,120143,OK
3747,00003747,120029,OK
3748,00003748,119585,OK
3749,00003749,119815,OK
3750,00003750,119514,OK
3751,00003751,119202,OK
3752,00003752,119374,OK
3753,00003753,119314,OK
3754,00003754,119587,OK
3755,00003755,119254,OK
3756,00003756,119673,OK
3757,00003757,119785,OK
3758,00003758,119848,OK
3759,00003759,119658,OK
3760,00003760,119680,OK
3761,00003761,119769,OK
3762,00003762,119878,OK
3763,00003763,119984,OK
3764,00003764,120051,OK
3765,00003765,119988,OK
3766,00003766,120121,OK
3767,00003767,120090,OK
3768,00003768,119924,OK
3769,00003769,119846,OK
3770,00003770,119704,OK
3771,00003771,119763,OK
3772,00003772,119824,OK
3773,00003773,119836,OK
3774,00003774,119605,OK
3775,00003775,119418,OK
3776,00003776,119524,OK
3777,00003777,119338,OK
3778,00003778,119239,OK
3779,00003779,118937,OK
3780,00003780,118998,OK
3781,00003781,118897,OK
3782,00003782,118960,OK
3783,00003783,119109,OK
3784,00003784,119083,OK
3785,00003785,119144,OK
3786,00003786,119208,OK
3787,00003787,119110,OK
3788,00003788,119266,OK
3789,00003789,119347,OK
3790,00003790,119394,OK
3791,00003791,119717,OK
3792,00003792,119705,OK
3793,00003793,119717,OK
3794,00003794,119682,OK
3795,00003795,119588,OK
3796,00003796,119584,OK
3797,00003797,119588,OK
3798,00003798,119731,OK
3799,00003799,109651,OK
3800,00003800,110777,OK
3801,00003801,111184,OK
3802,00003802,110856,OK
3803,00003803,109941,OK
3804,00003804,109616,OK
3805,00003805,109808,OK
3806,00003806,110073,OK
3807,00003807,110254,OK
3808,00003808,110190,OK
3809,00003809,109586,OK
3810,00003810,109422,OK
3811,00003811,109238,OK
3812,00003812,109503,OK
3813,00003813,109280,OK
3814,00003814,109404,OK
3815,00003815,109370,OK
3816,00003816,109205,OK
3817,00003817,109069,OK
3818,00003818,109121,OK
3819,00003819,109216,OK
3820,00003820,109336,OK
3821,00003821,109487,OK
3822,00003822,109803,OK
3823,00003823,109830,OK
3824,00003824,109929,OK
3825,00003825,109923,OK
3826,00003826,109953,OK
3827,00003827,109927,OK
3828,00003828,110065,OK
3829,00003829,110366,OK
3830,00003830,110296,OK
3831,00003831,110281,OK
3832,00003832,110544,OK
3833,00003833,110749,OK
3834,00003834,110658,OK
3835,00003835,110734,OK
3836,00003836,110796,OK
3837,00003837,111061,OK
3838,00003838,111166,OK
3839,00003839,111079,OK
3840,00003840,111227,OK
3841,00003841,111344,OK
3842,00003842,111152,OK
3843,00003843,111220,OK
3844,00003844,111477,OK
3845,00003845,111251,OK
3846,00003846,111332,OK
3847,00003847,111366,OK
3848,00003848,111682,OK
3849,00003849,111841,OK
3850,00003850,111803,OK
3851,00003851,111846,OK
3852,00003852,112082,OK
3853,00003853,111994,OK
3854,00003854,112111,OK
3855,00003855,112400,OK
3856,00003856,112691,OK
3857,00003857,113368,OK
3858,00003858,113688,OK
3859,00003859,113739,OK
3860,00003860,114064,OK
3861,00003861,114017,OK
3862,00003862,114074,OK
3863,00003863,113460,OK
3864,00003864,113590,OK
3865,00003865,114988,OK
3866,00003866,116271,OK
3867,00003867,117062,OK
3868,00003868,116481,OK
3869,00003869,115999,OK
3870,00003870,115268,OK
3871,00003871,114780,OK
3872,00003872,114511,OK
3873,00003873,114643,OK
3874,00003874,114999,OK
3875,00003875,115102,OK
3876,00003876,115185,OK
3877,00003877,115350,OK
3878,00003878,115859,OK
3879,00003879,115300,OK
3880,00003880,114734,OK
3881,00003881,115135,OK
3882,00003882,115791,OK
3883,00003883,115972,OK
3884,00003884,115877,OK
3885,00003885,115419,OK
3886,00003886,115495,OK
3887,00003887,114967,OK
3888,00003888,115120,OK
3889,00003889,114887,OK
3890,00003890,114166,OK
3891,00003891,114941,OK
3892,00003892,115755,OK
3893,00003893,115704,OK
3894,00003894,116004,OK
3895,00003895,115630,OK
3896,00003896,115702,OK
3897,00003897,115782,OK
3898,00003898,116307,OK
3899,00003899,116642,OK
3900,00003900,116734,OK
3901,00003901,117225,OK
3902,00003902,117453,OK
3903,00003903,117538,OK
3904,00003904,117288,OK
3905,00003905,117495,OK
3906,00003906,117720,OK
3907,00003907,117742,OK
3908,00003908,117818,OK
3909,00003909,117218,OK
3910,00003910,116677,OK
3911,00003911,117098,OK
3912,00003912,117754,OK
3913,00003913,117926,OK
3914,00003914,118108,OK
3915,00003915,117999,OK
3916,00003916,118789,OK
3917,00003917,118851,OK
3918,00003918,119031,OK
3919,00003919,119875,OK
3920,00003920,120333,OK
3921,00003921,120567,OK
3922,00003922,120659,OK
3923,00003923,120740,OK
3924,00003924,120962,OK
3925,00003925,120863,OK
3926,00003926,120561,OK
3927,00003927,120618,OK
3928,00003928,120805,OK
3929,00003929,120487,OK
3930,00003930,120214,OK
3931,00003931,120127,OK
3932,00003932,119657,OK
3933,00003933,119166,OK
3934,00003934,118720,OK
3935,00003935,118441,OK
3936,00003936,117857,OK
3937,00003937,117393,OK
3938,00003938,117378,OK
3939,00003939,116641,OK
3940,00003940,116413,OK
3941,00003941,115529,OK
3942,00003942,115446,OK
3943,00003943,114737,OK
3944,00003944,114610,OK
3945,00003945,114426,OK
3946,00003946,114600,OK
3947,00003947,114521,OK
3948,00003948,114616,OK
3949,00003949,114288,OK
3950,00003950,113953,OK
3951,00003951,113480,OK
3952,00003952,113918,OK
3953,00003953,114231,OK
3954,00003954,114554,OK
3955,00003955,114834,OK
3956,00003956,114974,OK
3957,00003957,114961,OK
3958,00003958,114824,OK
3959,00003959,114749,OK
3960,00003960,114414,OK
3961,00003961,113802,OK
3962,00003962,113637,OK
3963,00003963,113697,OK
3964,00003964,113492,OK
3965,00003965,112419,OK
3966,00003966,112466,OK
3967,00003967,113156,OK
3968,00003968,113000,OK
3969,00003969,113585,OK
3970,00003970,113950,OK
3971,00003971,114025,OK
3972,00003972,113990,OK
3973,00003973,113821,OK
3974,00003974,112412,OK
3975,00003975,110761,OK
3976,00003976,109444,OK
3977,00003977,111289,OK
3978,00003978,113606,OK
3979,00003979,114142,OK
3980,00003980,114321,OK
3981,00003981,113944,OK
3982,00003982,114163,OK
3983,00003983,114114,OK
3984,00003984,114571,OK
3985,00003985,114546,OK
3986,00003986,114623,OK
3987,00003987,115500,OK
3988,00003988,115860,OK
3989,00003989,116264,OK
3990,00003990,116563,OK
3991,00003991,117077,OK
3992,00003992,117497,OK
3993,00003993,117418,OK
3994,00003994,117477,OK
3995,00003995,117421,OK
3996,00003996,118054,OK
3997,00003997,118511,OK
3998,00003998,119518,OK
3999,00003999,119503,OK
4000,00004000,119247,OK
4001,00004001,118980,OK
4002,00004002,118958,OK
4003,00004003,118728,OK
4004,00004004,118659,OK
4005,00004005,118777,OK
4006,00004006,118821,OK
4007,00004007,118510,OK
4008,00004008,118516,OK
4009,00004009,118878,OK
4010,00004010,119061,OK
4011,00004011,119909,OK
4012,00004012,120580,OK
4013,00004013,120883,OK
4014,00004014,120854,OK
4015,00004015,121682,OK
4016,00004016,122249,OK
4017,00004017,121637,OK
4018,00004018,121413,OK
4019,00004019,121501,OK
4020,00004020,120869,OK
4021,00004021,121403,OK
4022,00004022,121202,OK
4023,00004023,120429,OK
4024,00004024,120637,OK
4025,00004025,120604,OK
4026,00004026,121048,OK
4027,00004027,120836,OK
4028,00004028,121247,OK
4029,00004029,121465,OK
4030,00004030,121508,OK
4031,00004031,121608,OK
4032,00004032,121412,OK
4033,00004033,121072,OK
4034,00004034,121117,OK
4035,00004035,120594,OK
4036,00004036,120253,OK
4037,00004037,119147,OK
4038,00004038,119074,OK
4039,00004039,118827,OK
4040,00004040,118823,OK
4041,00004041,119035,OK
4042,00004042,119164,OK
4043,00004043,118590,OK
4044,00004044,118585,OK
4045,00004045,118794,OK
4046,00004046,119207,OK
4047,00004047,119052,OK
4048,00004048,119342,OK
4049,00004049,119064,OK
4050,00004050,119021,OK
4051,00004051,118727,OK
4052,00004052,119360,OK
4053,00004053,119723,OK
4054,00004054,119538,OK
4055,00004055,120658,OK
4056,00004056,120235,OK
4057,00004057,120081,OK
4058,00004058,120154,OK
4059,00004059,119948,OK
4060,00004060,120244,OK
4061,00004061,120154,OK
4062,00004062,120005,OK
4063,00004063,120586,OK
4064,00004064,120468,OK
4065,00004065,120622,OK
4066,00004066,120533,OK
4067,00004067,121152,OK
4068,00004068,120753,OK
4069,00004069,120776,OK
4070,00004070,120895,OK
4071,00004071,121044,OK
4072,00004072,120928,OK
4073,00004073,121163,OK
4074,00004074,120923,OK
4075,00004075,120728,OK
4076,00004076,120329,OK
4077,00004077,120313,OK
4078,00004078,120612,OK
4079,00004079,120881,OK
4080,00004080,120774,OK
4081,00004081,120888,OK
4082,00004082,120552,OK
4083,00004083,120890,OK
4084,00004084,120678,OK
4085,00004085,120689,OK
4086,00004086,120811,OK
4087,00004087,120927,OK
4088,00004088,121637,OK
4089,00004089,121433,OK
4090,00004090,121515,OK
4091,00004091,121997,OK
4092,00004092,122137,OK
4093,00004093,122069,OK
4094,00004094,122047,OK
4095,00004095,123516,OK
4096,00004096,122995,OK
4097,00004097,122298,OK
4098,00004098,121112,OK
4099,00004099,121076,OK
4100,00004100,121260,OK
4101,00004101,121002,OK
4102,00004102,120729,OK
4103,00004103,120956,OK
4104,00004104,120707,OK
4105,00004105,120957,OK
4106,00004106,120772,OK
4107,00004107,120178,OK
4108,00004108,120293,OK
4109,00004109,119262,OK
4110,00004110,119875,OK
4111,00004111,119796,OK
4112,00004112,119510,OK
4113,00004113,119118,OK
4114,00004114,119149,OK
4115,00004115,119430,OK
4116,00004116,119421,OK
4117,00004117,119467,OK
4118,00004118,119341,OK
4119,00004119,118916,OK
4120,00004120,118529,OK
4121,00004121,118144,OK
4122,00004122,117752,OK
4123,00004123,117960,OK
4124,00004124,118289,OK
4125,00004125,118874,OK
4126,00004126,119389,OK
4127,00004127,118786,OK
4128,00004128,119667,OK
4129,00004129,120126,OK
4130,00004130,120917,OK
4131,00004131,121957,OK
4132,00004132,121529,OK
4133,00004133,121366,OK
4134,00004134,122529,OK
4135,00004135,122542,OK
4136,00004136,123921,OK
4137,00004137,124179,OK
4138,00004138,124898,OK
4139,00004139,125099,OK
4140,00004140,125287,OK
4141,00004141,126012,OK
4142,00004142,126178,OK
4143,00004143,126406,OK
4144,00004144,126442,OK
4145,00004145,126279,OK
4146,00004146,125695,OK
4147,00004147,124575,OK
4148,00004148,124477,OK
4149,00004149,123927,OK
4150,00004150,124247,OK
4151,00004151,123333,OK
4152,00004152,122921,OK
4153,00004153,122547,OK
4154,00004154,122126,OK
4155,00004155,121684,OK
4156,00004156,121109,OK
4157,00004157,121446,OK
4158,00004158,121171,OK
4159,00004159,121302,OK
4160,00004160,121809,OK
4161,00004161,121094,OK
4162,00004162,121223,OK
4163,00004163,121249,OK
4164,00004164,121214,OK
4165,00004165,121357,OK
4166,00004166,121492,OK
4167,00004167,121708,OK
4168,00004168,122008,OK
4169,00004169,121510,OK
4170,00004170,121310,OK
4171,00004171,120915,OK
4172,00004172,120353,OK
4173,00004173,120524,OK
4174,00004174,120142,OK
4175,00004175,120496,OK
4176,00004176,120653,OK
4177,00004177,120789,OK
4178,00004178,120722,OK
4179,00004179,120807,OK
4180,00004180,120704,OK
4181,00004181,120630,OK
4182,00004182,120329,OK
4183,00004183,120151,OK
4184,00004184,119833,OK
4185,00004185,119690,OK
4186,00004186,119550,OK
4187,00004187,120012,OK
4188,00004188,119983,OK
4189,00004189,120091,OK
4190,00004190,119887,OK
4191,00004191,120118,OK
4192,00004192,120237,OK
4193,00004193,119876,OK
4194,00004194,119842,OK
4195,00004195,120048,OK
4196,00004196,120023,OK
4197,00004197,120420,OK
4198,00004198,121165,OK
4199,00004199,118010,OK
4200,00004200,117939,OK
4201,00004201,117713,OK
4202,00004202,117808,OK
4203,00004203,117641,OK
4204,00004204,117685,OK
4205,00004205,117574,OK
4206,00004206,117677,OK
4207,00004207,117609,OK
4208,00004208,117638,OK
4209,00004209,117797,OK
4210,00004210,117603,OK
4211,00004211,117810,OK
4212,00004212,117786,OK
4213,00004213,117681,OK
4214,00004214,117777,OK
4215,00004215,117567,OK
4216,00004216,117648,OK
4217,00004217,117591,OK
4218,00004218,117549,OK
4219,00004219,117688,OK
4220,00004220,117723,OK
4221,00004221,117897,OK
4222,00004222,117848,OK
4223,00004223,117980,OK
4224,00004224,117912,OK
4225,00004225,117911,OK
4226,00004226,117938,OK
4227,00004227,117898,OK
4228,00004228,117952,OK
4229,00004229,117968,OK
4230,00004230,117962,OK
4231,00004231,118097,OK
4232,00004232,117765,OK
4233,00004233,117850,OK
4234,00004234,117806,OK
4235,00004235,117565,OK
4236,00004236,117591,OK
4237,00004237,117637,OK
4238,00004238,117567,OK
4239,00004239,117524,OK
4240,00004240,117479,OK
4241,00004241,117720,OK
4242,00004242,117604,OK
4243,00004243,117489,OK
4244,00004244,117668,OK
4245,00004245,117527,OK
4246,00004246,117500,OK
4247,00004247,117738,OK
4248,00004248,117681,OK
4249,00004249,117614,OK
4250,00004250,117895,OK
4251,00004251,117766,OK
4252,00004252,117682,OK
4253,00004253,117809,OK
4254,00004254,117963,OK
4255,00004255,117849,OK
4256,00004256,118004,OK
4257,00004257,118053,OK
4258,00004258,118017,OK
4259,00004259,118014,OK
4260,00004260,117645,OK
4261,00004261,118004,OK
4262,00004262,117772,OK
4263,00004263,117700,OK
4264,00004264,117831,OK
4265,00004265,117716,OK
4266,00004266,117698,OK
4267,00004267,117797,OK
4268,00004268,117796,OK
4269,00004269,117610,OK
4270,00004270,117678,OK
4271,00004271,117698,OK
4272,00004272,117840,OK
4273,00004273,117762,OK
4274,00004274,117656,OK
4275,00004275,117690,OK
4276,00004276,117527,OK
4277,00004277,117551,OK
4278,00004278,117775,OK
4279,00004279,117716,OK
4280,00004280,117770,OK
4281,00004281,117738,OK
4282,00004282,117719,OK
4283,00004283,117714,OK
4284,00004284,117829,OK
4285,00004285,117733,OK
4286,00004286,117692,OK
4287,00004287,117700,OK
4288,00004288,117778,OK
4289,00004289,117720,OK
4290,00004290,117713,OK
4291,00004291,117779,OK
4292,00004292,117703,OK
4293,00004293,117665,OK
4294,00004294,117863,OK
4295,00004295,117796,OK
4296,00004296,118033,OK
4297,00004297,117626,OK
4298,00004298,117844,OK
4299,00004299,117908,OK
4300,00004300,117678,OK
4301,00004301,117745,OK
4302,00004302,117597,OK
4303,00004303,117716,OK
4304,00004304,117757,OK
4305,00004305,117759,OK
4306,00004306,117612,OK
4307,00004307,117692,OK
4308,00004308,117653,OK
4309,00004309,117544,OK
4310,00004310,117670,OK
4311,00004311,117751,OK
4312,00004312,117710,OK
4313,00004313,117824,OK
4314,00004314,117836,OK
4315,00004315,117723,OK
4316,00004316,118131,OK
4317,00004317,118133,OK
4318,00004318,118022,OK
4319,00004319,118055,OK
4320,00004320,118119,OK
4321,00004321,118023,OK
4322,00004322,117949,OK
4323,00004323,118087,OK
4324,00004324,118057,OK
4325,00004325,118094,OK
4326,00004326,118110,OK
4327,00004327,117992,OK
4328,00004328,117989,OK
4329,00004329,117761,OK
4330,00004330,117931,OK
4331,00004331,117914,OK
4332,00004332,117962,OK
4333,00004333,117667,OK
4334,00004334,117824,OK
4335,00004335,117662,OK
4336,00004336,117545,OK
4337,00004337,117410,OK
4338,00004338,117503,OK
4339,00004339,117480,OK
4340,00004340,117367,OK
4341,00004341,117448,OK
4342,00004342,117726,OK
4343,00004343,117604,OK
4344,00004344,117520,OK
4345,00004345,117437,OK
4346,00004346,117617,OK
4347,00004347,117695,OK
4348,00004348,117720,OK
4349,00004349,117564,OK
4350,00004350,117516,OK
4351,00004351,117447,OK
4352,00004352,117662,OK
4353,00004353,117481,OK
4354,00004354,117532,OK
4355,00004355,117616,OK
4356,00004356,117608,OK
4357,00004357,117543,OK
4358,00004358,117712,OK
4359,00004359,117746,OK
4360,00004360,117553,OK
4361,00004361,117808,OK
4362,00004362,117611,OK
4363,00004363,117584,OK
4364,00004364,117519,OK
4365,00004365,117674,OK
4366,00004366,117699,OK
4367,00004367,117441,OK
4368,00004368,117554,OK
4369,00004369,117583,OK
4370,00004370,117565,OK
4371,00004371,117551,OK
4372,00004372,117449,OK
4373,00004373,117569,OK
4374,00004374,117616,OK
4375,00004375,118002,OK
4376,00004376,117757,OK
4377,00004377,117899,OK
4378,00004378,118033,OK
4379,00004379,118024,OK
4380,00004380,118087,OK
4381,00004381,118288,OK
4382,00004382,118052,OK
4383,00004383,118147,OK
4384,00004384,117855,OK
4385,00004385,118014,OK
4386,00004386,118071,OK
4387,00004387,117919,OK
4388,00004388,117972,OK
4389,00004389,117827,OK
4390,00004390,117873,OK
4391,00004391,117669,OK
4392,00004392,117290,OK
4393,00004393,117383,OK
4394,00004394,117282,OK
4395,00004395,117345,OK
4396,00004396,117387,OK
4397,00004397,117582,OK
4398,00004398,117791,OK
4399,00004399,123457,OK
4400,00004400,123467,OK
4401,00004401,123487,OK
4402,00004402,123516,OK
4403,00004403,123627,OK
4404,00004404,123634,OK
4405,00004405,123607,OK
4406,00004406,123861,OK
4407,00004407,123415,OK
4408,00004408,122824,OK
4409,00004409,122716,OK
4410,00004410,122871,OK
4411,00004411,123093,OK
4412,00004412,123577,OK
4413,00004413,123727,OK
4414,00004414,123822,OK
4415,00004415,123710,OK
4416,00004416,123670,OK
4417,00004417,123970,OK
4418,00004418,124309,OK
4419,00004419,124335,OK
4420,00004420,124380,OK
4421,00004421,124744,OK
4422,00004422,124801,OK
4423,00004423,125147,OK
4424,00004424,125528,OK
4425,00004425,125704,OK
4426,00004426,125912,OK
4427,00004427,126547,OK
4428,00004428,127198,OK
4429,00004429,127932,OK
4430,00004430,128390,OK
4431,00004431,128128,OK
4432,00004432,127731,OK
4433,00004433,127347,OK
4434,00004434,126959,OK
4435,00004435,126940,OK
4436,00004436,126945,OK
4437,00004437,127142,OK
4438,00004438,126911,OK
4439,00004439,126925,OK
4440,00004440,127534,OK
4441,00004441,127394,OK
4442,00004442,127529,OK
4443,00004443,127390,OK
4444,00004444,127827,OK
4445,00004445,127668,OK
4446,00004446,127880,OK
4447,00004447,127964,OK
4448,00004448,128011,OK
4449,00004449,127891,OK
4450,00004450,128053,OK
4451,00004451,127733,OK
4452,00004452,127498,OK
4453,00004453,127569,OK
4454,00004454,127277,OK
4455,00004455,127083,OK
4456,00004456,126299,OK
4457,00004457,126346,OK
4458,00004458,126018,OK
4459,00004459,125431,OK
4460,00004460,125171,OK
4461,00004461,125187,OK
4462,00004462,125443,OK
4463,00004463,125864,OK
4464,00004464,126197,OK
4465,00004465,125692,OK
4466,00004466,125103,OK
4467,00004467,125206,OK
4468,00004468,125504,OK
4469,00004469,125338,OK
4470,00004470,126087,OK
4471,00004471,125906,OK
4472,00004472,125663,OK
4473,00004473,125312,OK
4474,00004474,124998,OK
4475,00004475,125261,OK
4476,00004476,125464,OK
4477,00004477,125011,OK
4478,00004478,125235,OK
4479,00004479,125145,OK
4480,00004480,125326,OK
4481,00004481,125336,OK
4482,00004482,125613,OK
4483,00004483,125705,OK
4484,00004484,125586,OK
4485,00004485,125538,OK
4486,00004486,125788,OK
4487,00004487,125655,OK
4488,00004488,125443,OK
4489,00004489,125366,OK
4490,00004490,125344,OK
4491,00004491,125438,OK
4492,00004492,125555,OK
4493,00004493,125594,OK
4494,00004494,125247,OK
4495,00004495,125367,OK
4496,00004496,125194,OK
4497,00004497,125343,OK
4498,00004498,124868,OK
4499,00004499,124868,OK
4500,00004500,124166,OK
4501,00004501,124025,OK
4502,00004502,124114,OK
4503,00004503,124076,OK
4504,00004504,124149,OK
4505,00004505,124383,OK
4506,00004506,124377,OK
4507,00004507,124567,OK
4508,00004508,124406,OK
4509,00004509,124205,OK
4510,00004510,124339,OK
4511,00004511,124102,OK
4512,00004512,123722,OK
4513,00004513,123744,OK
4514,00004514,123835,OK
4515,00004515,123789,OK
4516,00004516,123991,OK
4517,00004517,123988,OK
4518,00004518,123689,OK
4519,00004519,123518,OK
4520,00004520,123442,OK
4521,00004521,123319,OK
4522,00004522,123411,OK
4523,00004523,123501,OK
4524,00004524,123771,OK
4525,00004525,123486,OK
4526,00004526,123497,OK
4527,00004527,123429,OK
4528,00004528,123415,OK
4529,00004529,123355,OK
4530,00004530,123444,OK
4531,00004531,123425,OK
4532,00004532,123534,OK
4533,00004533,123659,OK
4534,00004534,123767,OK
4535,00004535,123816,OK
4536,00004536,123724,OK
4537,00004537,123733,OK
4538,00004538,123654,OK
4539,00004539,123653,OK
4540,00004540,123639,OK
4541,00004541,123677,OK
4542,00004542,123766,OK
4543,00004543,123562,OK
4544,00004544,123681,OK
4545,00004545,123599,OK
4546,00004546,123684,OK
4547,00004547,123715,OK
4548,00004548,123725,OK
4549,00004549,123679,OK
4550,00004550,123792,OK
4551,00004551,123862,OK
4552,00004552,123824,OK
4553,00004553,123858,OK
4554,00004554,123899,OK
4555,00004555,123698,OK
4556,00004556,123870,OK
4557,00004557,123839,OK
4558,00004558,123879,OK
4559,00004559,123836,OK
4560,00004560,123954,OK
4561,00004561,123826,OK
4562,00004562,123752,OK
4563,00004563,123786,OK
4564,00004564,123825,OK
4565,00004565,123749,OK
4566,00004566,123794,OK
4567,00004567,123854,OK
4568,00004568,123793,OK
4569,00004569,123794,OK
4570,00004570,123766,OK
4571,00004571,123709,OK
4572,00004572,123729,OK
4573,00004573,123704,OK
4574,00004574,123421,OK
4575,00004575,123586,OK
4576,00004576,123598,OK
4577,00004577,123703,OK
4578,00004578,123693,OK
4579,00004579,123769,OK
4580,00004580,123674,OK
4581,00004581,123681,OK
4582,00004582,123812,OK
4583,00004583,123607,OK
4584,00004584,123574,OK
4585,00004585,123780,OK
4586,00004586,123750,OK
4587,00004587,123769,OK
4588,00004588,123715,OK
4589,00004589,123625,OK
4590,00004590,123761,OK
4591,00004591,123876,OK
4592,00004592,123952,OK
4593,00004593,123808,OK
4594,00004594,123941,OK
4595,00004595,123848,OK
4596,00004596,123747,OK
4597,00004597,123811,OK
4598,00004598,123870,OK
4599,00004599,101894,OK
4600,00004600,102428,OK
4601,00004601,102827,OK
4602,00004602,102677,OK
4603,00004603,102814,OK
4604,00004604,102765,OK
4605,00004605,103199,OK
4606,00004606,103269,OK
4607,00004607,102923,OK
4608,00004608,102694,OK
4609,00004609,102442,OK
4610,00004610,102057,OK
4611,00004611,101899,OK
4612,00004612,101566,OK
4613,00004613,101714,OK
4614,00004614,101601,OK
4615,00004615,101701,OK
4616,00004616,101580,OK
4617,00004617,101516,OK
4618,00004618,101536,OK
4619,00004619,101709,OK
4620,00004620,101918,OK
4621,00004621,101912,OK
4622,00004622,101835,OK
4623,00004623,101800,OK
4624,00004624,101882,OK
4625,00004625,101905,OK
4626,00004626,101827,OK
4627,00004627,101815,OK
4628,00004628,101682,OK
4629,00004629,101459,OK
4630,00004630,101350,OK
4631,00004631,101520,OK
4632,00004632,101370,OK
4633,00004633,101340,OK
4634,00004634,101298,OK
4635,00004635,101356,OK
4636,00004636,101324,OK
4637,00004637,101204,OK
4638,00004638,101304,OK
4639,00004639,101496,OK
4640,00004640,101399,OK
4641,00004641,101389,OK
4642,00004642,101543,OK
4643,00004643,101480,OK
4644,00004644,101763,OK
4645,00004645,101842,OK
4646,00004646,101593,OK
4647,00004647,101456,OK
4648,00004648,101333,OK
4649,00004649,101299,OK
4650,00004650,101103,OK
4651,00004651,101051,OK
4652,00004652,100915,OK
4653,00004653,101019,OK
4654,00004654,101071,OK
4655,00004655,101225,OK
4656,00004656,101431,OK
4657,00004657,101483,OK
4658,00004658,101710,OK
4659,00004659,101931,OK
4660,00004660,102198,OK
4661,00004661,102132,OK
4662,00004662,102267,OK
4663,00004663,102292,OK
4664,00004664,102597,OK
4665,00004665,102731,OK
4666,00004666,102430,OK
4667,00004667,102252,OK
4668,00004668,102214,OK
4669,00004669,102237,OK
4670,00004670,102535,OK
4671,00004671,102713,OK
4672,00004672,102232,OK
4673,00004673,101913,OK
4674,00004674,101507,OK
4675,00004675,100631,OK
4676,00004676,99945,OK
4677,00004677,99395,OK
4678,00004678,98682,OK
4679,00004679,97754,OK
4680,00004680,96548,OK
4681,00004681,95237,OK
4682,00004682,93594,OK
4683,00004683,92510,OK
4684,00004684,91116,OK
4685,00004685,90270,OK
4686,00004686,89414,OK
4687,00004687,88439,OK
4688,00004688,87938,OK
4689,00004689,87330,OK
4690,00004690,87616,OK
4691,00004691,88762,OK
4692,00004692,89584,OK
4693,00004693,90634,OK
4694,00004694,91825,OK
4695,00004695,92701,OK
4696,00004696,93520,OK
4697,00004697,94221,OK
4698,00004698,95423,OK
4699,00004699,96274,OK
4700,00004700,97491,OK
4701,00004701,98630,OK
4702,00004702,99569,OK
4703,00004703,100578,OK
4704,00004704,101455,OK
4705,00004705,102118,OK
4706,00004706,102699,OK
4707,00004707,103423,OK
4708,00004708,103896,OK
4709,00004709,104137,OK
4710,00004710,104123,OK
4711,00004711,104105,OK
4712,00004712,104086,OK
4713,00004713,104096,OK
4714,00004714,104173,OK
4715,00004715,104352,OK
4716,00004716,104576,OK
4717,00004717,104762,OK
4718,00004718,104871,OK
4719,00004719,105257,OK
4720,00004720,105580,OK
4721,00004721,106113,OK
4722,00004722,106920,OK
4723,00004723,108087,OK
4724,00004724,108276,OK
4725,00004725,109668,OK
4726,00004726,110977,OK
4727,00004727,111231,OK
4728,00004728,110949,OK
4729,00004729,110978,OK
4730,00004730,110199,OK
4731,00004731,109574,OK
4732,00004732,108319,OK
4733,00004733,107375,OK
4734,00004734,107030,OK
4735,00004735,106212,OK
4736,00004736,105189,OK
4737,00004737,104281,OK
4738,00004738,104014,OK
4739,00004739,103756,OK
4740,00004740,103766,OK
4741,00004741,103568,OK
4742,00004742,103488,OK
4743,00004743,103089,OK
4744,00004744,103032,OK
4745,00004745,102896,OK
4746,00004746,102675,OK
4747,00004747,102500,OK
4748,00004748,102175,OK
4749,00004749,102214,OK
4750,00004750,102689,OK
4751,00004751,102829,OK
4752,00004752,102927,OK
4753,00004753,102528,OK
4754,00004754,102622,OK
4755,00004755,102644,OK
4756,00004756,102838,OK
4757,00004757,102872,OK
4758,00004758,103152,OK
4759,00004759,103180,OK
4760,00004760,103092,OK
4761,00004761,103378,OK
4762,00004762,103390,OK
4763,00004763,103653,OK
4764,00004764,103601,OK
4765,00004765,103606,OK
4766,00004766,103560,OK
4767,00004767,103520,OK
4768,00004768,103239,OK
4769,00004769,103171,OK
4770,00004770,103007,OK
4771,00004771,103160,OK
4772,00004772,103074,OK
4773,00004773,102984,OK
4774,00004774,103118,OK
4775,00004775,103062,OK
4776,00004776,102925,OK
4777,00004777,102939,OK
4778,00004778,102962,OK
4779,00004779,103126,OK
4780,00004780,102950,OK
4781,00004781,103205,OK
4782,00004782,103166,OK
4783,00004783,103193,OK
4784,00004784,103489,OK
4785,00004785,103235,OK
4786,00004786,103328,OK
4787,00004787,103243,OK
4788,00004788,103248,OK
4789,00004789,103272,OK
4790,00004790,102977,OK
4791,00004791,103191,OK
4792,00004792,103243,OK
4793,00004793,103328,OK
4794,00004794,103540,OK
4795,00004795,103442,OK
4796,00004796,103471,OK
4797,00004797,103365,OK
4798,00004798,103429,OK
4799,00004799,113649,OK
4800,00004800,112858,OK
4801,00004801,111880,OK
4802,00004802,111876,OK
4803,00004803,111555,OK
4804,00004804,111384,OK
4805,00004805,111764,OK
4806,00004806,111569,OK
4807,00004807,111579,OK
4808,00004808,112002,OK
4809,00004809,111726,OK
4810,00004810,109882,OK
4811,00004811,109735,OK
4812,00004812,110055,OK
4813,00004813,110540,OK
4814,00004814,111245,OK
4815,00004815,111974,OK
4816,00004816,112406,OK
4817,00004817,112034,OK
4818,00004818,111445,OK
4819,00004819,110077,OK
4820,00004820,106664,OK
4821,00004821,103087,OK
4822,00004822,100641,OK
4823,00004823,99548,OK
4824,00004824,98951,OK
4825,00004825,98580,OK
4826,00004826,98914,OK
4827,00004827,98168,OK
4828,00004828,96714,OK
4829,00004829,95974,OK
4830,00004830,96395,OK
4831,00004831,96726,OK
4832,00004832,97850,OK
4833,00004833,98886,OK
4834,00004834,99871,OK
4835,00004835,101628,OK
4836,00004836,102956,OK
4837,00004837,103767,OK
4838,00004838,105355,OK
4839,00004839,106601,OK
4840,00004840,106379,OK
4841,00004841,105027,OK
4842,00004842,103666,OK
4843,00004843,103780,OK
4844,00004844,104015,OK
4845,00004845,108635,OK
4846,00004846,108171,OK
4847,00004847,101914,OK
4848,00004848,97949,OK
4849,00004849,95336,OK
4850,00004850,93645,OK
4851,00004851,92427,OK
4852,00004852,91837,OK
4853,00004853,91589,OK
4854,00004854,91734,OK
4855,00004855,91799,OK
4856,00004856,91966,OK
4857,00004857,92141,OK
4858,00004858,91808,OK
4859,00004859,91585,OK
4860,00004860,91028,OK
4861,00004861,90101,OK
4862,00004862,90087,OK
4863,00004863,90753,OK
4864,00004864,91291,OK
4865,00004865,91901,OK
4866,00004866,92555,OK
4867,00004867,92996,OK
4868,00004868,93511,OK
4869,00004869,94262,OK
4870,00004870,95045,OK
4871,00004871,96051,OK
4872,00004872,96665,OK
4873,00004873,97388,OK
4874,00004874,99106,OK
4875,00004875,100628,OK
4876,00004876,101687,OK
4877,00004877,102535,OK
4878,00004878,101825,OK
4879,00004879,102397,OK
4880,00004880,103217,OK
4881,00004881,103741,OK
4882,00004882,104270,OK
4883,00004883,104674,OK
4884,00004884,105275,OK
4885,00004885,105794,OK
4886,00004886,105453,OK
4887,00004887,105597,OK
4888,00004888,105913,OK
4889,00004889,106662,OK
4890,00004890,107343,OK
4891,00004891,108306,OK
4892,00004892,108618,OK
4893,00004893,109144,OK
4894,00004894,109747,OK
4895,00004895,110240,OK
4896,00004896,110751,OK
4897,00004897,110512,OK
4898,00004898,110550,OK
4899,00004899,110171,OK
4900,00004900,110065,OK
4901,00004901,110487,OK
4902,00004902,110903,OK
4903,00004903,110823,OK
4904,00004904,110983,OK
4905,00004905,111301,OK
4906,00004906,111383,OK
4907,00004907,110972,OK
4908,00004908,110155,OK
4909,00004909,109665,OK
4910,00004910,109421,OK
4911,00004911,109306,OK
4912,00004912,109410,OK
4913,00004913,109058,OK
4914,00004914,108585,OK
4915,00004915,108204,OK
4916,00004916,108447,OK
4917,00004917,107753,OK
4918,00004918,108060,OK
4919,00004919,108304,OK
4920,00004920,107514,OK
4921,00004921,106893,OK
4922,00004922,107160,OK
4923,00004923,107948,OK
4924,00004924,108554,OK
4925,00004925,108124,OK
4926,00004926,107302,OK
4927,00004927,107225,OK
4928,00004928,107486,OK
4929,00004929,107161,OK
4930,00004930,107456,OK
4931,00004931,107810,OK
4932,00004932,107408,OK
4933,00004933,107424,OK
4934,00004934,106941,OK
4935,00004935,106360,OK
4936,00004936,106197,OK
4937,00004937,106046,OK
4938,00004938,105731,OK
4939,00100000,273289,OK
4940,00100001,273522,OK
4941,00100002,273804,OK
4942,00100003,274051,OK
4943,00100004,274471,OK
4944,00100005,274586,OK
4945,00100006,275241,OK
4946,00100007,275357,OK
4947,00100008,275930,OK
4948,00100009,275811,OK
4949,00100010,275939,OK
4950,00100011,275913,OK
4951,00100012,275996,OK
4952,00100013,276040,OK
4953,00100014,275955,OK
4954,00100015,275589,OK
4955,00100016,275408,OK
4956,00100017,275355,OK
4957,00100018,275581,OK
4958,00100019,275923,OK
4959,00100020,276129,OK
4960,00100021,276280,OK
4961,00100022,275953,OK
4962,00100023,275992,OK
4963,00100024,276097,OK
4964,00100025,275970,OK
4965,00100026,276202,OK
4966,00100027,276399,OK
4967,00100028,276818,OK
4968,00100029,277074,OK
4969,00100030,277137,OK
4970,00100031,277224,OK
4971,00100032,277263,OK
4972,00100033,277610,OK
4973,00100034,277894,OK
4974,00100035,278093,OK
4975,00100036,278378,OK
4976,00100037,278207,OK
4977,00100038,277795,OK
4978,00100039,277446,OK
4979,00100040,277652,OK
4980,00100041,277785,OK
4981,00100042,277151,OK
4982,00100043,277504,OK
4983,00100044,277656,OK
4984,00100045,277433,OK
4985,00100046,276859,OK
4986,00100047,275868,OK
4987,00100048,274774,OK
4988,00100049,273441,OK
4989,00100050,273272,OK
4990,00100051,273575,OK
4991,00100052,273967,OK
4992,00100053,274113,OK
4993,00100054,273929,OK
4994,00100055,273874,OK
4995,00100056,274103,OK
4996,00100057,274279,OK
4997,00100058,274955,OK
4998,00100059,275258,OK
4999,00100060,275098,OK
5000,00100061,274758,OK
5001,00100062,274414,OK
5002,00100063,274218,OK
5003,00100064,273883,OK
5004,00100065,273821,OK
5005,00100066,274435,OK
5006,00100067,275583,OK
5007,00100068,275793,OK
5008,00100069,276993,OK
5009,00100070,278542,OK
5010,00100071,278805,OK
5011,00100072,278996,OK
5012,00100073,279025,OK
5013,00100074,279057,OK
5014,00100075,279335,OK
5015,00100076,278989,OK
5016,00100077,278210,OK
5017,00100078,277224,OK
5018,00100079,276624,OK
5019,00100080,276714,OK
5020,00100081,276822,OK
5021,00100082,276687,OK
5022,00100083,276381,OK
5023,00100084,275267,OK
5024,00100085,273980,OK
5025,00100086,272510,OK
5026,00100087,271875,OK
5027,00100088,272304,OK
5028,00100089,272588,OK
5029,00100090,273081,OK
5030,00100091,271951,OK
5031,00100092,271054,OK
5032,00100093,271265,OK
5033,00100094,271989,OK
5034,00100095,273378,OK
5035,00100096,273271,OK
5036,00100097,273362,OK
5037,00100098,272273,OK
5038,00100099,271974,OK
5039,00100100,272038,OK
5040,00100101,272358,OK
5041,00100102,273402,OK
5042,00100103,273927,OK
5043,00100104,273509,OK
5044,00100105,273281,OK
5045,00100106,272910,OK
5046,00100107,273193,OK
5047,00100108,273664,OK
5048,00100109,274885,OK
5049,00100110,275949,OK
5050,00100111,276112,OK
5051,00100112,262279,OK
5052,00100113,275101,OK
5053,00100114,274639,OK
5054,00100115,275345,OK
5055,00100116,275924,OK
5056,00100117,276335,OK
5057,00100118,276762,OK
5058,00100119,275784,OK
5059,00100120,275876,OK
5060,00100121,275973,OK
5061,00100122,275903,OK
5062,00100123,275193,OK
5063,00100124,274137,OK
5064,00100125,273082,OK
5065,00100126,271269,OK
5066,00100127,270179,OK
5067,00100128,269679,OK
5068,00100129,268976,OK
5069,00100130,268175,OK
5070,00100131,267770,OK
5071,00100132,267397,OK
5072,00100133,267520,OK
5073,00100134,267540,OK
5074,00100135,268246,OK
5075,00100136,268337,OK
5076,00100137,268334,OK
5077,00100138,268153,OK
5078,00100139,268206,OK
5079,00100140,267375,OK
5080,00100141,266896,OK
5081,00100142,266573,OK
5082,00100143,266100,OK
5083,00100144,265180,OK
5084,00100145,263249,OK
5085,00100146,261431,OK
5086,00100147,260730,OK
5087,00100148,260236,OK
5088,00100149,260098,OK
5089,00100150,260221,OK
5090,00100151,259881,OK
5091,00100152,259469,OK
5092,00100153,258046,OK
5093,00100154,257358,OK
5094,00100155,257195,OK
5095,00100156,258304,OK
5096,00100157,258247,OK
5097,00100158,258148,OK
5098,00100159,259022,OK
5099,00100160,258426,OK
5100,00100161,258773,OK
5101,00100162,258762,OK
5102,00100163,259472,OK
5103,00100164,259158,OK
5104,00100165,257899,OK
5105,00100166,257620,OK
5106,00100167,257223,OK
5107,00100168,256803,OK
5108,00100169,256981,OK
5109,00100170,257731,OK
5110,00100171,258641,OK
5111,00100172,260261,OK
5112,00100173,259990,OK
5113,00100174,256866,OK
5114,00100175,258481,OK
5115,00100176,260056,OK
5116,00100177,257542,OK
5117,00100178,256448,OK
5118,00100179,255400,OK
5119,00100180,254921,OK
5120,00100181,255367,OK
5121,00100182,255734,OK
5122,00100183,255112,OK
5123,00100184,254466,OK
5124,00100185,254368,OK
5125,00100186,254197,OK
5126,00100187,253637,OK
5127,00100188,252872,OK
5128,00100189,253988,OK
5129,00100190,254746,OK
5130,00100191,255814,OK
5131,00100192,257036,OK
5132,00100193,258187,OK
5133,00100194,259131,OK
5134,00100195,259922,OK
5135,00100196,259877,OK
5136,00100197,258792,OK
5137,00100198,258359,OK
5138,00100199,257902,OK
5139,00100200,258088,OK
5140,00100201,257754,OK
5141,00100202,258255,OK
5142,00100203,257847,OK
5143,00100204,257880,OK
5144,00100205,256818,OK
5145,00100206,253818,OK
5146,00100207,251385,OK
5147,00100208,250366,OK
5148,00100209,252390,OK
5149,00100210,253551,OK
5150,00100211,254359,OK
5151,00100212,254524,OK
5152,00100213,254254,OK
5153,00100214,255082,OK
5154,00100215,255952,OK
5155,00100216,256811,OK
5156,00100217,257009,OK
5157,00100218,256937,OK
5158,00100219,257652,OK
5159,00100220,257894,OK
5160,00100221,259026,OK
5161,00100222,260364,OK
5162,00100223,261775,OK
5163,00100224,261974,OK
5164,00100225,262928,OK
5165,00100226,263815,OK
5166,00100227,263837,OK
5167,00100228,264193,OK
5168,00100229,264125,OK
5169,00100230,264288,OK
5170,00100231,264708,OK
5171,00100232,264572,OK
5172,00100233,264086,OK
5173,00100234,264296,OK
5174,00100235,264646,OK
5175,00100236,265415,OK
5176,00100237,265977,OK
5177,00100238,266208,OK
5178,00100239,266811,OK
5179,00100240,266649,OK
5180,00100241,266352,OK
5181,00100242,261719,OK
5182,00100243,262284,OK
5183,00100244,261441,OK
5184,00100245,260696,OK
5185,00100246,260660,OK
5186,00100247,259678,OK
5187,00100248,259481,OK
5188,00100249,259613,OK
5189,00100250,258848,OK
5190,00100251,258186,OK
5191,00100252,258519,OK
5192,00100253,259292,OK
5193,00100254,260525,OK
5194,00100255,261747,OK
5195,00100256,263099,OK
5196,00100257,264647,OK
5197,00100258,265193,OK
5198,00100259,265532,OK
5199,00100260,264997,OK
5200,00100261,265209,OK
5201,00100262,265660,OK
5202,00100263,266270,OK
5203,00100264,266471,OK
5204,00100265,266640,OK
5205,00100266,266557,OK
5206,00100267,266977,OK
5207,00100268,267275,OK
5208,00100269,267963,OK
5209,00100270,268290,OK
5210,00100271,268053,OK
5211,00100272,267804,OK
5212,00100273,267682,OK
5213,00100274,268250,OK
5214,00100275,268333,OK
5215,00100276,267845,OK
5216,00100277,266191,OK
5217,00100278,264891,OK
5218,00100279,264104,OK
5219,00100280,264214,OK
5220,00100281,264753,OK
5221,00100282,264695,OK
5222,00100283,264425,OK
5223,00100284,264445,OK
5224,00100285,264007,OK
5225,00100286,263326,OK
5226,00100287,262615,OK
5227,00100288,261869,OK
5228,00100289,260434,OK
5229,00100290,259213,OK
5230,00100291,258702,OK
5231,00100292,258560,OK
5232,00100293,259149,OK
5233,00100294,259093,OK
5234,00100295,258724,OK
5235,00100296,258636,OK
5236,00100297,257252,OK
5237,00100298,255577,OK
5238,00100299,254785,OK
5239,00100300,254453,OK
5240,00100301,253649,OK
5241,00100302,253189,OK
5242,00100303,252301,OK
5243,00100304,252104,OK
5244,00100305,251786,OK
5245,00100306,250947,OK
5246,00100307,250353,OK
5247,00100308,249823,OK
5248,00100309,249156,OK
5249,00100310,248162,OK
5250,00100311,247925,OK
5251,00100312,248114,OK
5252,00100313,248723,OK
5253,00100314,248640,OK
5254,00100315,248516,OK
5255,00100316,247667,OK
5256,00100317,247528,OK
5257,00100318,247458,OK
5258,00100319,247849,OK
5259,00100320,247912,OK
5260,00100321,247466,OK
5261,00100322,247741,OK
5262,00100323,247368,OK
5263,00100324,247425,OK
5264,00100325,248592,OK
5265,00100326,249356,OK
5266,00100327,249332,OK
5267,00100328,249706,OK
5268,00100329,250539,OK
5269,00100330,250577,OK
5270,00100331,250868,OK
5271,00100332,250901,OK
5272,00100333,251439,OK
5273,00100334,251747,OK
5274,00100335,251648,OK
5275,00100336,251800,OK
5276,00100337,252391,OK
5277,00100338,253863,OK
5278,00100339,254070,OK
5279,00100340,254160,OK
5280,00100341,254752,OK
5281,00100342,255299,OK
5282,00100343,255351,OK
5283,00100344,256643,OK
5284,00100345,256231,OK
5285,00100346,255959,OK
5286,00100347,256243,OK
5287,00100348,257875,OK
5288,00100349,258821,OK
5289,00100350,259433,OK
5290,00100351,260498,OK
5291,00100352,260677,OK
5292,00100353,261435,OK
5293,00100354,261819,OK
5294,00100355,262788,OK
5295,00100356,262063,OK
5296,00100357,262175,OK
5297,00100358,262546,OK
5298,00100359,262253,OK
5299,00100360,262223,OK
5300,00100361,261861,OK
5301,00100362,261420,OK
5302,00100363,261341,OK
5303,00100364,260877,OK
5304,00100365,260743,OK
5305,00100366,260336,OK
5306,00100367,260183,OK
5307,00100368,260157,OK
5308,00100369,260436,OK
5309,00100370,261248,OK
5310,00100371,262341,OK
5311,00100372,263270,OK
5312,00100373,264748,OK
5313,00100374,265573,OK
5314,00100375,266431,OK
5315,00100376,268044,OK
5316,00100377,268577,OK
5317,00100378,269007,OK
5318,00100379,268981,OK
5319,00100380,270012,OK
5320,00100381,270578,OK
5321,00100382,270946,OK
5322,00100383,271418,OK
5323,00100384,272025,OK
5324,00100385,272750,OK
5325,00100386,272610,OK
5326,00100387,272570,OK
5327,00100388,272742,OK
5328,00100389,273201,OK
5329,00100390,273579,OK
5330,00100391,273713,OK
5331,00100392,274059,OK
5332,00100393,274309,OK
5333,00100394,274433,OK
5334,00100395,273960,OK
5335,00100396,273707,OK
5336,00100397,273276,OK
5337,00100398,273197,OK
5338,00100399,273361,OK
5339,00100400,273052,OK
5340,00100401,272533,OK
5341,00100402,272752,OK
5342,00100403,272865,OK
5343,00100404,272709,OK
5344,00100405,272466,OK
5345,00100406,272182,OK
5346,00100407,271683,OK
5347,00100408,271090,OK
5348,00100409,270695,OK
5349,00100410,270799,OK
5350,00100411,270738,OK
5351,00100412,271016,OK
5352,00100413,271547,OK
5353,00100414,271836,OK
5354,00100415,272128,OK
5355,00100416,272889,OK
5356,00100417,274003,OK
5357,00100418,273931,OK
5358,00100419,275011,OK
5359,00100420,275275,OK
5360,00100421,276762,OK
5361,00100422,277900,OK
5362,00100423,278228,OK
5363,00100424,278604,OK
5364,00100425,278763,OK
5365,00100426,279283,OK
5366,00100427,279190,OK
5367,00100428,279866,OK
5368,00100429,280879,OK
5369,00100430,282719,OK
5370,00100431,282967,OK
5371,00100432,282540,OK
5372,00100433,282748,OK
5373,00100434,276114,OK
5374,00100435,276118,OK
5375,00100436,279730,OK
5376,00100437,283628,OK
5377,00100438,286523,OK
5378,00100439,293720,OK
5379,00100440,293144,OK
5380,00100441,291862,OK
5381,00100442,293087,OK
5382,00100443,286687,OK
5383,00100444,295655,OK
5384,00100445,296622,OK
5385,00100446,295506,OK
5386,00100447,296431,OK
5387,00100448,293737,OK
5388,00100449,292354,OK
5389,00100450,291308,OK
5390,00100451,286250,OK
5391,00100452,286223,OK
5392,00100453,289404,OK
5393,00100454,278502,OK
5394,00100455,288557,OK
5395,00100456,287589,OK
5396,00100457,287350,OK
5397,00100458,288094,OK
5398,00100459,288907,OK
5399,00100460,288358,OK
5400,00100461,286972,OK
5401,00100462,283456,OK
5402,00100463,273947,OK
5403,00100464,284825,OK
5404,00100465,283829,OK
5405,00100466,283396,OK
5406,00100467,283171,OK
5407,00100468,282992,OK
5408,00100469,282336,OK
5409,00100470,281299,OK
5410,00100471,281019,OK
5411,00100472,280173,OK
5412,00100473,279805,OK
5413,00100474,279336,OK
5414,00100475,277924,OK
5415,00100476,275812,OK
5416,00100477,274327,OK
5417,00100478,273039,OK
5418,00100479,271494,OK
5419,00100480,270305,OK
5420,00100481,267816,OK
5421,00100482,264706,OK
5422,00100483,263702,OK
5423,00100484,263967,OK
5424,00100485,262854,OK
5425,00100486,261553,OK
5426,00100487,261940,OK
5427,00100488,261004,OK
5428,00100489,262462,OK
5429,00100490,263174,OK
5430,00100491,262628,OK
5431,00100492,259393,OK
5432,00100493,254030,OK
5433,00100494,248994,OK
5434,00100495,242986,OK
5435,00100496,240587,OK
5436,00100497,239392,OK
5437,00100498,238089,OK
5438,00100499,236370,OK
5439,00100500,235804,OK
5440,00100501,236125,OK
5441,00100502,235593,OK
5442,00100503,234224,OK
5443,00100504,233063,OK
5444,00100505,232903,OK
5445,00100506,232913,OK
5446,00100507,232469,OK
5447,00100508,231516,OK
5448,00100509,230228,OK
5449,00100510,229517,OK
5450,00100511,229253,OK
5451,00100512,228846,OK
5452,00100513,228416,OK
5453,00100514,227802,OK
5454,00100515,227390,OK
5455,00100516,226886,OK
5456,00100517,225718,OK
5457,00100518,224603,OK
5458,00100519,223166,OK
5459,00100520,222427,OK
5460,00100521,221574,OK
5461,00100522,220351,OK
5462,00100523,220292,OK
5463,00100524,221177,OK
5464,00100525,221590,OK
5465,00100526,222304,OK
5466,00100527,223060,OK
5467,00100528,223472,OK
5468,00100529,224620,OK
5469,00100530,224515,OK
5470,00100531,224296,OK
5471,00100532,226720,OK
5472,00100533,228487,OK
5473,00100534,229975,OK
5474,00100535,229945,OK
5475,00100536,229531,OK
5476,00100537,229944,OK
5477,00100538,230689,OK
5478,00100539,230558,OK
5479,00100540,230868,OK
5480,00100541,230997,OK
5481,00100542,231327,OK
5482,00100543,274623,OK
5483,00100544,274454,OK
5484,00100545,273592,OK
5485,00100546,273790,OK
5486,00100547,273939,OK
5487,00100548,273333,OK
5488,00100549,271436,OK
5489,00100550,269536,OK
5490,00100551,268358,OK
5491,00100552,268015,OK
5492,00100553,269040,OK
5493,00100554,269395,OK
5494,00100555,270900,OK
5495,00100556,271689,OK
5496,00100557,271299,OK
5497,00100558,270722,OK
5498,00100559,270669,OK
5499,00100560,270267,OK
5500,00100561,268976,OK
5501,00100562,267816,OK
5502,00100563,267203,OK
5503,00100564,269275,OK
5504,00100565,269587,OK
5505,00100566,269107,OK
5506,00100567,271049,OK
5507,00100568,271209,OK
5508,00100569,271417,OK
5509,00100570,271186,OK
5510,00100571,269935,OK
5511,00100572,269197,OK
5512,00100573,267296,OK
5513,00100574,267349,OK
5514,00100575,267493,OK
5515,00100576,268450,OK
5516,00100577,269710,OK
5517,00100578,269398,OK
5518,00100579,269398,OK
5519,00100580,270122,OK
5520,00100581,270249,OK
5521,00100582,270015,OK
5522,00100583,268330,OK
5523,00100584,268306,OK
5524,00100585,268512,OK
5525,00100586,271875,OK
5526,00100587,272503,OK
5527,00100588,272681,OK
5528,00100589,271690,OK
5529,00100590,271481,OK
5530,00100591,272519,OK
5531,00100592,273005,OK
5532,00100593,272964,OK
5533,00100594,272897,OK
5534,00100595,272640,OK
5535,00100596,271833,OK
5536,00100597,271423,OK
5537,00100598,271494,OK
5538,00100599,272311,OK
5539,00100600,273565,OK
5540,00100601,275623,OK
5541,00100602,277629,OK
5542,00100603,279371,OK
5543,00100604,279548,OK
5544,00100605,280613,OK
5545,00100606,279739,OK
5546,00100607,279798,OK
5547,00100608,278141,OK
5548,00100609,277171,OK
5549,00100610,276284,OK
5550,00100611,276119,OK
5551,00100612,276341,OK
5552,00100613,276314,OK
5553,00100614,275860,OK
5554,00100615,275624,OK
5555,00100616,276114,OK
5556,00100617,275589,OK
5557,00100618,274150,OK
5558,00100619,273410,OK
5559,00100620,273258,OK
5560,00100621,273075,OK
5561,00100622,272950,OK
5562,00100623,273041,OK
5563,00100624,272231,OK
5564,00100625,271950,OK
5565,00100626,271556,OK
5566,00100627,270985,OK
5567,00100628,270680,OK
5568,00100629,269052,OK
5569,00100630,270868,OK
5570,00100631,270660,OK
5571,00100632,270754,OK
5572,00100633,270319,OK
5573,00100634,269000,OK
5574,00100635,269141,OK
5575,00100636,269417,OK
5576,00100637,269841,OK
5577,00100638,270567,OK
5578,00100639,271734,OK
5579,00100640,271813,OK
5580,00100641,271206,OK
5581,00100642,271229,OK
5582,00100643,271021,OK
5583,00100644,271385,OK
5584,00100645,272136,OK
5585,00100646,272901,OK
5586,00100647,273897,OK
5587,00100648,273962,OK
5588,00100649,274958,OK
5589,00100650,276131,OK
5590,00100651,276475,OK
5591,00100652,275912,OK
5592,00100653,276300,OK
5593,00100654,276966,OK
5594,00100655,277241,OK
5595,00100656,277889,OK
5596,00100657,277600,OK
5597,00100658,278494,OK
5598,00100659,278649,OK
5599,00100660,278549,OK
5600,00100661,279303,OK
5601,00100662,279642,OK
5602,00100663,280352,OK
5603,00100664,301203,OK
5604,00100665,301425,OK
5605,00100666,301831,OK
5606,00100667,302341,OK
5607,00100668,302560,OK
5608,00100669,302126,OK
5609,00100670,301156,OK
5610,00100671,299916,OK
5611,00100672,299632,OK
5612,00100673,299396,OK
5613,00100674,298472,OK
5614,00100675,297559,OK
5615,00100676,297854,OK
5616,00100677,297891,OK
5617,00100678,297405,OK
5618,00100679,296740,OK
5619,00100680,295298,OK
5620,00100681,295161,OK
5621,00100682,295591,OK
5622,00100683,295186,OK
5623,00100684,294740,OK
5624,00100685,292877,OK
5625,00100686,292277,OK
5626,00100687,291627,OK
5627,00100688,290923,OK
5628,00100689,290664,OK
5629,00100690,291694,OK
5630,00100691,291693,OK
5631,00100692,291732,OK
5632,00100693,292344,OK
5633,00100694,291583,OK
5634,00100695,289886,OK
5635,00100696,289643,OK
5636,00100697,288751,OK
5637,00100698,288629,OK
5638,00100699,287129,OK
5639,00100700,287315,OK
5640,00100701,287774,OK
5641,00100702,286086,OK
5642,00100703,285009,OK
5643,00100704,283527,OK
5644,00100705,282827,OK
5645,00100706,282533,OK
5646,00100707,282716,OK
5647,00100708,283342,OK
5648,00100709,283082,OK
5649,00100710,282664,OK
5650,00100711,281447,OK
5651,00100712,280575,OK
5652,00100713,280387,OK
5653,00100714,280567,OK
5654,00100715,280270,OK
5655,00100716,280192,OK
5656,00100717,280851,OK
5657,00100718,281754,OK
5658,00100719,282289,OK
5659,00100720,283225,OK
5660,00100721,283768,OK
5661,00100722,283641,OK
5662,00100723,284025,OK
5663,00100724,284081,OK
5664,00100725,284451,OK
5665,00100726,285239,OK
5666,00100727,286144,OK
5667,00100728,286243,OK
5668,00100729,286124,OK
5669,00100730,285595,OK
5670,00100731,285594,OK
5671,00100732,285160,OK
5672,00100733,284775,OK
5673,00100734,284563,OK
5674,00100735,285131,OK
5675,00100736,285666,OK
5676,00100737,286886,OK
5677,00100738,287226,OK
5678,00100739,286674,OK
5679,00100740,287467,OK
5680,00100741,287101,OK
5681,00100742,287865,OK
5682,00100743,288930,OK
5683,00100744,289505,OK
5684,00100745,290496,OK
5685,00100746,291187,OK
5686,00100747,291423,OK
5687,00100748,292206,OK
5688,00100749,293250,OK
5689,00100750,294494,OK
5690,00100751,295842,OK
5691,00100752,297482,OK
5692,00100753,298671,OK
5693,00100754,298857,OK
5694,00100755,298127,OK
5695,00100756,297316,OK
5696,00100757,296653,OK
5697,00100758,296408,OK
5698,00100759,295223,OK
5699,00100760,294076,OK
5700,00100761,292178,OK
5701,00100762,291680,OK
5702,00100763,289863,OK
5703,00100764,289155,OK
5704,00100765,289396,OK
5705,00100766,288876,OK
5706,00100767,288346,OK
5707,00100768,288623,OK
5708,00100769,290091,OK
5709,00100770,291212,OK
5710,00100771,291900,OK
5711,00100772,292926,OK
5712,00100773,293886,OK
5713,00100774,294744,OK
5714,00100775,295895,OK
5715,00100776,297149,OK
5716,00100777,297158,OK
5717,00100778,297056,OK
5718,00100779,295853,OK
5719,00100780,292487,OK
5720,00100781,295961,OK
5721,00100782,296613,OK
5722,00100783,296775,OK
5723,00100784,296654,OK
5724,00100785,267184,OK
5725,00100786,267458,OK
5726,00100787,267310,OK
5727,00100788,266922,OK
5728,00100789,266375,OK
5729,00100790,265667,OK
5730,00100791,264542,OK
5731,00100792,263651,OK
5732,00100793,262862,OK
5733,00100794,262265,OK
5734,00100795,260814,OK
5735,00100796,259366,OK
5736,00100797,258425,OK
5737,00100798,257787,OK
5738,00100799,256709,OK
5739,00100800,255711,OK
5740,00100801,255237,OK
5741,00100802,254661,OK
5742,00100803,254501,OK
5743,00100804,254117,OK
5744,00100805,254119,OK
5745,00100806,254845,OK
5746,00100807,254951,OK
5747,00100808,255228,OK
5748,00100809,255944,OK
5749,00100810,256994,OK
5750,00100811,257634,OK
5751,00100812,258890,OK
5752,00100813,259002,OK
5753,00100814,259359,OK
5754,00100815,259666,OK
5755,00100816,259997,OK
5756,00100817,260206,OK
5757,00100818,260233,OK
5758,00100819,260530,OK
5759,00100820,260953,OK
5760,00100821,261701,OK
5761,00100822,262108,OK
5762,00100823,262070,OK
5763,00100824,262283,OK
5764,00100825,262008,OK
5765,00100826,262115,OK
5766,00100827,262390,OK
5767,00100828,262822,OK
5768,00100829,263912,OK
5769,00100830,264635,OK
5770,00100831,265233,OK
5771,00100832,265958,OK
5772,00100833,265560,OK
5773,00100834,265752,OK
5774,00100835,265357,OK
5775,00100836,265400,OK
5776,00100837,265159,OK
5777,00100838,265043,OK
5778,00100839,265090,OK
5779,00100840,266022,OK
5780,00100841,266284,OK
5781,00100842,267165,OK
5782,00100843,267243,OK
5783,00100844,267270,OK
5784,00100845,267992,OK
5785,00100846,268858,OK
5786,00100847,264994,OK
5787,00100848,269363,OK
5788,00100849,269381,OK
5789,00100850,269063,OK
5790,00100851,269523,OK
5791,00100852,269145,OK
5792,00100853,269018,OK
5793,00100854,268882,OK
5794,00100855,268887,OK
5795,00100856,268515,OK
5796,00100857,268878,OK
5797,00100858,268151,OK
5798,00100859,268707,OK
5799,00100860,268513,OK
5800,00100861,268309,OK
5801,00100862,268319,OK
5802,00100863,268520,OK
5803,00100864,268427,OK
5804,00100865,268887,OK
5805,00100866,268816,OK
5806,00100867,263065,OK
5807,00100868,268659,OK
5808,00100869,268575,OK
5809,00100870,268402,OK
5810,00100871,269103,OK
5811,00100872,269686,OK
5812,00100873,269901,OK
5813,00100874,270028,OK
5814,00100875,271354,OK
5815,00100876,272235,OK
5816,00100877,272831,OK
5817,00100878,273328,OK
5818,00100879,273592,OK
5819,00100880,273450,OK
5820,00100881,272998,OK
5821,00100882,272761,OK
5822,00100883,272822,OK
5823,00100884,273190,OK
5824,00100885,273308,OK
5825,00100886,273072,OK
5826,00100887,272633,OK
5827,00100888,272472,OK
5828,00100889,272304,OK
5829,00100890,271942,OK
5830,00100891,271841,OK
5831,00100892,271490,OK
5832,00100893,270917,OK
5833,00100894,270632,OK
5834,00100895,270320,OK
5835,00100896,269875,OK
5836,00100897,270074,OK
5837,00100898,270364,OK
5838,00100899,270561,OK
5839,00100900,270572,OK
5840,00100901,270484,OK
5841,00100902,270134,OK
5842,00100903,270040,OK
5843,00100904,269663,OK
5844,00100905,269726,OK
5845,00100906,269538,OK
5846,00100907,269474,OK
5847,00100908,269766,OK
5848,00100909,270281,OK
5849,00100910,270827,OK
5850,00100911,271330,OK
5851,00100912,272394,OK
5852,00100913,272860,OK
5853,00100914,273220,OK
5854,00100915,273154,OK
5855,00100916,273084,OK
5856,00100917,273545,OK
5857,00100918,273981,OK
5858,00100919,273327,OK
5859,00100920,272456,OK
5860,00100921,271476,OK
5861,00100922,270836,OK
5862,00100923,270839,OK
5863,00100924,270713,OK
5864,00100925,270602,OK
5865,00100926,270552,OK
5866,00100927,271032,OK
5867,00100928,271886,OK
5868,00100929,272206,OK
5869,00100930,271146,OK
5870,00100931,269173,OK
5871,00100932,267693,OK
5872,00100933,266631,OK
5873,00100934,266910,OK
5874,00100935,267779,OK
5875,00100936,268041,OK
5876,00100937,268158,OK
5877,00100938,267385,OK
5878,00100939,266862,OK
5879,00100940,266410,OK
5880,00100941,265651,OK
5881,00100942,265009,OK
5882,00100943,264609,OK
5883,00100944,264498,OK
5884,00100945,264266,OK
5885,00100946,264691,OK
5886,00100947,265743,OK
5887,00100948,267241,OK
5888,00100949,268641,OK
5889,00100950,269496,OK
5890,00100951,269949,OK
5891,00100952,269249,OK
5892,00100953,269232,OK
5893,00100954,270146,OK
5894,00100955,271024,OK
5895,00100956,272030,OK
5896,00100957,271719,OK
5897,00100958,271002,OK
5898,00100959,269963,OK
5899,00100960,269992,OK
5900,00100961,269777,OK
5901,00100962,270304,OK
5902,00100963,270762,OK
5903,00100964,270802,OK
5904,00100965,270630,OK
5905,00100966,270584,OK
5906,00100967,270707,OK
5907,00100968,271326,OK
5908,00100969,272225,OK
5909,00100970,271977,OK
5910,00100971,272281,OK
5911,00100972,273252,OK
5912,00100973,274796,OK
5913,00100974,276038,OK
5914,00100975,276680,OK
5915,00100976,277904,OK
5916,00100977,279187,OK
5917,00100978,279887,OK
5918,00100979,281089,OK
5919,00100980,282336,OK
5920,00100981,283522,OK
5921,00100982,284095,OK
5922,00100983,284273,OK
5923,00100984,284524,OK
5924,00100985,284610,OK
5925,00100986,284174,OK
5926,00100987,283777,OK
5927,00100988,283817,OK
5928,00100989,283865,OK
5929,00100990,283548,OK
5930,00100991,283587,OK
5931,00100992,283855,OK
5932,00100993,283842,OK
5933,00100994,283756,OK
5934,00100995,284287,OK
5935,00100996,284582,OK
5936,00100997,284879,OK
5937,00100998,284527,OK
5938,00100999,284570,OK
5939,00101000,283999,OK
5940,00101001,283753,OK
5941,00101002,283716,OK
5942,00101003,283396,OK
5943,00101004,283734,OK
5944,00101005,283760,OK
5945,00101006,283980,OK
5946,00101007,283969,OK
5947,00101008,284024,OK
5948,00101009,284264,OK
5949,00101010,284378,OK
5950,00101011,284477,OK
5951,00101012,284145,OK
5952,00101013,283992,OK
5953,00101014,284259,OK
5954,00101015,284334,OK
5955,00101016,284133,OK
5956,00101017,283552,OK
5957,00101018,283245,OK
5958,00101019,282947,OK
5959,00101020,282919,OK
5960,00101021,282489,OK
5961,00101022,282184,OK
5962,00101023,281316,OK
5963,00101024,281004,OK
5964,00101025,280426,OK
5965,00101026,280166,OK
5966,00101027,279560,OK
5967,00101028,279047,OK
5968,00101029,278665,OK
5969,00101030,279031,OK
5970,00101031,278970,OK
5971,00101032,278275,OK
5972,00101033,278751,OK
5973,00101034,278602,OK
5974,00101035,278270,OK
5975,00101036,278214,OK
5976,00101037,277928,OK
5977,00101038,277765,OK
5978,00101039,277296,OK
5979,00101040,277300,OK
5980,00101041,276563,OK
5981,00101042,276392,OK
5982,00101043,275883,OK
5983,00101044,275341,OK
5984,00101045,275598,OK
5985,00101046,275752,OK
5986,00101047,275523,OK
5987,00101048,274877,OK
5988,00101049,275177,OK
5989,00101050,275744,OK
5990,00101051,276426,OK
5991,00101052,276504,OK
5992,00101053,277054,OK
5993,00101054,277911,OK
5994,00101055,278560,OK
5995,00101056,279042,OK
5996,00101057,279333,OK
5997,00101058,279308,OK
5998,00101059,279421,OK
5999,00101060,279620,OK
6000,00101061,280173,OK
6001,00101062,280844,OK
6002,00101063,280893,OK
6003,00101064,281279,OK
6004,00101065,281526,OK
6005,00101066,281805,OK
6006,00101067,312582,OK
6007,00101068,311870,OK
6008,00101069,311939,OK
6009,00101070,312725,OK
6010,00101071,313813,OK
6011,00101072,312578,OK
6012,00101073,312880,OK
6013,00101074,313568,OK
6014,00101075,314915,OK
6015,00101076,315219,OK
6016,00101077,314965,OK
6017,00101078,314853,OK
6018,00101079,314912,OK
6019,00101080,315431,OK
6020,00101081,314940,OK
6021,00101082,314706,OK
6022,00101083,315091,OK
6023,00101084,314576,OK
6024,00101085,314415,OK
6025,00101086,314750,OK
6026,00101087,315345,OK
6027,00101088,315958,OK
6028,00101089,313168,OK
6029,00101090,316983,OK
6030,00101091,317793,OK
6031,00101092,318599,OK
6032,00101093,319782,OK
6033,00101094,319489,OK
6034,00101095,319834,OK
6035,00101096,320081,OK
6036,00101097,319647,OK
6037,00101098,319164,OK
6038,00101099,319241,OK
6039,00101100,319037,OK
6040,00101101,319190,OK
6041,00101102,319704,OK
6042,00101103,320150,OK
6043,00101104,319930,OK
6044,00101105,319612,OK
6045,00101106,320099,OK
6046,00101107,320659,OK
6047,00101108,321026,OK
6048,00101109,320768,OK
6049,00101110,319974,OK
6050,00101111,319939,OK
6051,00101112,320238,OK
6052,00101113,320323,OK
6053,00101114,320071,OK
6054,00101115,319602,OK
6055,00101116,319835,OK
6056,00101117,320623,OK
6057,00101118,320295,OK
6058,00101119,320629,OK
6059,00101120,320931,OK
6060,00101121,321212,OK
6061,00101122,321570,OK
6062,00101123,320478,OK
6063,00101124,320574,OK
6064,00101125,320215,OK
6065,00101126,320504,OK
6066,00101127,320754,OK
6067,00101128,320985,OK
6068,00101129,320571,OK
6069,00101130,320809,OK
6070,00101131,319890,OK
6071,00101132,319092,OK
6072,00101133,318966,OK
6073,00101134,318705,OK
6074,00101135,318624,OK
6075,00101136,318399,OK
6076,00101137,317794,OK
6077,00101138,317236,OK
6078,00101139,317822,OK
6079,00101140,317286,OK
6080,00101141,316441,OK
6081,00101142,316138,OK
6082,00101143,314602,OK
6083,00101144,313340,OK
6084,00101145,313471,OK
6085,00101146,312760,OK
6086,00101147,311538,OK
6087,00101148,311724,OK
6088,00101149,310840,OK
6089,00101150,310156,OK
6090,00101151,310811,OK
6091,00101152,312046,OK
6092,00101153,311676,OK
6093,00101154,311158,OK
6094,00101155,310703,OK
6095,00101156,310640,OK
6096,00101157,310287,OK
6097,00101158,311144,OK
6098,00101159,311621,OK
6099,00101160,311479,OK
6100,00101161,311920,OK
6101,00101162,312984,OK
6102,00101163,313765,OK
6103,00101164,314239,OK
6104,00101165,314585,OK
6105,00101166,315008,OK
6106,00101167,315232,OK
6107,00101168,315069,OK
6108,00101169,315921,OK
6109,00101170,316878,OK
6110,00101171,317700,OK
6111,00101172,318172,OK
6112,00101173,318810,OK
6113,00101174,318555,OK
6114,00101175,319098,OK
6115,00101176,319567,OK
6116,00101177,319933,OK
6117,00101178,320188,OK
6118,00101179,320028,OK
6119,00101180,319857,OK
6120,00101181,319819,OK
6121,00101182,319763,OK
6122,00101183,319665,OK
6123,00101184,319634,OK
6124,00101185,319626,OK
6125,00101186,319613,OK
6126,00101187,319788,OK
6127,00101188,319901,OK
6128,00101189,319780,OK
6129,00101190,319481,OK
6130,00101191,319153,OK
6131,00101192,319044,OK
6132,00101193,319502,OK
6133,00101194,319497,OK
6134,00101195,320182,OK
6135,00101196,321460,OK
6136,00101197,322539,OK
6137,00101198,318376,OK
6138,00101199,316630,OK
6139,00101200,322931,OK
6140,00101201,324174,OK
6141,00101202,325548,OK
6142,00101203,326296,OK
6143,00101204,326929,OK
6144,00101205,327419,OK
6145,00101206,327710,OK
6146,00101207,328091,OK
6147,00101208,328568,OK
6148,00101209,323009,OK
6149,00101210,328896,OK
6150,00101211,328945,OK
6151,00101212,329053,OK
6152,00101213,329379,OK
6153,00101214,329517,OK
6154,00101215,329697,OK
6155,00101216,330114,OK
6156,00101217,330409,OK
6157,00101218,330646,OK
6158,00101219,331088,OK
6159,00101220,331334,OK
6160,00101221,331318,OK
6161,00101222,331481,OK
6162,00101223,331744,OK
6163,00101224,331743,OK
6164,00101225,332053,OK
6165,00101226,332009,OK
6166,00101227,332083,OK
6167,00101228,332191,OK
6168,00101229,332238,OK
6169,00101230,332350,OK
6170,00101231,332468,OK
6171,00101232,332590,OK
6172,00101233,332667,OK
6173,00101234,332573,OK
6174,00101235,332694,OK
6175,00101236,332849,OK
6176,00101237,332806,OK
6177,00101238,332826,OK
6178,00101239,332852,OK
6179,00101240,332850,OK
6180,00101241,332914,OK
6181,00101242,332952,OK
6182,00101243,332950,OK
6183,00101244,332935,OK
6184,00101245,332846,OK
6185,00101246,332833,OK
6186,00101247,332816,OK
6187,00101248,332910,OK
6188,00101249,333011,OK
6189,00101250,332898,OK
6190,00101251,332818,OK
6191,00101252,332847,OK
6192,00101253,332880,OK
6193,00101254,332865,OK
6194,00101255,332930,OK
6195,00101256,332992,OK
6196,00101257,332952,OK
6197,00101258,332847,OK
6198,00101259,332962,OK
6199,00101260,332855,OK
6200,00101261,332904,OK
6201,00101262,332907,OK
6202,00101263,333012,OK
6203,00101264,333076,OK
6204,00101265,333014,OK
6205,00101266,332915,OK
6206,00101267,332942,OK
6207,00101268,333061,OK
6208,00101269,332956,OK
6209,00101270,332963,OK
6210,00101271,332929,OK
6211,00101272,333077,OK
6212,00101273,333061,OK
6213,00101274,333088,OK
6214,00101275,333126,OK
6215,00101276,333165,OK
6216,00101277,333089,OK
6217,00101278,333125,OK
6218,00101279,333067,OK
6219,00101280,333149,OK
6220,00101281,333148,OK
6221,00101282,333071,OK
6222,00101283,333182,OK
6223,00101284,333240,OK
6224,00101285,333177,OK
6225,00101286,333102,OK
6226,00101287,333168,OK
6227,00101288,333002,OK
6228,00101289,333010,OK
6229,00101290,333040,OK
6230,00101291,333149,OK
6231,00101292,333095,OK
6232,00101293,333069,OK
6233,00101294,332948,OK
6234,00101295,333005,OK
6235,00101296,333028,OK
6236,00101297,332988,OK
6237,00101298,333003,OK
6238,00101299,333040,OK
6239,00101300,333097,OK
6240,00101301,332995,OK
6241,00101302,333099,OK
6242,00101303,330113,OK
6243,00101304,333084,OK
6244,00101305,333012,OK
6245,00101306,333055,OK
6246,00101307,333047,OK
6247,00101308,332994,OK
6248,00101309,332962,OK
6249,00101310,332927,OK
6250,00101311,332932,OK
6251,00101312,333068,OK
6252,00101313,328925,OK
6253,00101314,332058,OK
6254,00101315,333014,OK
6255,00101316,332828,OK
6256,00101317,332773,OK
6257,00101318,332824,OK
6258,00101319,332936,OK
6259,00101320,332785,OK
6260,00101321,332818,OK
6261,00101322,332772,OK
6262,00101323,332769,OK
6263,00101324,332794,OK
6264,00101325,332808,OK
6265,00101326,332794,OK
6266,00101327,332693,OK
6267,00200000,283399,OK
6268,00200001,282907,OK
6269,00200002,281273,OK
6270,00200003,280857,OK
6271,00200004,279768,OK
6272,00200005,278949,OK
6273,00200006,278478,OK
6274,00200007,277709,OK
6275,00200008,278115,OK
6276,00200009,278834,OK
6277,00200010,279760,OK
6278,00200011,279465,OK
6279,00200012,279668,OK
6280,00200013,279625,OK
6281,00200014,278717,OK
6282,00200015,277876,OK
6283,00200016,276463,OK
6284,00200017,275237,OK
6285,00200018,274712,OK
6286,00200019,273494,OK
6287,00200020,273842,OK
6288,00200021,274276,OK
6289,00200022,274459,OK
6290,00200023,275142,OK
6291,00200024,275535,OK
6292,00200025,277404,OK
6293,00200026,278607,OK
6294,00200027,278567,OK
6295,00200028,277884,OK
6296,00200029,277472,OK
6297,00200030,277590,OK
6298,00200031,277969,OK
6299,00200032,277620,OK
6300,00200033,278026,OK
6301,00200034,277909,OK
6302,00200035,277319,OK
6303,00200036,276642,OK
6304,00200037,276259,OK
6305,00200038,276552,OK
6306,00200039,277571,OK
6307,00200040,278005,OK
6308,00200041,277940,OK
6309,00200042,278821,OK
6310,00200043,279833,OK
6311,00200044,280635,OK
6312,00200045,280985,OK
6313,00200046,273442,OK
6314,00200047,281384,OK
6315,00200048,281117,OK
6316,00200049,280823,OK
6317,00200050,279809,OK
6318,00200051,278799,OK
6319,00200052,278399,OK
6320,00200053,278511,OK
6321,00200054,278569,OK
6322,00200055,278821,OK
6323,00200056,279079,OK
6324,00200057,279130,OK
6325,00200058,279387,OK
6326,00200059,279624,OK
6327,00200060,280212,OK
6328,00200061,280873,OK
6329,00200062,281131,OK
6330,00200063,282182,OK
6331,00200064,282302,OK
6332,00200065,281486,OK
6333,00200066,281488,OK
6334,00200067,281073,OK
6335,00200068,280936,OK
6336,00200069,280382,OK
6337,00200070,279689,OK
6338,00200071,280119,OK
6339,00200072,281139,OK
6340,00200073,280464,OK
6341,00200074,279998,OK
6342,00200075,280161,OK
6343,00200076,281379,OK
6344,00200077,282145,OK
6345,00200078,282706,OK
6346,00200079,283406,OK
6347,00200080,284121,OK
6348,00200081,285556,OK
6349,00200082,285903,OK
6350,00200083,286366,OK
6351,00200084,287964,OK
6352,00200085,288644,OK
6353,00200086,288996,OK
6354,00200087,289823,OK
6355,00200088,290166,OK
6356,00200089,291677,OK
6357,00200090,292260,OK
6358,00200091,292177,OK
6359,00200092,291839,OK
6360,00200093,292589,OK
6361,00200094,292406,OK
6362,00200095,292389,OK
6363,00200096,292263,OK
6364,00200097,292309,OK
6365,00200098,291775,OK
6366,00200099,290713,OK
6367,00200100,289430,OK
6368,00200101,283640,OK
6369,00200102,276918,OK
6370,00200103,270114,OK
6371,00200104,263086,OK
6372,00200105,256703,OK
6373,00200106,249365,OK
6374,00200107,242175,OK
6375,00200108,236125,OK
6376,00200109,231196,OK
6377,00200110,234222,OK
6378,00200111,239277,OK
6379,00200112,244478,OK
6380,00200113,250017,OK
6381,00200114,257742,OK
6382,00200115,266283,OK
6383,00200116,276487,OK
6384,00200117,291214,OK
6385,00200118,294739,OK
6386,00200119,294822,OK
6387,00200120,295901,OK
6388,00200121,295886,OK
6389,00200122,295661,OK
6390,00200123,295628,OK
6391,00200124,295314,OK
6392,00200125,294859,OK
6393,00200126,294235,OK
6394,00200127,293575,OK
6395,00200128,293448,OK
6396,00200129,294016,OK
6397,00200130,294697,OK
6398,00200131,295498,OK
6399,00200132,295337,OK
6400,00200133,295165,OK
6401,00200134,294697,OK
6402,00200135,294429,OK
6403,00200136,294771,OK
6404,00200137,294940,OK
6405,00200138,294447,OK
6406,00200139,293980,OK
6407,00200140,293869,OK
6408,00200141,294035,OK
6409,00200142,293643,OK
6410,00200143,293283,OK
6411,00200144,292600,OK
6412,00200145,292198,OK
6413,00200146,291808,OK
6414,00200147,291613,OK
6415,00200148,291750,OK
6416,00200149,291991,OK
6417,00200150,291577,OK
6418,00200151,291109,OK
6419,00200152,290372,OK
6420,00200153,290042,OK
6421,00200154,289486,OK
6422,00200155,289107,OK
6423,00200156,287954,OK
6424,00200157,287614,OK
6425,00200158,286689,OK
6426,00200159,285968,OK
6427,00200160,285906,OK
6428,00200161,286644,OK
6429,00200162,285955,OK
6430,00200163,285433,OK
6431,00200164,286162,OK
6432,00200165,287169,OK
6433,00200166,287860,OK
6434,00200167,288506,OK
6435,00200168,288423,OK
6436,00200169,289321,OK
6437,00200170,290219,OK
6438,00200171,290856,OK
6439,00200172,291139,OK
6440,00200173,290980,OK
6441,00200174,290142,OK
6442,00200175,289741,OK
6443,00200176,288782,OK
6444,00200177,287156,OK
6445,00200178,285861,OK
6446,00200179,284606,OK
6447,00200180,284422,OK
6448,00200181,284305,OK
6449,00200182,284605,OK
6450,00200183,285844,OK
6451,00200184,287199,OK
6452,00200185,288372,OK
6453,00200186,289224,OK
6454,00200187,290280,OK
6455,00200188,291068,OK
6456,00200189,292169,OK
6457,00200190,293025,OK
6458,00200191,293475,OK
6459,00200192,293935,OK
6460,00200193,293574,OK
6461,00200194,293617,OK
6462,00200195,293817,OK
6463,00200196,294681,OK
6464,00200197,295601,OK
6465,00200198,295832,OK
6466,00200199,295970,OK
6467,00200200,296969,OK
6468,00200201,297875,OK
6469,00200202,297923,OK
6470,00200203,297647,OK
6471,00200204,297630,OK
6472,00200205,297786,OK
6473,00200206,297825,OK
6474,00200207,297571,OK
6475,00200208,298049,OK
6476,00200209,297911,OK
6477,00200210,298489,OK
6478,00200211,298684,OK
6479,00200212,299273,OK
6480,00200213,299485,OK
6481,00200214,299196,OK
6482,00200215,298879,OK
6483,00200216,298436,OK
6484,00200217,298540,OK
6485,00200218,298264,OK
6486,00200219,297661,OK
6487,00200220,296675,OK
6488,00200221,295752,OK
6489,00200222,295583,OK
6490,00200223,296164,OK
6491,00200224,297259,OK
6492,00200225,297995,OK
6493,00200226,298270,OK
6494,00200227,297820,OK
6495,00200228,297310,OK
6496,00200229,297448,OK
6497,00200230,296898,OK
6498,00200231,297108,OK
6499,00200232,297890,OK
6500,00200233,297575,OK
6501,00200234,297372,OK
6502,00200235,296569,OK
6503,00200236,296244,OK
6504,00200237,295333,OK
6505,00200238,294511,OK
6506,00200239,293890,OK
6507,00200240,293171,OK
6508,00200241,293169,OK
6509,00200242,292823,OK
6510,00200243,292440,OK
6511,00200244,292727,OK
6512,00200245,292243,OK
6513,00200246,293527,OK
6514,00200247,292773,OK
6515,00200248,293790,OK
6516,00200249,295040,OK
6517,00200250,294657,OK
6518,00200251,293929,OK
6519,00200252,293114,OK
6520,00200253,293014,OK
6521,00200254,293228,OK
6522,00200255,291669,OK
6523,00200256,290645,OK
6524,00200257,290593,OK
6525,00200258,291449,OK
6526,00200259,289837,OK
6527,00200260,287726,OK
6528,00200261,287268,OK
6529,00200262,288894,OK
6530,00200263,289450,OK
6531,00200264,289255,OK
6532,00200265,288509,OK
6533,00200266,289977,OK
6534,00200267,290066,OK
6535,00200268,290620,OK
6536,00200269,290281,OK
6537,00200270,290332,OK
6538,00200271,291398,OK
6539,00200272,291079,OK
6540,00200273,291915,OK
6541,00200274,292258,OK
6542,00200275,292416,OK
6543,00200276,292763,OK
6544,00200277,292289,OK
6545,00200278,292657,OK
6546,00200279,293057,OK
6547,00200280,293582,OK
6548,00200281,261702,OK
6549,00200282,260190,OK
6550,00200283,257922,OK
6551,00200284,256964,OK
6552,00200285,256882,OK
6553,00200286,257322,OK
6554,00200287,258513,OK
6555,00200288,258529,OK
6556,00200289,257227,OK
6557,00200290,255475,OK
6558,00200291,255084,OK
6559,00200292,257146,OK
6560,00200293,260972,OK
6561,00200294,266768,OK
6562,00200295,271035,OK
6563,00200296,271738,OK
6564,00200297,271277,OK
6565,00200298,269122,OK
6566,00200299,269736,OK
6567,00200300,272487,OK
6568,00200301,275248,OK
6569,00200302,278002,OK
6570,00200303,277573,OK
6571,00200304,277523,OK
6572,00200305,276459,OK
6573,00200306,276946,OK
6574,00200307,279119,OK
6575,00200308,281984,OK
6576,00200309,285646,OK
6577,00200310,288038,OK
6578,00200311,288350,OK
6579,00200312,287579,OK
6580,00200313,285771,OK
6581,00200314,285549,OK
6582,00200315,286174,OK
6583,00200316,286943,OK
6584,00200317,287545,OK
6585,00200318,287130,OK
6586,00200319,288326,OK
6587,00200320,289497,OK
6588,00200321,290667,OK
6589,00200322,292349,OK
6590,00200323,293205,OK
6591,00200324,294545,OK
6592,00200325,295102,OK
6593,00200326,295653,OK
6594,00200327,295980,OK
6595,00200328,295606,OK
6596,00200329,296189,OK
6597,00200330,296165,OK
6598,00200331,297531,OK
6599,00200332,298352,OK
6600,00200333,297922,OK
6601,00200334,297313,OK
6602,00200335,297028,OK
6603,00200336,297567,OK
6604,00200337,298278,OK
6605,00200338,298062,OK
6606,00200339,297580,OK
6607,00200340,297806,OK
6608,00200341,298532,OK
6609,00200342,298986,OK
6610,00200343,298442,OK
6611,00200344,297619,OK
6612,00200345,297896,OK
6613,00200346,298138,OK
6614,00200347,299050,OK
6615,00200348,299637,OK
6616,00200349,299957,OK
6617,00200350,299806,OK
6618,00200351,300204,OK
6619,00200352,301378,OK
6620,00200353,302388,OK
6621,00200354,303259,OK
6622,00200355,303342,OK
6623,00200356,303154,OK
6624,00200357,303113,OK
6625,00200358,304023,OK
6626,00200359,304272,OK
6627,00200360,305521,OK
6628,00200361,306215,OK
6629,00200362,306380,OK
6630,00200363,306492,OK
6631,00200364,306003,OK
6632,00200365,306224,OK
6633,00200366,306526,OK
6634,00200367,307273,OK
6635,00200368,307411,OK
6636,00200369,307451,OK
6637,00200370,307565,OK
6638,00200371,307617,OK
6639,00200372,307667,OK
6640,00200373,307790,OK
6641,00200374,307884,OK
6642,00200375,308181,OK
6643,00200376,307888,OK
6644,00200377,308098,OK
6645,00200378,308043,OK
6646,00200379,308153,OK
6647,00200380,308572,OK
6648,00200381,308567,OK
6649,00200382,308469,OK
6650,00200383,308737,OK
6651,00200384,308653,OK
6652,00200385,308786,OK
6653,00200386,308771,OK
6654,00200387,308525,OK
6655,00200388,308248,OK
6656,00200389,307991,OK
6657,00200390,308004,OK
6658,00200391,307911,OK
6659,00200392,307791,OK
6660,00200393,307731,OK
6661,00200394,307747,OK
6662,00200395,307425,OK
6663,00200396,307311,OK
6664,00200397,306985,OK
6665,00200398,306538,OK
6666,00200399,306366,OK
6667,00200400,305992,OK
6668,00200401,306143,OK
6669,00200402,306211,OK
6670,00200403,306156,OK
6671,00200404,306167,OK
6672,00200405,306416,OK
6673,00200406,306347,OK
6674,00200407,306373,OK
6675,00200408,306624,OK
6676,00200409,306634,OK
6677,00200410,306585,OK
6678,00200411,306667,OK
6679,00200412,306637,OK
6680,00200413,306725,OK
6681,00200414,306823,OK
6682,00200415,306827,OK
6683,00200416,306853,OK
6684,00200417,306832,OK
6685,00200418,306942,OK
6686,00200419,306969,OK
6687,00200420,306963,OK
6688,00200421,306924,OK
6689,00200422,307016,OK
6690,00200423,307043,OK
6691,00200424,307093,OK
6692,00200425,307166,OK
6693,00200426,307163,OK
6694,00200427,307322,OK
6695,00200428,307118,OK
6696,00200429,307201,OK
6697,00200430,307106,OK
6698,00200431,307278,OK
6699,00200432,307187,OK
6700,00200433,307045,OK
6701,00200434,307009,OK
6702,00200435,307088,OK
6703,00200436,307036,OK
6704,00200437,306971,OK
6705,00200438,307079,OK
6706,00200439,307141,OK
6707,00200440,306904,OK
6708,00200441,307000,OK
6709,00200442,306877,OK
6710,00200443,306927,OK
6711,00200444,306734,OK
6712,00200445,306765,OK
6713,00200446,306185,OK
6714,00200447,306464,OK
6715,00200448,306648,OK
6716,00200449,306551,OK
6717,00200450,306311,OK
6718,00200451,301503,OK
6719,00200452,306442,OK
6720,00200453,306381,OK
6721,00200454,306425,OK
6722,00200455,306300,OK
6723,00200456,306189,OK
6724,00200457,306085,OK
6725,00200458,305904,OK
6726,00200459,305984,OK
6727,00200460,305658,OK
6728,00200461,305747,OK
6729,00200462,305617,OK
6730,00200463,305546,OK
6731,00200464,305627,OK
6732,00200465,305498,OK
6733,00200466,305584,OK
6734,00200467,305468,OK
6735,00200468,305485,OK
6736,00200469,305636,OK
6737,00200470,305740,OK
6738,00200471,305686,OK
6739,00200472,305753,OK
6740,00200473,305633,OK
6741,00200474,305744,OK
6742,00200475,305675,OK
6743,00200476,305317,OK
6744,00200477,305293,OK
6745,00200478,305381,OK
6746,00200479,305087,OK
6747,00200480,305266,OK
6748,00200481,305020,OK
6749,00200482,305254,OK
6750,00200483,305162,OK
6751,00200484,304972,OK
6752,00200485,304907,OK
6753,00200486,304440,OK
6754,00200487,304417,OK
6755,00200488,304198,OK
6756,00200489,304165,OK
6757,00200490,303795,OK
6758,00200491,303454,OK
6759,00200492,303692,OK
6760,00200493,303396,OK
6761,00200494,303616,OK
6762,00200495,303595,OK
6763,00200496,303695,OK
6764,00200497,303784,OK
6765,00200498,303717,OK
6766,00200499,303734,OK
6767,00200500,303902,OK
6768,00200501,304216,OK
6769,00200502,304464,OK
6770,00200503,304035,OK
6771,00200504,303416,OK
6772,00200505,302820,OK
6773,00200506,302490,OK
6774,00200507,302810,OK
6775,00200508,302989,OK
6776,00200509,302968,OK
6777,00200510,303005,OK
6778,00200511,302836,OK
6779,00200512,302581,OK
6780,00200513,302949,OK
6781,00200514,302966,OK
6782,00200515,302640,OK
6783,00200516,302739,OK
6784,00200517,302990,OK
6785,00200518,303096,OK
6786,00200519,303306,OK
6787,00200520,303312,OK
6788,00200521,303518,OK
6789,00200522,303485,OK
6790,00200523,303697,OK
6791,00200524,303241,OK
6792,00200525,302606,OK
6793,00200526,302451,OK
6794,00200527,302176,OK
6795,00200528,301964,OK
6796,00200529,301408,OK
6797,00200530,301223,OK
6798,00200531,300986,OK
6799,00200532,300621,OK
6800,00200533,300176,OK
6801,00200534,300545,OK
6802,00200535,300566,OK
6803,00200536,300948,OK
6804,00200537,301236,OK
6805,00200538,300992,OK
6806,00200539,300586,OK
6807,00200540,300320,OK
6808,00200541,299992,OK
6809,00200542,300019,OK
6810,00200543,299629,OK
6811,00200544,299660,OK
6812,00200545,299517,OK
6813,00200546,299494,OK
6814,00200547,299987,OK
6815,00200548,300389,OK
6816,00200549,300897,OK
6817,00200550,300671,OK
6818,00200551,300499,OK
6819,00200552,300521,OK
6820,00200553,300436,OK
6821,00200554,300075,OK
6822,00200555,300125,OK
6823,00200556,300164,OK
6824,00200557,300306,OK
6825,00200558,300214,OK
6826,00200559,299916,OK
6827,00200560,299494,OK
6828,00200561,299460,OK
6829,00200562,299412,OK
6830,00200563,298901,OK
6831,00200564,298974,OK
6832,00200565,299872,OK
6833,00200566,299935,OK
6834,00200567,300100,OK
6835,00200568,300283,OK
6836,00200569,299866,OK
6837,00200570,299446,OK
6838,00200571,299120,OK
6839,00200572,298443,OK
6840,00200573,298900,OK
6841,00200574,299637,OK
6842,00200575,300692,OK
6843,00200576,301133,OK
6844,00200577,301146,OK
6845,00200578,301469,OK
6846,00200579,301967,OK
6847,00200580,302466,OK
6848,00200581,302735,OK
6849,00200582,302773,OK
6850,00200583,301874,OK
6851,00200584,301392,OK
6852,00200585,301115,OK
6853,00200586,300613,OK
6854,00200587,300818,OK
6855,00200588,301389,OK
6856,00200589,301513,OK
6857,00200590,301050,OK
6858,00200591,300401,OK
6859,00200592,300727,OK
6860,00200593,301583,OK
6861,00200594,302096,OK
6862,00200595,302096,OK
6863,00200596,301623,OK
6864,00200597,301686,OK
6865,00200598,300037,OK
6866,00200599,301213,OK
6867,00200600,302270,OK
6868,00200601,303620,OK
6869,00200602,304856,OK
6870,00200603,307552,OK
6871,00200604,307086,OK
6872,00200605,305996,OK
6873,00200606,305952,OK
6874,00200607,308070,OK
6875,00200608,307355,OK
6876,00200609,307061,OK
6877,00200610,307375,OK
6878,00200611,307757,OK
6879,00200612,307571,OK
6880,00200613,305600,OK
6881,00200614,303158,OK
6882,00200615,300972,OK
6883,00200616,299764,OK
6884,00200617,298650,OK
6885,00200618,300453,OK
6886,00200619,301029,OK
6887,00200620,304414,OK
6888,00200621,306205,OK
6889,00200622,305927,OK
6890,00200623,305901,OK
6891,00200624,306075,OK
6892,00200625,305627,OK
6893,00200626,304930,OK
6894,00200627,304265,OK
6895,00200628,304346,OK
6896,00200629,304020,OK
6897,00200630,302434,OK
6898,00200631,300698,OK
6899,00200632,297571,OK
6900,00200633,297357,OK
6901,00200634,298083,OK
6902,00200635,298928,OK
6903,00200636,300163,OK
6904,00200637,301557,OK
6905,00200638,301700,OK
6906,00200639,301562,OK
6907,00200640,301549,OK
6908,00200641,301135,OK
6909,00200642,301807,OK
6910,00200643,301725,OK
6911,00200644,301018,OK
6912,00200645,301130,OK
6913,00200646,301521,OK
6914,00200647,301723,OK
6915,00200648,301278,OK
6916,00200649,301103,OK
6917,00200650,301425,OK
6918,00200651,301294,OK
6919,00200652,301365,OK
6920,00200653,301859,OK
6921,00200654,301505,OK
6922,00200655,301039,OK
6923,00200656,301052,OK
6924,00200657,301145,OK
6925,00200658,301755,OK
6926,00200659,302294,OK
6927,00200660,302807,OK
6928,00200661,303276,OK
6929,00200662,303567,OK
6930,00200663,303213,OK
6931,00200664,303108,OK
6932,00200665,303226,OK
6933,00200666,303139,OK
6934,00200667,303116,OK
6935,00200668,302973,OK
6936,00200669,303389,OK
6937,00200670,303512,OK
6938,00200671,303398,OK
6939,00200672,303255,OK
6940,00200673,302845,OK
6941,00200674,302315,OK
6942,00200675,301726,OK
6943,00200676,301653,OK
6944,00200677,301459,OK
6945,00200678,300846,OK
6946,00200679,301260,OK
6947,00200680,301006,OK
6948,00200681,300223,OK
6949,00200682,299552,OK
6950,00200683,298222,OK
6951,00200684,296972,OK
6952,00200685,295386,OK
6953,00200686,294802,OK
6954,00200687,294803,OK
6955,00200688,295075,OK
6956,00200689,295176,OK
6957,00200690,295262,OK
6958,00200691,295776,OK
6959,00200692,296205,OK
6960,00200693,297251,OK
6961,00200694,297592,OK
6962,00200695,297787,OK
6963,00200696,297439,OK
6964,00200697,297493,OK
6965,00200698,297761,OK
6966,00200699,298275,OK
6967,00200700,299173,OK
6968,00200701,299558,OK
6969,00200702,300438,OK
6970,00200703,300987,OK
6971,00200704,301024,OK
6972,00200705,300836,OK
6973,00200706,300834,OK
6974,00200707,300838,OK
6975,00200708,301131,OK
6976,00200709,301330,OK
6977,00200710,301716,OK
6978,00200711,301707,OK
6979,00200712,301939,OK
6980,00200713,302645,OK
6981,00200714,302994,OK
6982,00200715,303806,OK
6983,00200716,303910,OK
6984,00200717,303792,OK
6985,00200718,303558,OK
6986,00200719,303352,OK
6987,00200720,303218,OK
6988,00200721,303556,OK
6989,00200722,303572,OK
6990,00200723,303696,OK
6991,00200724,303423,OK
6992,00200725,303375,OK
6993,00200726,303320,OK
6994,00200727,302814,OK
6995,00200728,301635,OK
6996,00200729,301099,OK
6997,00200730,300190,OK
6998,00200731,299783,OK
6999,00200732,298398,OK
7000,00200733,298679,OK
7001,00200734,297724,OK
7002,00200735,296757,OK
7003,00200736,296233,OK
7004,00200737,296073,OK
7005,00200738,296823,OK
7006,00200739,297169,OK
7007,00200740,296761,OK
7008,00200741,296399,OK
7009,00200742,296313,OK
7010,00200743,294182,OK
7011,00200744,291712,OK
7012,00200745,289849,OK
7013,00200746,286177,OK
7014,00200747,284394,OK
7015,00200748,272313,OK
7016,00200749,266377,OK
7017,00200750,263450,OK
7018,00200751,261409,OK
7019,00200752,261720,OK
7020,00200753,268017,OK
7021,00200754,275213,OK
7022,00200755,275681,OK
7023,00200756,263254,OK
7024,00200757,256825,OK
7025,00200758,251541,OK
7026,00200759,253907,OK
7027,00200760,264200,OK
7028,00200761,271828,OK
7029,00200762,276985,OK
7030,00200763,283411,OK
7031,00200764,284999,OK
7032,00200765,286318,OK
7033,00200766,287809,OK
7034,00200767,288848,OK
7035,00200768,290141,OK
7036,00200769,289956,OK
7037,00200770,290341,OK
7038,00200771,310257,OK
7039,00200772,309662,OK
7040,00200773,308620,OK
7041,00200774,307885,OK
7042,00200775,307246,OK
7043,00200776,306993,OK
7044,00200777,306750,OK
7045,00200778,306615,OK
7046,00200779,306604,OK
7047,00200780,306864,OK
7048,00200781,305782,OK
7049,00200782,306155,OK
7050,00200783,306473,OK
7051,00200784,307011,OK
7052,00200785,307004,OK
7053,00200786,307985,OK
7054,00200787,308411,OK
7055,00200788,309027,OK
7056,00200789,308692,OK
7057,00200790,309412,OK
7058,00200791,308983,OK
7059,00200792,310126,OK
7060,00200793,309496,OK
7061,00200794,310474,OK
7062,00200795,311282,OK
7063,00200796,309576,OK
7064,00200797,309520,OK
7065,00200798,309581,OK
7066,00200799,310016,OK
7067,00200800,310207,OK
7068,00200801,310117,OK
7069,00200802,309615,OK
7070,00200803,309475,OK
7071,00200804,308993,OK
7072,00200805,308313,OK
7073,00200806,307755,OK
7074,00200807,307184,OK
7075,00200808,307259,OK
7076,00200809,306849,OK
7077,00200810,307002,OK
7078,00200811,307099,OK
7079,00200812,308017,OK
7080,00200813,307970,OK
7081,00200814,307478,OK
7082,00200815,307473,OK
7083,00200816,307873,OK
7084,00200817,307966,OK
7085,00200818,308318,OK
7086,00200819,308742,OK
7087,00200820,308517,OK
7088,00200821,308199,OK
7089,00200822,308354,OK
7090,00200823,308696,OK
7091,00200824,309034,OK
7092,00200825,309815,OK
7093,00200826,310506,OK
7094,00200827,311279,OK
7095,00200828,311291,OK
7096,00200829,311203,OK
7097,00200830,311363,OK
7098,00200831,311356,OK
7099,00200832,311003,OK
7100,00200833,310405,OK
7101,00200834,310808,OK
7102,00200835,310815,OK
7103,00200836,311128,OK
7104,00200837,310997,OK
7105,00200838,310974,OK
7106,00200839,310763,OK
7107,00200840,311105,OK
7108,00200841,310825,OK
7109,00200842,310585,OK
7110,00200843,311187,OK
7111,00200844,311329,OK
7112,00200845,311363,OK
7113,00200846,310625,OK
7114,00200847,310255,OK
7115,00200848,309922,OK
7116,00200849,310197,OK
7117,00200850,310115,OK
7118,00200851,309929,OK
7119,00200852,309806,OK
7120,00200853,309316,OK
7121,00200854,309212,OK
7122,00200855,308850,OK
7123,00200856,308702,OK
7124,00200857,308412,OK
7125,00200858,308038,OK
7126,00200859,307760,OK
7127,00200860,306900,OK
7128,00200861,306300,OK
7129,00200862,306867,OK
7130,00200863,306889,OK
7131,00200864,305968,OK
7132,00200865,306109,OK
7133,00200866,306279,OK
7134,00200867,305997,OK
7135,00200868,305604,OK
7136,00200869,305929,OK
7137,00200870,306960,OK
7138,00200871,307332,OK
7139,00200872,307956,OK
7140,00200873,307465,OK
7141,00200874,306135,OK
7142,00200875,305257,OK
7143,00200876,304704,OK
7144,00200877,304268,OK
7145,00200878,304718,OK
7146,00200879,304462,OK
7147,00200880,305020,OK
7148,00200881,305508,OK
7149,00200882,306118,OK
7150,00200883,306498,OK
7151,00200884,306729,OK
7152,00200885,307075,OK
7153,00200886,307055,OK
7154,00200887,307546,OK
7155,00200888,308091,OK
7156,00200889,308464,OK
7157,00200890,308735,OK
7158,00200891,309071,OK
7159,00200892,308867,OK
7160,00200893,308697,OK
7161,00200894,308623,OK
7162,00200895,308576,OK
7163,00200896,308526,OK
7164,00200897,307878,OK
7165,00200898,307668,OK
7166,00200899,307958,OK
7167,00200900,308323,OK
7168,00200901,308706,OK
7169,00200902,308670,OK
7170,00200903,308677,OK
7171,00200904,309001,OK
7172,00200905,309277,OK
7173,00200906,309479,OK
7174,00200907,309626,OK
7175,00200908,309480,OK
7176,00200909,308828,OK
7177,00200910,308419,OK
7178,00200911,307957,OK
7179,00200912,307542,OK
7180,00200913,307733,OK
7181,00200914,308223,OK
7182,00200915,308150,OK
7183,00200916,308529,OK
7184,00200917,308487,OK
7185,00200918,309098,OK
7186,00200919,309498,OK
7187,00200920,310163,OK
7188,00200921,310706,OK
7189,00200922,311023,OK
7190,00200923,311145,OK
7191,00200924,311545,OK
7192,00200925,311772,OK
7193,00200926,311944,OK
7194,00200927,311908,OK
7195,00200928,311468,OK
7196,00200929,311213,OK
7197,00200930,311094,OK
7198,00200931,311262,OK
7199,00200932,311334,OK
7200,00200933,311253,OK
7201,00200934,310916,OK
7202,00200935,310135,OK
7203,00200936,306929,OK
7204,00200937,308474,OK
7205,00200938,307422,OK
7206,00200939,306401,OK
7207,00200940,305007,OK
7208,00200941,303341,OK
7209,00200942,302396,OK
7210,00200943,302780,OK
7211,00200944,303005,OK
7212,00200945,303893,OK
7213,00200946,304254,OK
7214,00200947,304557,OK
7215,00200948,303921,OK
7216,00200949,302871,OK
7217,00200950,301645,OK
7218,00200951,301266,OK
7219,00200952,301894,OK
7220,00200953,302520,OK
7221,00200954,302953,OK
7222,00200955,303528,OK
7223,00200956,304492,OK
7224,00200957,305171,OK
7225,00200958,305320,OK
7226,00200959,305631,OK
7227,00200960,305836,OK
7228,00200961,306035,OK
7229,00200962,306305,OK
7230,00200963,306708,OK
7231,00200964,307226,OK
7232,00200965,307165,OK
7233,00200966,307287,OK
7234,00200967,307422,OK
7235,00200968,307169,OK
7236,00200969,307294,OK
7237,00200970,306888,OK
7238,00200971,306824,OK
7239,00200972,306428,OK
7240,00200973,306620,OK
7241,00200974,306646,OK
7242,00200975,306408,OK
7243,00200976,306041,OK
7244,00200977,305684,OK
7245,00200978,305221,OK
7246,00200979,304151,OK
7247,00200980,303428,OK
7248,00200981,303045,OK
7249,00200982,301160,OK
7250,00200983,299080,OK
7251,00200984,298332,OK
7252,00200985,296051,OK
7253,00200986,295212,OK
7254,00200987,293528,OK
7255,00200988,292441,OK
7256,00200989,290715,OK
7257,00200990,289334,OK
7258,00200991,285430,OK
7259,00200992,287827,OK
7260,00200993,285503,OK
7261,00200994,277014,OK
7262,00200995,271746,OK
7263,00200996,270469,OK
7264,00200997,266005,OK
7265,00200998,262279,OK
7266,00200999,258191,OK
7267,00201000,247782,OK
7268,00201001,240671,OK
7269,00201002,241020,OK
7270,00201003,252385,OK
7271,00201004,251937,OK
7272,00201005,251010,OK
7273,00201006,251747,OK
7274,00201007,252550,OK
7275,00201008,250203,OK
7276,00201009,247318,OK
7277,00201010,245946,OK
7278,00201011,244271,OK
7279,00201012,240824,OK
7280,00201013,239377,OK
7281,00201014,240931,OK
7282,00201015,241583,OK
7283,00201016,241392,OK
7284,00201017,243974,OK
7285,00201018,246043,OK
7286,00201019,246727,OK
7287,00201020,245963,OK
7288,00201021,242326,OK
7289,00201022,241537,OK
7290,00201023,243193,OK
7291,00201024,243270,OK
7292,00201025,243586,OK
7293,00201026,244565,OK
7294,00201027,246176,OK
7295,00201028,249967,OK
7296,00201029,254606,OK
7297,00201030,260178,OK
7298,00201031,265477,OK
7299,00201032,268837,OK
7300,00201033,271441,OK
7301,00201034,273120,OK
7302,00201035,275111,OK
7303,00201036,276323,OK
7304,00201037,279272,OK
7305,00201038,281074,OK
7306,00201039,285288,OK
7307,00201040,288495,OK
7308,00201041,286743,OK
7309,00201042,285643,OK
7310,00201043,281670,OK
7311,00201044,276556,OK
7312,00201045,273942,OK
7313,00201046,270535,OK
7314,00201047,267475,OK
7315,00201048,263988,OK
7316,00201049,260775,OK
7317,00201050,257167,OK
7318,00201051,253925,OK
7319,00201052,251119,OK
7320,00201053,250021,OK
7321,00201054,249834,OK
7322,00201055,250527,OK
7323,00201056,252897,OK
7324,00201057,254774,OK
7325,00201058,259328,OK
7326,00201059,263084,OK
7327,00201060,265071,OK
7328,00201061,265754,OK
7329,00201062,267058,OK
7330,00201063,270891,OK
7331,00201064,270252,OK
7332,00201065,267044,OK
7333,00201066,263603,OK
7334,00201067,259310,OK
7335,00201068,255059,OK
7336,00201069,252459,OK
7337,00201070,251138,OK
7338,00201071,251280,OK
7339,00201072,251414,OK
7340,00201073,251236,OK
7341,00201074,248885,OK
7342,00201075,244894,OK
7343,00201076,241114,OK
7344,00201077,238942,OK
7345,00201078,238059,OK
7346,00201079,238297,OK
7347,00201080,238437,OK
7348,00201081,238502,OK
7349,00201082,238227,OK
7350,00201083,236467,OK
7351,00201084,234285,OK
7352,00201085,232911,OK
7353,00201086,232553,OK
7354,00201087,231900,OK
7355,00201088,231744,OK
7356,00201089,231401,OK
7357,00201090,231034,OK
7358,00201091,229609,OK
7359,00201092,229787,OK
7360,00201093,227987,OK
7361,00201094,227691,OK
7362,00201095,228390,OK
7363,00201096,229190,OK
7364,00201097,229742,OK
7365,00201098,229723,OK
7366,00201099,229907,OK
7367,00201100,229677,OK
7368,00201101,229991,OK
7369,00201102,230435,OK
7370,00201103,231202,OK
7371,00201104,232018,OK
7372,00201105,233329,OK
7373,00201106,233902,OK
7374,00201107,234074,OK
7375,00201108,234602,OK
7376,00201109,235337,OK
7377,00201110,236998,OK
7378,00201111,237808,OK
7379,00201112,237775,OK
7380,00201113,237229,OK
7381,00201114,237585,OK
7382,00201115,237886,OK
7383,00201116,238244,OK
7384,00201117,238738,OK
7385,00201118,238271,OK
7386,00201119,237850,OK
7387,00201120,237700,OK
7388,00201121,238001,OK
7389,00201122,239071,OK
7390,00201123,241002,OK
7391,00201124,243382,OK
7392,00201125,245746,OK
7393,00201126,247174,OK
7394,00201127,248202,OK
7395,00201128,249192,OK
7396,00201129,251048,OK
7397,00201130,252581,OK
7398,00201131,253791,OK
7399,00201132,255841,OK
7400,00201133,258471,OK
7401,00201134,260717,OK
7402,00201135,262648,OK
7403,00201136,264380,OK
7404,00201137,266152,OK
7405,00201138,267436,OK
7406,00201139,268318,OK
7407,00201140,269260,OK
7408,00201141,268093,OK
7409,00201142,270460,OK
7410,00201143,274927,OK
7411,00201144,278467,OK
7412,00201145,279728,OK
7413,00201146,281131,OK
7414,00201147,282634,OK
7415,00201148,284853,OK
7416,00201149,286719,OK
7417,00201150,288050,OK
7418,00201151,289532,OK
7419,00201152,290366,OK
7420,00201153,290749,OK
7421,00201154,290436,OK
7422,00201155,290802,OK
7423,00201156,291740,OK
7424,00201157,293050,OK
7425,00201158,294098,OK
7426,00201159,294966,OK
7427,00201160,295542,OK
7428,00201161,295719,OK
7429,00201162,296030,OK
7430,00201163,295940,OK
7431,00201164,295920,OK
7432,00201165,295968,OK
7433,00201166,295996,OK
7434,00201167,296363,OK
7435,00201168,297076,OK
7436,00201169,297577,OK
7437,00201170,297832,OK
7438,00201171,298025,OK
7439,00201172,298404,OK
7440,00201173,298548,OK
7441,00201174,298948,OK
7442,00201175,299272,OK
7443,00201176,294779,OK
7444,00201177,288089,OK
7445,00201178,285282,OK
7446,00201179,278292,OK
7447,00201180,269633,OK
7448,00201181,266292,OK
7449,00201182,264689,OK
7450,00201183,262209,OK
7451,00201184,264441,OK
7452,00201185,265582,OK
7453,00201186,259258,OK
7454,00201187,258802,OK
7455,00201188,262869,OK
7456,00201189,260994,OK
7457,00201190,260242,OK
7458,00201191,259911,OK
7459,00201192,257419,OK
7460,00201193,264015,OK
7461,00201194,275498,OK
7462,00201195,295216,OK
7463,00201196,300382,OK
7464,00201197,304930,OK
7465,00201198,306498,OK
7466,00201199,306541,OK
7467,00201200,306747,OK
7468,00201201,306849,OK
7469,00201202,307185,OK
7470,00201203,307432,OK
7471,00201204,307386,OK
7472,00201205,307623,OK
7473,00201206,307585,OK
7474,00201207,307584,OK
7475,00201208,307716,OK
7476,00201209,307699,OK
7477,00201210,307819,OK
7478,00201211,307901,OK
7479,00201212,307899,OK
7480,00201213,307979,OK
7481,00201214,307866,OK
7482,00201215,307929,OK
7483,00201216,308169,OK
7484,00201217,308277,OK
7485,00201218,308451,OK
7486,00201219,308347,OK
7487,00201220,308489,OK
7488,00201221,301996,OK
7489,00201222,302438,OK
7490,00201223,302849,OK
7491,00201224,303328,OK
7492,00201225,303696,OK
7493,00201226,303755,OK
7494,00201227,303698,OK
7495,00201228,303643,OK
7496,00201229,303270,OK
7497,00201230,302873,OK
7498,00201231,302493,OK
7499,00201232,302404,OK
7500,00201233,302321,OK
7501,00201234,302646,OK
7502,00201235,302271,OK
7503,00201236,301711,OK
7504,00201237,301368,OK
7505,00201238,302388,OK
7506,00201239,302486,OK
7507,00201240,302786,OK
7508,00201241,302399,OK
7509,00201242,301100,OK
7510,00201243,300274,OK
7511,00201244,298939,OK
7512,00201245,297720,OK
7513,00201246,297413,OK
7514,00201247,297171,OK
7515,00201248,297894,OK
7516,00201249,297679,OK
7517,00201250,297674,OK
7518,00201251,297313,OK
7519,00201252,296432,OK
7520,00201253,296825,OK
7521,00201254,298170,OK
7522,00201255,298849,OK
7523,00201256,299135,OK
7524,00201257,299457,OK
7525,00201258,299010,OK
7526,00201259,298620,OK
7527,00201260,298618,OK
7528,00201261,298174,OK
7529,00201262,298240,OK
7530,00201263,297855,OK
7531,00201264,297800,OK
7532,00201265,298179,OK
7533,00201266,297925,OK
7534,00201267,298122,OK
7535,00201268,298477,OK
7536,00201269,298792,OK
7537,00201270,299406,OK
7538,00201271,299541,OK
7539,00201272,299814,OK
7540,00201273,299902,OK
7541,00201274,300083,OK
7542,00201275,300538,OK
7543,00201276,300499,OK
7544,00201277,301096,OK
7545,00201278,301647,OK
7546,00201279,302115,OK
7547,00201280,302240,OK
7548,00201281,302861,OK
7549,00201282,302757,OK
7550,00201283,303042,OK
7551,00201284,302495,OK
7552,00201285,301771,OK
7553,00201286,301697,OK
7554,00201287,301208,OK
7555,00201288,301158,OK
7556,00201289,300916,OK
7557,00201290,300446,OK
7558,00201291,300054,OK
7559,00201292,299982,OK
7560,00201293,299643,OK
7561,00201294,299127,OK
7562,00201295,298789,OK
7563,00201296,298565,OK
7564,00201297,297695,OK
7565,00201298,297087,OK
7566,00201299,296502,OK
7567,00201300,296504,OK
7568,00201301,296663,OK
7569,00201302,296557,OK
7570,00201303,296323,OK
7571,00201304,296043,OK
7572,00201305,296668,OK
7573,00201306,297667,OK
7574,00201307,298717,OK
7575,00201308,299535,OK
7576,00201309,300122,OK
7577,00201310,301130,OK
7578,00201311,302154,OK
7579,00201312,303078,OK
7580,00201313,303668,OK
7581,00201314,304695,OK
7582,00201315,305207,OK
7583,00201316,305755,OK
7584,00201317,306306,OK
7585,00201318,306680,OK
7586,00201319,306834,OK
7587,00201320,306770,OK
7588,00201321,306382,OK
7589,00201322,306106,OK
7590,00201323,305929,OK
7591,00201324,305627,OK
7592,00201325,305190,OK
7593,00201326,305106,OK
7594,00201327,304958,OK
7595,00201328,305105,OK
7596,00201329,305030,OK
7597,00201330,305084,OK
7598,00201331,304980,OK
7599,00201332,304891,OK
7600,00201333,305059,OK
7601,00201334,305110,OK
7602,00201335,305041,OK
7603,00201336,305102,OK
7604,00201337,305241,OK
7605,00201338,305321,OK
7606,00201339,305356,OK
7607,00201340,305095,OK
7608,00201341,304928,OK
7609,00201342,304459,OK
7610,00201343,303792,OK
7611,00201344,303051,OK
7612,00201345,301926,OK
7613,00201346,301241,OK
7614,00201347,299906,OK
7615,00201348,299456,OK
7616,00201349,298902,OK
7617,00201350,298661,OK
7618,00201351,299376,OK
7619,00201352,300588,OK
7620,00201353,301114,OK
7621,00201354,301767,OK
7622,00201355,302700,OK
7623,00201356,303016,OK
7624,00201357,302934,OK
7625,00201358,302886,OK
7626,00201359,303098,OK
7627,00201360,302963,OK
7628,00201361,302807,OK
7629,00201362,302591,OK
7630,00201363,302525,OK
7631,00201364,302848,OK
7632,00201365,302993,OK
7633,00201366,303389,OK
7634,00201367,303475,OK
7635,00201368,303292,OK
7636,00201369,303045,OK
7637,00201370,302866,OK
7638,00201371,303090,OK
7639,00201372,303142,OK
7640,00201373,303444,OK
7641,00201374,303864,OK
7642,00201375,304454,OK
7643,00201376,304995,OK
7644,00201377,304824,OK
7645,00201378,304379,OK
7646,00201379,303963,OK
7647,00201380,303777,OK
7648,00201381,303849,OK
7649,00201382,303662,OK
7650,00201383,303339,OK
7651,00201384,302929,OK
7652,00201385,303659,OK
7653,00201386,303490,OK
7654,00201387,303491,OK
7655,00201388,303585,OK
7656,00201389,303821,OK
7657,00201390,303888,OK
7658,00201391,303880,OK
7659,00201392,304191,OK
7660,00201393,304163,OK
7661,00201394,305126,OK
7662,00201395,306306,OK
7663,00201396,306660,OK
7664,00201397,306985,OK
7665,00201398,307066,OK
7666,00201399,307621,OK
7667,00201400,308414,OK
7668,00201401,309182,OK
7669,00201402,309014,OK
7670,00201403,309305,OK
7671,00201404,309937,OK
7672,00201405,309749,OK
7673,00201406,309823,OK
7674,00201407,309613,OK
7675,00201408,309412,OK
7676,00201409,309579,OK
7677,00201410,309409,OK
7678,00201411,309403,OK
7679,00201412,309585,OK
7680,00201413,309115,OK
7681,00201414,308422,OK
7682,00201415,308285,OK
7683,00201416,308199,OK
7684,00201417,307307,OK
7685,00201418,306603,OK
7686,00201419,306197,OK
7687,00201420,306040,OK
7688,00201421,305751,OK
7689,00201422,305555,OK
7690,00201423,305354,OK
7691,00201424,304950,OK
7692,00201425,304501,OK
7693,00201426,303254,OK
7694,00201427,302121,OK
7695,00201428,301541,OK
7696,00201429,300884,OK
7697,00201430,300559,OK
7698,00201431,299780,OK
7699,00201432,299326,OK
7700,00201433,299061,OK
7701,00201434,298753,OK
7702,00201435,298211,OK
7703,00201436,297494,OK
7704,00201437,296980,OK
7705,00201438,296585,OK
7706,00201439,296320,OK
7707,00201440,296255,OK
7708,00201441,296152,OK
7709,00201442,296611,OK
7710,00201443,296904,OK
7711,00201444,297294,OK
7712,00201445,297566,OK
7713,00201446,298121,OK
7714,00201447,298681,OK
7715,00201448,300304,OK
7716,00201449,301651,OK
7717,00201450,302527,OK
7718,00201451,304030,OK
7719,00201452,304795,OK
7720,00201453,305582,OK
7721,00201454,306541,OK
7722,00201455,307543,OK
7723,00201456,308779,OK
7724,00201457,309483,OK
7725,00201458,309671,OK
7726,00201459,310348,OK
7727,00201460,310710,OK
7728,00201461,310938,OK
7729,00201462,311694,OK
7730,00201463,311926,OK
7731,00201464,311958,OK
7732,00201465,312180,OK
7733,00201466,311748,OK
7734,00201467,311821,OK
7735,00201468,311953,OK
7736,00201469,312225,OK
7737,00201470,312051,OK
7738,00201471,307230,OK
7739,00201472,312501,OK
7740,00201473,311839,OK
7741,00201474,311195,OK
7742,00201475,311509,OK
7743,00201476,311931,OK
7744,00201477,312461,OK
7745,00201478,312905,OK
7746,00201479,312979,OK
7747,00201480,312941,OK
7748,00201481,312743,OK
7749,00201482,312930,OK
7750,00201483,312972,OK
7751,00201484,313067,OK
7752,00201485,313240,OK
7753,00201486,313204,OK
7754,00201487,312817,OK
7755,00201488,312519,OK
7756,00201489,312138,OK
7757,00201490,309941,OK
7758,00201491,299165,OK
7759,00201492,286251,OK
7760,00201493,283754,OK
7761,00201494,278396,OK
7762,00201495,271111,OK
7763,00201496,259994,OK
7764,00201497,254605,OK
7765,00201498,253930,OK
7766,00201499,258318,OK
7767,00201500,259236,OK
7768,00201501,258623,OK
7769,00201502,256333,OK
7770,00201503,258051,OK
7771,00201504,259112,OK
7772,00201505,259256,OK
7773,00201506,259617,OK
7774,00201507,259290,OK
7775,00201508,259617,OK
7776,00201509,261355,OK
7777,00201510,259155,OK
7778,00201511,258437,OK
7779,00201512,261135,OK
7780,00201513,268388,OK
7781,00201514,278540,OK
7782,00201515,289968,OK
7783,00201516,296779,OK
7784,00201517,303834,OK
7785,00201518,302809,OK
7786,00201519,302231,OK
7787,00201520,302788,OK
7788,00201521,302783,OK
7789,00201522,303378,OK
7790,00201523,304231,OK
7791,00201524,303848,OK
7792,00201525,303683,OK
7793,00201526,303504,OK
7794,00201527,304228,OK
7795,00201528,304962,OK
7796,00201529,303758,OK
7797,00201530,304036,OK
7798,00201531,303524,OK
7799,00201532,303201,OK
7800,00201533,302897,OK
7801,00201534,302454,OK
7802,00201535,302191,OK
7803,00201536,302336,OK
7804,00201537,302292,OK
7805,00201538,302271,OK
7806,00201539,302430,OK
7807,00201540,302872,OK
7808,00201541,303024,OK
7809,00201542,303024,OK
7810,00201543,302053,OK
7811,00201544,301787,OK
7812,00201545,301127,OK
7813,00201546,300688,OK
7814,00201547,300427,OK
7815,00201548,299854,OK
7816,00201549,298970,OK
7817,00201550,298667,OK
7818,00201551,298387,OK
7819,00201552,298261,OK
7820,00201553,298029,OK
7821,00201554,298122,OK
7822,00201555,298582,OK
7823,00201556,298933,OK
7824,00201557,299186,OK
7825,00201558,299559,OK
7826,00201559,299492,OK
7827,00201560,299575,OK
7828,00201561,299666,OK
7829,00201562,300101,OK
7830,00201563,300149,OK
7831,00201564,300161,OK
7832,00201565,300160,OK
7833,00201566,299945,OK
7834,00201567,299619,OK
7835,00201568,299736,OK
7836,00201569,299802,OK
7837,00201570,299771,OK
7838,00201571,299914,OK
7839,00201572,298848,OK
7840,00201573,298251,OK
7841,00201574,297580,OK
7842,00201575,296633,OK
7843,00201576,296267,OK
7844,00201577,295625,OK
7845,00201578,294472,OK
7846,00201579,293957,OK
7847,00201580,293763,OK
7848,00201581,293430,OK
7849,00201582,293199,OK
7850,00201583,292863,OK
7851,00201584,292810,OK
7852,00201585,292628,OK
7853,00201586,292687,OK
7854,00201587,292657,OK
7855,00201588,292907,OK
7856,00201589,292996,OK
7857,00201590,293140,OK
7858,00201591,292983,OK
7859,00201592,292997,OK
7860,00201593,293093,OK
7861,00201594,293027,OK
7862,00201595,292801,OK
7863,00201596,292788,OK
7864,00201597,292843,OK
7865,00201598,292832,OK
7866,00201599,293084,OK
7867,00201600,293002,OK
7868,00201601,288381,OK
7869,00201602,287874,OK
7870,00201603,288068,OK
7871,00201604,288111,OK
7872,00201605,288393,OK
7873,00201606,288432,OK
7874,00201607,288362,OK
7875,00201608,288185,OK
7876,00201609,288205,OK
7877,00201610,288402,OK
7878,00201611,288756,OK
7879,00201612,289227,OK
7880,00201613,289598,OK
7881,00201614,290664,OK
7882,00201615,290987,OK
7883,00201616,291848,OK
7884,00201617,291635,OK
7885,00201618,290891,OK
7886,00201619,290656,OK
7887,00201620,290809,OK
7888,00201621,290598,OK
7889,00201622,290097,OK
7890,00201623,290339,OK
7891,00201624,289709,OK
7892,00201625,289580,OK
7893,00201626,289253,OK
7894,00201627,288233,OK
7895,00201628,287607,OK
7896,00201629,287590,OK
7897,00201630,287092,OK
7898,00201631,286847,OK
7899,00201632,286385,OK
7900,00201633,286130,OK
7901,00201634,285823,OK
7902,00201635,285914,OK
7903,00201636,285657,OK
7904,00201637,285365,OK
7905,00201638,284367,OK
7906,00201639,282864,OK
7907,00201640,282474,OK
7908,00201641,283043,OK
7909,00201642,283615,OK
7910,00201643,284324,OK
7911,00201644,284831,OK
7912,00201645,284199,OK
7913,00201646,284164,OK
7914,00201647,284741,OK
7915,00201648,285619,OK
7916,00201649,285887,OK
7917,00201650,285913,OK
7918,00201651,285254,OK
7919,00201652,284387,OK
7920,00201653,284578,OK
7921,00201654,285706,OK
7922,00201655,286420,OK
7923,00201656,285815,OK
7924,00201657,285008,OK
7925,00201658,283301,OK
7926,00201659,282457,OK
7927,00201660,281494,OK
7928,00201661,281369,OK
7929,00201662,280387,OK
7930,00201663,279796,OK
7931,00201664,279649,OK
7932,00201665,279583,OK
7933,00201666,279229,OK
7934,00201667,279389,OK
7935,00201668,280254,OK
7936,00201669,280004,OK
7937,00201670,279164,OK
7938,00201671,279501,OK
7939,00201672,280556,OK
7940,00201673,281562,OK
7941,00201674,282038,OK
7942,00201675,282437,OK
7943,00201676,282189,OK
7944,00201677,282159,OK
7945,00201678,282200,OK
7946,00201679,282536,OK
7947,00201680,283638,OK
7948,00201681,283976,OK
7949,00201682,283679,OK
7950,00201683,283328,OK
7951,00201684,283016,OK
7952,00201685,283897,OK
7953,00201686,284648,OK
7954,00201687,284824,OK
7955,00201688,284653,OK
7956,00201689,283931,OK
7957,00201690,284286,OK
7958,00201691,286060,OK
7959,00201692,287654,OK
7960,00201693,288392,OK
7961,00201694,288758,OK
7962,00201695,289334,OK
7963,00201696,289536,OK
7964,00201697,290332,OK
7965,00201698,290668,OK
7966,00201699,291144,OK
7967,00201700,291181,OK
7968,00201701,290313,OK
7969,00201702,289464,OK
7970,00201703,289574,OK
7971,00201704,290701,OK
7972,00201705,291488,OK
7973,00201706,292542,OK
7974,00201707,293692,OK
7975,00201708,294121,OK
7976,00201709,295030,OK
7977,00201710,295545,OK
7978,00201711,295938,OK
7979,00201712,296165,OK
7980,00201713,296955,OK
7981,00201714,297739,OK
7982,00201715,298684,OK
7983,00201716,299895,OK
7984,00201717,300682,OK
7985,00201718,301804,OK
7986,00201719,302663,OK
7987,00201720,303034,OK
7988,00201721,303654,OK
7989,00201722,304040,OK
7990,00201723,304174,OK
7991,00201724,304273,OK
7992,00201725,304542,OK
7993,00201726,306232,OK
7994,00201727,307200,OK
7995,00201728,307868,OK
7996,00201729,307594,OK
7997,00201730,307577,OK
7998,00201731,307609,OK
7999,00201732,307652,OK
8000,00201733,307195,OK
8001,00201734,307263,OK
8002,00201735,307381,OK
8003,00201736,307327,OK
8004,00201737,307463,OK
8005,00201738,307097,OK
8006,00201739,306911,OK
8007,00201740,306614,OK
8008,00201741,306344,OK
8009,00201742,306004,OK
8010,00201743,305806,OK
8011,00201744,305868,OK
8012,00201745,305626,OK
8013,00201746,305312,OK
8014,00201747,305134,OK
8015,00201748,304839,OK
8016,00201749,304976,OK
8017,00201750,305003,OK
8018,00201751,304931,OK
8019,00201752,305053,OK
8020,00201753,305096,OK
8021,00201754,305166,OK
8022,00201755,305025,OK
8023,00201756,305165,OK
8024,00201757,305562,OK
8025,00201758,305689,OK
8026,00201759,305489,OK
8027,00201760,305286,OK
8028,00201761,304575,OK
8029,00201762,304156,OK
8030,00201763,303769,OK
8031,00201764,302936,OK
8032,00201765,302163,OK
8033,00201766,301300,OK
8034,00201767,300006,OK
8035,00201768,299315,OK
8036,00201769,298153,OK
8037,00201770,297987,OK
8038,00201771,297110,OK
8039,00201772,297252,OK
8040,00201773,296778,OK
8041,00201774,296440,OK
8042,00201775,296241,OK
8043,00201776,295931,OK
8044,00201777,296190,OK
8045,00201778,297019,OK
8046,00201779,297734,OK
8047,00201780,297869,OK
8048,00201781,298038,OK
8049,00201782,298908,OK
8050,00201783,300013,OK
8051,00201784,300656,OK
8052,00201785,301258,OK
8053,00201786,301831,OK
8054,00201787,302034,OK
8055,00201788,302525,OK
8056,00201789,303354,OK
8057,00201790,303506,OK
8058,00201791,303496,OK
8059,00201792,302769,OK
8060,00201793,302575,OK
8061,00201794,302486,OK
8062,00201795,302518,OK
8063,00201796,302189,OK
8064,00201797,301845,OK
8065,00201798,302058,OK
8066,00201799,302381,OK
8067,00201800,302126,OK
8068,00201801,301399,OK
8069,00201802,301376,OK
8070,00201803,301333,OK
8071,00201804,301634,OK
8072,00201805,301425,OK
8073,00201806,301557,OK
8074,00201807,302171,OK
8075,00201808,302283,OK
8076,00201809,302100,OK
8077,00201810,302095,OK
8078,00201811,301925,OK
8079,00201812,302414,OK
8080,00201813,303138,OK
8081,00201814,303246,OK
8082,00201815,303925,OK
8083,00201816,304303,OK
8084,00201817,304479,OK
8085,00201818,304933,OK
8086,00201819,304922,OK
8087,00201820,304867,OK
8088,00201821,304426,OK
8089,00201822,299741,OK
8090,00201823,304184,OK
8091,00201824,304416,OK
8092,00201825,304541,OK
8093,00201826,304763,OK
8094,00201827,298518,OK
8095,00201828,303252,OK
8096,00201829,304660,OK
8097,00201830,304912,OK
8098,00201831,304849,OK
8099,00201832,304815,OK
8100,00201833,304816,OK
8101,00201834,304582,OK
8102,00201835,304518,OK
8103,00201836,304831,OK
8104,00201837,305152,OK
8105,00201838,305290,OK
8106,00201839,305237,OK
8107,00201840,305181,OK
8108,00201841,305323,OK
8109,00201842,304861,OK
8110,00201843,305073,OK
8111,00201844,305017,OK
8112,00201845,305023,OK
8113,00201846,304814,OK
8114,00201847,304619,OK
8115,00201848,304575,OK
8116,00201849,304502,OK
8117,00201850,304616,OK
8118,00201851,304944,OK
8119,00201852,304926,OK
8120,00201853,304610,OK
8121,00201854,304696,OK
8122,00201855,304884,OK
8123,00201856,305120,OK
8124,00201857,305284,OK
8125,00201858,305281,OK
8126,00201859,305626,OK
8127,00201860,305744,OK
8128,00201861,305971,OK
8129,00201862,305884,OK
8130,00201863,305238,OK
8131,00201864,305476,OK
8132,00201865,305506,OK
8133,00201866,304958,OK
8134,00201867,304690,OK
8135,00201868,304852,OK
8136,00201869,304803,OK
8137,00201870,305720,OK
8138,00201871,305960,OK
8139,00201872,305527,OK
8140,00201873,305157,OK
8141,00201874,304682,OK
8142,00201875,304830,OK
8143,00201876,304807,OK
8144,00201877,304161,OK
8145,00201878,304088,OK
8146,00201879,303345,OK
8147,00201880,303040,OK
8148,00201881,303640,OK
8149,00201882,303069,OK
8150,00201883,302618,OK
8151,00201884,302276,OK
8152,00201885,301212,OK
8153,00201886,300187,OK
8154,00201887,299603,OK
8155,00201888,299742,OK
8156,00201889,300363,OK
8157,00201890,299970,OK
8158,00201891,299917,OK
8159,00201892,299178,OK
8160,00201893,300452,OK
8161,00201894,300877,OK
8162,00201895,300981,OK
8163,00201896,301376,OK
8164,00201897,301890,OK
8165,00201898,302439,OK
8166,00201899,301914,OK
8167,00201900,301771,OK
8168,00201901,301596,OK
8169,00201902,302189,OK
8170,00201903,302877,OK
8171,00201904,303491,OK
8172,00201905,303287,OK
8173,00201906,303480,OK
8174,00201907,303683,OK
8175,00201908,303090,OK
8176,00201909,303039,OK
8177,00201910,302643,OK
8178,00201911,302762,OK
8179,00201912,303098,OK
8180,00201913,303965,OK
8181,00201914,304691,OK
8182,00201915,304359,OK
8183,00201916,304169,OK
8184,00201917,304979,OK
8185,00201918,305111,OK
8186,00201919,304525,OK
8187,00201920,303711,OK
8188,00201921,303696,OK
8189,00201922,304576,OK
8190,00201923,304320,OK
8191,00201924,303936,OK
8192,00201925,303731,OK
8193,00201926,303613,OK
8194,00201927,303796,OK
8195,00201928,304216,OK
8196,00201929,304120,OK
8197,00201930,304100,OK
8198,00201931,304033,OK
8199,00201932,304406,OK
8200,00201933,304507,OK
8201,00201934,304031,OK
8202,00201935,304178,OK
8203,00201936,304478,OK
8204,00201937,304712,OK
8205,00201938,304939,OK
8206,00201939,305114,OK
8207,00201940,304984,OK
8208,00201941,304996,OK
8209,00201942,305024,OK
8210,00201943,304976,OK
8211,00201944,304740,OK
8212,00201945,304779,OK
8213,00201946,304656,OK
8214,00201947,304904,OK
8215,00201948,305481,OK
8216,00201949,305729,OK
8217,00201950,306224,OK
8218,00201951,307013,OK
8219,00201952,306911,OK
8220,00201953,307369,OK
8221,00201954,308030,OK
8222,00201955,308200,OK
8223,00201956,308551,OK
8224,00201957,308472,OK
8225,00201958,308530,OK
8226,00201959,308696,OK
8227,00201960,308489,OK
8228,00201961,308138,OK
8229,00201962,304510,OK
8230,00201963,308400,OK
8231,00201964,308598,OK
8232,00201965,308684,OK
8233,00201966,308561,OK
8234,00201967,308148,OK
8235,00201968,308301,OK
8236,00201969,308252,OK
8237,00201970,308344,OK
8238,00201971,308141,OK
8239,00201972,307976,OK
8240,00201973,307845,OK
8241,00201974,308052,OK
8242,00201975,307445,OK
8243,00201976,307138,OK
8244,00201977,306931,OK
8245,00201978,307156,OK
8246,00201979,307547,OK
8247,00201980,307476,OK
8248,00201981,307693,OK
8249,00201982,307800,OK
8250,00201983,307815,OK
8251,00201984,308001,OK
8252,00201985,308190,OK
8253,00201986,307756,OK
8254,00201987,307746,OK
8255,00201988,308068,OK
8256,00201989,308159,OK
8257,00201990,308532,OK
8258,00201991,308676,OK
8259,00201992,308746,OK
8260,00201993,308544,OK
8261,00201994,308476,OK
8262,00201995,308401,OK
8263,00201996,309133,OK
8264,00201997,303397,OK
8265,00201998,308873,OK
8266,00201999,308899,OK
8267,00202000,308685,OK
8268,00202001,308692,OK
8269,00202002,308687,OK
8270,00202003,308752,OK
8271,00202004,309030,OK
8272,00202005,309140,OK
8273,00202006,309317,OK
8274,00202007,309570,OK
8275,00202008,309889,OK
8276,00202009,309920,OK
8277,00202010,309974,OK
8278,00202011,310284,OK
8279,00202012,310320,OK
8280,00202013,310380,OK
8281,00202014,310399,OK
8282,00202015,310510,OK
8283,00202016,310626,OK
8284,00202017,310756,OK
8285,00202018,310903,OK
8286,00202019,311045,OK
8287,00202020,311140,OK
8288,00202021,311278,OK
8289,00202022,308514,OK
8290,00202023,311533,OK
8291,00202024,311513,OK
8292,00202025,311551,OK
8293,00202026,311721,OK
8294,00202027,311733,OK
8295,00202028,312032,OK
8296,00202029,311961,OK
8297,00202030,311977,OK
8298,00202031,312028,OK
8299,00202032,312029,OK
8300,00202033,312172,OK
8301,00202034,312095,OK
8302,00202035,312060,OK
8303,00202036,312093,OK
8304,00202037,312009,OK
8305,00202038,311953,OK
8306,00202039,312069,OK
8307,00202040,311903,OK
8308,00202041,311801,OK
8309,00202042,311804,OK
8310,00202043,311698,OK
8311,00202044,311796,OK
8312,00202045,311713,OK
8313,00202046,311682,OK
8314,00202047,311752,OK
8315,00202048,311717,OK
8316,00202049,311611,OK
8317,00202050,311790,OK
8318,00202051,311812,OK
8319,00202052,311814,OK
8320,00202053,311719,OK
8321,00202054,311727,OK
8322,00202055,311515,OK
8323,00202056,311323,OK
8324,00202057,311334,OK
8325,00202058,311246,OK
8326,00202059,311000,OK
8327,00202060,310814,OK
8328,00202061,310710,OK
8329,00202062,300134,OK
8330,00202063,300294,OK
8331,00202064,300078,OK
8332,00202065,299443,OK
8333,00202066,298237,OK
8334,00202067,297513,OK
8335,00202068,297214,OK
8336,00202069,296946,OK
8337,00202070,296854,OK
8338,00202071,296627,OK
8339,00202072,295819,OK
8340,00202073,295169,OK
8341,00202074,294266,OK
8342,00202075,294099,OK
8343,00202076,294700,OK
8344,00202077,294598,OK
8345,00202078,293383,OK
8346,00202079,293878,OK
8347,00202080,293613,OK
8348,00202081,293141,OK
8349,00202082,292754,OK
8350,00202083,292731,OK
8351,00202084,292688,OK
8352,00202085,292513,OK
8353,00202086,292110,OK
8354,00202087,291877,OK
8355,00202088,291906,OK
8356,00202089,290620,OK
8357,00202090,290699,OK
8358,00202091,290374,OK
8359,00202092,289657,OK
8360,00202093,289076,OK
8361,00202094,288783,OK
8362,00202095,288656,OK
8363,00202096,288979,OK
8364,00202097,289014,OK
8365,00202098,289805,OK
8366,00202099,289919,OK
8367,00202100,290178,OK
8368,00202101,290129,OK
8369,00202102,290289,OK
8370,00202103,290390,OK
8371,00202104,290090,OK
8372,00202105,290638,OK
8373,00202106,291688,OK
8374,00202107,292683,OK
8375,00202108,293592,OK
8376,00202109,294441,OK
8377,00202110,294924,OK
8378,00202111,295508,OK
8379,00202112,295338,OK
8380,00202113,295862,OK
8381,00202114,295968,OK
8382,00202115,295962,OK
8383,00202116,295692,OK
8384,00202117,296238,OK
8385,00202118,296958,OK
8386,00202119,297501,OK
8387,00202120,297646,OK
8388,00202121,297460,OK
8389,00202122,297285,OK
8390,00202123,297529,OK
8391,00202124,297480,OK
8392,00202125,298937,OK
8393,00202126,297551,OK
8394,00202127,296951,OK
8395,00202128,297179,OK
8396,00202129,297514,OK
8397,00202130,298333,OK
8398,00202131,298189,OK
8399,00202132,297781,OK
8400,00202133,297516,OK
8401,00202134,296709,OK
8402,00202135,297223,OK
8403,00202136,297400,OK
8404,00202137,297837,OK
8405,00202138,296334,OK
8406,00202139,296223,OK
8407,00202140,295286,OK
8408,00202141,294203,OK
8409,00202142,293191,OK
8410,00202143,292034,OK
8411,00202144,290559,OK
8412,00202145,290530,OK
8413,00202146,289227,OK
8414,00202147,289106,OK
8415,00202148,288597,OK
8416,00202149,288729,OK
8417,00202150,288990,OK
8418,00202151,288215,OK
8419,00202152,287828,OK
8420,00202153,288666,OK
8421,00202154,287069,OK
8422,00202155,286182,OK
8423,00202156,285507,OK
8424,00202157,285334,OK
8425,00202158,284895,OK
8426,00202159,284646,OK
8427,00202160,284371,OK
8428,00202161,285031,OK
8429,00202162,284707,OK
8430,00202163,282790,OK
8431,00202164,282519,OK
8432,00202165,283003,OK
8433,00202166,282797,OK
8434,00202167,283163,OK
8435,00202168,282842,OK
8436,00202169,282365,OK
8437,00202170,281470,OK
8438,00202171,281951,OK
8439,00202172,282713,OK
8440,00202173,282898,OK
8441,00202174,282475,OK
8442,00202175,282062,OK
8443,00202176,281138,OK
8444,00202177,279717,OK
8445,00202178,278089,OK
8446,00202179,277624,OK
8447,00202180,276267,OK
8448,00202181,274660,OK
8449,00202182,273726,OK
8450,00202183,272543,OK
8451,00202184,272071,OK
8452,00202185,273182,OK
8453,00202186,274503,OK
8454,00202187,275944,OK
8455,00202188,277888,OK
8456,00202189,277341,OK
8457,00202190,277401,OK
8458,00202191,277593,OK
8459,00202192,276048,OK
8460,00202193,275066,OK
8461,00202194,273810,OK
8462,00202195,272006,OK
8463,00202196,270028,OK
8464,00202197,268908,OK
8465,00202198,267588,OK
8466,00202199,266359,OK
8467,00202200,266110,OK
8468,00202201,266735,OK
8469,00202202,267248,OK
8470,00202203,267475,OK
8471,00202204,267577,OK
8472,00202205,267386,OK
8473,00202206,267672,OK
8474,00202207,269123,OK
8475,00202208,269954,OK
8476,00202209,270797,OK
8477,00202210,271041,OK
8478,00202211,269826,OK
8479,00202212,268102,OK
8480,00202213,267542,OK
8481,00202214,267926,OK
8482,00202215,267157,OK
8483,00202216,266637,OK
8484,00202217,265857,OK
8485,00202218,265213,OK
8486,00202219,265415,OK
8487,00202220,266364,OK
8488,00202221,266425,OK
8489,00202222,265921,OK
8490,00202223,265383,OK
8491,00202224,264835,OK
8492,00202225,265101,OK
8493,00202226,266014,OK
8494,00202227,265925,OK
8495,00202228,266498,OK
8496,00202229,267175,OK
8497,00202230,267504,OK
8498,00202231,267048,OK
8499,00202232,268847,OK
8500,00202233,268844,OK
8501,00202234,267045,OK
8502,00202235,266866,OK
8503,00202236,267161,OK
8504,00202237,267232,OK
8505,00202238,268963,OK
8506,00202239,270130,OK
8507,00202240,270892,OK
8508,00202241,271372,OK
8509,00202242,271527,OK
8510,00202243,272044,OK
8511,00202244,272299,OK
8512,00202245,272539,OK
8513,00202246,272638,OK
8514,00202247,273284,OK
8515,00202248,273447,OK
8516,00202249,273057,OK
8517,00202250,272353,OK
8518,00202251,271982,OK
8519,00202252,271969,OK
8520,00202253,271439,OK
8521,00202254,271214,OK
8522,00202255,271869,OK
8523,00202256,272454,OK
8524,00202257,272396,OK
8525,00202258,272619,OK
8526,00202259,272458,OK
8527,00202260,271537,OK
8528,00202261,270390,OK
8529,00202262,268917,OK
8530,00202263,268071,OK
8531,00202264,267467,OK
8532,00202265,267321,OK
8533,00202266,268967,OK
8534,00202267,270198,OK
8535,00202268,270630,OK
8536,00202269,270659,OK
8537,00202270,270444,OK
8538,00202271,270540,OK
8539,00202272,269653,OK
8540,00202273,269243,OK
8541,00202274,269392,OK
8542,00202275,269276,OK
8543,00202276,268635,OK
8544,00202277,267989,OK
8545,00202278,268391,OK
8546,00202279,269224,OK
8547,00202280,269399,OK
8548,00202281,270286,OK
8549,00202282,270581,OK
8550,00202283,271463,OK
8551,00202284,271956,OK
8552,00202285,272659,OK
8553,00202286,273390,OK
8554,00202287,273774,OK
8555,00202288,273887,OK
8556,00202289,273363,OK
8557,00202290,272910,OK
8558,00202291,272181,OK
8559,00202292,271074,OK
8560,00202293,270411,OK
8561,00202294,270164,OK
8562,00202295,269924,OK
8563,00202296,270078,OK
8564,00202297,269824,OK
8565,00202298,269382,OK
8566,00202299,268745,OK
8567,00202300,267276,OK
8568,00202301,266110,OK
8569,00202302,264951,OK
8570,00202303,263833,OK
8571,00202304,262683,OK
8572,00202305,261584,OK
8573,00202306,260646,OK
8574,00202307,259838,OK
8575,00202308,255750,OK
8576,00202309,251312,OK
8577,00202310,259101,OK
8578,00202311,258829,OK
8579,00202312,258361,OK
8580,00202313,258021,OK
8581,00202314,255062,OK
8582,00202315,258793,OK
8583,00202316,260082,OK
8584,00202317,261174,OK
8585,00202318,262083,OK
8586,00202319,263028,OK
8587,00202320,264162,OK
8588,00202321,265171,OK
8589,00202322,265981,OK
8590,00202323,265956,OK
8591,00202324,267424,OK
8592,00202325,269421,OK
8593,00202326,271654,OK
8594,00202327,273463,OK
8595,00202328,274529,OK
8596,00202329,275414,OK
8597,00202330,276680,OK
8598,00202331,277369,OK
8599,00202332,278514,OK
8600,00202333,280145,OK
8601,00202334,281344,OK
8602,00202335,282083,OK
8603,00202336,282634,OK
8604,00202337,282785,OK
8605,00202338,282414,OK
8606,00202339,282353,OK
8607,00202340,282163,OK
8608,00202341,281917,OK
8609,00202342,281867,OK
8610,00202343,281779,OK
8611,00202344,281079,OK
8612,00202345,280345,OK
8613,00202346,280444,OK
8614,00202347,280453,OK
8615,00202348,279872,OK
8616,00202349,279604,OK
8617,00202350,280293,OK
8618,00202351,280443,OK
8619,00202352,280130,OK
8620,00202353,280144,OK
8621,00202354,280039,OK
8622,00202355,280437,OK
8623,00202356,280775,OK
8624,00202357,280516,OK
8625,00202358,280949,OK
8626,00202359,280483,OK
8627,00202360,280759,OK
8628,00202361,280710,OK
8629,00202362,281185,OK
8630,00202363,281887,OK
8631,00202364,282453,OK
8632,00202365,282239,OK
8633,00202366,281957,OK
8634,00202367,281587,OK
8635,00202368,280548,OK
8636,00202369,280370,OK
8637,00202370,281139,OK
8638,00202371,282427,OK
8639,00202372,283028,OK
8640,00202373,283792,OK
8641,00202374,283697,OK
8642,00202375,283871,OK
8643,00202376,283816,OK
8644,00202377,283502,OK
8645,00202378,283274,OK
8646,00202379,283790,OK
8647,00202380,284254,OK
8648,00202381,284065,OK
8649,00202382,283232,OK
8650,00202383,283807,OK
8651,00202384,284648,OK
8652,00202385,284228,OK
8653,00202386,283818,OK
8654,00202387,283400,OK
8655,00202388,283017,OK
8656,00202389,283102,OK
8657,00202390,282748,OK
8658,00202391,283100,OK
8659,00202392,283607,OK
8660,00202393,284221,OK
8661,00202394,284001,OK
8662,00202395,283786,OK
8663,00202396,283861,OK
8664,00202397,283858,OK
8665,00202398,283793,OK
8666,00202399,283651,OK
8667,00202400,283810,OK
8668,00202401,283772,OK
8669,00202402,282600,OK
8670,00202403,283241,OK
8671,00202404,283090,OK
8672,00202405,283462,OK
8673,00202406,283981,OK
8674,00202407,284510,OK
8675,00202408,284763,OK
8676,00202409,284230,OK
8677,00202410,283125,OK
8678,00202411,282236,OK
8679,00202412,281927,OK
8680,00202413,281713,OK
8681,00202414,282416,OK
8682,00202415,283281,OK
8683,00202416,283450,OK
8684,00202417,284457,OK
8685,00202418,285260,OK
8686,00202419,285619,OK
8687,00202420,285604,OK
8688,00202421,285888,OK
8689,00202422,285638,OK
8690,00202423,284812,OK
8691,00202424,285306,OK
8692,00202425,284746,OK
8693,00202426,284029,OK
8694,00202427,283606,OK
8695,00202428,283543,OK
8696,00202429,283974,OK
8697,00202430,284882,OK
8698,00202431,285174,OK
8699,00202432,285900,OK
8700,00202433,286564,OK
8701,00202434,285844,OK
8702,00202435,286287,OK
8703,00202436,286413,OK
8704,00202437,285679,OK
8705,00202438,285482,OK
8706,00202439,284311,OK
8707,00202440,284759,OK
8708,00202441,283798,OK
8709,00202442,283109,OK
8710,00202443,281739,OK
8711,00202444,280997,OK
8712,00202445,280574,OK
8713,00202446,280229,OK
8714,00202447,279539,OK
8715,00202448,280692,OK
8716,00202449,281684,OK
8717,00202450,282773,OK
8718,00202451,283463,OK
8719,00202452,282643,OK
8720,00202453,283206,OK
8721,00202454,284248,OK
8722,00202455,285194,OK
8723,00202456,285901,OK
8724,00202457,286748,OK
8725,00202458,286687,OK
8726,00202459,287502,OK
8727,00202460,287994,OK
8728,00202461,289830,OK
8729,00202462,291131,OK
8730,00202463,292392,OK
8731,00202464,293367,OK
8732,00202465,293973,OK
8733,00202466,295822,OK
8734,00202467,295886,OK
8735,00202468,296220,OK
8736,00202469,296077,OK
8737,00202470,295419,OK
8738,00202471,295441,OK
8739,00202472,294885,OK
8740,00202473,294616,OK
8741,00202474,288048,OK
8742,00202475,294789,OK
8743,00202476,293846,OK
8744,00202477,293274,OK
8745,00202478,292808,OK
8746,00202479,292321,OK
8747,00202480,292556,OK
8748,00202481,292410,OK
8749,00202482,292116,OK
8750,00202483,291808,OK
8751,00202484,291691,OK
8752,00202485,291933,OK
8753,00202486,291912,OK
8754,00202487,292135,OK
8755,00202488,292125,OK
8756,00202489,291954,OK
8757,00202490,291672,OK
8758,00202491,291470,OK
8759,00202492,290922,OK
8760,00202493,291331,OK
8761,00202494,291298,OK
8762,00202495,291274,OK
8763,00202496,291138,OK
8764,00202497,290355,OK
8765,00202498,289368,OK
8766,00202499,287929,OK
8767,00202500,287906,OK
8768,00202501,288482,OK
8769,00202502,288441,OK
8770,00202503,288689,OK
8771,00202504,289009,OK
8772,00202505,289109,OK
8773,00202506,287997,OK
8774,00202507,286751,OK
8775,00202508,286336,OK
8776,00202509,285423,OK
8777,00202510,284595,OK
8778,00202511,284134,OK
8779,00202512,282932,OK
8780,00202513,281854,OK
8781,00202514,280964,OK
8782,00202515,279338,OK
8783,00202516,278763,OK
8784,00202517,278010,OK
8785,00202518,280124,OK
8786,00202519,279372,OK
8787,00202520,278803,OK
8788,00202521,278638,OK
8789,00202522,278496,OK
8790,00202523,276517,OK
8791,00202524,274663,OK
8792,00202525,275212,OK
8793,00202526,276395,OK
8794,00202527,278461,OK
8795,00202528,279714,OK
8796,00202529,280648,OK
8797,00202530,281204,OK
8798,00202531,281711,OK
8799,00202532,282559,OK
8800,00202533,282072,OK
8801,00202534,282887,OK
8802,00202535,283923,OK
8803,00202536,284832,OK
8804,00202537,285407,OK
8805,00202538,285843,OK
8806,00202539,274163,OK
8807,00202540,286403,OK
8808,00202541,288962,OK
8809,00202542,289341,OK
8810,00202543,288844,OK
8811,00202544,286328,OK
8812,00202545,285810,OK
8813,00202546,286297,OK
8814,00202547,287606,OK
8815,00202548,285599,OK
8816,00202549,289341,OK
8817,00202550,289139,OK
8818,00202551,289001,OK
8819,00202552,288785,OK
8820,00202553,288549,OK
8821,00202554,288187,OK
8822,00202555,287891,OK
8823,00202556,287918,OK
8824,00202557,287908,OK
8825,00202558,287986,OK
8826,00202559,288752,OK
8827,00202560,289091,OK
8828,00202561,289227,OK
8829,00202562,289498,OK
8830,00202563,290059,OK
8831,00202564,291256,OK
8832,00202565,292238,OK
8833,00202566,293386,OK
8834,00202567,294626,OK
8835,00202568,295048,OK
8836,00202569,293421,OK
8837,00202570,292643,OK
8838,00202571,292737,OK
8839,00202572,292820,OK
8840,00202573,293713,OK
8841,00202574,295455,OK
8842,00202575,296408,OK
8843,00202576,296891,OK
8844,00202577,298321,OK
8845,00202578,291372,OK
8846,00202579,288240,OK
8847,00202580,284225,OK
8848,00202581,278981,OK
8849,00202582,275412,OK
8850,00202583,275469,OK
8851,00202584,275081,OK
8852,00202585,274402,OK
8853,00202586,273439,OK
8854,00202587,275616,OK
8855,00202588,277209,OK
8856,00202589,278774,OK
8857,00202590,280608,OK
8858,00202591,281148,OK
8859,00202592,281737,OK
8860,00202593,283459,OK
8861,00202594,282760,OK
8862,00202595,281930,OK
8863,00202596,281941,OK
8864,00202597,281244,OK
8865,00202598,279898,OK
8866,00202599,278346,OK
8867,00202600,278938,OK
8868,00202601,280358,OK
8869,00202602,279710,OK
8870,00202603,276174,OK
8871,00202604,278884,OK
8872,00202605,279768,OK
8873,00202606,280872,OK
8874,00202607,284542,OK
8875,00202608,286741,OK
8876,00202609,288112,OK
8877,00202610,287798,OK
8878,00202611,287579,OK
8879,00202612,286204,OK
8880,00202613,285436,OK
8881,00202614,285314,OK
8882,00202615,285899,OK
8883,00202616,287981,OK
8884,00202617,290985,OK
8885,00202618,293451,OK
8886,00202619,296581,OK
8887,00202620,297395,OK
8888,00202621,298008,OK
8889,00202622,299283,OK
8890,00202623,300901,OK
8891,00202624,302733,OK
8892,00202625,305107,OK
8893,00202626,307014,OK
8894,00202627,310928,OK
8895,00202628,312944,OK
8896,00202629,314624,OK
8897,00202630,314792,OK
8898,00202631,316117,OK
8899,00202632,315518,OK
8900,00202633,315928,OK
8901,00202634,314294,OK
8902,00202635,312187,OK
8903,00202636,311512,OK
8904,00202637,313854,OK
8905,00202638,314790,OK
8906,00202639,314413,OK
8907,00202640,314364,OK
8908,00202641,314119,OK
8909,00202642,314029,OK
8910,00202643,314399,OK
8911,00202644,314721,OK
8912,00202645,315947,OK
8913,00202646,316338,OK
8914,00202647,314802,OK
8915,00202648,313431,OK
8916,00202649,310534,OK
8917,00202650,307468,OK
8918,00202651,301095,OK
8919,00202652,306721,OK
8920,00202653,308627,OK
8921,00202654,310127,OK
8922,00202655,310469,OK
8923,00202656,310836,OK
8924,00202657,310618,OK
8925,00202658,309860,OK
8926,00202659,309472,OK
8927,00202660,308807,OK
8928,00202661,308800,OK
8929,00202662,308425,OK
8930,00202663,307797,OK
8931,00202664,307832,OK
8932,00202665,305815,OK
8933,00202666,300759,OK
8934,00202667,308357,OK
8935,00202668,295801,OK
8936,00202669,296061,OK
8937,00202670,294029,OK
8938,00202671,296653,OK
8939,00202672,295950,OK
8940,00202673,293606,OK
8941,00202674,295206,OK
8942,00202675,292469,OK
8943,00202676,289706,OK
8944,00202677,296376,OK
8945,00202678,296617,OK
8946,00202679,297106,OK
8947,00202680,298334,OK
8948,00202681,301162,OK
8949,00202682,303370,OK
8950,00202683,304507,OK
8951,00202684,305805,OK
8952,00202685,305820,OK
8953,00202686,304309,OK
8954,00202687,303554,OK
8955,00202688,303345,OK
8956,00202689,304285,OK
8957,00202690,304720,OK
8958,00202691,304990,OK
8959,00202692,305417,OK
8960,00202693,305730,OK
8961,00202694,305584,OK
8962,00202695,304334,OK
8963,00202696,302347,OK
8964,00202697,299984,OK
8965,00202698,298263,OK
8966,00202699,296220,OK
8967,00202700,294731,OK
8968,00202701,294314,OK
8969,00202702,293982,OK
8970,00202703,293048,OK
8971,00202704,291617,OK
8972,00202705,292822,OK
8973,00202706,296968,OK
8974,00202707,298413,OK
8975,00202708,298312,OK
8976,00202709,297365,OK
8977,00202710,296518,OK
8978,00202711,294358,OK
8979,00202712,294562,OK
8980,00202713,294956,OK
8981,00202714,295790,OK
8982,00202715,295075,OK
8983,00202716,294732,OK
8984,00202717,295350,OK
8985,00202718,296454,OK
8986,00202719,297396,OK
8987,00202720,297429,OK
8988,00202721,298226,OK
8989,00202722,299400,OK
8990,00202723,301546,OK
8991,00202724,303453,OK
8992,00202725,303019,OK
8993,00202726,303507,OK
8994,00202727,303914,OK
8995,00202728,305850,OK
8996,00202729,305634,OK
8997,00202730,303343,OK
8998,00202731,301925,OK
8999,00202732,295405,OK
9000,00202733,292714,OK
9001,00202734,292691,OK
9002,00202735,291784,OK
9003,00202736,291855,OK
9004,00202737,290556,OK
9005,00202738,289209,OK
9006,00202739,289649,OK
9007,00202740,291085,OK
9008,00202741,293891,OK
9009,00202742,294834,OK
9010,00202743,291665,OK
9011,00202744,289552,OK
9012,00202745,288662,OK
9013,00202746,288163,OK
9014,00202747,288486,OK
9015,00202748,289833,OK
9016,00202749,291650,OK
9017,00202750,293203,OK
9018,00202751,292462,OK
9019,00202752,291162,OK
9020,00202753,290381,OK
9021,00202754,288982,OK
9022,00202755,289368,OK
9023,00202756,290419,OK
9024,00202757,289328,OK
9025,00202758,288241,OK
9026,00202759,287512,OK
9027,00202760,287758,OK
9028,00202761,287393,OK
9029,00202762,287544,OK
9030,00202763,287411,OK
9031,00202764,285475,OK
9032,00202765,283022,OK
9033,00202766,283869,OK
9034,00202767,285514,OK
9035,00202768,287607,OK
9036,00202769,288988,OK
9037,00202770,290820,OK
9038,00202771,292784,OK
9039,00202772,298256,OK
9040,00202773,300591,OK
9041,00202774,299615,OK
9042,00202775,297664,OK
9043,00202776,294707,OK
9044,00202777,293215,OK
9045,00202778,293673,OK
9046,00202779,295202,OK
9047,00202780,296185,OK
9048,00202781,296337,OK
9049,00202782,296174,OK
9050,00202783,296109,OK
9051,00202784,295869,OK
9052,00202785,295278,OK
9053,00202786,293880,OK
9054,00202787,293486,OK
9055,00202788,293270,OK
9056,00202789,292857,OK
9057,00202790,291752,OK
9058,00202791,290689,OK
9059,00202792,289368,OK
9060,00202793,288402,OK
9061,00202794,288158,OK
9062,00202795,288047,OK
9063,00202796,287897,OK
9064,00202797,287519,OK
9065,00202798,286549,OK
9066,00202799,285916,OK
9067,00202800,285882,OK
9068,00202801,285799,OK
9069,00202802,285610,OK
9070,00202803,285175,OK
9071,00202804,285200,OK
9072,00202805,285415,OK
9073,00202806,285500,OK
9074,00202807,285926,OK
9075,00202808,285497,OK
9076,00202809,286104,OK
9077,00202810,286994,OK
9078,00202811,288079,OK
9079,00202812,288795,OK
9080,00202813,288733,OK
9081,00202814,288445,OK
9082,00202815,287734,OK
9083,00202816,287725,OK
9084,00202817,287559,OK
9085,00202818,286929,OK
9086,00202819,286628,OK
9087,00202820,286760,OK
9088,00202821,286870,OK
9089,00202822,287107,OK
9090,00202823,286915,OK
9091,00202824,286987,OK
9092,00202825,287620,OK
9093,00202826,287440,OK
9094,00202827,286548,OK
9095,00202828,285462,OK
9096,00202829,285053,OK
9097,00202830,283216,OK
9098,00202831,283284,OK
9099,00202832,283792,OK
9100,00202833,283261,OK
9101,00202834,283362,OK
9102,00202835,282777,OK
9103,00202836,282212,OK
9104,00202837,283030,OK
9105,00202838,283798,OK
9106,00202839,284366,OK
9107,00202840,283937,OK
9108,00202841,283632,OK
9109,00202842,282965,OK
9110,00202843,282173,OK
9111,00202844,281313,OK
9112,00202845,280136,OK
9113,00202846,279351,OK
9114,00202847,278543,OK
9115,00202848,278007,OK
9116,00202849,277945,OK
9117,00202850,277898,OK
9118,00202851,278292,OK
9119,00202852,278187,OK
9120,00202853,278301,OK
9121,00202854,278285,OK
9122,00202855,278236,OK
9123,00202856,276949,OK
9124,00202857,276813,OK
9125,00202858,277728,OK
9126,00202859,278311,OK
9127,00202860,279035,OK
9128,00202861,278875,OK
9129,00202862,279193,OK
9130,00202863,279546,OK
9131,00202864,280304,OK
9132,00202865,281121,OK
9133,00202866,281279,OK
9134,00202867,281327,OK
9135,00202868,281059,OK
9136,00202869,280723,OK
9137,00202870,280449,OK
9138,00202871,279849,OK
9139,00202872,279050,OK
9140,00202873,278260,OK
9141,00202874,278040,OK
9142,00202875,277680,OK
9143,00202876,277633,OK
9144,00202877,277691,OK
9145,00202878,277847,OK
9146,00202879,277608,OK
9147,00202880,278024,OK
9148,00202881,278565,OK
9149,00202882,279209,OK
9150,00202883,279712,OK
9151,00202884,281159,OK
9152,00202885,281480,OK
9153,00202886,281484,OK
9154,00202887,281585,OK
9155,00202888,282433,OK
9156,00202889,282844,OK
9157,00202890,283376,OK
9158,00202891,283920,OK
9159,00202892,284235,OK
9160,00202893,284504,OK
9161,00202894,284939,OK
9162,00202895,285591,OK
9163,00202896,286716,OK
9164,00202897,287484,OK
9165,00202898,288282,OK
9166,00202899,288551,OK
9167,00202900,288698,OK
9168,00202901,289235,OK
9169,00202902,290712,OK
9170,00202903,291882,OK
9171,00202904,292274,OK
9172,00202905,292384,OK
9173,00202906,292832,OK
9174,00202907,292994,OK
9175,00202908,292761,OK
9176,00202909,293355,OK
9177,00202910,293540,OK
9178,00202911,293522,OK
9179,00202912,294673,OK
9180,00202913,295364,OK
9181,00202914,296111,OK
9182,00202915,296847,OK
9183,00202916,297599,OK
9184,00202917,298828,OK
9185,00202918,299803,OK
9186,00202919,300366,OK
9187,00202920,300320,OK
9188,00202921,300150,OK
9189,00202922,299832,OK
9190,00202923,300220,OK
9191,00202924,300668,OK
9192,00202925,301215,OK
9193,00202926,301828,OK
9194,00202927,302079,OK
9195,00202928,302456,OK
9196,00202929,302360,OK
9197,00202930,302751,OK
9198,00202931,302817,OK
9199,00202932,302394,OK
9200,00202933,302004,OK
9201,00202934,301721,OK
9202,00202935,301815,OK
9203,00202936,302076,OK
9204,00202937,302261,OK
9205,00202938,301990,OK
9206,00202939,302015,OK
9207,00202940,301974,OK
9208,00202941,301585,OK
9209,00202942,301466,OK
9210,00202943,301173,OK
9211,00202944,301319,OK
9212,00202945,302687,OK
9213,00202946,301841,OK
9214,00202947,302242,OK
9215,00202948,304118,OK
9216,00202949,306720,OK
9217,00202950,307959,OK
9218,00202951,308724,OK
9219,00202952,309266,OK
9220,00202953,308839,OK
9221,00202954,307810,OK
9222,00202955,306761,OK
9223,00202956,306873,OK
9224,00202957,307050,OK
9225,00202958,307135,OK
9226,00202959,306997,OK
9227,00202960,307352,OK
9228,00202961,306619,OK
9229,00202962,305340,OK
9230,00202963,304777,OK
9231,00202964,303976,OK
9232,00202965,304324,OK
9233,00202966,304311,OK
9234,00202967,304289,OK
9235,00202968,304571,OK
9236,00202969,304780,OK
9237,00202970,304561,OK
9238,00202971,304237,OK
9239,00202972,304220,OK
9240,00202973,304249,OK
9241,00202974,304930,OK
9242,00202975,305168,OK
9243,00202976,305681,OK
9244,00202977,306000,OK
9245,00202978,306131,OK
9246,00202979,307121,OK
9247,00202980,307203,OK
9248,00202981,307735,OK
9249,00202982,308409,OK
9250,00202983,307422,OK
9251,00202984,308446,OK
9252,00202985,309731,OK
9253,00202986,307918,OK
9254,00202987,309700,OK
9255,00202988,309933,OK
9256,00202989,309985,OK
9257,00202990,310208,OK
9258,00202991,310367,OK
9259,00202992,309370,OK
9260,00202993,308890,OK
9261,00202994,309488,OK
9262,00202995,310229,OK
9263,00202996,310669,OK
9264,00202997,312083,OK
9265,00202998,312693,OK
9266,00202999,311773,OK
9267,00203000,310904,OK
9268,00203001,310355,OK
9269,00203002,309972,OK
9270,00203003,310326,OK
9271,00203004,309909,OK
9272,00203005,309521,OK
9273,00203006,310091,OK
9274,00203007,310126,OK
9275,00203008,311147,OK
9276,00203009,311416,OK
9277,00203010,311530,OK
9278,00203011,310919,OK
9279,00203012,310564,OK
9280,00203013,310058,OK
9281,00203014,309575,OK
9282,00203015,309056,OK
9283,00203016,308940,OK
9284,00203017,308682,OK
9285,00203018,307822,OK
9286,00203019,306420,OK
9287,00203020,305116,OK
9288,00203021,304523,OK
9289,00203022,304759,OK
9290,00203023,306337,OK
9291,00203024,308438,OK
9292,00203025,310163,OK
9293,00203026,309673,OK
9294,00203027,310157,OK
9295,00203028,310931,OK
9296,00203029,310911,OK
9297,00203030,311747,OK
9298,00203031,312669,OK
9299,00203032,312570,OK
9300,00203033,311272,OK
9301,00203034,311700,OK
9302,00203035,309490,OK
9303,00203036,304994,OK
9304,00203037,309254,OK
9305,00203038,307562,OK
9306,00203039,309930,OK
9307,00203040,310091,OK
9308,00203041,309026,OK
9309,00203042,309395,OK
9310,00203043,309188,OK
9311,00203044,308983,OK
9312,00203045,308517,OK
9313,00203046,307741,OK
9314,00203047,307037,OK
9315,00203048,306716,OK
9316,00203049,306285,OK
9317,00203050,306462,OK
9318,00203051,307006,OK
9319,00203052,307738,OK
9320,00203053,308533,OK
9321,00203054,309031,OK
9322,00203055,308400,OK
9323,00203056,308144,OK
9324,00203057,306996,OK
9325,00203058,307106,OK
9326,00203059,307985,OK
9327,00203060,308518,OK
9328,00203061,306222,OK
9329,00203062,305353,OK
9330,00203063,307145,OK
9331,00203064,307557,OK
9332,00203065,308275,OK
9333,00203066,309050,OK
9334,00203067,308995,OK
9335,00203068,309000,OK
9336,00203069,306637,OK
9337,00203070,309599,OK
9338,00203071,310176,OK
9339,00203072,310127,OK
9340,00203073,310487,OK
9341,00203074,310557,OK
9342,00203075,310084,OK
9343,00203076,310329,OK
9344,00203077,310046,OK
9345,00203078,310492,OK
9346,00203079,310601,OK
9347,00203080,310391,OK
9348,00203081,310713,OK
9349,00203082,310569,OK
9350,00203083,311071,OK
9351,00203084,311804,OK
9352,00203085,311774,OK
9353,00203086,311526,OK
9354,00203087,311022,OK
9355,00203088,310199,OK
9356,00203089,309760,OK
9357,00203090,309634,OK
9358,00203091,309850,OK
9359,00203092,310032,OK
9360,00203093,310121,OK
9361,00203094,309680,OK
9362,00203095,309052,OK
9363,00203096,309154,OK
9364,00203097,309537,OK
9365,00203098,310002,OK
9366,00203099,310810,OK
9367,00203100,311180,OK
9368,00203101,311232,OK
9369,00203102,311282,OK
9370,00203103,311250,OK
9371,00203104,311140,OK
9372,00203105,311112,OK
9373,00203106,310976,OK
9374,00203107,311130,OK
9375,00203108,310863,OK
9376,00203109,310695,OK
9377,00203110,310210,OK
9378,00203111,309222,OK
9379,00203112,308750,OK
9380,00203113,307831,OK
9381,00203114,307859,OK
9382,00203115,307921,OK
9383,00203116,308261,OK
9384,00203117,308139,OK
9385,00203118,308203,OK
9386,00203119,308284,OK
9387,00203120,308743,OK
9388,00203121,308425,OK
9389,00203122,307713,OK
9390,00203123,306928,OK
9391,00203124,306650,OK
9392,00203125,306703,OK
9393,00203126,307097,OK
9394,00203127,307418,OK
9395,00203128,307438,OK
9396,00203129,307154,OK
9397,00203130,306767,OK
9398,00203131,306696,OK
9399,00203132,306585,OK
9400,00203133,302050,OK
9401,00203134,301006,OK
9402,00203135,300830,OK
9403,00203136,300934,OK
9404,00203137,301680,OK
9405,00203138,302332,OK
9406,00203139,307090,OK
9407,00203140,306299,OK
9408,00203141,305710,OK
9409,00203142,305676,OK
9410,00203143,305971,OK
9411,00203144,306311,OK
9412,00203145,306371,OK
9413,00203146,306311,OK
9414,00203147,306564,OK
9415,00203148,306590,OK
9416,00203149,306508,OK
9417,00203150,306470,OK
9418,00203151,306229,OK
9419,00203152,305658,OK
9420,00203153,305606,OK
9421,00203154,305566,OK
9422,00203155,305404,OK
9423,00203156,304834,OK
9424,00203157,305441,OK
9425,00203158,305549,OK
9426,00203159,305085,OK
9427,00203160,304991,OK
9428,00203161,304670,OK
9429,00203162,304480,OK
9430,00203163,304277,OK
9431,00203164,304407,OK
9432,00203165,304155,OK
9433,00203166,304147,OK
9434,00203167,304095,OK
9435,00203168,303919,OK
9436,00203169,303925,OK
9437,00203170,303780,OK
9438,00203171,303891,OK
9439,00203172,303836,OK
9440,00203173,304179,OK
9441,00203174,304189,OK
9442,00203175,304250,OK
9443,00203176,304192,OK
9444,00203177,303728,OK
9445,00203178,303321,OK
9446,00203179,303186,OK
9447,00203180,303356,OK
9448,00203181,303290,OK
9449,00203182,303159,OK
9450,00203183,302988,OK
9451,00203184,303027,OK
9452,00203185,303221,OK
9453,00203186,303247,OK
9454,00203187,303064,OK
9455,00203188,303171,OK
9456,00203189,302870,OK
9457,00203190,302783,OK
9458,00203191,302462,OK
9459,00203192,302617,OK
9460,00203193,302764,OK
9461,00203194,303221,OK
9462,00203195,303715,OK
9463,00203196,303428,OK
9464,00203197,302987,OK
9465,00203198,302261,OK
9466,00203199,301725,OK
9467,00203200,301428,OK
9468,00203201,300837,OK
9469,00203202,300352,OK
9470,00203203,299947,OK
9471,00203204,300001,OK
9472,00203205,300599,OK
9473,00203206,300970,OK
9474,00203207,300804,OK
9475,00203208,300387,OK
9476,00203209,299216,OK
9477,00203210,298861,OK
9478,00203211,298899,OK
9479,00203212,299293,OK
9480,00203213,299247,OK
9481,00203214,299614,OK
9482,00203215,300127,OK
9483,00203216,299189,OK
9484,00203217,299454,OK
9485,00203218,299765,OK
9486,00203219,299965,OK
9487,00203220,299979,OK
9488,00203221,300505,OK
9489,00203222,300586,OK
9490,00203223,300461,OK
9491,00203224,300681,OK
9492,00203225,300942,OK
9493,00203226,301145,OK
9494,00203227,300729,OK
9495,00203228,300217,OK
9496,00203229,299728,OK
9497,00203230,299364,OK
9498,00203231,298971,OK
9499,00203232,298873,OK
9500,00203233,298844,OK
9501,00203234,298823,OK
9502,00203235,299485,OK
9503,00203236,299835,OK
9504,00203237,300545,OK
9505,00203238,300607,OK
9506,00203239,300889,OK
9507,00203240,300760,OK
9508,00203241,300865,OK
9509,00203242,300045,OK
9510,00203243,300129,OK
9511,00203244,300404,OK
9512,00203245,301420,OK
9513,00203246,302072,OK
9514,00203247,302222,OK
9515,00203248,301878,OK
9516,00203249,301631,OK
9517,00203250,301674,OK
9518,00203251,301932,OK
9519,00203252,302229,OK
9520,00203253,302332,OK
9521,00203254,302127,OK
9522,00203255,302324,OK
9523,00203256,301910,OK
9524,00203257,301994,OK
9525,00203258,302124,OK
9526,00203259,302022,OK
9527,00203260,302485,OK
9528,00203261,302443,OK
9529,00203262,302620,OK
9530,00203263,302687,OK
9531,00203264,302835,OK
9532,00203265,303348,OK
9533,00203266,303821,OK
9534,00203267,303961,OK
9535,00203268,304308,OK
9536,00203269,304857,OK
9537,00203270,305020,OK
9538,00203271,305248,OK
9539,00203272,305540,OK
9540,00203273,305149,OK
9541,00203274,304683,OK
9542,00203275,304171,OK
9543,00203276,304126,OK
9544,00203277,304099,OK
9545,00203278,304503,OK
9546,00203279,304811,OK
9547,00203280,304687,OK
9548,00203281,304905,OK
9549,00203282,304915,OK
9550,00203283,304891,OK
9551,00203284,304772,OK
9552,00203285,304701,OK
9553,00203286,304750,OK
9554,00203287,304900,OK
9555,00203288,305267,OK
9556,00203289,305531,OK
9557,00203290,305564,OK
9558,00203291,305291,OK
9559,00203292,304757,OK
9560,00203293,304609,OK
9561,00203294,304230,OK
9562,00203295,304275,OK
9563,00203296,304309,OK
9564,00203297,304621,OK
9565,00203298,304910,OK
9566,00203299,305236,OK
9567,00203300,305448,OK
9568,00203301,305147,OK
9569,00203302,304673,OK
9570,00203303,304246,OK
9571,00203304,304347,OK
9572,00203305,304263,OK
9573,00203306,304292,OK
9574,00203307,304605,OK
9575,00203308,304907,OK
9576,00203309,305094,OK
9577,00203310,305016,OK
9578,00203311,305041,OK
9579,00203312,304678,OK
9580,00203313,304396,OK
9581,00203314,303714,OK
9582,00203315,303309,OK
9583,00203316,303625,OK
9584,00203317,304257,OK
9585,00203318,304729,OK
9586,00203319,304910,OK
9587,00203320,304789,OK
9588,00203321,304761,OK
9589,00203322,304664,OK
9590,00203323,305104,OK
9591,00203324,305479,OK
9592,00203325,305663,OK
9593,00203326,305347,OK
9594,00203327,304893,OK
9595,00203328,304391,OK
9596,00203329,304366,OK
9597,00203330,304361,OK
9598,00203331,304015,OK
9599,00203332,304498,OK
9600,00203333,304930,OK
9601,00203334,305252,OK
9602,00203335,305540,OK
9603,00203336,305549,OK
9604,00203337,305418,OK
9605,00203338,305292,OK
9606,00203339,305291,OK
9607,00203340,305349,OK
9608,00203341,305139,OK
9609,00203342,305201,OK
9610,00203343,304806,OK
9611,00203344,305012,OK
9612,00203345,304772,OK
9613,00203346,304815,OK
9614,00203347,304774,OK
9615,00203348,304537,OK
9616,00203349,304073,OK
9617,00203350,303717,OK
9618,00203351,303640,OK
9619,00203352,303264,OK
9620,00203353,303145,OK
9621,00203354,302777,OK
9622,00203355,302549,OK
9623,00203356,302475,OK
9624,00203357,302541,OK
9625,00203358,302480,OK
9626,00203359,301893,OK
9627,00203360,301997,OK
9628,00203361,302024,OK
9629,00203362,301954,OK
9630,00203363,301928,OK
9631,00203364,301827,OK
9632,00203365,301686,OK
9633,00203366,302122,OK
9634,00203367,296208,OK
9635,00203368,294713,OK
9636,00203369,294788,OK
9637,00203370,294396,OK
9638,00203371,294465,OK
9639,00203372,294194,OK
9640,00203373,294376,OK
9641,00203374,295179,OK
9642,00203375,300828,OK
9643,00203376,300593,OK
9644,00203377,301148,OK
9645,00203378,301246,OK
9646,00203379,300531,OK
9647,00203380,295745,OK
9648,00203381,294999,OK
9649,00203382,294622,OK
9650,00203383,294791,OK
9651,00203384,293731,OK
9652,00203385,293104,OK
9653,00203386,293599,OK
9654,00203387,293337,OK
9655,00203388,295595,OK
9656,00203389,293110,OK
9657,00203390,293066,OK
9658,00203391,291750,OK
9659,00203392,284566,OK
9660,00203393,283853,OK
9661,00203394,284096,OK
9662,00203395,284944,OK
9663,00203396,288063,OK
9664,00203397,289194,OK
9665,00203398,295147,OK
9666,00203399,295510,OK
9667,00203400,291419,OK
9668,00203401,290456,OK
9669,00203402,289772,OK
9670,00203403,288165,OK
9671,00203404,281628,OK
9672,00203405,280074,OK
9673,00203406,278048,OK
9674,00203407,279724,OK
9675,00203408,280443,OK
9676,00203409,282451,OK
9677,00203410,286342,OK
9678,00203411,286358,OK
9679,00203412,285722,OK
9680,00203413,285050,OK
9681,00203414,284600,OK
9682,00203415,284971,OK
9683,00203416,285868,OK
9684,00203417,285541,OK
9685,00203418,285438,OK
9686,00203419,283282,OK
9687,00203420,284317,OK
9688,00203421,282514,OK
9689,00203422,282404,OK
9690,00203423,281451,OK
9691,00203424,281705,OK
9692,00203425,281363,OK
9693,00203426,280957,OK
9694,00203427,280457,OK
9695,00203428,279336,OK
9696,00203429,279901,OK
9697,00203430,280154,OK
9698,00203431,280108,OK
9699,00203432,280410,OK
9700,00203433,279928,OK
9701,00203434,280561,OK
9702,00203435,280450,OK
9703,00203436,280840,OK
9704,00203437,280858,OK
9705,00203438,280707,OK
9706,00203439,280346,OK
9707,00203440,280749,OK
9708,00203441,280852,OK
9709,00203442,280975,OK
9710,00203443,281343,OK
9711,00203444,282063,OK
9712,00203445,282454,OK
9713,00203446,282348,OK
9714,00203447,281806,OK
9715,00203448,281316,OK
9716,00203449,281676,OK
9717,00203450,282109,OK
9718,00203451,282625,OK
9719,00203452,283034,OK
9720,00203453,283550,OK
9721,00203454,283313,OK
9722,00203455,283464,OK
9723,00203456,283206,OK
9724,00203457,284399,OK
9725,00203458,284258,OK
9726,00203459,283747,OK
9727,00203460,283344,OK
9728,00203461,283668,OK
9729,00203462,284410,OK
9730,00203463,285176,OK
9731,00203464,284320,OK
9732,00203465,283957,OK
9733,00203466,284081,OK
9734,00203467,283802,OK
9735,00203468,284279,OK
9736,00203469,284797,OK
9737,00203470,285478,OK
9738,00203471,285976,OK
9739,00203472,285917,OK
9740,00203473,285736,OK
9741,00203474,285737,OK
9742,00203475,286002,OK
9743,00203476,287533,OK
9744,00203477,287870,OK
9745,00203478,289053,OK
9746,00203479,290075,OK
9747,00203480,290284,OK
9748,00203481,290187,OK
9749,00203482,288872,OK
9750,00203483,288552,OK
9751,00203484,288652,OK
9752,00203485,288754,OK
9753,00203486,287227,OK
9754,00203487,283288,OK
9755,00203488,282125,OK
9756,00203489,281076,OK
9757,00203490,281656,OK
9758,00203491,283247,OK
9759,00203492,285141,OK
9760,00203493,284725,OK
9761,00203494,284865,OK
9762,00203495,285885,OK
9763,00203496,286845,OK
9764,00203497,282236,OK
9765,00203498,287097,OK
9766,00203499,286657,OK
9767,00203500,286666,OK
9768,00203501,286111,OK
9769,00203502,286949,OK
9770,00203503,287774,OK
9771,00203504,289148,OK
9772,00203505,290088,OK
9773,00203506,290942,OK
9774,00203507,290923,OK
9775,00203508,292661,OK
9776,00203509,295202,OK
9777,00203510,297955,OK
9778,00203511,299626,OK
9779,00203512,300172,OK
9780,00203513,299967,OK
9781,00203514,299958,OK
9782,00203515,299697,OK
9783,00203516,299406,OK
9784,00203517,298915,OK
9785,00203518,299153,OK
9786,00203519,299788,OK
9787,00203520,300411,OK
9788,00203521,300397,OK
9789,00203522,299623,OK
9790,00203523,300100,OK
9791,00203524,300909,OK
9792,00203525,301322,OK
9793,00203526,302196,OK
9794,00203527,302103,OK
9795,00203528,302392,OK
9796,00203529,301847,OK
9797,00203530,302008,OK
9798,00203531,301989,OK
9799,00203532,301578,OK
9800,00203533,301163,OK
9801,00203534,301873,OK
9802,00203535,302224,OK
9803,00203536,303301,OK
9804,00203537,304413,OK
9805,00203538,305740,OK
9806,00203539,305803,OK
9807,00203540,305482,OK
9808,00203541,304764,OK
9809,00203542,304394,OK
9810,00203543,303622,OK
9811,00203544,302178,OK
9812,00203545,301449,OK
9813,00203546,300824,OK
9814,00203547,300207,OK
9815,00203548,300543,OK
9816,00203549,300477,OK
9817,00203550,299764,OK
9818,00203551,300809,OK
9819,00203552,302000,OK
9820,00203553,302111,OK
9821,00203554,302224,OK
9822,00203555,301890,OK
9823,00203556,303366,OK
9824,00203557,304034,OK
9825,00203558,305105,OK
9826,00203559,304812,OK
9827,00203560,304506,OK
9828,00203561,304435,OK
9829,00203562,304440,OK
9830,00203563,305578,OK
9831,00203564,304281,OK
9832,00203565,306231,OK
9833,00203566,307360,OK
9834,00203567,307782,OK
9835,00203568,307703,OK
9836,00203569,307429,OK
9837,00203570,307291,OK
9838,00203571,307416,OK
9839,00203572,307104,OK
9840,00203573,307093,OK
9841,00203574,306658,OK
9842,00203575,306367,OK
9843,00203576,306801,OK
9844,00203577,307432,OK
9845,00203578,308119,OK
9846,00203579,307593,OK
9847,00203580,307114,OK
9848,00203581,306748,OK
9849,00203582,306211,OK
9850,00203583,306564,OK
9851,00203584,307347,OK
9852,00203585,306791,OK
9853,00203586,306962,OK
9854,00203587,307026,OK
9855,00203588,306298,OK
9856,00203589,306314,OK
9857,00203590,307140,OK
9858,00203591,308664,OK
9859,00203592,308986,OK
9860,00203593,308773,OK
9861,00203594,307425,OK
9862,00203595,305956,OK
9863,00203596,305294,OK
9864,00203597,304609,OK
9865,00203598,304747,OK
9866,00203599,304804,OK
9867,00203600,305329,OK
9868,00203601,305478,OK
9869,00203602,304205,OK
9870,00203603,303975,OK
9871,00203604,304099,OK
9872,00203605,304141,OK
9873,00203606,304773,OK
9874,00203607,305159,OK
9875,00203608,305267,OK
9876,00203609,305730,OK
9877,00203610,306437,OK
9878,00203611,306397,OK
9879,00203612,306128,OK
9880,00203613,305555,OK
9881,00203614,305389,OK
9882,00203615,305989,OK
9883,00203616,305541,OK
9884,00203617,304650,OK
9885,00203618,304901,OK
9886,00203619,304466,OK
9887,00203620,304515,OK
9888,00203621,304019,OK
9889,00203622,303797,OK
9890,00203623,304172,OK
9891,00203624,303481,OK
9892,00203625,303418,OK
9893,00203626,237572,OK
9894,00203627,237367,OK
9895,00203628,237277,OK
9896,00203629,237454,OK
9897,00203630,237479,OK
9898,00203631,237374,OK
9899,00203632,237487,OK
9900,00203633,237221,OK
9901,00203634,237286,OK
9902,00203635,237401,OK
9903,00203636,237302,OK
9904,00203637,237269,OK
9905,00203638,237093,OK
9906,00203639,237015,OK
9907,00203640,237281,OK
9908,00203641,237564,OK
9909,00203642,237899,OK
9910,00203643,239183,OK
9911,00203644,239781,OK
9912,00203645,239873,OK
9913,00203646,239763,OK
9914,00203647,240894,OK
9915,00203648,242312,OK
9916,00203649,242667,OK
9917,00203650,242746,OK
9918,00203651,242366,OK
9919,00203652,242457,OK
9920,00203653,241814,OK
9921,00203654,240503,OK
9922,00203655,240541,OK
9923,00203656,240790,OK
9924,00203657,239965,OK
9925,00203658,238971,OK
9926,00203659,237531,OK
9927,00203660,236736,OK
9928,00203661,236577,OK
9929,00203662,237814,OK
9930,00203663,239072,OK
9931,00203664,239923,OK
9932,00203665,240318,OK
9933,00203666,240808,OK
9934,00203667,241772,OK
9935,00203668,242843,OK
9936,00203669,242718,OK
9937,00203670,242397,OK
9938,00203671,242521,OK
9939,00203672,242595,OK
9940,00203673,242851,OK
9941,00203674,243019,OK
9942,00203675,243557,OK
9943,00203676,243549,OK
9944,00203677,242712,OK
9945,00203678,243080,OK
9946,00203679,244948,OK
9947,00203680,245045,OK
9948,00203681,241629,OK
9949,00203682,240794,OK
9950,00203683,241802,OK
9951,00203684,245711,OK
9952,00203685,248935,OK
9953,00203686,251382,OK
9954,00203687,255969,OK
9955,00203688,259703,OK
9956,00203689,262709,OK
9957,00203690,264689,OK
9958,00203691,268088,OK
9959,00203692,272721,OK
9960,00203693,275698,OK
9961,00203694,283137,OK
9962,00203695,286263,OK
9963,00203696,287129,OK
9964,00203697,287744,OK
9965,00203698,288313,OK
9966,00203699,288450,OK
9967,00203700,288909,OK
9968,00203701,288880,OK
9969,00203702,289141,OK
9970,00203703,289381,OK
9971,00203704,289575,OK
9972,00203705,289532,OK
9973,00203706,289409,OK
9974,00203707,289503,OK
9975,00203708,289589,OK
9976,00203709,290016,OK
9977,00203710,290349,OK
9978,00203711,290710,OK
9979,00203712,291024,OK
9980,00203713,291689,OK
9981,00203714,291433,OK
9982,00203715,291668,OK
9983,00203716,291591,OK
9984,00203717,291272,OK
9985,00203718,291453,OK
9986,00203719,291725,OK
9987,00203720,292153,OK
9988,00203721,292586,OK
9989,00203722,293030,OK
9990,00203723,293105,OK
9991,00203724,293306,OK
9992,00203725,293330,OK
9993,00203726,293575,OK
9994,00203727,293222,OK
9995,00203728,292717,OK
9996,00203729,292161,OK
9997,00203730,291957,OK
9998,00203731,291991,OK
9999,00203732,292547,OK
10000,00203733,292896,OK
10001,00203734,292887,OK
10002,00203735,292255,OK
10003,00203736,291994,OK
10004,00203737,291725,OK
10005,00203738,291975,OK
10006,00203739,292501,OK
10007,00203740,292861,OK
10008,00203741,292754,OK
10009,00203742,292053,OK
10010,00203743,292074,OK
10011,00203744,292417,OK
10012,00203745,292747,OK
10013,00203746,292099,OK
10014,00203747,292057,OK
10015,00203748,291972,OK
10016,00203749,291423,OK
10017,00203750,291159,OK
10018,00203751,291390,OK
10019,00203752,291239,OK
10020,00203753,290988,OK
10021,00203754,291649,OK
10022,00203755,291967,OK
10023,00203756,293234,OK
10024,00203757,293306,OK
10025,00203758,292930,OK
10026,00203759,292151,OK
10027,00203760,291271,OK
10028,00203761,292106,OK
10029,00203762,294446,OK
10030,00203763,296598,OK
10031,00203764,297488,OK
10032,00203765,297837,OK
10033,00203766,297344,OK
10034,00203767,296344,OK
10035,00203768,296181,OK
10036,00203769,296607,OK
10037,00203770,296474,OK
10038,00203771,294297,OK
10039,00203772,293010,OK
10040,00203773,291127,OK
10041,00203774,289812,OK
10042,00203775,289192,OK
10043,00203776,289329,OK
10044,00203777,289951,OK
10045,00203778,290413,OK
10046,00203779,291669,OK
10047,00203780,291837,OK
10048,00203781,294023,OK
10049,00203782,296093,OK
10050,00203783,298768,OK
10051,00203784,300547,OK
10052,00203785,301387,OK
10053,00203786,302698,OK
10054,00203787,303062,OK
10055,00203788,302559,OK
10056,00203789,301587,OK
10057,00203790,300121,OK
10058,00203791,298487,OK
10059,00203792,297759,OK
10060,00203793,296930,OK
10061,00203794,297446,OK
10062,00203795,298103,OK
10063,00203796,298906,OK
10064,00203797,300109,OK
10065,00203798,300905,OK
10066,00203799,300987,OK
10067,00203800,301767,OK
10068,00203801,302309,OK
10069,00203802,302818,OK
10070,00203803,303323,OK
10071,00203804,303812,OK
10072,00203805,303739,OK
10073,00203806,301706,OK
10074,00203807,301552,OK
10075,00203808,301606,OK
10076,00203809,301628,OK
10077,00203810,300743,OK
10078,00203811,300467,OK
10079,00203812,299793,OK
10080,00203813,299711,OK
10081,00203814,299315,OK
10082,00203815,299633,OK
10083,00203816,299665,OK
10084,00203817,300144,OK
10085,00203818,301115,OK
10086,00203819,301605,OK
10087,00203820,301835,OK
10088,00203821,302175,OK
10089,00203822,302234,OK
10090,00203823,303444,OK
10091,00203824,303165,OK
10092,00203825,303610,OK
10093,00203826,303160,OK
10094,00203827,303189,OK
10095,00203828,303333,OK
10096,00203829,303228,OK
10097,00203830,302957,OK
10098,00203831,301179,OK
10099,00203832,300553,OK
10100,00203833,300608,OK
10101,00203834,300920,OK
10102,00203835,302108,OK
10103,00203836,302988,OK
10104,00203837,303563,OK
10105,00203838,304302,OK
10106,00203839,305230,OK
10107,00203840,304792,OK
10108,00203841,303751,OK
10109,00203842,302304,OK
10110,00203843,301686,OK
10111,00203844,301242,OK
10112,00203845,300509,OK
10113,00203846,300755,OK
10114,00203847,301535,OK
10115,00203848,301657,OK
10116,00203849,302440,OK
10117,00203850,302855,OK
10118,00203851,303232,OK
10119,00203852,303941,OK
10120,00203853,304054,OK
10121,00203854,304592,OK
10122,00203855,304236,OK
10123,00203856,302328,OK
10124,00203857,299870,OK
10125,00203858,298152,OK
10126,00203859,297549,OK
10127,00203860,297118,OK
10128,00203861,297806,OK
10129,00203862,297638,OK
10130,00203863,298546,OK
10131,00203864,300937,OK
10132,00203865,302692,OK
10133,00203866,302973,OK
10134,00203867,303127,OK
10135,00203868,302550,OK
10136,00203869,302108,OK
10137,00203870,303290,OK
10138,00203871,304292,OK
10139,00203872,305090,OK
10140,00203873,305001,OK
10141,00203874,307175,OK
10142,00203875,308602,OK
10143,00203876,309337,OK
10144,00203877,294075,OK
10145,00203878,292951,OK
10146,00203879,292852,OK
10147,00203880,292797,OK
10148,00203881,292955,OK
10149,00203882,293210,OK
10150,00203883,294006,OK
10151,00203884,294548,OK
10152,00203885,296102,OK
10153,00203886,297154,OK
10154,00203887,298155,OK
10155,00203888,298449,OK
10156,00203889,298997,OK
10157,00203890,299658,OK
10158,00203891,299894,OK
10159,00203892,300497,OK
10160,00203893,300594,OK
10161,00203894,300723,OK
10162,00203895,300727,OK
10163,00203896,300902,OK
10164,00203897,301430,OK
10165,00203898,302114,OK
10166,00203899,302455,OK
10167,00203900,302704,OK
10168,00203901,302687,OK
10169,00203902,302196,OK
10170,00203903,302089,OK
10171,00203904,302644,OK
10172,00203905,303538,OK
10173,00203906,303862,OK
10174,00203907,304344,OK
10175,00203908,304952,OK
10176,00203909,305104,OK
10177,00203910,305134,OK
10178,00203911,305087,OK
10179,00203912,305114,OK
10180,00203913,305521,OK
10181,00203914,306631,OK
10182,00203915,307518,OK
10183,00203916,308005,OK
10184,00203917,308358,OK
10185,00203918,308184,OK
10186,00203919,308373,OK
10187,00203920,308758,OK
10188,00203921,308605,OK
10189,00203922,308561,OK
10190,00203923,308813,OK
10191,00203924,308516,OK
10192,00203925,308372,OK
10193,00203926,307786,OK
10194,00203927,307750,OK
10195,00203928,307330,OK
10196,00203929,306957,OK
10197,00203930,307216,OK
10198,00203931,307367,OK
10199,00203932,307621,OK
10200,00203933,308024,OK
10201,00203934,308143,OK
10202,00203935,308176,OK
10203,00203936,308390,OK
10204,00203937,308582,OK
10205,00203938,308571,OK
10206,00203939,308810,OK
10207,00203940,308717,OK
10208,00203941,308434,OK
10209,00203942,308499,OK
10210,00203943,308795,OK
10211,00203944,309173,OK
10212,00203945,309751,OK
10213,00203946,309424,OK
10214,00203947,309155,OK
10215,00203948,309176,OK
10216,00203949,309029,OK
10217,00203950,308430,OK
10218,00203951,308211,OK
10219,00203952,307900,OK
10220,00203953,307915,OK
10221,00203954,308691,OK
10222,00203955,308321,OK
10223,00203956,307264,OK
10224,00203957,306913,OK
10225,00203958,306669,OK
10226,00203959,306694,OK
10227,00203960,306951,OK
10228,00203961,307124,OK
10229,00203962,306619,OK
10230,00203963,305891,OK
10231,00203964,305608,OK
10232,00203965,305677,OK
10233,00203966,306174,OK
10234,00203967,307053,OK
10235,00203968,307333,OK
10236,00203969,307850,OK
10237,00203970,307551,OK
10238,00203971,307720,OK
10239,00203972,307462,OK
10240,00203973,306955,OK
10241,00203974,307077,OK
10242,00203975,307258,OK
10243,00203976,306682,OK
10244,00203977,306010,OK
10245,00203978,305747,OK
10246,00203979,305621,OK
10247,00203980,305293,OK
10248,00203981,304823,OK
10249,00203982,303920,OK
10250,00203983,303524,OK
10251,00203984,303627,OK
10252,00203985,302795,OK
10253,00203986,302668,OK
10254,00203987,302350,OK
10255,00203988,302435,OK
10256,00203989,301951,OK
10257,00203990,301892,OK
10258,00203991,301682,OK
10259,00203992,301793,OK
10260,00203993,301790,OK
10261,00203994,301527,OK
10262,00203995,301081,OK
10263,00203996,300466,OK
10264,00203997,300517,OK
10265,00203998,300361,OK
10266,00203999,300151,OK
10267,00204000,299651,OK
10268,00204001,298945,OK
10269,00204002,298468,OK
10270,00204003,297515,OK
10271,00204004,297000,OK
10272,00204005,296597,OK
10273,00204006,296555,OK
10274,00204007,296909,OK
10275,00204008,289289,OK
10276,00204009,286909,OK
10277,00204010,295846,OK
10278,00204011,296237,OK
10279,00204012,297156,OK
10280,00204013,296657,OK
10281,00204014,296008,OK
10282,00204015,295980,OK
10283,00204016,296424,OK
10284,00204017,297738,OK
10285,00204018,297993,OK
10286,00204019,297738,OK
10287,00204020,298085,OK
10288,00204021,298431,OK
10289,00204022,298950,OK
10290,00204023,298600,OK
10291,00204024,298908,OK
10292,00204025,299232,OK
10293,00204026,300088,OK
10294,00204027,300377,OK
10295,00204028,300608,OK
10296,00204029,300853,OK
10297,00204030,301312,OK
10298,00204031,301901,OK
10299,00204032,302607,OK
10300,00204033,302563,OK
10301,00204034,302036,OK
10302,00204035,302335,OK
10303,00204036,302718,OK
10304,00204037,303283,OK
10305,00204038,303497,OK
10306,00204039,304194,OK
10307,00204040,304743,OK
10308,00204041,304997,OK
10309,00204042,305188,OK
10310,00204043,304835,OK
10311,00204044,304572,OK
10312,00204045,304535,OK
10313,00204046,305280,OK
10314,00204047,306413,OK
10315,00204048,306800,OK
10316,00204049,307159,OK
10317,00204050,307340,OK
10318,00204051,307152,OK
10319,00204052,307061,OK
10320,00204053,307019,OK
10321,00204054,307306,OK
10322,00204055,307601,OK
10323,00204056,308383,OK
10324,00204057,308412,OK
10325,00204058,309053,OK
10326,00204059,309496,OK
10327,00204060,309778,OK
10328,00204061,310096,OK
10329,00204062,310174,OK
10330,00204063,310495,OK
10331,00204064,310699,OK
10332,00204065,310796,OK
10333,00204066,310924,OK
10334,00204067,310907,OK
10335,00204068,311567,OK
10336,00204069,311894,OK
10337,00204070,312262,OK
10338,00204071,312412,OK
10339,00204072,313514,OK
10340,00204073,313920,OK
10341,00204074,313959,OK
10342,00204075,314426,OK
10343,00204076,314839,OK
10344,00204077,315042,OK
10345,00204078,315254,OK
10346,00204079,315543,OK
10347,00204080,315674,OK
10348,00204081,315690,OK
10349,00204082,315920,OK
10350,00204083,316412,OK
10351,00204084,316893,OK
10352,00204085,317259,OK
10353,00204086,317776,OK
10354,00204087,318565,OK
10355,00204088,319014,OK
10356,00204089,319640,OK
10357,00204090,320521,OK
10358,00204091,321280,OK
10359,00204092,322098,OK
10360,00204093,322703,OK
10361,00204094,323196,OK
10362,00204095,323202,OK
10363,00204096,323198,OK
10364,00204097,324972,OK
10365,00204098,325754,OK
10366,00204099,326296,OK
10367,00204100,326738,OK
10368,00204101,327375,OK
10369,00204102,327775,OK
10370,00204103,328287,OK
10371,00204104,328780,OK
10372,00204105,329201,OK
10373,00204106,329508,OK
10374,00204107,329917,OK
10375,00204108,330149,OK
10376,00204109,330185,OK
10377,00204110,330097,OK
10378,00204111,329701,OK
10379,00204112,329614,OK
10380,00204113,330283,OK
10381,00204114,330679,OK
10382,00204115,330819,OK
10383,00204116,330339,OK
10384,00204117,330035,OK
10385,00204118,329895,OK
10386,00204119,329613,OK
10387,00204120,329772,OK
10388,00204121,329053,OK
10389,00204122,329505,OK
10390,00204123,328969,OK
10391,00204124,328456,OK
10392,00204125,326715,OK
10393,00204126,327484,OK
10394,00204127,325574,OK
10395,00204128,323552,OK
10396,00204129,321284,OK
10397,00204130,320227,OK
10398,00204131,318356,OK
10399,00204132,317565,OK
10400,00204133,316669,OK
10401,00204134,315770,OK
10402,00204135,314716,OK
10403,00204136,314240,OK
10404,00204137,313031,OK
10405,00204138,312128,OK
10406,00204139,311886,OK
10407,00204140,311017,OK
10408,00204141,311099,OK
10409,00204142,311231,OK
10410,00204143,312069,OK
10411,00204144,312437,OK
10412,00204145,312382,OK
10413,00204146,312442,OK
10414,00204147,311733,OK
10415,00204148,311911,OK
10416,00204149,312054,OK
10417,00204150,311965,OK
10418,00204151,311748,OK
10419,00204152,311606,OK
10420,00204153,311235,OK
10421,00204154,311056,OK
10422,00204155,311094,OK
10423,00204156,311188,OK
10424,00204157,311258,OK
10425,00204158,311385,OK
10426,00204159,312717,OK
10427,00204160,313618,OK
10428,00204161,314221,OK
10429,00204162,314226,OK
10430,00204163,313471,OK
10431,00204164,312707,OK
10432,00204165,312404,OK
10433,00204166,313011,OK
10434,00204167,314126,OK
10435,00204168,314910,OK
10436,00204169,316065,OK
10437,00204170,316470,OK
10438,00204171,316723,OK
10439,00204172,316377,OK
10440,00204173,315583,OK
10441,00204174,314326,OK
10442,00204175,313651,OK
10443,00204176,313828,OK
10444,00204177,313692,OK
10445,00204178,313741,OK
10446,00204179,313532,OK
10447,00204180,314637,OK
10448,00204181,315435,OK
10449,00204182,316486,OK
10450,00204183,316902,OK
10451,00204184,317373,OK
10452,00204185,318236,OK
10453,00204186,318953,OK
10454,00204187,319532,OK
10455,00204188,321885,OK
10456,00204189,324273,OK
10457,00204190,327339,OK
10458,00204191,329463,OK
10459,00204192,330412,OK
10460,00204193,328802,OK
10461,00204194,328518,OK
10462,00204195,327964,OK
10463,00204196,328077,OK
10464,00204197,328510,OK
10465,00204198,327974,OK
10466,00204199,328045,OK
10467,00204200,327869,OK
10468,00204201,327680,OK
10469,00204202,327285,OK
10470,00204203,326637,OK
10471,00204204,326362,OK
10472,00204205,326172,OK
10473,00204206,325884,OK
10474,00204207,325171,OK
10475,00204208,324093,OK
10476,00204209,323111,OK
10477,00204210,322468,OK
10478,00204211,321808,OK
10479,00204212,321115,OK
10480,00204213,320512,OK
10481,00204214,320821,OK
10482,00204215,320613,OK
10483,00204216,320373,OK
10484,00204217,320283,OK
10485,00204218,319801,OK
10486,00204219,319425,OK
10487,00204220,318628,OK
10488,00204221,317565,OK
10489,00204222,316940,OK
10490,00204223,316097,OK
10491,00204224,316005,OK
10492,00204225,315436,OK
10493,00204226,314317,OK
10494,00204227,313304,OK
10495,00204228,312919,OK
10496,00204229,312108,OK
10497,00204230,311826,OK
10498,00204231,311957,OK
10499,00204232,311355,OK
10500,00204233,309806,OK
10501,00204234,309284,OK
10502,00204235,308189,OK
10503,00204236,307740,OK
10504,00204237,307302,OK
10505,00204238,307248,OK
10506,00204239,308088,OK
10507,00204240,309257,OK
10508,00204241,309248,OK
10509,00204242,309034,OK
10510,00204243,308108,OK
10511,00204244,307924,OK
10512,00204245,309025,OK
10513,00204246,310079,OK
10514,00204247,310735,OK
10515,00204248,310164,OK
10516,00204249,309727,OK
10517,00204250,309681,OK
10518,00204251,309599,OK
10519,00204252,309850,OK
10520,00204253,310096,OK
10521,00204254,311082,OK
10522,00204255,312095,OK
10523,00204256,311904,OK
10524,00204257,312811,OK
10525,00204258,313677,OK
10526,00204259,314008,OK
10527,00204260,314625,OK
10528,00204261,314805,OK
10529,00204262,315306,OK
10530,00204263,315832,OK
10531,00204264,316642,OK
10532,00204265,317262,OK
10533,00204266,317419,OK
10534,00204267,317194,OK
10535,00204268,316885,OK
10536,00204269,317061,OK
10537,00204270,317471,OK
10538,00204271,317473,OK
10539,00204272,317041,OK
10540,00204273,316899,OK
10541,00204274,317416,OK
10542,00204275,317555,OK
10543,00204276,317359,OK
10544,00204277,316864,OK
10545,00204278,317519,OK
10546,00204279,318002,OK
10547,00204280,318556,OK
10548,00204281,318041,OK
10549,00204282,317712,OK
10550,00204283,317838,OK
10551,00204284,318325,OK
10552,00204285,318242,OK
10553,00204286,318322,OK
10554,00204287,317979,OK
10555,00204288,317694,OK
10556,00204289,317603,OK
10557,00204290,317373,OK
10558,00204291,317022,OK
10559,00204292,316162,OK
10560,00204293,316233,OK
10561,00204294,316337,OK
10562,00204295,317454,OK
10563,00204296,317930,OK
10564,00204297,317951,OK
10565,00204298,318427,OK
10566,00204299,320479,OK
10567,00204300,320797,OK
10568,00204301,320967,OK
10569,00204302,321424,OK
10570,00204303,321670,OK
10571,00204304,322026,OK
10572,00204305,322575,OK
10573,00204306,323033,OK
10574,00204307,323646,OK
10575,00204308,323883,OK
10576,00204309,323981,OK
10577,00204310,324444,OK
10578,00204311,325192,OK
10579,00204312,325928,OK
10580,00204313,326331,OK
10581,00204314,326471,OK
10582,00204315,326474,OK
10583,00204316,326124,OK
10584,00204317,325737,OK
10585,00204318,325765,OK
10586,00204319,325947,OK
10587,00204320,325796,OK
10588,00204321,325591,OK
10589,00204322,325917,OK
10590,00204323,326131,OK
10591,00204324,326439,OK
10592,00204325,326994,OK
10593,00204326,327195,OK
10594,00204327,327265,OK
10595,00204328,327494,OK
10596,00204329,327938,OK
10597,00204330,328394,OK
10598,00204331,328790,OK
10599,00204332,328906,OK
10600,00204333,328896,OK
10601,00204334,328858,OK
10602,00204335,329183,OK
10603,00204336,329374,OK
10604,00204337,329343,OK
10605,00204338,329003,OK
10606,00204339,329003,OK
10607,00204340,328886,OK
10608,00204341,328283,OK
10609,00204342,328523,OK
10610,00204343,328921,OK
10611,00204344,328921,OK
10612,00204345,328164,OK
10613,00204346,327263,OK
10614,00204347,326884,OK
10615,00204348,327159,OK
10616,00204349,327591,OK
10617,00204350,328107,OK
10618,00204351,328696,OK
10619,00204352,328058,OK
10620,00204353,327989,OK
10621,00204354,328979,OK
10622,00204355,330585,OK
10623,00204356,331280,OK
10624,00204357,330440,OK
10625,00204358,329876,OK
10626,00204359,329172,OK
10627,00204360,328712,OK
10628,00204361,328938,OK
10629,00204362,329257,OK
10630,00204363,329382,OK
10631,00204364,329690,OK
10632,00204365,330358,OK
10633,00204366,330264,OK
10634,00204367,329991,OK
10635,00204368,330144,OK
10636,00204369,330109,OK
10637,00204370,330331,OK
10638,00204371,330387,OK
10639,00204372,330685,OK
10640,00204373,331125,OK
10641,00204374,331523,OK
10642,00204375,331842,OK
10643,00204376,332088,OK
10644,00204377,332118,OK
10645,00204378,332561,OK
10646,00204379,332832,OK
10647,00204380,333010,OK
10648,00204381,333213,OK
10649,00204382,333204,OK
10650,00204383,333266,OK
10651,00204384,333221,OK
10652,00204385,333564,OK
10653,00204386,333287,OK
10654,00204387,333390,OK
10655,00204388,333644,OK
10656,00204389,333627,OK
10657,00204390,333863,OK
10658,00204391,333777,OK
10659,00204392,333545,OK
10660,00204393,333343,OK
10661,00204394,333371,OK
10662,00204395,333514,OK
10663,00204396,333656,OK
10664,00204397,333875,OK
10665,00204398,333925,OK
10666,00204399,333800,OK
10667,00204400,333829,OK
10668,00204401,333752,OK
10669,00204402,333722,OK
10670,00204403,333653,OK
10671,00204404,333870,OK
10672,00204405,333998,OK
10673,00204406,333909,OK
10674,00204407,334030,OK
10675,00204408,334048,OK
10676,00204409,334176,OK
10677,00204410,334265,OK
10678,00204411,334446,OK
10679,00204412,334607,OK
10680,00204413,334468,OK
10681,00204414,334529,OK
10682,00204415,334588,OK
10683,00204416,334761,OK
10684,00204417,334737,OK
10685,00204418,334875,OK
10686,00204419,334687,OK
10687,00204420,334709,OK
10688,00204421,334732,OK
10689,00204422,334627,OK
10690,00204423,334699,OK
10691,00204424,334684,OK
10692,00204425,334721,OK
10693,00204426,334844,OK
10694,00204427,334834,OK
10695,00204428,334908,OK
10696,00204429,334948,OK
10697,00204430,334970,OK
10698,00204431,334887,OK
10699,00204432,334905,OK
10700,00204433,334866,OK
10701,00204434,334931,OK
10702,00204435,334929,OK
10703,00204436,335042,OK
10704,00204437,335085,OK
10705,00204438,334964,OK
10706,00204439,334927,OK
10707,00204440,334835,OK
10708,00204441,334792,OK
10709,00204442,334954,OK
10710,00204443,335075,OK
10711,00204444,335124,OK
10712,00204445,335125,OK
10713,00204446,335132,OK
10714,00204447,335123,OK
10715,00204448,335179,OK
10716,00204449,335119,OK
10717,00204450,335116,OK
10718,00204451,335067,OK
10719,00204452,335013,OK
10720,00204453,334805,OK
10721,00204454,334832,OK
10722,00204455,334502,OK
10723,00204456,334638,OK
10724,00204457,334595,OK
10725,00204458,334644,OK
10726,00204459,334845,OK
10727,00204460,334796,OK
10728,00204461,334741,OK
10729,00204462,334744,OK
10730,00204463,334818,OK
10731,00204464,334706,OK
10732,00204465,334813,OK
10733,00204466,334826,OK
10734,00204467,334827,OK
10735,00204468,334761,OK
10736,00204469,334944,OK
10737,00204470,334884,OK
10738,00204471,335049,OK
10739,00204472,334930,OK
10740,00204473,335021,OK
10741,00204474,334821,OK
10742,00204475,334904,OK
10743,00204476,334973,OK
10744,00204477,334834,OK
10745,00204478,334794,OK
10746,00204479,334759,OK
10747,00204480,334785,OK
10748,00204481,334792,OK
10749,00204482,334808,OK
10750,00204483,334811,OK
10751,00204484,334768,OK
10752,00204485,334726,OK
10753,00204486,334659,OK
10754,00204487,334600,OK
10755,00204488,334728,OK
10756,00204489,334662,OK
10757,00204490,334849,OK
10758,00204491,334687,OK
10759,00204492,334723,OK
10760,00204493,334606,OK
10761,00204494,334524,OK
10762,00204495,334583,OK
10763,00204496,334474,OK
10764,00204497,334403,OK
10765,00204498,334402,OK
10766,00204499,334275,OK
10767,00204500,334301,OK
10768,00204501,334336,OK
10769,00204502,334091,OK
10770,00204503,334079,OK
10771,00204504,334318,OK
10772,00204505,334303,OK
10773,00204506,334298,OK
10774,00204507,334482,OK
10775,00204508,334524,OK
10776,00204509,334626,OK
10777,00204510,334665,OK
10778,00204511,334831,OK
10779,00204512,334710,OK
10780,00204513,334793,OK
10781,00204514,334772,OK
10782,00204515,334788,OK
10783,00204516,334956,OK
10784,00204517,334820,OK
10785,00204518,321156,OK
10786,00204519,321502,OK
10787,00204520,321660,OK
10788,00204521,321752,OK
10789,00204522,321775,OK
10790,00204523,321848,OK
10791,00204524,322044,OK
10792,00204525,322188,OK
10793,00204526,322199,OK
10794,00204527,322265,OK
10795,00204528,322263,OK
10796,00204529,322412,OK
10797,00204530,322420,OK
10798,00204531,322533,OK
10799,00204532,322257,OK
10800,00204533,322572,OK
10801,00204534,322649,OK
10802,00204535,322697,OK
10803,00204536,322646,OK
10804,00204537,322814,OK
10805,00204538,322861,OK
10806,00204539,323056,OK
10807,00204540,323249,OK
10808,00204541,323343,OK
10809,00204542,323359,OK
10810,00204543,323243,OK
10811,00204544,323059,OK
10812,00204545,323104,OK
10813,00204546,322827,OK
10814,00204547,322596,OK
10815,00204548,322376,OK
10816,00204549,322292,OK
10817,00204550,322193,OK
10818,00204551,322098,OK
10819,00204552,321934,OK
10820,00204553,321659,OK
10821,00204554,317700,OK
10822,00204555,321204,OK
10823,00204556,321247,OK
10824,00204557,321109,OK
10825,00204558,321224,OK
10826,00204559,321440,OK
10827,00204560,321304,OK
10828,00204561,321053,OK
10829,00204562,320590,OK
10830,00204563,320436,OK
10831,00204564,320401,OK
10832,00204565,320003,OK
10833,00204566,319668,OK
10834,00204567,319631,OK
10835,00204568,319734,OK
10836,00204569,319619,OK
10837,00204570,317696,OK
10838,00204571,319491,OK
10839,00204572,319717,OK
10840,00204573,320050,OK
10841,00204574,320170,OK
10842,00204575,320350,OK
10843,00204576,320283,OK
10844,00204577,320287,OK
10845,00204578,319999,OK
10846,00204579,320140,OK
10847,00204580,320255,OK
10848,00204581,320310,OK
10849,00204582,320211,OK
10850,00204583,319282,OK
10851,00204584,318715,OK
10852,00204585,318732,OK
10853,00204586,319119,OK
10854,00204587,319489,OK
10855,00204588,319772,OK
10856,00204589,319501,OK
10857,00204590,319225,OK
10858,00204591,319059,OK
10859,00204592,319109,OK
10860,00204593,319360,OK
10861,00204594,319250,OK
10862,00204595,319003,OK
10863,00204596,319103,OK
10864,00204597,319758,OK
10865,00204598,320175,OK
10866,00204599,320103,OK
10867,00204600,319639,OK
10868,00204601,319403,OK
10869,00204602,319518,OK
10870,00204603,319353,OK
10871,00204604,319484,OK
10872,00204605,319197,OK
10873,00204606,318787,OK
10874,00204607,318826,OK
10875,00204608,318694,OK
10876,00204609,318693,OK
10877,00204610,319011,OK
10878,00204611,319399,OK
10879,00204612,319159,OK
10880,00204613,318796,OK
10881,00204614,319152,OK
10882,00204615,319325,OK
10883,00204616,319525,OK
10884,00204617,319262,OK
10885,00204618,319144,OK
10886,00204619,319173,OK
10887,00204620,319045,OK
10888,00204621,319006,OK
10889,00204622,318958,OK
10890,00204623,318593,OK
10891,00204624,318053,OK
10892,00204625,317750,OK
10893,00204626,316842,OK
10894,00204627,316651,OK
10895,00204628,316695,OK
10896,00204629,316554,OK
10897,00204630,315805,OK
10898,00204631,315562,OK
10899,00204632,315194,OK
10900,00204633,314929,OK
10901,00204634,314632,OK
10902,00204635,314194,OK
10903,00204636,313596,OK
10904,00204637,312885,OK
10905,00204638,312929,OK
10906,00204639,312521,OK
10907,00204640,311731,OK
10908,00204641,311293,OK
10909,00204642,310802,OK
10910,00204643,310277,OK
10911,00204644,310104,OK
10912,00204645,309359,OK
10913,00204646,308353,OK
10914,00204647,308044,OK
10915,00204648,306208,OK
10916,00204649,305490,OK
10917,00204650,305406,OK
10918,00204651,304440,OK
10919,00204652,304065,OK
10920,00204653,304836,OK
10921,00204654,307097,OK
10922,00204655,305291,OK
10923,00204656,306045,OK
10924,00204657,306524,OK
10925,00204658,307848,OK
10926,00204659,307459,OK
10927,00204660,309181,OK
10928,00204661,310731,OK
10929,00204662,311438,OK
10930,00204663,311637,OK
10931,00204664,312911,OK
10932,00204665,313081,OK
10933,00204666,314137,OK
10934,00204667,314639,OK
10935,00204668,314982,OK
10936,00204669,314242,OK
10937,00204670,312526,OK
10938,00204671,313276,OK
10939,00204672,312113,OK
10940,00204673,312114,OK
10941,00204674,311282,OK
10942,00204675,309789,OK
10943,00204676,307550,OK
10944,00204677,307868,OK
10945,00204678,306801,OK
10946,00204679,305997,OK
10947,00204680,307391,OK
10948,00204681,307508,OK
10949,00204682,310734,OK
10950,00204683,311108,OK
10951,00204684,315242,OK
10952,00204685,316532,OK
10953,00204686,317409,OK
10954,00204687,317383,OK
10955,00204688,317674,OK
10956,00204689,318136,OK
10957,00204690,318303,OK
10958,00204691,318339,OK
10959,00204692,318290,OK
10960,00204693,318258,OK
10961,00204694,318378,OK
10962,00204695,318393,OK
10963,00204696,318273,OK
10964,00204697,318117,OK
10965,00204698,316860,OK
10966,00204699,315538,OK
10967,00204700,313619,OK
10968,00204701,312567,OK
10969,00204702,313341,OK
10970,00204703,314037,OK
10971,00204704,313986,OK
10972,00204705,313353,OK
10973,00204706,313556,OK
10974,00204707,314231,OK
10975,00204708,314748,OK
10976,00204709,315488,OK
10977,00204710,315832,OK
10978,00204711,315226,OK
10979,00204712,314861,OK
10980,00204713,315297,OK
10981,00204714,315181,OK
10982,00204715,314401,OK
10983,00204716,314242,OK
10984,00204717,314174,OK
10985,00204718,313868,OK
10986,00204719,313719,OK
10987,00204720,309409,OK
10988,00204721,313972,OK
10989,00204722,313932,OK
10990,00204723,313659,OK
10991,00204724,313668,OK
10992,00204725,314329,OK
10993,00204726,314203,OK
10994,00204727,314235,OK
10995,00204728,314084,OK
10996,00204729,313899,OK
10997,00204730,313564,OK
10998,00204731,313138,OK
10999,00204732,312455,OK
11000,00204733,312315,OK
11001,00204734,312037,OK
11002,00204735,312408,OK
11003,00204736,312637,OK
11004,00204737,312670,OK
11005,00204738,312260,OK
11006,00204739,312079,OK
11007,00204740,311332,OK
11008,00204741,310819,OK
11009,00204742,310573,OK
11010,00204743,310787,OK
11011,00204744,310581,OK
11012,00204745,310372,OK
11013,00204746,310589,OK
11014,00204747,311003,OK
11015,00204748,311128,OK
11016,00204749,310793,OK
11017,00204750,310977,OK
11018,00204751,311536,OK
11019,00204752,311816,OK
11020,00204753,311617,OK
11021,00204754,311085,OK
11022,00204755,310741,OK
11023,00204756,310756,OK
11024,00204757,310380,OK
11025,00204758,310013,OK
11026,00204759,309719,OK
11027,00204760,309413,OK
11028,00204761,309256,OK
11029,00204762,308810,OK
11030,00204763,308425,OK
11031,00204764,307986,OK
11032,00204765,307643,OK
11033,00204766,307507,OK
11034,00204767,307170,OK
11035,00204768,306597,OK
11036,00204769,306023,OK
11037,00204770,305599,OK
11038,00204771,305405,OK
11039,00204772,304993,OK
11040,00204773,304523,OK
11041,00204774,304445,OK
11042,00204775,304126,OK
11043,00204776,304180,OK
11044,00204777,304097,OK
11045,00204778,303518,OK
11046,00204779,303630,OK
11047,00204780,304026,OK
11048,00204781,304560,OK
11049,00204782,305792,OK
11050,00204783,306750,OK
11051,00204784,307838,OK
11052,00204785,307661,OK
11053,00204786,307019,OK
11054,00204787,306160,OK
11055,00204788,305704,OK
11056,00204789,306533,OK
11057,00204790,303652,OK
11058,00204791,308147,OK
11059,00204792,308806,OK
11060,00204793,309535,OK
11061,00204794,310475,OK
11062,00204795,310739,OK
11063,00204796,310472,OK
11064,00204797,310764,OK
11065,00204798,310355,OK
11066,00204799,310324,OK
11067,00204800,310621,OK
11068,00204801,310170,OK
11069,00204802,309701,OK
11070,00204803,309657,OK
11071,00204804,309481,OK
11072,00204805,309958,OK
11073,00204806,309839,OK
11074,00204807,309965,OK
11075,00204808,309920,OK
11076,00204809,309946,OK
11077,00204810,309681,OK
11078,00204811,310032,OK
11079,00204812,310115,OK
11080,00204813,309312,OK
11081,00204814,308300,OK
11082,00204815,308002,OK
11083,00204816,307493,OK
11084,00204817,307188,OK
11085,00204818,307177,OK
11086,00204819,306674,OK
11087,00204820,306404,OK
11088,00204821,306517,OK
11089,00204822,306783,OK
11090,00204823,307010,OK
11091,00204824,307276,OK
11092,00204825,307197,OK
11093,00204826,307056,OK
11094,00204827,306519,OK
11095,00204828,306918,OK
11096,00204829,306630,OK
11097,00204830,305760,OK
11098,00204831,305160,OK
11099,00204832,303840,OK
11100,00204833,304498,OK
11101,00204834,304147,OK
11102,00204835,302969,OK
11103,00204836,301411,OK
11104,00204837,300185,OK
11105,00204838,298981,OK
11106,00204839,297869,OK
11107,00204840,296293,OK
11108,00204841,294896,OK
11109,00204842,293336,OK
11110,00204843,291888,OK
11111,00204844,290576,OK
11112,00204845,289450,OK
11113,00204846,287712,OK
11114,00204847,285327,OK
11115,00204848,283996,OK
11116,00204849,282239,OK
11117,00204850,279549,OK
11118,00204851,277170,OK
11119,00204852,275052,OK
11120,00204853,272538,OK
11121,00204854,270793,OK
11122,00204855,269034,OK
11123,00204856,266215,OK
11124,00204857,263908,OK
11125,00204858,260385,OK
11126,00204859,257571,OK
11127,00204860,254711,OK
11128,00204861,251857,OK
11129,00204862,249231,OK
11130,00204863,246245,OK
11131,00204864,243139,OK
11132,00204865,239248,OK
11133,00204866,235306,OK
11134,00204867,231120,OK
11135,00204868,225955,OK
11136,00204869,220390,OK
11137,00204870,214643,OK
11138,00204871,209774,OK
11139,00204872,206028,OK
11140,00204873,203312,OK
11141,00204874,201276,OK
11142,00204875,199010,OK
11143,00204876,197133,OK
11144,00204877,196545,OK
11145,00204878,194292,OK
11146,00204879,192718,OK
11147,00204880,191280,OK
11148,00204881,190369,OK
11149,00204882,189365,OK
11150,00204883,187934,OK
11151,00204884,187411,OK
11152,00204885,186848,OK
11153,00204886,187555,OK
11154,00204887,188077,OK
11155,00204888,188758,OK
11156,00204889,190765,OK
11157,00204890,191870,OK
11158,00204891,193060,OK
11159,00204892,193542,OK
11160,00204893,192952,OK
11161,00204894,193103,OK
11162,00204895,192584,OK
11163,00204896,193227,OK
11164,00204897,194939,OK
11165,00204898,197286,OK
11166,00204899,199680,OK
11167,00204900,201567,OK
11168,00204901,203074,OK
11169,00204902,204379,OK
11170,00204903,207034,OK
11171,00204904,209868,OK
11172,00204905,208582,OK
11173,00204906,214354,OK
11174,00204907,215941,OK
11175,00204908,218463,OK
11176,00204909,221350,OK
11177,00204910,226484,OK
11178,00204911,231339,OK
11179,00204912,235243,OK
11180,00204913,239856,OK
11181,00204914,244228,OK
11182,00204915,249126,OK
11183,00204916,252450,OK
11184,00204917,255081,OK
11185,00204918,257999,OK
11186,00204919,261322,OK
11187,00204920,264638,OK
11188,00204921,266874,OK
11189,00204922,269072,OK
11190,00204923,270401,OK
11191,00204924,272265,OK
11192,00204925,273517,OK
11193,00204926,274653,OK
11194,00204927,276356,OK
11195,00204928,277391,OK
11196,00204929,278946,OK
11197,00204930,280087,OK
11198,00204931,282091,OK
11199,00204932,281733,OK
11200,00204933,283484,OK
11201,00204934,284936,OK
11202,00204935,283872,OK
11203,00204936,282111,OK
11204,00204937,282445,OK
11205,00204938,283768,OK
11206,00204939,285085,OK
11207,00204940,285242,OK
11208,00204941,284205,OK
11209,00204942,282003,OK
11210,00204943,282309,OK
11211,00204944,283830,OK
11212,00204945,286550,OK
11213,00204946,286926,OK
11214,00204947,287144,OK
11215,00204948,287677,OK
11216,00204949,288961,OK
11217,00204950,290560,OK
11218,00204951,292302,OK
11219,00204952,293357,OK
11220,00204953,293880,OK
11221,00204954,293711,OK
11222,00204955,295083,OK
11223,00204956,296661,OK
11224,00204957,296705,OK
11225,00204958,293950,OK
11226,00204959,292491,OK
11227,00204960,292709,OK
11228,00204961,292760,OK
11229,00204962,291962,OK
11230,00204963,292243,OK
11231,00204964,292087,OK
11232,00204965,292665,OK
11233,00204966,293110,OK
11234,00204967,294131,OK
11235,00204968,294890,OK
11236,00204969,295042,OK
11237,00204970,294615,OK
11238,00204971,294668,OK
11239,00204972,294980,OK
11240,00204973,294915,OK
11241,00204974,295287,OK
11242,00204975,296112,OK
11243,00204976,295173,OK
11244,00204977,295957,OK
11245,00204978,296329,OK
11246,00204979,296806,OK
11247,00204980,297045,OK
11248,00204981,297156,OK
11249,00204982,298057,OK
11250,00204983,299287,OK
11251,00204984,300060,OK
11252,00204985,301485,OK
11253,00204986,301242,OK
11254,00204987,301470,OK
11255,00204988,301695,OK
11256,00204989,302242,OK
11257,00204990,302790,OK
11258,00204991,302947,OK
11259,00204992,304049,OK
11260,00204993,304235,OK
11261,00204994,304836,OK
11262,00204995,305676,OK
11263,00204996,306545,OK
11264,00204997,307212,OK
11265,00204998,307207,OK
11266,00204999,307690,OK
11267,00205000,308899,OK
11268,00205001,309557,OK
11269,00205002,309504,OK
11270,00205003,309269,OK
11271,00205004,309747,OK
11272,00205005,309569,OK
11273,00205006,309356,OK
11274,00205007,309586,OK
11275,00205008,309266,OK
11276,00205009,309019,OK
11277,00205010,309208,OK
11278,00205011,309622,OK
11279,00205012,309831,OK
11280,00205013,310069,OK
11281,00205014,311478,OK
11282,00205015,312285,OK
11283,00205016,312647,OK
11284,00205017,313145,OK
11285,00205018,313480,OK
11286,00205019,313519,OK
11287,00205020,313634,OK
11288,00205021,312983,OK
11289,00205022,312701,OK
11290,00205023,312067,OK
11291,00205024,311996,OK
11292,00205025,311594,OK
11293,00205026,311347,OK
11294,00205027,310699,OK
11295,00205028,310180,OK
11296,00205029,309560,OK
11297,00205030,310312,OK
11298,00205031,310497,OK
11299,00205032,310753,OK
11300,00205033,310564,OK
11301,00205034,310324,OK
11302,00205035,310150,OK
11303,00205036,310445,OK
11304,00205037,310526,OK
11305,00205038,310193,OK
11306,00205039,309973,OK
11307,00205040,309986,OK
11308,00205041,309805,OK
11309,00205042,309746,OK
11310,00205043,310076,OK
11311,00205044,309996,OK
11312,00205045,309977,OK
11313,00205046,310327,OK
11314,00205047,310617,OK
11315,00205048,310483,OK
11316,00205049,310834,OK
11317,00205050,311194,OK
11318,00205051,311069,OK
11319,00205052,311188,OK
11320,00205053,311330,OK
11321,00205054,311847,OK
11322,00205055,311700,OK
11323,00205056,310864,OK
11324,00205057,310574,OK
11325,00205058,310350,OK
11326,00205059,309774,OK
11327,00205060,309796,OK
11328,00205061,309840,OK
11329,00205062,310133,OK
11330,00205063,310111,OK
11331,00205064,309638,OK
11332,00205065,309554,OK
11333,00205066,308847,OK
11334,00205067,309197,OK
11335,00205068,309548,OK
11336,00205069,309385,OK
11337,00205070,309302,OK
11338,00205071,309034,OK
11339,00205072,308748,OK
11340,00205073,308946,OK
11341,00205074,309126,OK
11342,00205075,309433,OK
11343,00205076,309127,OK
11344,00205077,309125,OK
11345,00205078,309411,OK
11346,00205079,309905,OK
11347,00205080,309982,OK
11348,00205081,309725,OK
11349,00205082,309625,OK
11350,00205083,309768,OK
11351,00205084,309889,OK
11352,00205085,309999,OK
11353,00205086,310635,OK
11354,00205087,310527,OK
11355,00205088,310520,OK
11356,00205089,310711,OK
11357,00205090,310669,OK
11358,00205091,310967,OK
11359,00205092,310725,OK
11360,00205093,310383,OK
11361,00205094,310301,OK
11362,00205095,310496,OK
11363,00205096,310901,OK
11364,00205097,310933,OK
11365,00205098,311014,OK
11366,00205099,311173,OK
11367,00205100,311275,OK
11368,00205101,311687,OK
11369,00205102,311972,OK
11370,00205103,312289,OK
11371,00205104,308539,OK
11372,00205105,313048,OK
11373,00205106,313435,OK
11374,00205107,313274,OK
11375,00205108,312719,OK
11376,00205109,312805,OK
11377,00205110,311918,OK
11378,00205111,312709,OK
11379,00205112,312652,OK
11380,00205113,312096,OK
11381,00205114,312530,OK
11382,00205115,312378,OK
11383,00205116,311903,OK
11384,00205117,312111,OK
11385,00205118,312420,OK
11386,00205119,316663,OK
11387,00205120,316570,OK
11388,00205121,316715,OK
11389,00205122,316461,OK
11390,00205123,316295,OK
11391,00205124,316023,OK
11392,00205125,316027,OK
11393,00205126,315858,OK
11394,00205127,315677,OK
11395,00205128,315631,OK
11396,00205129,315891,OK
11397,00205130,316272,OK
11398,00205131,315960,OK
11399,00205132,315914,OK
11400,00205133,315830,OK
11401,00205134,316143,OK
11402,00205135,316155,OK
11403,00205136,315982,OK
11404,00205137,315910,OK
11405,00205138,315722,OK
11406,00205139,315690,OK
11407,00205140,315749,OK
11408,00205141,315844,OK
11409,00205142,315678,OK
11410,00205143,315630,OK
11411,00205144,315848,OK
11412,00205145,316058,OK
11413,00205146,316162,OK
11414,00205147,315814,OK
11415,00205148,315553,OK
11416,00205149,315521,OK
11417,00205150,315497,OK
11418,00205151,315559,OK
11419,00205152,315643,OK
11420,00205153,315568,OK
11421,00205154,315760,OK
11422,00205155,315677,OK
11423,00205156,316085,OK
11424,00205157,316066,OK
11425,00205158,316146,OK
11426,00205159,316077,OK
11427,00205160,315970,OK
11428,00205161,316195,OK
11429,00205162,316305,OK
11430,00205163,316208,OK
11431,00205164,316291,OK
11432,00205165,316356,OK
11433,00205166,316228,OK
11434,00205167,316153,OK
11435,00205168,316362,OK
11436,00205169,316171,OK
11437,00205170,316363,OK
11438,00205171,316217,OK
11439,00205172,316124,OK
11440,00205173,316036,OK
11441,00205174,315808,OK
11442,00205175,315672,OK
11443,00205176,315675,OK
11444,00205177,315901,OK
11445,00205178,315842,OK
11446,00205179,315936,OK
11447,00205180,315873,OK
11448,00205181,315767,OK
11449,00205182,315758,OK
11450,00205183,315697,OK
11451,00205184,315682,OK
11452,00205185,315531,OK
11453,00205186,315689,OK
11454,00205187,315789,OK
11455,00205188,315906,OK
11456,00205189,315742,OK
11457,00205190,315616,OK
11458,00205191,310862,OK
11459,00205192,315252,OK
11460,00205193,315073,OK
11461,00205194,315190,OK
11462,00205195,309867,OK
11463,00205196,314977,OK
11464,00205197,314778,OK
11465,00205198,314990,OK
11466,00205199,315071,OK
11467,00205200,315088,OK
11468,00205201,315148,OK
11469,00205202,315087,OK
11470,00205203,315514,OK
11471,00205204,315876,OK
11472,00205205,315889,OK
11473,00205206,316435,OK
11474,00205207,316146,OK
11475,00205208,315891,OK
11476,00205209,315669,OK
11477,00205210,315785,OK
11478,00205211,315726,OK
11479,00205212,315581,OK
11480,00205213,315634,OK
11481,00205214,315504,OK
11482,00205215,315705,OK
11483,00205216,315599,OK
11484,00205217,315277,OK
11485,00205218,315278,OK
11486,00205219,314976,OK
11487,00205220,315122,OK
11488,00205221,315026,OK
11489,00205222,314936,OK
11490,00205223,315129,OK
11491,00205224,314997,OK
11492,00205225,314750,OK
11493,00205226,314422,OK
11494,00205227,314431,OK
11495,00205228,314456,OK
11496,00205229,314663,OK
11497,00205230,314707,OK
11498,00205231,314588,OK
11499,00205232,314354,OK
11500,00205233,314116,OK
11501,00205234,314080,OK
11502,00205235,314042,OK
11503,00205236,314264,OK
11504,00205237,314316,OK
11505,00205238,314151,OK
11506,00205239,313767,OK
11507,00205240,313573,OK
11508,00205241,313257,OK
11509,00205242,313429,OK
11510,00205243,313274,OK
11511,00205244,313119,OK
11512,00205245,312472,OK
11513,00205246,311953,OK
11514,00205247,312477,OK
11515,00205248,312532,OK
11516,00205249,312298,OK
11517,00205250,312110,OK
11518,00205251,311587,OK
11519,00205252,311430,OK
11520,00205253,311566,OK
11521,00205254,311225,OK
11522,00205255,311006,OK
11523,00205256,310607,OK
11524,00205257,310803,OK
11525,00205258,310832,OK
11526,00205259,310530,OK
11527,00205260,309860,OK
11528,00205261,309315,OK
11529,00205262,309044,OK
11530,00205263,308594,OK
11531,00205264,308203,OK
11532,00205265,308261,OK
11533,00205266,307641,OK
11534,00205267,307306,OK
11535,00205268,306329,OK
11536,00205269,306596,OK
11537,00205270,306461,OK
11538,00205271,306403,OK
11539,00205272,306100,OK
11540,00205273,305800,OK
11541,00205274,305387,OK
11542,00205275,305212,OK
11543,00205276,304352,OK
11544,00205277,304454,OK
11545,00205278,304757,OK
11546,00205279,304602,OK
11547,00205280,303914,OK
11548,00205281,303788,OK
11549,00205282,303456,OK
11550,00205283,302922,OK
11551,00205284,302137,OK
11552,00205285,301740,OK
11553,00205286,302718,OK
11554,00205287,303782,OK
11555,00205288,305663,OK
11556,00205289,306170,OK
11557,00205290,307702,OK
11558,00205291,307612,OK
11559,00205292,307665,OK
11560,00205293,307190,OK
11561,00205294,306892,OK
11562,00205295,306523,OK
11563,00205296,305573,OK
11564,00205297,305264,OK
11565,00205298,304887,OK
11566,00205299,304238,OK
11567,00205300,304220,OK
11568,00205301,304065,OK
11569,00205302,302335,OK
11570,00205303,302791,OK
11571,00205304,301764,OK
11572,00205305,302482,OK
11573,00205306,302011,OK
11574,00205307,302846,OK
11575,00205308,301824,OK
11576,00205309,302505,OK
11577,00205310,302109,OK
11578,00205311,302587,OK
11579,00205312,302095,OK
11580,00205313,301539,OK
11581,00205314,302385,OK
11582,00205315,303255,OK
11583,00205316,303366,OK
11584,00205317,303127,OK
11585,00205318,304062,OK
11586,00205319,304604,OK
11587,00205320,304559,OK
11588,00205321,304563,OK
11589,00205322,305275,OK
11590,00205323,305949,OK
11591,00205324,305851,OK
11592,00205325,306338,OK
11593,00205326,307329,OK
11594,00205327,306888,OK
11595,00205328,307311,OK
11596,00205329,307556,OK
11597,00205330,307669,OK
11598,00205331,307657,OK
11599,00205332,307704,OK
11600,00205333,306923,OK
11601,00205334,306770,OK
11602,00205335,305692,OK
11603,00205336,305775,OK
11604,00205337,305704,OK
11605,00205338,305596,OK
11606,00205339,304722,OK
11607,00205340,304877,OK
11608,00205341,303967,OK
11609,00205342,303234,OK
11610,00205343,303003,OK
11611,00205344,302589,OK
11612,00205345,302687,OK
11613,00205346,303081,OK
11614,00205347,303045,OK
11615,00205348,303662,OK
11616,00205349,304484,OK
11617,00205350,304535,OK
11618,00205351,303271,OK
11619,00205352,303315,OK
11620,00205353,303457,OK
11621,00205354,303245,OK
11622,00205355,303018,OK
11623,00205356,302977,OK
11624,00205357,302016,OK
11625,00205358,302155,OK
11626,00205359,301883,OK
11627,00205360,301416,OK
11628,00205361,301125,OK
11629,00205362,300706,OK
11630,00205363,300304,OK
11631,00205364,299900,OK
11632,00205365,299084,OK
11633,00205366,299010,OK
11634,00205367,298656,OK
11635,00205368,298955,OK
11636,00205369,299670,OK
11637,00205370,299872,OK
11638,00205371,300047,OK
11639,00205372,300398,OK
11640,00205373,300642,OK
11641,00205374,300856,OK
11642,00205375,301034,OK
11643,00205376,297593,OK
11644,00205377,301695,OK
11645,00205378,301175,OK
11646,00205379,300808,OK
11647,00205380,300224,OK
11648,00205381,300039,OK
11649,00205382,299511,OK
11650,00205383,298573,OK
11651,00205384,298335,OK
11652,00205385,298794,OK
11653,00205386,299195,OK
11654,00205387,298860,OK
11655,00205388,298420,OK
11656,00205389,298572,OK
11657,00205390,299081,OK
11658,00205391,299498,OK
11659,00205392,299877,OK
11660,00205393,300346,OK
11661,00205394,300431,OK
11662,00205395,300211,OK
11663,00205396,300299,OK
11664,00205397,300441,OK
11665,00205398,300733,OK
11666,00205399,300992,OK
11667,00205400,301082,OK
11668,00205401,301057,OK
11669,00205402,300892,OK
11670,00205403,300847,OK
11671,00205404,300035,OK
11672,00205405,299469,OK
11673,00205406,298594,OK
11674,00205407,298275,OK
11675,00205408,298170,OK
11676,00205409,297858,OK
11677,00205410,298222,OK
11678,00205411,297657,OK
11679,00205412,297741,OK
11680,00205413,297656,OK
11681,00205414,298135,OK
11682,00205415,297620,OK
11683,00205416,296656,OK
11684,00205417,296656,OK
11685,00205418,296286,OK
11686,00205419,296231,OK
11687,00205420,295976,OK
11688,00205421,297191,OK
11689,00205422,297662,OK
11690,00205423,298508,OK
11691,00205424,297937,OK
11692,00205425,298556,OK
11693,00205426,298364,OK
11694,00205427,297538,OK
11695,00205428,297124,OK
11696,00205429,296536,OK
11697,00205430,295832,OK
11698,00205431,295524,OK
11699,00205432,294421,OK
11700,00205433,293419,OK
11701,00205434,293838,OK
11702,00205435,293843,OK
11703,00205436,293870,OK
11704,00205437,293295,OK
11705,00205438,293651,OK
11706,00205439,293548,OK
11707,00205440,293074,OK
11708,00205441,292300,OK
11709,00205442,291710,OK
11710,00205443,290889,OK
11711,00205444,290835,OK
11712,00205445,291243,OK
11713,00205446,291101,OK
11714,00205447,290009,OK
11715,00205448,288935,OK
11716,00205449,288109,OK
11717,00205450,287616,OK
11718,00205451,286046,OK
11719,00205452,286359,OK
11720,00205453,286904,OK
11721,00205454,287663,OK
11722,00205455,288902,OK
11723,00205456,289346,OK
11724,00205457,289290,OK
11725,00205458,288066,OK
11726,00205459,287934,OK
11727,00205460,287149,OK
11728,00205461,287254,OK
11729,00205462,287531,OK
11730,00205463,288573,OK
11731,00205464,289592,OK
11732,00205465,289902,OK
11733,00205466,289770,OK
11734,00205467,290238,OK
11735,00205468,289902,OK
11736,00205469,289497,OK
11737,00205470,288872,OK
11738,00205471,288519,OK
11739,00205472,288260,OK
11740,00205473,289380,OK
11741,00205474,289632,OK
11742,00205475,289742,OK
11743,00205476,290571,OK
11744,00205477,291754,OK
11745,00205478,291997,OK
11746,00205479,290371,OK
11747,00205480,289491,OK
11748,00205481,288962,OK
11749,00205482,288788,OK
11750,00205483,288469,OK
11751,00205484,288031,OK
11752,00205485,288014,OK
11753,00205486,288350,OK
11754,00205487,288236,OK
11755,00205488,289672,OK
11756,00205489,289799,OK
11757,00205490,289757,OK
11758,00205491,290057,OK
11759,00205492,289137,OK
11760,00205493,288987,OK
11761,00205494,289694,OK
11762,00205495,289811,OK
11763,00205496,290123,OK
11764,00205497,290027,OK
11765,00205498,289518,OK
11766,00205499,289201,OK
11767,00205500,288552,OK
11768,00205501,289520,OK
11769,00205502,289887,OK
11770,00205503,291085,OK
11771,00205504,291288,OK
11772,00205505,292017,OK
11773,00205506,293670,OK
11774,00205507,294591,OK
11775,00205508,294674,OK
11776,00205509,293680,OK
11777,00205510,293105,OK
11778,00205511,294046,OK
11779,00205512,294037,OK
11780,00205513,294426,OK
11781,00205514,295232,OK
11782,00205515,295091,OK
11783,00205516,295824,OK
11784,00205517,296108,OK
11785,00205518,296494,OK
11786,00205519,297247,OK
11787,00205520,297069,OK
11788,00205521,297547,OK
11789,00205522,297717,OK
11790,00205523,297769,OK
11791,00205524,298250,OK
11792,00205525,298185,OK
11793,00205526,299022,OK
11794,00205527,299422,OK
11795,00205528,298994,OK
11796,00205529,299098,OK
11797,00205530,298052,OK
11798,00205531,297015,OK
11799,00205532,297236,OK
11800,00205533,297452,OK
11801,00205534,297910,OK
11802,00205535,297929,OK
11803,00205536,298060,OK
11804,00205537,297576,OK
11805,00205538,297281,OK
11806,00205539,297372,OK
11807,00205540,297791,OK
11808,00205541,297313,OK
11809,00205542,297115,OK
11810,00205543,297135,OK
11811,00205544,296793,OK
11812,00205545,296269,OK
11813,00205546,296174,OK
11814,00205547,296020,OK
11815,00205548,295585,OK
11816,00205549,295322,OK
11817,00205550,295322,OK
11818,00205551,295791,OK
11819,00205552,295676,OK
11820,00205553,294659,OK
11821,00205554,295072,OK
11822,00205555,295446,OK
11823,00205556,295823,OK
11824,00205557,295951,OK
11825,00205558,296965,OK
11826,00205559,297304,OK
11827,00205560,240358,OK
11828,00205561,241161,OK
11829,00205562,240624,OK
11830,00205563,240279,OK
11831,00205564,241551,OK
11832,00205565,244105,OK
11833,00205566,243531,OK
11834,00205567,242253,OK
11835,00205568,241727,OK
11836,00205569,240354,OK
11837,00205570,239673,OK
11838,00205571,239254,OK
11839,00205572,239073,OK
11840,00205573,237186,OK
11841,00205574,235040,OK
11842,00205575,233820,OK
11843,00205576,232272,OK
11844,00205577,230866,OK
11845,00205578,229161,OK
11846,00205579,226288,OK
11847,00205580,225712,OK
11848,00205581,224806,OK
11849,00205582,223910,OK
11850,00205583,223852,OK
11851,00205584,223047,OK
11852,00205585,222801,OK
11853,00205586,224193,OK
11854,00205587,225399,OK
11855,00205588,226626,OK
11856,00205589,225765,OK
11857,00205590,227001,OK
11858,00205591,228159,OK
11859,00205592,228735,OK
11860,00205593,229652,OK
11861,00205594,229654,OK
11862,00205595,229325,OK
11863,00205596,229428,OK
11864,00205597,229870,OK
11865,00205598,230283,OK
11866,00205599,230371,OK
11867,00205600,229212,OK
11868,00205601,227920,OK
11869,00205602,225203,OK
11870,00205603,223382,OK
11871,00205604,221534,OK
11872,00205605,220404,OK
11873,00205606,220927,OK
11874,00205607,224455,OK
11875,00205608,231647,OK
11876,00205609,240529,OK
11877,00205610,241657,OK
11878,00205611,231255,OK
11879,00205612,218797,OK
11880,00205613,212366,OK
11881,00205614,208280,OK
11882,00205615,206304,OK
11883,00205616,206146,OK
11884,00205617,204889,OK
11885,00205618,203032,OK
11886,00205619,201440,OK
11887,00205620,199598,OK
11888,00205621,196905,OK
11889,00205622,194298,OK
11890,00205623,190634,OK
11891,00205624,188845,OK
11892,00205625,189360,OK
11893,00205626,190220,OK
11894,00205627,188979,OK
11895,00205628,186879,OK
11896,00205629,186059,OK
11897,00205630,188057,OK
11898,00205631,191848,OK
11899,00205632,194701,OK
11900,00205633,196163,OK
11901,00205634,196788,OK
11902,00205635,196870,OK
11903,00205636,199019,OK
11904,00205637,202327,OK
11905,00205638,206191,OK
11906,00205639,209021,OK
11907,00205640,210350,OK
11908,00205641,213648,OK
11909,00205642,218389,OK
11910,00205643,225476,OK
11911,00205644,228573,OK
11912,00205645,230589,OK
11913,00205646,231944,OK
11914,00205647,234248,OK
11915,00205648,235781,OK
11916,00205649,238104,OK
11917,00205650,240533,OK
11918,00205651,240532,OK
11919,00205652,240494,OK
11920,00205653,241248,OK
11921,00205654,243087,OK
11922,00205655,244803,OK
11923,00205656,245157,OK
11924,00205657,244782,OK
11925,00205658,242569,OK
11926,00205659,242521,OK
11927,00205660,245277,OK
11928,00205661,247230,OK
11929,00205662,248998,OK
11930,00205663,249782,OK
11931,00205664,248816,OK
11932,00205665,248145,OK
11933,00205666,247516,OK
11934,00205667,247538,OK
11935,00205668,246654,OK
11936,00205669,245377,OK
11937,00205670,244127,OK
11938,00205671,243509,OK
11939,00205672,241822,OK
11940,00205673,239667,OK
11941,00205674,238573,OK
11942,00205675,238118,OK
11943,00205676,238444,OK
11944,00205677,238597,OK
11945,00205678,237908,OK
11946,00205679,237555,OK
11947,00205680,237859,OK
11948,00205681,238717,OK
11949,00205682,238510,OK
11950,00205683,237901,OK
11951,00205684,237927,OK
11952,00205685,237438,OK
11953,00205686,238238,OK
11954,00205687,239000,OK
11955,00205688,239013,OK
11956,00205689,239419,OK
11957,00205690,238794,OK
11958,00205691,238448,OK
11959,00205692,237892,OK
11960,00205693,239359,OK
11961,00205694,240314,OK
11962,00205695,240545,OK
11963,00205696,241688,OK
11964,00205697,242163,OK
11965,00205698,245879,OK
11966,00205699,248289,OK
11967,00205700,252400,OK
11968,00205701,256218,OK
11969,00205702,260169,OK
11970,00205703,264297,OK
11971,00205704,267221,OK
11972,00205705,266379,OK
11973,00205706,265467,OK
11974,00205707,268987,OK
11975,00205708,277852,OK
11976,00205709,287650,OK
11977,00205710,286585,OK
11978,00205711,282484,OK
11979,00205712,279487,OK
11980,00205713,281463,OK
11981,00205714,283164,OK
11982,00205715,283995,OK
11983,00205716,284730,OK
11984,00205717,285677,OK
11985,00205718,286900,OK
11986,00205719,287020,OK
11987,00205720,286715,OK
11988,00205721,287117,OK
11989,00205722,287006,OK
11990,00205723,286659,OK
11991,00205724,287091,OK
11992,00205725,287495,OK
11993,00205726,287663,OK
11994,00205727,287923,OK
11995,00205728,288692,OK
11996,00205729,289733,OK
11997,00205730,290154,OK
11998,00205731,293616,OK
11999,00205732,294790,OK
12000,00205733,293986,OK
12001,00205734,294125,OK
12002,00205735,294830,OK
12003,00205736,295605,OK
12004,00205737,296784,OK
12005,00205738,297381,OK
12006,00205739,297928,OK
12007,00205740,298857,OK
12008,00205741,299486,OK
12009,00205742,300304,OK
12010,00205743,301215,OK
12011,00205744,301739,OK
12012,00205745,302095,OK
12013,00205746,302234,OK
12014,00205747,302139,OK
12015,00205748,303243,OK
12016,00205749,304475,OK
12017,00205750,303929,OK
12018,00205751,304085,OK
12019,00205752,305743,OK
12020,00205753,306498,OK
12021,00205754,306857,OK
12022,00205755,307061,OK
12023,00205756,306216,OK
12024,00205757,306941,OK
12025,00205758,308245,OK
12026,00205759,308770,OK
12027,00205760,309406,OK
12028,00205761,309241,OK
12029,00205762,308948,OK
12030,00205763,309795,OK
12031,00205764,310200,OK
12032,00205765,310790,OK
12033,00205766,310777,OK
12034,00205767,310712,OK
12035,00205768,310673,OK
12036,00205769,310287,OK
12037,00205770,311715,OK
12038,00205771,311418,OK
12039,00205772,310460,OK
12040,00205773,310116,OK
12041,00205774,310353,OK
12042,00205775,311389,OK
12043,00205776,311851,OK
12044,00205777,312010,OK
12045,00205778,311649,OK
12046,00205779,311556,OK
12047,00205780,311813,OK
12048,00205781,311955,OK
12049,00205782,311781,OK
12050,00205783,311901,OK
12051,00205784,312220,OK
12052,00205785,312566,OK
12053,00205786,312770,OK
12054,00205787,312965,OK
12055,00205788,312356,OK
12056,00205789,311581,OK
12057,00205790,312212,OK
12058,00205791,312521,OK
12059,00205792,312634,OK
12060,00205793,315336,OK
12061,00205794,315627,OK
12062,00205795,315750,OK
12063,00205796,316085,OK
12064,00205797,316203,OK
12065,00205798,316939,OK
12066,00205799,317897,OK
12067,00205800,318747,OK
12068,00205801,318879,OK
12069,00205802,319220,OK
12070,00205803,320006,OK
12071,00205804,320359,OK
12072,00205805,320633,OK
12073,00205806,320419,OK
12074,00205807,319821,OK
12075,00205808,319724,OK
12076,00205809,319410,OK
12077,00205810,319663,OK
12078,00205811,320960,OK
12079,00205812,321567,OK
12080,00205813,320366,OK
12081,00205814,319941,OK
12082,00205815,320610,OK
12083,00205816,308197,OK
12084,00205817,297411,OK
12085,00205818,296066,OK
12086,00205819,296027,OK
12087,00205820,295457,OK
12088,00205821,295965,OK
12089,00205822,295068,OK
12090,00205823,293167,OK
12091,00205824,291441,OK
12092,00205825,290038,OK
12093,00205826,291135,OK
12094,00205827,319526,OK
12095,00205828,319789,OK
12096,00205829,319971,OK
12097,00205830,320270,OK
12098,00205831,320141,OK
12099,00205832,320196,OK
12100,00205833,319173,OK
12101,00205834,317927,OK
12102,00205835,316793,OK
12103,00205836,316765,OK
12104,00205837,316523,OK
12105,00205838,317199,OK
12106,00205839,315469,OK
12107,00205840,315129,OK
12108,00205841,316356,OK
12109,00205842,317236,OK
12110,00205843,317479,OK
12111,00205844,317507,OK
12112,00205845,317264,OK
12113,00205846,317046,OK
12114,00205847,316895,OK
12115,00205848,316491,OK
12116,00205849,316309,OK
12117,00205850,313910,OK
12118,00205851,313249,OK
12119,00205852,313193,OK
12120,00205853,313504,OK
12121,00205854,313476,OK
12122,00205855,313997,OK
12123,00205856,313872,OK
12124,00205857,313490,OK
12125,00205858,313023,OK
12126,00205859,312023,OK
12127,00205860,311321,OK
12128,00205861,311979,OK
12129,00205862,311516,OK
12130,00205863,310206,OK
12131,00205864,310357,OK
12132,00205865,309844,OK
12133,00205866,309176,OK
12134,00205867,307921,OK
12135,00205868,306430,OK
12136,00205869,304324,OK
12137,00205870,303979,OK
12138,00205871,303381,OK
12139,00205872,302175,OK
12140,00205873,300767,OK
12141,00205874,298603,OK
12142,00205875,298907,OK
12143,00205876,299310,OK
12144,00205877,299754,OK
12145,00205878,298803,OK
12146,00205879,297300,OK
12147,00205880,295584,OK
12148,00205881,296474,OK
12149,00205882,295897,OK
12150,00205883,295505,OK
12151,00205884,295350,OK
12152,00205885,294938,OK
12153,00205886,293309,OK
12154,00205887,292421,OK
12155,00205888,291575,OK
12156,00205889,291291,OK
12157,00205890,290791,OK
12158,00205891,290123,OK
12159,00205892,287374,OK
12160,00205893,287853,OK
12161,00205894,287997,OK
12162,00205895,287488,OK
12163,00205896,285960,OK
12164,00205897,284186,OK
12165,00205898,282598,OK
12166,00205899,282529,OK
12167,00205900,280911,OK
12168,00205901,279954,OK
12169,00205902,280489,OK
12170,00205903,281889,OK
12171,00205904,281780,OK
12172,00205905,282614,OK
12173,00205906,283331,OK
12174,00205907,282008,OK
12175,00205908,279484,OK
12176,00205909,276954,OK
12177,00205910,274796,OK
12178,00205911,277195,OK
12179,00205912,278977,OK
12180,00205913,280132,OK
12181,00205914,280187,OK
12182,00205915,279902,OK
12183,00205916,280773,OK
12184,00205917,281764,OK
12185,00205918,282099,OK
12186,00205919,283307,OK
12187,00205920,283787,OK
12188,00205921,283590,OK
12189,00205922,283433,OK
12190,00205923,282955,OK
12191,00205924,283179,OK
12192,00205925,284030,OK
12193,00205926,283946,OK
12194,00205927,283782,OK
12195,00205928,285185,OK
12196,00205929,286121,OK
12197,00205930,286257,OK
12198,00205931,287067,OK
12199,00205932,287487,OK
12200,00205933,286010,OK
12201,00205934,283439,OK
12202,00205935,281595,OK
12203,00205936,280332,OK
12204,00205937,278891,OK
12205,00205938,277251,OK
12206,00205939,276807,OK
12207,00205940,275945,OK
12208,00205941,274260,OK
12209,00205942,274996,OK
12210,00205943,275268,OK
12211,00205944,275253,OK
12212,00205945,274800,OK
12213,00205946,274495,OK
12214,00205947,275602,OK
12215,00205948,275818,OK
12216,00205949,275497,OK
12217,00205950,275962,OK
12218,00205951,276067,OK
12219,00205952,275588,OK
12220,00205953,275434,OK
12221,00205954,276223,OK
12222,00205955,277190,OK
12223,00205956,277186,OK
12224,00205957,276985,OK
12225,00205958,278134,OK
12226,00205959,279785,OK
12227,00205960,279955,OK
12228,00205961,280338,OK
12229,00205962,280574,OK
12230,00205963,281754,OK
12231,00205964,281396,OK
12232,00205965,281027,OK
12233,00205966,278863,OK
12234,00205967,279646,OK
12235,00205968,279744,OK
12236,00205969,280296,OK
12237,00205970,281879,OK
12238,00205971,281869,OK
12239,00205972,282440,OK
12240,00205973,281836,OK
12241,00205974,277980,OK
12242,00205975,270017,OK
12243,00205976,267940,OK
12244,00205977,266775,OK
12245,00205978,264261,OK
12246,00205979,263298,OK
12247,00205980,268614,OK
12248,00205981,276916,OK
12249,00205982,281009,OK
12250,00205983,278467,OK
12251,00205984,268662,OK
12252,00205985,264049,OK
12253,00205986,264811,OK
12254,00205987,263261,OK
12255,00205988,259299,OK
12256,00205989,257333,OK
12257,00205990,259725,OK
12258,00205991,263092,OK
12259,00205992,266390,OK
12260,00205993,267193,OK
12261,00205994,256304,OK
12262,00205995,246044,OK
12263,00205996,237616,OK
12264,00205997,234270,OK
12265,00205998,232999,OK
12266,00205999,236608,OK
12267,00206000,238917,OK
12268,00206001,298206,OK
12269,00206002,297967,OK
12270,00206003,298093,OK
12271,00206004,298147,OK
12272,00206005,297925,OK
12273,00206006,297757,OK
12274,00206007,297828,OK
12275,00206008,297522,OK
12276,00206009,297312,OK
12277,00206010,296879,OK
12278,00206011,296564,OK
12279,00206012,296361,OK
12280,00206013,295946,OK
12281,00206014,295883,OK
12282,00206015,295732,OK
12283,00206016,295711,OK
12284,00206017,295688,OK
12285,00206018,296005,OK
12286,00206019,296034,OK
12287,00206020,296291,OK
12288,00206021,295906,OK
12289,00206022,295516,OK
12290,00206023,294857,OK
12291,00206024,294281,OK
12292,00206025,293951,OK
12293,00206026,293483,OK
12294,00206027,292642,OK
12295,00206028,291891,OK
12296,00206029,291485,OK
12297,00206030,290913,OK
12298,00206031,290702,OK
12299,00206032,290545,OK
12300,00206033,290251,OK
12301,00206034,290507,OK
12302,00206035,290806,OK
12303,00206036,290929,OK
12304,00206037,291204,OK
12305,00206038,291102,OK
12306,00206039,290806,OK
12307,00206040,290514,OK
12308,00206041,290592,OK
12309,00206042,290315,OK
12310,00206043,290466,OK
12311,00206044,290480,OK
12312,00206045,290586,OK
12313,00206046,290556,OK
12314,00206047,290552,OK
12315,00206048,290873,OK
12316,00206049,290623,OK
12317,00206050,290663,OK
12318,00206051,290746,OK
12319,00206052,290495,OK
12320,00206053,290945,OK
12321,00206054,291320,OK
12322,00206055,291325,OK
12323,00206056,291817,OK
12324,00206057,292010,OK
12325,00206058,292239,OK
12326,00206059,292260,OK
12327,00206060,292383,OK
12328,00206061,292316,OK
12329,00206062,291959,OK
12330,00206063,291428,OK
12331,00206064,291222,OK
12332,00206065,291237,OK
12333,00206066,291543,OK
12334,00206067,291706,OK
12335,00206068,292212,OK
12336,00206069,292291,OK
12337,00206070,292611,OK
12338,00206071,293063,OK
12339,00206072,293202,OK
12340,00206073,293278,OK
12341,00206074,293027,OK
12342,00206075,292838,OK
12343,00206076,292436,OK
12344,00206077,292237,OK
12345,00206078,291672,OK
12346,00206079,291533,OK
12347,00206080,291410,OK
12348,00206081,291037,OK
12349,00206082,290921,OK
12350,00206083,290831,OK
12351,00206084,290964,OK
12352,00206085,291110,OK
12353,00206086,291458,OK
12354,00206087,291762,OK
12355,00206088,291766,OK
12356,00206089,292318,OK
12357,00206090,292494,OK
12358,00206091,292825,OK
12359,00206092,293386,OK
12360,00206093,293455,OK
12361,00206094,293840,OK
12362,00206095,294074,OK
12363,00206096,294147,OK
12364,00206097,294508,OK
12365,00206098,294576,OK
12366,00206099,294823,OK
12367,00206100,294670,OK
12368,00206101,294784,OK
12369,00206102,294935,OK
12370,00206103,294955,OK
12371,00206104,295133,OK
12372,00206105,295119,OK
12373,00206106,295015,OK
12374,00206107,294641,OK
12375,00206108,294894,OK
12376,00206109,294832,OK
12377,00206110,294846,OK
12378,00206111,295045,OK
12379,00206112,295355,OK
12380,00206113,295796,OK
12381,00206114,295851,OK
12382,00206115,295538,OK
12383,00206116,295813,OK
12384,00206117,296251,OK
12385,00206118,296596,OK
12386,00206119,296570,OK
12387,00206120,297416,OK
12388,00206121,297905,OK
12389,00206122,297979,OK
12390,00206123,297962,OK
12391,00206124,298128,OK
12392,00206125,298031,OK
12393,00206126,297860,OK
12394,00206127,298257,OK
12395,00206128,298159,OK
12396,00206129,298169,OK
12397,00206130,298030,OK
12398,00206131,298089,OK
12399,00206132,298150,OK
12400,00206133,298360,OK
12401,00206134,298533,OK
12402,00206135,298514,OK
12403,00206136,298820,OK
12404,00206137,298833,OK
12405,00206138,299076,OK
12406,00206139,299170,OK
12407,00206140,299117,OK
12408,00206141,299529,OK
12409,00206142,299932,OK
12410,00206143,300126,OK
12411,00206144,300492,OK
12412,00206145,300783,OK
12413,00206146,301085,OK
12414,00206147,301420,OK
12415,00206148,301494,OK
12416,00206149,301534,OK
12417,00206150,301409,OK
12418,00206151,301670,OK
12419,00206152,301941,OK
12420,00206153,302009,OK
12421,00206154,302148,OK
12422,00206155,302435,OK
12423,00206156,303622,OK
12424,00206157,304180,OK
12425,00206158,303977,OK
12426,00206159,303459,OK
12427,00206160,303098,OK
12428,00206161,302494,OK
12429,00206162,302322,OK
12430,00206163,302479,OK
12431,00206164,302312,OK
12432,00206165,302374,OK
12433,00206166,302517,OK
12434,00206167,302388,OK
12435,00206168,302419,OK
12436,00206169,302588,OK
12437,00206170,302373,OK
12438,00206171,302061,OK
12439,00206172,302786,OK
12440,00206173,303010,OK
12441,00206174,302702,OK
12442,00206175,302277,OK
12443,00206176,302433,OK
12444,00206177,301825,OK
12445,00206178,301614,OK
12446,00206179,301460,OK
12447,00206180,300983,OK
12448,00206181,301058,OK
12449,00206182,301047,OK
12450,00206183,301243,OK
12451,00206184,301285,OK
12452,00206185,302078,OK
12453,00206186,302326,OK
12454,00206187,302503,OK
12455,00206188,303024,OK
12456,00206189,303171,OK
12457,00206190,303662,OK
12458,00206191,303993,OK
12459,00206192,303961,OK
12460,00206193,303906,OK
12461,00206194,304133,OK
12462,00206195,304352,OK
12463,00206196,304782,OK
12464,00206197,305091,OK
12465,00206198,305136,OK
12466,00206199,305189,OK
12467,00206200,305765,OK
12468,00206201,306410,OK
12469,00206202,306639,OK
12470,00206203,307269,OK
12471,00206204,307841,OK
12472,00206205,308025,OK
12473,00206206,308049,OK
12474,00206207,307988,OK
12475,00206208,308196,OK
12476,00206209,308266,OK
12477,00206210,308799,OK
12478,00206211,308743,OK
12479,00206212,308719,OK
12480,00206213,309078,OK
12481,00206214,309831,OK
12482,00206215,310388,OK
12483,00206216,310637,OK
12484,00206217,311394,OK
12485,00206218,311745,OK
12486,00206219,312008,OK
12487,00206220,311957,OK
12488,00206221,312033,OK
12489,00206222,312010,OK
12490,00206223,311937,OK
12491,00206224,311579,OK
12492,00206225,311498,OK
12493,00206226,311072,OK
12494,00206227,311205,OK
12495,00206228,310869,OK
12496,00206229,310785,OK
12497,00206230,310731,OK
12498,00206231,310980,OK
12499,00206232,311070,OK
12500,00206233,310901,OK
12501,00206234,310694,OK
12502,00206235,309530,OK
12503,00206236,308589,OK
12504,00206237,307661,OK
12505,00206238,306939,OK
12506,00206239,306502,OK
12507,00206240,306215,OK
12508,00206241,306304,OK
12509,00206242,306696,OK
12510,00206243,307015,OK
12511,00206244,307271,OK
12512,00206245,307578,OK
12513,00206246,307532,OK
12514,00206247,308122,OK
12515,00206248,310034,OK
12516,00206249,310427,OK
12517,00206250,310635,OK
12518,00206251,310179,OK
12519,00206252,309537,OK
12520,00206253,309547,OK
12521,00206254,309240,OK
12522,00206255,309045,OK
12523,00206256,309359,OK
12524,00206257,310085,OK
12525,00206258,310761,OK
12526,00206259,311205,OK
12527,00206260,311019,OK
12528,00206261,311178,OK
12529,00206262,310806,OK
12530,00206263,310344,OK
12531,00206264,309912,OK
12532,00206265,309714,OK
12533,00206266,309208,OK
12534,00206267,308539,OK
12535,00206268,308090,OK
12536,00206269,307997,OK
12537,00206270,310132,OK
12538,00206271,310812,OK
12539,00206272,310970,OK
12540,00206273,310911,OK
12541,00206274,311149,OK
12542,00206275,311126,OK
12543,00206276,310567,OK
12544,00206277,310697,OK
12545,00206278,310429,OK
12546,00206279,310149,OK
12547,00206280,309427,OK
12548,00206281,309298,OK
12549,00206282,309413,OK
12550,00206283,309811,OK
12551,00206284,309846,OK
12552,00206285,310154,OK
12553,00206286,309851,OK
12554,00206287,309867,OK
12555,00206288,309985,OK
12556,00206289,309982,OK
12557,00206290,309897,OK
12558,00206291,309423,OK
12559,00206292,308982,OK
12560,00206293,308514,OK
12561,00206294,308370,OK
12562,00206295,308276,OK
12563,00206296,308202,OK
12564,00206297,308400,OK
12565,00206298,308598,OK
12566,00206299,308929,OK
12567,00206300,309356,OK
12568,00206301,309161,OK
12569,00206302,309163,OK
12570,00206303,309185,OK
12571,00206304,309003,OK
12572,00206305,308438,OK
12573,00206306,307115,OK
12574,00206307,305402,OK
12575,00206308,303866,OK
12576,00206309,302980,OK
12577,00206310,302350,OK
12578,00206311,301421,OK
12579,00206312,299706,OK
12580,00206313,298972,OK
12581,00206314,298251,OK
12582,00206315,297347,OK
12583,00206316,296161,OK
12584,00206317,295108,OK
12585,00206318,294891,OK
12586,00206319,294678,OK
12587,00206320,294431,OK
12588,00206321,294595,OK
12589,00206322,294982,OK
12590,00206323,295129,OK
12591,00206324,295314,OK
12592,00206325,295907,OK
12593,00206326,296691,OK
12594,00206327,297695,OK
12595,00206328,298619,OK
12596,00206329,298749,OK
12597,00206330,298619,OK
12598,00206331,298663,OK
12599,00206332,299043,OK
12600,00206333,301362,OK
12601,00206334,303749,OK
12602,00206335,304586,OK
12603,00206336,305105,OK
12604,00206337,304717,OK
12605,00206338,303688,OK
12606,00206339,302892,OK
12607,00206340,301925,OK
12608,00206341,300605,OK
12609,00206342,298640,OK
12610,00206343,297632,OK
12611,00206344,296282,OK
12612,00206345,296169,OK
12613,00206346,297007,OK
12614,00206347,297723,OK
12615,00206348,297771,OK
12616,00206349,296679,OK
12617,00206350,298461,OK
12618,00206351,298471,OK
12619,00206352,298063,OK
12620,00206353,297045,OK
12621,00206354,297339,OK
12622,00206355,296750,OK
12623,00206356,299649,OK
12624,00206357,306562,OK
12625,00206358,306455,OK
12626,00206359,305825,OK
12627,00206360,303842,OK
12628,00206361,302438,OK
12629,00206362,301355,OK
12630,00206363,301064,OK
12631,00206364,301283,OK
12632,00206365,301942,OK
12633,00206366,301909,OK
12634,00206367,302384,OK
12635,00206368,302721,OK
12636,00206369,302565,OK
12637,00206370,302902,OK
12638,00206371,302906,OK
12639,00206372,302916,OK
12640,00206373,302318,OK
12641,00206374,302486,OK
12642,00206375,303054,OK
12643,00206376,303099,OK
12644,00206377,302657,OK
12645,00206378,301325,OK
12646,00206379,300128,OK
12647,00206380,299280,OK
12648,00206381,299413,OK
12649,00206382,299214,OK
12650,00206383,299429,OK
12651,00206384,299505,OK
12652,00206385,299499,OK
12653,00206386,299704,OK
12654,00206387,299767,OK
12655,00206388,299767,OK
12656,00206389,299740,OK
12657,00206390,299928,OK
12658,00206391,300051,OK
12659,00206392,299439,OK
12660,00206393,298754,OK
12661,00206394,298502,OK
12662,00206395,298952,OK
12663,00206396,299653,OK
12664,00206397,299910,OK
12665,00206398,300227,OK
12666,00206399,300154,OK
12667,00206400,300537,OK
12668,00206401,300692,OK
12669,00206402,300897,OK
12670,00206403,300419,OK
12671,00206404,300136,OK
12672,00206405,299764,OK
12673,00206406,299640,OK
12674,00206407,299645,OK
12675,00206408,299627,OK
12676,00206409,299223,OK
12677,00206410,298756,OK
12678,00206411,298699,OK
12679,00206412,298426,OK
12680,00206413,298679,OK
12681,00206414,298487,OK
12682,00206415,297787,OK
12683,00206416,297205,OK
12684,00206417,296616,OK
12685,00206418,296624,OK
12686,00206419,296358,OK
12687,00206420,296034,OK
12688,00206421,296148,OK
12689,00206422,296145,OK
12690,00206423,297162,OK
12691,00206424,297204,OK
12692,00206425,297416,OK
12693,00206426,297529,OK
12694,00206427,297190,OK
12695,00206428,296369,OK
12696,00206429,295761,OK
12697,00206430,295315,OK
12698,00206431,295328,OK
12699,00206432,244530,OK
12700,00206433,244629,OK
12701,00206434,244585,OK
12702,00206435,244397,OK
12703,00206436,244642,OK
12704,00206437,244448,OK
12705,00206438,244542,OK
12706,00206439,244541,OK
12707,00206440,244516,OK
12708,00206441,244742,OK
12709,00206442,244862,OK
12710,00206443,244684,OK
12711,00206444,244515,OK
12712,00206445,244551,OK
12713,00206446,244474,OK
12714,00206447,244810,OK
12715,00206448,244661,OK
12716,00206449,244539,OK
12717,00206450,244625,OK
12718,00206451,244824,OK
12719,00206452,244663,OK
12720,00206453,244513,OK
12721,00206454,244636,OK
12722,00206455,244750,OK
12723,00206456,244636,OK
12724,00206457,244620,OK
12725,00206458,244750,OK
12726,00206459,244460,OK
12727,00206460,244533,OK
12728,00206461,244539,OK
12729,00206462,244835,OK
12730,00206463,244773,OK
12731,00206464,244606,OK
12732,00206465,244606,OK
12733,00206466,244715,OK
12734,00206467,244772,OK
12735,00206468,244714,OK
12736,00206469,244736,OK
12737,00206470,244678,OK
12738,00206471,244632,OK
12739,00206472,244954,OK
12740,00206473,244782,OK
12741,00206474,244777,OK
12742,00206475,244723,OK
12743,00206476,244631,OK
12744,00206477,244529,OK
12745,00206478,244689,OK
12746,00206479,244793,OK
12747,00206480,244727,OK
12748,00206481,244749,OK
12749,00206482,244572,OK
12750,00206483,244681,OK
12751,00206484,245095,OK
12752,00206485,245195,OK
12753,00206486,245391,OK
12754,00206487,245667,OK
12755,00206488,245904,OK
12756,00206489,246264,OK
12757,00206490,246494,OK
12758,00206491,247150,OK
12759,00206492,247770,OK
12760,00206493,247900,OK
12761,00206494,247978,OK
12762,00206495,247572,OK
12763,00206496,247349,OK
12764,00206497,246707,OK
12765,00206498,246433,OK
12766,00206499,245776,OK
12767,00206500,245318,OK
12768,00206501,244834,OK
12769,00206502,244140,OK
12770,00206503,243674,OK
12771,00206504,242888,OK
12772,00206505,242497,OK
12773,00206506,241487,OK
12774,00206507,240685,OK
12775,00206508,240134,OK
12776,00206509,239613,OK
12777,00206510,239147,OK
12778,00206511,238596,OK
12779,00206512,238162,OK
12780,00206513,237817,OK
12781,00206514,237180,OK
12782,00206515,236443,OK
12783,00206516,235842,OK
12784,00206517,235095,OK
12785,00206518,234538,OK
12786,00206519,233878,OK
12787,00206520,232797,OK
12788,00206521,231505,OK
12789,00206522,230301,OK
12790,00206523,229597,OK
12791,00206524,228375,OK
12792,00206525,226410,OK
12793,00206526,224580,OK
12794,00206527,224951,OK
12795,00206528,225038,OK
12796,00206529,227808,OK
12797,00206530,231136,OK
12798,00206531,235121,OK
12799,00206532,239159,OK
12800,00206533,243880,OK
12801,00206534,248063,OK
12802,00206535,252558,OK
12803,00206536,256595,OK
12804,00206537,260620,OK
12805,00206538,264818,OK
12806,00206539,269586,OK
12807,00206540,273578,OK
12808,00206541,276355,OK
12809,00206542,276106,OK
12810,00206543,275795,OK
12811,00206544,275714,OK
12812,00206545,275637,OK
12813,00206546,275420,OK
12814,00206547,275005,OK
12815,00206548,274493,OK
12816,00206549,274429,OK
12817,00206550,274615,OK
12818,00206551,274641,OK
12819,00206552,274125,OK
12820,00206553,273404,OK
12821,00206554,273079,OK
12822,00206555,272620,OK
12823,00206556,272113,OK
12824,00206557,271824,OK
12825,00206558,271518,OK
12826,00206559,271336,OK
12827,00206560,270807,OK
12828,00206561,270111,OK
12829,00206562,269225,OK
12830,00206563,268283,OK
12831,00206564,268518,OK
12832,00206565,268358,OK
12833,00206566,268337,OK
12834,00206567,268034,OK
12835,00206568,267437,OK
12836,00206569,267061,OK
12837,00206570,267034,OK
12838,00206571,266828,OK
12839,00206572,267022,OK
12840,00206573,266738,OK
12841,00206574,266101,OK
12842,00206575,265702,OK
12843,00206576,264984,OK
12844,00206577,264760,OK
12845,00206578,264499,OK
12846,00206579,263942,OK
12847,00206580,263488,OK
12848,00206581,262905,OK
12849,00206582,263080,OK
12850,00206583,262953,OK
12851,00206584,263255,OK
12852,00206585,263157,OK
12853,00206586,262840,OK
12854,00206587,262748,OK
12855,00206588,262909,OK
12856,00206589,262725,OK
12857,00206590,262319,OK
12858,00206591,262448,OK
12859,00206592,261865,OK
12860,00206593,261661,OK
12861,00206594,261266,OK
12862,00206595,260350,OK
12863,00206596,260102,OK
12864,00206597,260761,OK
12865,00206598,260765,OK
12866,00206599,261205,OK
12867,00206600,261143,OK
12868,00206601,261109,OK
12869,00206602,261234,OK
12870,00206603,261646,OK
12871,00206604,261732,OK
12872,00206605,261954,OK
12873,00206606,262198,OK
12874,00206607,262254,OK
12875,00206608,262539,OK
12876,00206609,262722,OK
12877,00206610,262774,OK
12878,00206611,262773,OK
12879,00206612,263081,OK
12880,00206613,263238,OK
12881,00206614,263738,OK
12882,00206615,264171,OK
12883,00206616,264135,OK
12884,00206617,264389,OK
12885,00206618,264766,OK
12886,00206619,264867,OK
12887,00206620,265322,OK
12888,00206621,265743,OK
12889,00206622,266413,OK
12890,00206623,266609,OK
12891,00206624,266400,OK
12892,00206625,266906,OK
12893,00206626,266719,OK
12894,00206627,266621,OK
12895,00206628,267035,OK
12896,00206629,267434,OK
12897,00206630,266798,OK
12898,00206631,266350,OK
12899,00206632,264979,OK
12900,00206633,263598,OK
12901,00206634,262770,OK
12902,00206635,261613,OK
12903,00206636,261329,OK
12904,00206637,260762,OK
12905,00206638,260831,OK
12906,00206639,261271,OK
12907,00206640,263161,OK
12908,00206641,264717,OK
12909,00206642,264361,OK
12910,00206643,263267,OK
12911,00206644,263350,OK
12912,00206645,263626,OK
12913,00206646,264246,OK
12914,00206647,264485,OK
12915,00206648,264882,OK
12916,00206649,264959,OK
12917,00206650,265518,OK
12918,00206651,265735,OK
12919,00206652,265531,OK
12920,00206653,265931,OK
12921,00206654,265697,OK
12922,00206655,265105,OK
12923,00206656,265119,OK
12924,00206657,264488,OK
12925,00206658,264252,OK
12926,00206659,264087,OK
12927,00206660,263511,OK
12928,00206661,264022,OK
12929,00206662,263867,OK
12930,00206663,263572,OK
12931,00206664,263612,OK
12932,00206665,264021,OK
12933,00206666,263771,OK
12934,00206667,264164,OK
12935,00206668,264187,OK
12936,00206669,264124,OK
12937,00206670,264488,OK
12938,00206671,264447,OK
12939,00206672,264373,OK
12940,00206673,263600,OK
12941,00206674,263237,OK
12942,00206675,262292,OK
12943,00206676,261824,OK
12944,00206677,261335,OK
12945,00206678,262026,OK
12946,00206679,262794,OK
12947,00206680,263264,OK
12948,00206681,264213,OK
12949,00206682,265298,OK
12950,00206683,266196,OK
12951,00206684,267097,OK
12952,00206685,267272,OK
12953,00206686,267085,OK
12954,00206687,266955,OK
12955,00206688,265956,OK
12956,00206689,265488,OK
12957,00206690,264476,OK
12958,00206691,263520,OK
12959,00206692,261759,OK
12960,00206693,261890,OK
12961,00206694,263261,OK
12962,00206695,264208,OK
12963,00206696,264814,OK
12964,00206697,264705,OK
12965,00206698,264730,OK
12966,00206699,262299,OK
12967,00206700,262717,OK
12968,00206701,262760,OK
12969,00206702,264181,OK
12970,00206703,263907,OK
12971,00206704,262757,OK
12972,00206705,263004,OK
12973,00206706,264010,OK
12974,00206707,263937,OK
12975,00206708,264532,OK
12976,00206709,265065,OK
12977,00206710,265540,OK
12978,00206711,264963,OK
12979,00206712,264466,OK
12980,00206713,263420,OK
12981,00206714,263807,OK
12982,00206715,264186,OK
12983,00206716,263041,OK
12984,00206717,261434,OK
12985,00206718,262209,OK
12986,00206719,263523,OK
12987,00206720,263980,OK
12988,00206721,265291,OK
12989,00206722,264698,OK
12990,00206723,264145,OK
12991,00206724,264327,OK
12992,00206725,263903,OK
12993,00206726,264438,OK
12994,00206727,264545,OK
12995,00206728,265092,OK
12996,00206729,266093,OK
12997,00206730,265961,OK
12998,00206731,265944,OK
12999,00206732,267302,OK
13000,00206733,266905,OK
13001,00206734,267178,OK
13002,00206735,266323,OK
13003,00206736,267015,OK
13004,00206737,266934,OK
13005,00206738,266487,OK
13006,00206739,266342,OK
13007,00206740,267309,OK
13008,00206741,268598,OK
13009,00206742,268856,OK
13010,00206743,269098,OK
13011,00206744,270224,OK
13012,00206745,271190,OK
13013,00206746,271331,OK
13014,00206747,271141,OK
13015,00206748,270816,OK
13016,00206749,272437,OK
13017,00206750,273665,OK
13018,00206751,274407,OK
13019,00206752,275441,OK
13020,00206753,275661,OK
13021,00206754,276159,OK
13022,00206755,277269,OK
13023,00206756,277980,OK
13024,00206757,278758,OK
13025,00206758,279556,OK
13026,00206759,280293,OK
13027,00206760,280891,OK
13028,00206761,280866,OK
13029,00206762,280581,OK
13030,00206763,280233,OK
13031,00206764,279894,OK
13032,00206765,279780,OK
13033,00206766,280319,OK
13034,00206767,280949,OK
13035,00206768,280831,OK
13036,00206769,279722,OK
13037,00206770,279325,OK
13038,00206771,280596,OK
13039,00206772,280436,OK
13040,00206773,279883,OK
13041,00206774,279944,OK
13042,00206775,279919,OK
13043,00206776,279607,OK
13044,00206777,279641,OK
13045,00206778,280635,OK
13046,00206779,281405,OK
13047,00206780,281731,OK
13048,00206781,282044,OK
13049,00206782,281956,OK
13050,00206783,282631,OK
13051,00206784,283195,OK
13052,00206785,283756,OK
13053,00206786,284251,OK
13054,00206787,284331,OK
13055,00206788,284501,OK
13056,00206789,283934,OK
13057,00206790,283476,OK
13058,00206791,284068,OK
13059,00206792,284249,OK
13060,00206793,284344,OK
13061,00206794,283556,OK
13062,00206795,282548,OK
13063,00206796,282641,OK
13064,00206797,282546,OK
13065,00206798,282787,OK
13066,00206799,282831,OK
13067,00206800,283094,OK
13068,00206801,283013,OK
13069,00206802,282462,OK
13070,00206803,282104,OK
13071,00206804,281204,OK
13072,00206805,281088,OK
13073,00206806,281235,OK
13074,00206807,282100,OK
13075,00206808,282790,OK
13076,00206809,283390,OK
13077,00206810,283352,OK
13078,00206811,282913,OK
13079,00206812,282252,OK
13080,00206813,281433,OK
13081,00206814,281251,OK
13082,00206815,281390,OK
13083,00206816,281453,OK
13084,00206817,280999,OK
13085,00206818,281031,OK
13086,00206819,280486,OK
13087,00206820,279408,OK
13088,00206821,278634,OK
13089,00206822,277782,OK
13090,00206823,278180,OK
13091,00206824,279437,OK
13092,00206825,280132,OK
13093,00206826,281289,OK
13094,00206827,281466,OK
13095,00206828,281488,OK
13096,00206829,281455,OK
13097,00206830,280874,OK
13098,00206831,280436,OK
13099,00206832,280432,OK
13100,00206833,280435,OK
13101,00206834,280475,OK
13102,00206835,279916,OK
13103,00206836,279897,OK
13104,00206837,280314,OK
13105,00206838,280901,OK
13106,00206839,280730,OK
13107,00206840,280701,OK
13108,00206841,280512,OK
13109,00206842,281220,OK
13110,00206843,281805,OK
13111,00206844,282157,OK
13112,00206845,282069,OK
13113,00206846,282466,OK
13114,00206847,283353,OK
13115,00206848,283612,OK
13116,00206849,284358,OK
13117,00206850,284298,OK
13118,00206851,284576,OK
13119,00206852,284656,OK
13120,00206853,284727,OK
13121,00206854,284524,OK
13122,00206855,284485,OK
13123,00206856,284091,OK
13124,00206857,284426,OK
13125,00206858,284545,OK
13126,00206859,284422,OK
13127,00206860,284128,OK
13128,00206861,283855,OK
13129,00206862,284796,OK
13130,00206863,284689,OK
13131,00206864,285022,OK
13132,00206865,285061,OK
13133,00206866,285026,OK
13134,00206867,285378,OK
13135,00206868,285687,OK
13136,00206869,286066,OK
13137,00206870,285984,OK
13138,00206871,286349,OK
13139,00206872,286284,OK
13140,00206873,286324,OK
13141,00206874,287092,OK
13142,00206875,286817,OK
13143,00206876,286375,OK
13144,00206877,286306,OK
13145,00206878,286468,OK
13146,00206879,286865,OK
13147,00206880,287065,OK
13148,00206881,287299,OK
13149,00206882,287347,OK
13150,00206883,287934,OK
13151,00206884,288306,OK
13152,00206885,288714,OK
13153,00206886,288710,OK
13154,00206887,288422,OK
13155,00206888,287814,OK
13156,00206889,286282,OK
13157,00206890,284815,OK
13158,00206891,283885,OK
13159,00206892,283066,OK
13160,00206893,281858,OK
13161,00206894,281004,OK
13162,00206895,280480,OK
13163,00206896,279363,OK
13164,00206897,278836,OK
13165,00206898,278020,OK
13166,00206899,277577,OK
13167,00206900,277301,OK
13168,00206901,276180,OK
13169,00206902,274581,OK
13170,00206903,274505,OK
13171,00206904,273634,OK
13172,00206905,272339,OK
13173,00206906,272004,OK
13174,00206907,271505,OK
13175,00206908,271000,OK
13176,00206909,270790,OK
13177,00206910,270244,OK
13178,00206911,270700,OK
13179,00206912,269622,OK
13180,00206913,269077,OK
13181,00206914,269951,OK
13182,00206915,269155,OK
13183,00206916,268129,OK
13184,00206917,268272,OK
13185,00206918,267322,OK
13186,00206919,266185,OK
13187,00206920,265214,OK
13188,00206921,264643,OK
13189,00206922,265196,OK
13190,00206923,264294,OK
13191,00206924,263828,OK
13192,00206925,263689,OK
13193,00206926,263743,OK
13194,00206927,263620,OK
13195,00206928,263571,OK
13196,00206929,263019,OK
13197,00206930,263271,OK
13198,00206931,264520,OK
13199,00206932,263933,OK
13200,00206933,263054,OK
13201,00206934,262912,OK
13202,00206935,263165,OK
13203,00206936,263493,OK
13204,00206937,263967,OK
13205,00206938,264862,OK
13206,00206939,265191,OK
13207,00206940,265085,OK
13208,00206941,265435,OK
13209,00206942,266592,OK
13210,00206943,268354,OK
13211,00206944,267429,OK
13212,00206945,265335,OK
13213,00206946,260648,OK
13214,00206947,259440,OK
13215,00206948,257454,OK
13216,00206949,256761,OK
13217,00206950,255488,OK
13218,00206951,254333,OK
13219,00206952,253028,OK
13220,00206953,252881,OK
13221,00206954,252157,OK
13222,00206955,250688,OK
13223,00206956,248258,OK
13224,00206957,246876,OK
13225,00206958,246418,OK
13226,00206959,245974,OK
13227,00206960,245085,OK
13228,00206961,244224,OK
13229,00206962,243323,OK
13230,00206963,243446,OK
13231,00206964,243347,OK
13232,00206965,242922,OK
13233,00206966,242625,OK
13234,00206967,242706,OK
13235,00206968,242852,OK
13236,00206969,243056,OK
13237,00206970,244118,OK
13238,00206971,244670,OK
13239,00206972,244231,OK
13240,00206973,244576,OK
13241,00206974,245076,OK
13242,00206975,245354,OK
13243,00206976,246035,OK
13244,00206977,245839,OK
13245,00206978,245878,OK
13246,00206979,245416,OK
13247,00206980,245905,OK
13248,00206981,246028,OK
13249,00206982,246806,OK
13250,00206983,247152,OK
13251,00206984,247354,OK
13252,00206985,247459,OK
13253,00206986,247806,OK
13254,00206987,248913,OK
13255,00206988,248608,OK
13256,00206989,249746,OK
13257,00206990,250674,OK
13258,00206991,251178,OK
13259,00206992,251089,OK
13260,00206993,249995,OK
13261,00206994,249170,OK
13262,00206995,249022,OK
13263,00206996,251305,OK
13264,00206997,253042,OK
13265,00206998,253635,OK
13266,00206999,253630,OK
13267,00207000,253804,OK
13268,00207001,254008,OK
13269,00207002,255071,OK
13270,00207003,256782,OK
13271,00207004,259024,OK
13272,00207005,259898,OK
13273,00207006,260793,OK
13274,00207007,260473,OK
13275,00207008,260191,OK
13276,00207009,260334,OK
13277,00207010,261199,OK
13278,00207011,262018,OK
13279,00207012,263095,OK
13280,00207013,263727,OK
13281,00207014,263647,OK
13282,00207015,264059,OK
13283,00207016,264413,OK
13284,00207017,264499,OK
13285,00207018,263901,OK
13286,00207019,263123,OK
13287,00207020,263259,OK
13288,00207021,264446,OK
13289,00207022,265986,OK
13290,00207023,267227,OK
13291,00207024,268082,OK
13292,00207025,269077,OK
13293,00207026,269755,OK
13294,00207027,271271,OK
13295,00207028,271245,OK
13296,00207029,271749,OK
13297,00207030,271702,OK
13298,00207031,272070,OK
13299,00207032,272116,OK
13300,00207033,273157,OK
13301,00207034,273974,OK
13302,00207035,274074,OK
13303,00207036,273753,OK
13304,00207037,273331,OK
13305,00207038,273763,OK
13306,00207039,273993,OK
13307,00207040,274111,OK
13308,00207041,274276,OK
13309,00207042,273900,OK
13310,00207043,273744,OK
13311,00207044,273432,OK
13312,00207045,273226,OK
13313,00207046,272653,OK
13314,00207047,272775,OK
13315,00207048,272861,OK
13316,00207049,272657,OK
13317,00207050,272362,OK
13318,00207051,272690,OK
13319,00207052,273156,OK
13320,00207053,273576,OK
13321,00207054,274069,OK
13322,00207055,274292,OK
13323,00207056,274810,OK
13324,00207057,275567,OK
13325,00207058,276337,OK
13326,00207059,277663,OK
13327,00207060,278930,OK
13328,00207061,278989,OK
13329,00207062,279028,OK
13330,00207063,278272,OK
13331,00207064,278319,OK
13332,00207065,278127,OK
13333,00207066,278360,OK
13334,00207067,277972,OK
13335,00207068,277963,OK
13336,00207069,277686,OK
13337,00207070,277665,OK
13338,00207071,277422,OK
13339,00207072,277058,OK
13340,00207073,276966,OK
13341,00207074,276935,OK
13342,00207075,276290,OK
13343,00207076,275803,OK
13344,00207077,275691,OK
13345,00207078,274990,OK
13346,00207079,274606,OK
13347,00207080,274306,OK
13348,00207081,273764,OK
13349,00207082,273140,OK
13350,00207083,272408,OK
13351,00207084,271750,OK
13352,00207085,271429,OK
13353,00207086,270720,OK
13354,00207087,270248,OK
13355,00207088,269813,OK
13356,00207089,269992,OK
13357,00207090,269637,OK
13358,00207091,269527,OK
13359,00207092,269547,OK
13360,00207093,269455,OK
13361,00207094,269120,OK
13362,00207095,268823,OK
13363,00207096,268454,OK
13364,00207097,268372,OK
13365,00207098,267754,OK
13366,00207099,267232,OK
13367,00207100,266712,OK
13368,00207101,266256,OK
13369,00207102,265643,OK
13370,00207103,265347,OK
13371,00207104,265185,OK
13372,00207105,264757,OK
13373,00207106,264334,OK
13374,00207107,263656,OK
13375,00207108,263530,OK
13376,00207109,263550,OK
13377,00207110,263904,OK
13378,00207111,263431,OK
13379,00207112,263002,OK
13380,00207113,262274,OK
13381,00207114,262231,OK
13382,00207115,262398,OK
13383,00207116,261934,OK
13384,00207117,261815,OK
13385,00207118,261583,OK
13386,00207119,260991,OK
13387,00207120,261023,OK
13388,00207121,260919,OK
13389,00207122,260629,OK
13390,00207123,260343,OK
13391,00207124,260285,OK
13392,00207125,260159,OK
13393,00207126,260478,OK
13394,00207127,260561,OK
13395,00207128,260300,OK
13396,00207129,260357,OK
13397,00207130,260251,OK
13398,00207131,259966,OK
13399,00207132,259904,OK
13400,00207133,259920,OK
13401,00207134,260108,OK
13402,00207135,259963,OK
13403,00207136,259860,OK
13404,00207137,259374,OK
13405,00207138,259097,OK
13406,00207139,259064,OK
13407,00207140,258865,OK
13408,00207141,258525,OK
13409,00207142,258251,OK
13410,00207143,258765,OK
13411,00207144,259097,OK
13412,00207145,259568,OK
13413,00207146,259468,OK
13414,00207147,259848,OK
13415,00207148,259834,OK
13416,00207149,259910,OK
13417,00207150,260297,OK
13418,00207151,260148,OK
13419,00207152,260518,OK
13420,00207153,272404,OK
13421,00207154,272304,OK
13422,00207155,272344,OK
13423,00207156,272736,OK
13424,00207157,272537,OK
13425,00207158,272427,OK
13426,00207159,271832,OK
13427,00207160,271566,OK
13428,00207161,271624,OK
13429,00207162,272878,OK
13430,00207163,274178,OK
13431,00207164,274501,OK
13432,00207165,273638,OK
13433,00207166,273064,OK
13434,00207167,272965,OK
13435,00207168,272083,OK
13436,00207169,271388,OK
13437,00207170,270191,OK
13438,00207171,270372,OK
13439,00207172,269870,OK
13440,00207173,272195,OK
13441,00207174,273881,OK
13442,00207175,274294,OK
13443,00207176,275041,OK
13444,00207177,275314,OK
13445,00207178,275195,OK
13446,00207179,276284,OK
13447,00207180,277026,OK
13448,00207181,276497,OK
13449,00207182,277101,OK
13450,00207183,276915,OK
13451,00207184,277250,OK
13452,00207185,277906,OK
13453,00207186,277581,OK
13454,00207187,277444,OK
13455,00207188,276345,OK
13456,00207189,276396,OK
13457,00207190,277284,OK
13458,00207191,277581,OK
13459,00207192,277534,OK
13460,00207193,277289,OK
13461,00207194,276524,OK
13462,00207195,276221,OK
13463,00207196,274766,OK
13464,00207197,274479,OK
13465,00207198,274416,OK
13466,00207199,274058,OK
13467,00207200,273094,OK
13468,00207201,272191,OK
13469,00207202,272073,OK
13470,00207203,271511,OK
13471,00207204,271596,OK
13472,00207205,271952,OK
13473,00207206,271857,OK
13474,00207207,271881,OK
13475,00207208,272125,OK
13476,00207209,272707,OK
13477,00207210,273280,OK
13478,00207211,273607,OK
13479,00207212,274010,OK
13480,00207213,273898,OK
13481,00207214,273980,OK
13482,00207215,274060,OK
13483,00207216,273875,OK
13484,00207217,273743,OK
13485,00207218,273094,OK
13486,00207219,271730,OK
13487,00207220,271103,OK
13488,00207221,269515,OK
13489,00207222,267801,OK
13490,00207223,266746,OK
13491,00207224,266048,OK
13492,00207225,265755,OK
13493,00207226,265743,OK
13494,00207227,266029,OK
13495,00207228,265810,OK
13496,00207229,266638,OK
13497,00207230,267397,OK
13498,00207231,267612,OK
13499,00207232,267063,OK
13500,00207233,266919,OK
13501,00207234,266758,OK
13502,00207235,267100,OK
13503,00207236,266959,OK
13504,00207237,265895,OK
13505,00207238,265228,OK
13506,00207239,264022,OK
13507,00207240,264000,OK
13508,00207241,263581,OK
13509,00207242,264511,OK
13510,00207243,265777,OK
13511,00207244,265091,OK
13512,00207245,263973,OK
13513,00207246,263170,OK
13514,00207247,263341,OK
13515,00207248,263646,OK
13516,00207249,263410,OK
13517,00207250,262497,OK
13518,00207251,262366,OK
13519,00207252,262646,OK
13520,00207253,263147,OK
13521,00207254,263176,OK
13522,00207255,262657,OK
13523,00207256,263224,OK
13524,00207257,264183,OK
13525,00207258,265546,OK
13526,00207259,265643,OK
13527,00207260,265353,OK
13528,00207261,265303,OK
13529,00207262,265385,OK
13530,00207263,266420,OK
13531,00207264,266688,OK
13532,00207265,266744,OK
13533,00207266,266824,OK
13534,00207267,266256,OK
13535,00207268,266670,OK
13536,00207269,266968,OK
13537,00207270,267074,OK
13538,00207271,266192,OK
13539,00207272,265082,OK
13540,00207273,263638,OK
13541,00207274,263116,OK
13542,00207275,264295,OK
13543,00207276,265356,OK
13544,00207277,266079,OK
13545,00207278,265974,OK
13546,00207279,265132,OK
13547,00207280,265784,OK
13548,00207281,264595,OK
13549,00207282,264083,OK
13550,00207283,264599,OK
13551,00207284,263276,OK
13552,00207285,264148,OK
13553,00207286,263816,OK
13554,00207287,264244,OK
13555,00207288,265547,OK
13556,00207289,265262,OK
13557,00207290,264980,OK
13558,00207291,264370,OK
13559,00207292,264124,OK
13560,00207293,263924,OK
13561,00207294,264687,OK
13562,00207295,266127,OK
13563,00207296,266008,OK
13564,00207297,266879,OK
13565,00207298,267318,OK
13566,00207299,266653,OK
13567,00207300,266426,OK
13568,00207301,265912,OK
13569,00207302,265309,OK
13570,00207303,265527,OK
13571,00207304,263965,OK
13572,00207305,262820,OK
13573,00207306,263635,OK
13574,00207307,264455,OK
13575,00207308,265307,OK
13576,00207309,264227,OK
13577,00207310,264783,OK
13578,00207311,265318,OK
13579,00207312,266604,OK
13580,00207313,266575,OK
13581,00207314,267390,OK
13582,00207315,267084,OK
13583,00207316,266864,OK
13584,00207317,266247,OK
13585,00207318,266473,OK
13586,00207319,265465,OK
13587,00207320,264541,OK
13588,00207321,263794,OK
13589,00207322,262806,OK
13590,00207323,261549,OK
13591,00207324,261163,OK
13592,00207325,260488,OK
13593,00207326,260872,OK
13594,00207327,260367,OK
13595,00207328,259127,OK
13596,00207329,259474,OK
13597,00207330,259448,OK
13598,00207331,259142,OK
13599,00207332,258597,OK
13600,00207333,258593,OK
13601,00207334,258327,OK
13602,00207335,257489,OK
13603,00207336,258132,OK
13604,00207337,257508,OK
13605,00207338,256450,OK
13606,00207339,257097,OK
13607,00207340,257097,OK
13608,00207341,258297,OK
13609,00207342,259759,OK
13610,00207343,259511,OK
13611,00207344,257996,OK
13612,00207345,256577,OK
13613,00207346,256275,OK
13614,00207347,254607,OK
13615,00207348,253344,OK
13616,00207349,252519,OK
13617,00207350,252402,OK
13618,00207351,250923,OK
13619,00207352,249373,OK
13620,00207353,248149,OK
13621,00207354,247186,OK
13622,00207355,246551,OK
13623,00207356,245025,OK
13624,00207357,244569,OK
13625,00207358,242874,OK
13626,00207359,240770,OK
13627,00207360,239221,OK
13628,00207361,237749,OK
13629,00207362,236839,OK
13630,00207363,235374,OK
13631,00207364,235061,OK
13632,00207365,235154,OK
13633,00207366,234731,OK
13634,00207367,235676,OK
13635,00207368,233452,OK
13636,00207369,231456,OK
13637,00207370,230053,OK
13638,00207371,226318,OK
13639,00207372,222088,OK
13640,00207373,219587,OK
13641,00207374,216796,OK
13642,00207375,213757,OK
13643,00207376,211932,OK
13644,00207377,209393,OK
13645,00207378,206291,OK
13646,00207379,203571,OK
13647,00207380,201865,OK
13648,00207381,201384,OK
13649,00207382,200097,OK
13650,00207383,199535,OK
13651,00207384,198939,OK
13652,00207385,198365,OK
13653,00207386,199707,OK
13654,00207387,200866,OK
13655,00207388,200530,OK
13656,00207389,200270,OK
13657,00207390,200348,OK
13658,00207391,199683,OK
13659,00207392,201019,OK
13660,00207393,201102,OK
13661,00207394,200660,OK
13662,00207395,203230,OK
13663,00207396,203914,OK
13664,00207397,204458,OK
13665,00207398,204851,OK
13666,00207399,205348,OK
13667,00207400,206664,OK
13668,00207401,207297,OK
13669,00207402,205769,OK
13670,00207403,205520,OK
13671,00207404,205373,OK
13672,00207405,205560,OK
13673,00207406,205658,OK
13674,00207407,205487,OK
13675,00207408,205121,OK
13676,00207409,205354,OK
13677,00207410,205529,OK
13678,00207411,206325,OK
13679,00207412,207645,OK
13680,00207413,208000,OK
13681,00207414,208564,OK
13682,00207415,209001,OK
13683,00207416,209430,OK
13684,00207417,210044,OK
13685,00207418,210522,OK
13686,00207419,210141,OK
13687,00207420,211286,OK
13688,00207421,212886,OK
13689,00207422,213984,OK
13690,00207423,213879,OK
13691,00207424,213780,OK
13692,00207425,214123,OK
13693,00207426,214593,OK
13694,00207427,215112,OK
13695,00207428,215578,OK
13696,00207429,215578,OK
13697,00207430,216685,OK
13698,00207431,216674,OK
13699,00207432,217439,OK
13700,00207433,217393,OK
13701,00207434,217427,OK
13702,00207435,217151,OK
13703,00207436,218244,OK
13704,00207437,218895,OK
13705,00207438,219450,OK
13706,00207439,220416,OK
13707,00207440,220928,OK
13708,00207441,221443,OK
13709,00207442,221328,OK
13710,00207443,220395,OK
13711,00207444,220794,OK
13712,00207445,221034,OK
13713,00207446,221480,OK
13714,00207447,221471,OK
13715,00207448,221420,OK
13716,00207449,221259,OK
13717,00207450,220873,OK
13718,00207451,219856,OK
13719,00207452,219290,OK
13720,00207453,219546,OK
13721,00207454,220250,OK
13722,00207455,220566,OK
13723,00207456,221033,OK
13724,00207457,220120,OK
13725,00207458,218227,OK
13726,00207459,216544,OK
13727,00207460,216371,OK
13728,00207461,217509,OK
13729,00207462,216396,OK
13730,00207463,215862,OK
13731,00207464,215762,OK
13732,00207465,215929,OK
13733,00207466,215437,OK
13734,00207467,214606,OK
13735,00207468,213945,OK
13736,00207469,212971,OK
13737,00207470,212301,OK
13738,00207471,211441,OK
13739,00207472,210979,OK
13740,00207473,210627,OK
13741,00207474,209447,OK
13742,00207475,207668,OK
13743,00207476,206896,OK
13744,00207477,206545,OK
13745,00207478,207033,OK
13746,00207479,207012,OK
13747,00207480,205542,OK
13748,00207481,204950,OK
13749,00207482,204644,OK
13750,00207483,204689,OK
13751,00207484,203289,OK
13752,00207485,202832,OK
13753,00207486,202839,OK
13754,00207487,200853,OK
13755,00207488,200572,OK
13756,00207489,200756,OK
13757,00207490,201903,OK
13758,00207491,203629,OK
13759,00207492,203970,OK
13760,00207493,205334,OK
13761,00207494,206633,OK
13762,00207495,206571,OK
13763,00207496,206621,OK
13764,00207497,207007,OK
13765,00207498,209029,OK
13766,00207499,210410,OK
13767,00207500,212113,OK
13768,00207501,214476,OK
13769,00207502,214287,OK
13770,00207503,215782,OK
13771,00207504,217706,OK
13772,00207505,220700,OK
13773,00207506,222638,OK
13774,00207507,223594,OK
13775,00207508,223416,OK
13776,00207509,222403,OK
13777,00207510,222711,OK
13778,00207511,223848,OK
13779,00207512,225223,OK
13780,00207513,228516,OK
13781,00207514,231373,OK
13782,00207515,233460,OK
13783,00207516,234226,OK
13784,00207517,234328,OK
13785,00207518,234657,OK
13786,00207519,235779,OK
13787,00207520,237129,OK
13788,00207521,238044,OK
13789,00207522,239044,OK
13790,00207523,239347,OK
13791,00207524,240676,OK
13792,00207525,242290,OK
13793,00207526,243458,OK
13794,00207527,242099,OK
13795,00207528,241443,OK
13796,00207529,241542,OK
13797,00207530,242391,OK
13798,00207531,244155,OK
13799,00207532,245538,OK
13800,00207533,247451,OK
13801,00207534,248164,OK
13802,00207535,248451,OK
13803,00207536,248552,OK
13804,00207537,248800,OK
13805,00207538,250189,OK
13806,00207539,250799,OK
13807,00207540,251765,OK
13808,00207541,253518,OK
13809,00207542,254184,OK
13810,00207543,255002,OK
13811,00207544,254977,OK
13812,00207545,255275,OK
13813,00207546,255044,OK
13814,00207547,255670,OK
13815,00207548,256005,OK
13816,00207549,256363,OK
13817,00207550,256322,OK
13818,00207551,256622,OK
13819,00207552,256785,OK
13820,00207553,257251,OK
13821,00207554,257727,OK
13822,00207555,258370,OK
13823,00207556,259562,OK
13824,00207557,260711,OK
13825,00207558,261709,OK
13826,00207559,261834,OK
13827,00207560,261664,OK
13828,00207561,261297,OK
13829,00207562,260413,OK
13830,00207563,260489,OK
13831,00207564,262185,OK
13832,00207565,262823,OK
13833,00207566,262739,OK
13834,00207567,262318,OK
13835,00207568,262575,OK
13836,00207569,261787,OK
13837,00207570,260577,OK
13838,00207571,259921,OK
13839,00207572,259300,OK
13840,00207573,258119,OK
13841,00207574,257013,OK
13842,00207575,255955,OK
13843,00207576,255655,OK
13844,00207577,256120,OK
13845,00207578,255919,OK
13846,00207579,255776,OK
13847,00207580,255776,OK
13848,00207581,257568,OK
13849,00207582,256868,OK
13850,00207583,256417,OK
13851,00207584,256505,OK
13852,00207585,256406,OK
13853,00207586,257080,OK
13854,00207587,258471,OK
13855,00207588,258611,OK
13856,00207589,258182,OK
13857,00207590,255417,OK
13858,00207591,255333,OK
13859,00207592,254940,OK
13860,00207593,254504,OK
13861,00207594,254039,OK
13862,00207595,253165,OK
13863,00207596,251931,OK
13864,00207597,252053,OK
13865,00207598,252662,OK
13866,00207599,252935,OK
13867,00207600,252679,OK
13868,00207601,252571,OK
13869,00207602,251786,OK
13870,00207603,250988,OK
13871,00207604,249016,OK
13872,00207605,248338,OK
13873,00207606,247842,OK
13874,00207607,247401,OK
13875,00207608,247182,OK
13876,00207609,247675,OK
13877,00207610,248353,OK
13878,00207611,249231,OK
13879,00207612,249168,OK
13880,00207613,249079,OK
13881,00207614,249163,OK
13882,00207615,248492,OK
13883,00207616,249080,OK
13884,00207617,248568,OK
13885,00207618,248591,OK
13886,00207619,248987,OK
13887,00207620,248577,OK
13888,00207621,248016,OK
13889,00207622,247696,OK
13890,00207623,246656,OK
13891,00207624,245491,OK
13892,00207625,244805,OK
13893,00207626,243671,OK
13894,00207627,245481,OK
13895,00207628,246850,OK
13896,00207629,246772,OK
13897,00207630,246899,OK
13898,00207631,247974,OK
13899,00207632,248424,OK
13900,00207633,249417,OK
13901,00207634,250488,OK
13902,00207635,251317,OK
13903,00207636,252097,OK
13904,00207637,251833,OK
13905,00207638,252562,OK
13906,00207639,252640,OK
13907,00207640,254221,OK
13908,00207641,255372,OK
13909,00207642,256054,OK
13910,00207643,256425,OK
13911,00207644,257133,OK
13912,00207645,257638,OK
13913,00207646,258429,OK
13914,00207647,259606,OK
13915,00207648,260317,OK
13916,00207649,260395,OK
13917,00207650,260052,OK
13918,00207651,260401,OK
13919,00207652,260299,OK
13920,00207653,260855,OK
13921,00207654,261325,OK
13922,00207655,261197,OK
13923,00207656,261625,OK
13924,00207657,262483,OK
13925,00207658,262399,OK
13926,00207659,262271,OK
13927,00207660,262239,OK
13928,00207661,263268,OK
13929,00207662,263580,OK
13930,00207663,264444,OK
13931,00207664,263773,OK
13932,00207665,264104,OK
13933,00207666,265278,OK
13934,00207667,265941,OK
13935,00207668,264397,OK
13936,00207669,264292,OK
13937,00207670,263771,OK
13938,00207671,261812,OK
13939,00207672,261132,OK
13940,00207673,260326,OK
13941,00207674,259640,OK
13942,00207675,258710,OK
13943,00207676,257185,OK
13944,00207677,256388,OK
13945,00207678,255127,OK
13946,00207679,254073,OK
13947,00207680,253079,OK
13948,00207681,252437,OK
13949,00207682,252481,OK
13950,00207683,250829,OK
13951,00207684,250478,OK
13952,00207685,250872,OK
13953,00207686,250601,OK
13954,00207687,250047,OK
13955,00207688,249489,OK
13956,00207689,248794,OK
13957,00207690,247919,OK
13958,00207691,246722,OK
13959,00207692,246036,OK
13960,00207693,244938,OK
13961,00207694,243937,OK
13962,00207695,242310,OK
13963,00207696,241417,OK
13964,00207697,240376,OK
13965,00207698,238937,OK
13966,00207699,236177,OK
13967,00207700,234355,OK
13968,00207701,232943,OK
13969,00207702,231240,OK
13970,00207703,228426,OK
13971,00207704,226846,OK
13972,00207705,225196,OK
13973,00207706,222999,OK
13974,00207707,221276,OK
13975,00207708,218966,OK
13976,00207709,216619,OK
13977,00207710,214059,OK
13978,00207711,212218,OK
13979,00207712,210225,OK
13980,00207713,209018,OK
13981,00207714,208049,OK
13982,00207715,205691,OK
13983,00207716,203668,OK
13984,00207717,201561,OK
13985,00207718,200586,OK
13986,00207719,199947,OK
13987,00207720,199575,OK
13988,00207721,198374,OK
13989,00207722,197282,OK
13990,00207723,196290,OK
13991,00207724,194449,OK
13992,00207725,191941,OK
13993,00207726,190183,OK
13994,00207727,188252,OK
13995,00207728,187708,OK
13996,00207729,186515,OK
13997,00207730,186280,OK
13998,00207731,184363,OK
13999,00207732,182042,OK
14000,00207733,180914,OK
14001,00207734,179828,OK
14002,00207735,179870,OK
14003,00207736,181675,OK
14004,00207737,182706,OK
14005,00207738,180531,OK
14006,00207739,177772,OK
14007,00207740,176809,OK
14008,00207741,176248,OK
14009,00207742,176242,OK
14010,00207743,176885,OK
14011,00207744,177466,OK
14012,00207745,177433,OK
14013,00207746,176669,OK
14014,00207747,175731,OK
14015,00207748,174776,OK
14016,00207749,174083,OK
14017,00207750,174360,OK
14018,00207751,174069,OK
14019,00207752,173769,OK
14020,00207753,173164,OK
14021,00207754,172010,OK
14022,00207755,171731,OK
14023,00207756,171236,OK
14024,00207757,170657,OK
14025,00207758,170246,OK
14026,00207759,169764,OK
14027,00207760,169539,OK
14028,00207761,169807,OK
14029,00207762,169742,OK
14030,00207763,169471,OK
14031,00207764,168620,OK
14032,00207765,167605,OK
14033,00207766,167561,OK
14034,00207767,166630,OK
14035,00207768,165863,OK
14036,00207769,165573,OK
14037,00207770,165203,OK
14038,00207771,164241,OK
14039,00207772,163309,OK
14040,00207773,163936,OK
14041,00207774,163439,OK
14042,00207775,162347,OK
14043,00207776,162230,OK
14044,00207777,161577,OK
14045,00207778,160907,OK
14046,00207779,160425,OK
14047,00207780,160344,OK
14048,00207781,159839,OK
14049,00207782,159811,OK
14050,00207783,159227,OK
14051,00207784,159423,OK
14052,00207785,159840,OK
14053,00207786,160610,OK
14054,00207787,160991,OK
14055,00207788,160508,OK
14056,00207789,160643,OK
14057,00207790,160416,OK
14058,00207791,160384,OK
14059,00207792,160417,OK
14060,00207793,160643,OK
14061,00207794,160719,OK
14062,00207795,161069,OK
14063,00207796,160768,OK
14064,00207797,160704,OK
14065,00207798,161312,OK
14066,00207799,162652,OK
14067,00207800,164739,OK
14068,00207801,166994,OK
14069,00207802,169345,OK
14070,00207803,173814,OK
14071,00207804,166978,OK
14072,00207805,154711,OK
14073,00207806,145623,OK
14074,00207807,148578,OK
14075,00207808,148610,OK
14076,00207809,157333,OK
14077,00207810,163828,OK
14078,00207811,160411,OK
14079,00207812,156529,OK
14080,00207813,155390,OK
14081,00207814,154644,OK
14082,00207815,153963,OK
14083,00207816,152645,OK
14084,00207817,150839,OK
14085,00207818,150328,OK
14086,00207819,150555,OK
14087,00207820,149440,OK
14088,00207821,148901,OK
14089,00207822,147513,OK
14090,00207823,146698,OK
14091,00207824,146443,OK
14092,00207825,146324,OK
14093,00207826,145810,OK
14094,00207827,145410,OK
14095,00207828,145424,OK
14096,00207829,145738,OK
14097,00207830,145783,OK
14098,00207831,145956,OK
14099,00207832,145691,OK
14100,00207833,144895,OK
14101,00207834,145150,OK
14102,00207835,144950,OK
14103,00207836,144711,OK
14104,00207837,145061,OK
14105,00207838,145024,OK
14106,00207839,145199,OK
14107,00207840,144756,OK
14108,00207841,143696,OK
14109,00207842,142838,OK
14110,00207843,142617,OK
14111,00207844,142736,OK
14112,00207845,142603,OK
14113,00207846,142543,OK
14114,00207847,142577,OK
14115,00207848,142901,OK
14116,00207849,143602,OK
14117,00207850,143686,OK
14118,00207851,144488,OK
14119,00207852,145562,OK
14120,00207853,144698,OK
14121,00207854,146068,OK
14122,00207855,145133,OK
14123,00207856,143591,OK
14124,00207857,143416,OK
14125,00207858,141606,OK
14126,00207859,143354,OK
14127,00207860,145596,OK
14128,00207861,145448,OK
14129,00207862,144397,OK
14130,00207863,143463,OK
14131,00207864,143101,OK
14132,00207865,142976,OK
14133,00207866,143533,OK
14134,00207867,142835,OK
14135,00207868,142519,OK
14136,00207869,143293,OK
14137,00207870,143303,OK
14138,00207871,143406,OK
14139,00207872,143661,OK
14140,00207873,143544,OK
14141,00207874,143373,OK
14142,00207875,143196,OK
14143,00207876,143933,OK
14144,00207877,144701,OK
14145,00207878,146591,OK
14146,00207879,148208,OK
14147,00207880,149631,OK
14148,00207881,152568,OK
14149,00207882,153287,OK
14150,00207883,154421,OK
14151,00207884,155575,OK
14152,00207885,155785,OK
14153,00207886,155344,OK
14154,00207887,155331,OK
14155,00207888,155228,OK
14156,00207889,156006,OK
14157,00207890,156755,OK
14158,00207891,157615,OK
14159,00207892,157999,OK
14160,00207893,157741,OK
14161,00207894,157689,OK
14162,00207895,157597,OK
14163,00207896,158022,OK
14164,00207897,157838,OK
14165,00207898,157248,OK
14166,00207899,157303,OK
14167,00207900,158131,OK
14168,00207901,160006,OK
14169,00207902,160668,OK
14170,00207903,161191,OK
14171,00207904,161953,OK
14172,00207905,162727,OK
14173,00207906,163284,OK
14174,00207907,164040,OK
14175,00207908,163620,OK
14176,00207909,163219,OK
14177,00207910,162952,OK
14178,00207911,163486,OK
14179,00207912,164309,OK
14180,00207913,164427,OK
14181,00207914,165234,OK
14182,00207915,166528,OK
14183,00207916,166278,OK
14184,00207917,166481,OK
14185,00207918,166468,OK
14186,00207919,165278,OK
14187,00207920,165997,OK
14188,00207921,167426,OK
14189,00207922,167958,OK
14190,00207923,168583,OK
14191,00207924,169810,OK
14192,00207925,169194,OK
14193,00207926,169685,OK
14194,00207927,170054,OK
14195,00207928,171351,OK
14196,00207929,171919,OK
14197,00207930,172750,OK
14198,00207931,172984,OK
14199,00207932,171868,OK
14200,00207933,171018,OK
14201,00207934,171837,OK
14202,00207935,172864,OK
14203,00207936,174561,OK
14204,00207937,175751,OK
14205,00207938,176553,OK
14206,00207939,175813,OK
14207,00207940,175333,OK
14208,00207941,176234,OK
14209,00207942,177300,OK
14210,00207943,178639,OK
14211,00207944,179174,OK
14212,00207945,179850,OK
14213,00207946,180378,OK
14214,00207947,179995,OK
14215,00207948,180680,OK
14216,00207949,181705,OK
14217,00207950,182615,OK
14218,00207951,183008,OK
14219,00207952,182435,OK
14220,00207953,183027,OK
14221,00207954,183634,OK
14222,00207955,184759,OK
14223,00207956,187668,OK
14224,00207957,188733,OK
14225,00207958,188199,OK
14226,00207959,188314,OK
14227,00207960,188697,OK
14228,00207961,188558,OK
14229,00207962,189458,OK
14230,00207963,191012,OK
14231,00207964,192810,OK
14232,00207965,195218,OK
14233,00207966,194737,OK
14234,00207967,192738,OK
14235,00207968,191595,OK
14236,00207969,193382,OK
14237,00207970,199020,OK
14238,00207971,203961,OK
14239,00207972,205126,OK
14240,00207973,203609,OK
14241,00207974,202960,OK
14242,00207975,204774,OK
14243,00207976,205252,OK
14244,00207977,203144,OK
14245,00207978,199869,OK
14246,00207979,197827,OK
14247,00207980,198480,OK
14248,00207981,200701,OK
14249,00207982,202237,OK
14250,00207983,202254,OK
14251,00207984,202419,OK
14252,00207985,202934,OK
14253,00207986,204870,OK
14254,00207987,207545,OK
14255,00207988,209352,OK
14256,00207989,209113,OK
14257,00207990,207116,OK
14258,00207991,204441,OK
14259,00207992,202358,OK
14260,00207993,202247,OK
14261,00207994,203094,OK
14262,00207995,203565,OK
14263,00207996,203877,OK
14264,00207997,203457,OK
14265,00207998,202699,OK
14266,00207999,202103,OK
14267,00208000,201771,OK
14268,00208001,202261,OK
14269,00208002,202563,OK
14270,00208003,203285,OK
14271,00208004,203891,OK
14272,00208005,204912,OK
14273,00208006,205239,OK
14274,00208007,205285,OK
14275,00208008,205716,OK
14276,00208009,206762,OK
14277,00208010,207469,OK
14278,00208011,208152,OK
14279,00208012,209019,OK
14280,00208013,209819,OK
14281,00208014,210056,OK
14282,00208015,212124,OK
14283,00208016,214017,OK
14284,00208017,214953,OK
14285,00208018,215512,OK
14286,00208019,216777,OK
14287,00208020,217987,OK
14288,00208021,218659,OK
14289,00208022,219460,OK
14290,00208023,219947,OK
14291,00208024,220218,OK
14292,00208025,220766,OK
14293,00208026,221128,OK
14294,00208027,222091,OK
14295,00208028,222885,OK
14296,00208029,225211,OK
14297,00208030,228516,OK
14298,00208031,229233,OK
14299,00208032,231957,OK
14300,00208033,235324,OK
14301,00208034,238224,OK
14302,00208035,242355,OK
14303,00208036,244344,OK
14304,00208037,243225,OK
14305,00208038,242601,OK
14306,00208039,242502,OK
14307,00208040,241894,OK
14308,00208041,241592,OK
14309,00208042,241359,OK
14310,00208043,241647,OK
14311,00208044,244498,OK
14312,00208045,247365,OK
14313,00208046,248557,OK
14314,00208047,248160,OK
14315,00208048,246775,OK
14316,00208049,246459,OK
14317,00208050,248111,OK
14318,00208051,250757,OK
14319,00208052,253175,OK
14320,00208053,254441,OK
14321,00208054,254896,OK
14322,00208055,254752,OK
14323,00208056,255453,OK
14324,00208057,257317,OK
14325,00208058,258665,OK
14326,00208059,259656,OK
14327,00208060,262309,OK
14328,00208061,263117,OK
14329,00208062,263081,OK
14330,00208063,262927,OK
14331,00208064,263230,OK
14332,00208065,262472,OK
14333,00208066,262901,OK
14334,00208067,265526,OK
14335,00208068,268911,OK
14336,00208069,268512,OK
14337,00208070,266550,OK
14338,00208071,265690,OK
14339,00208072,263420,OK
14340,00208073,263697,OK
14341,00208074,264085,OK
14342,00208075,264798,OK
14343,00208076,265015,OK
14344,00208077,263356,OK
14345,00208078,263111,OK
14346,00208079,263673,OK
14347,00208080,264210,OK
14348,00208081,263104,OK
14349,00208082,262587,OK
14350,00208083,260734,OK
14351,00208084,261473,OK
14352,00208085,262482,OK
14353,00208086,263022,OK
14354,00208087,262359,OK
14355,00208088,260342,OK
14356,00208089,260228,OK
14357,00208090,260184,OK
14358,00208091,260892,OK
14359,00208092,261342,OK
14360,00208093,261530,OK
14361,00208094,262213,OK
14362,00208095,262588,OK
14363,00208096,262250,OK
14364,00208097,261448,OK
14365,00208098,262094,OK
14366,00208099,262030,OK
14367,00208100,261881,OK
14368,00208101,262190,OK
14369,00208102,262485,OK
14370,00208103,262705,OK
14371,00208104,263484,OK
14372,00208105,263540,OK
14373,00208106,263059,OK
14374,00208107,260929,OK
14375,00208108,258674,OK
14376,00208109,257140,OK
14377,00208110,254901,OK
14378,00208111,254623,OK
14379,00208112,253387,OK
14380,00208113,252916,OK
14381,00208114,253330,OK
14382,00208115,253288,OK
14383,00208116,253636,OK
14384,00208117,253846,OK
14385,00208118,253061,OK
14386,00208119,252654,OK
14387,00208120,253314,OK
14388,00208121,253401,OK
14389,00208122,254432,OK
14390,00208123,253277,OK
14391,00208124,253514,OK
14392,00208125,253317,OK
14393,00208126,253757,OK
14394,00208127,252698,OK
14395,00208128,251122,OK
14396,00208129,251467,OK
14397,00208130,252593,OK
14398,00208131,252679,OK
14399,00208132,253517,OK
14400,00208133,253176,OK
14401,00208134,252259,OK
14402,00208135,251726,OK
14403,00208136,251106,OK
14404,00208137,251095,OK
14405,00208138,251616,OK
14406,00208139,251311,OK
14407,00208140,250514,OK
14408,00208141,250209,OK
14409,00208142,250028,OK
14410,00208143,251391,OK
14411,00208144,251869,OK
14412,00208145,251428,OK
14413,00208146,251602,OK
14414,00208147,252012,OK
14415,00208148,252731,OK
14416,00208149,252568,OK
14417,00208150,252955,OK
14418,00208151,253306,OK
14419,00208152,254283,OK
14420,00208153,254132,OK
14421,00208154,301921,OK
14422,00208155,301960,OK
14423,00208156,301773,OK
14424,00208157,301712,OK
14425,00208158,301833,OK
14426,00208159,301850,OK
14427,00208160,301647,OK
14428,00208161,301470,OK
14429,00208162,301475,OK
14430,00208163,301529,OK
14431,00208164,301531,OK
14432,00208165,301574,OK
14433,00208166,301548,OK
14434,00208167,301627,OK
14435,00208168,301632,OK
14436,00208169,301426,OK
14437,00208170,301513,OK
14438,00208171,301398,OK
14439,00208172,301407,OK
14440,00208173,301326,OK
14441,00208174,301561,OK
14442,00208175,301449,OK
14443,00208176,301503,OK
14444,00208177,301412,OK
14445,00208178,301570,OK
14446,00208179,301615,OK
14447,00208180,301658,OK
14448,00208181,301912,OK
14449,00208182,301980,OK
14450,00208183,302244,OK
14451,00208184,302421,OK
14452,00208185,302286,OK
14453,00208186,302349,OK
14454,00208187,302539,OK
14455,00208188,302381,OK
14456,00208189,302748,OK
14457,00208190,302851,OK
14458,00208191,302680,OK
14459,00208192,302953,OK
14460,00208193,303019,OK
14461,00208194,303108,OK
14462,00208195,303132,OK
14463,00208196,303232,OK
14464,00208197,303271,OK
14465,00208198,303440,OK
14466,00208199,303318,OK
14467,00208200,303537,OK
14468,00208201,303562,OK
14469,00208202,303580,OK
14470,00208203,303491,OK
14471,00208204,303545,OK
14472,00208205,303350,OK
14473,00208206,303233,OK
14474,00208207,302991,OK
14475,00208208,302665,OK
14476,00208209,302303,OK
14477,00208210,302108,OK
14478,00208211,301949,OK
14479,00208212,302040,OK
14480,00208213,301894,OK
14481,00208214,301735,OK
14482,00208215,301558,OK
14483,00208216,301189,OK
14484,00208217,301192,OK
14485,00208218,301058,OK
14486,00208219,300990,OK
14487,00208220,300796,OK
14488,00208221,300658,OK
14489,00208222,300368,OK
14490,00208223,300270,OK
14491,00208224,299692,OK
14492,00208225,299446,OK
14493,00208226,299039,OK
14494,00208227,299296,OK
14495,00208228,299183,OK
14496,00208229,298810,OK
14497,00208230,298436,OK
14498,00208231,298407,OK
14499,00208232,298337,OK
14500,00208233,298657,OK
14501,00208234,298666,OK
14502,00208235,298701,OK
14503,00208236,298651,OK
14504,00208237,298875,OK
14505,00208238,299381,OK
14506,00208239,299365,OK
14507,00208240,299967,OK
14508,00208241,300849,OK
14509,00208242,301092,OK
14510,00208243,301474,OK
14511,00208244,302409,OK
14512,00208245,302609,OK
14513,00208246,302197,OK
14514,00208247,301130,OK
14515,00208248,301045,OK
14516,00208249,300827,OK
14517,00208250,300285,OK
14518,00208251,299387,OK
14519,00208252,298652,OK
14520,00208253,297664,OK
14521,00208254,296356,OK
14522,00208255,295651,OK
14523,00208256,295619,OK
14524,00208257,295466,OK
14525,00208258,295625,OK
14526,00208259,296405,OK
14527,00208260,296913,OK
14528,00208261,297259,OK
14529,00208262,297987,OK
14530,00208263,298338,OK
14531,00208264,298276,OK
14532,00208265,298083,OK
14533,00208266,297530,OK
14534,00208267,297144,OK
14535,00208268,296724,OK
14536,00208269,295910,OK
14537,00208270,295715,OK
14538,00208271,295890,OK
14539,00208272,295447,OK
14540,00208273,295461,OK
14541,00208274,295070,OK
14542,00208275,295110,OK
14543,00208276,295628,OK
14544,00208277,295666,OK
14545,00208278,295589,OK
14546,00208279,295217,OK
14547,00208280,295959,OK
14548,00208281,295972,OK
14549,00208282,296186,OK
14550,00208283,295819,OK
14551,00208284,295644,OK
14552,00208285,295780,OK
14553,00208286,295271,OK
14554,00208287,294783,OK
14555,00208288,293684,OK
14556,00208289,293770,OK
14557,00208290,293250,OK
14558,00208291,292790,OK
14559,00208292,292051,OK
14560,00208293,291585,OK
14561,00208294,290673,OK
14562,00208295,290132,OK
14563,00208296,289676,OK
14564,00208297,289430,OK
14565,00208298,289717,OK
14566,00208299,289537,OK
14567,00208300,288937,OK
14568,00208301,288552,OK
14569,00208302,288742,OK
14570,00208303,289198,OK
14571,00208304,288646,OK
14572,00208305,288528,OK
14573,00208306,288617,OK
14574,00208307,288034,OK
14575,00208308,287102,OK
14576,00208309,285891,OK
14577,00208310,285019,OK
14578,00208311,284735,OK
14579,00208312,284058,OK
14580,00208313,283819,OK
14581,00208314,282776,OK
14582,00208315,282087,OK
14583,00208316,281530,OK
14584,00208317,281255,OK
14585,00208318,280510,OK
14586,00208319,279968,OK
14587,00208320,279425,OK
14588,00208321,278490,OK
14589,00208322,278470,OK
14590,00208323,278796,OK
14591,00208324,278233,OK
14592,00208325,277806,OK
14593,00208326,276700,OK
14594,00208327,275344,OK
14595,00208328,274359,OK
14596,00208329,273259,OK
14597,00208330,272519,OK
14598,00208331,272043,OK
14599,00208332,271611,OK
14600,00208333,270985,OK
14601,00208334,269580,OK
14602,00208335,269283,OK
14603,00208336,269444,OK
14604,00208337,269019,OK
14605,00208338,268070,OK
14606,00208339,266997,OK
14607,00208340,267207,OK
14608,00208341,267174,OK
14609,00208342,266274,OK
14610,00208343,265427,OK
14611,00208344,263201,OK
14612,00208345,261857,OK
14613,00208346,261245,OK
14614,00208347,260771,OK
14615,00208348,259551,OK
14616,00208349,258452,OK
14617,00208350,257602,OK
14618,00208351,257131,OK
14619,00208352,257354,OK
14620,00208353,257602,OK
14621,00208354,256416,OK
14622,00208355,256419,OK
14623,00208356,255630,OK
14624,00208357,256172,OK
14625,00208358,257714,OK
14626,00208359,258462,OK
14627,00208360,257299,OK
14628,00208361,255726,OK
14629,00208362,255548,OK
14630,00208363,253698,OK
14631,00208364,252579,OK
14632,00208365,252070,OK
14633,00208366,251714,OK
14634,00208367,251544,OK
14635,00208368,251497,OK
14636,00208369,252132,OK
14637,00208370,252303,OK
14638,00208371,252102,OK
14639,00208372,252571,OK
14640,00208373,253485,OK
14641,00208374,254406,OK
14642,00208375,254624,OK
14643,00208376,254874,OK
14644,00208377,255013,OK
14645,00208378,255026,OK
14646,00208379,255158,OK
14647,00208380,255970,OK
14648,00208381,255675,OK
14649,00208382,256261,OK
14650,00208383,256120,OK
14651,00208384,256212,OK
14652,00208385,255941,OK
14653,00208386,255188,OK
14654,00208387,255081,OK
14655,00208388,254702,OK
14656,00208389,254064,OK
14657,00208390,254786,OK
14658,00208391,254119,OK
14659,00208392,254531,OK
14660,00208393,255311,OK
14661,00208394,256651,OK
14662,00208395,255895,OK
14663,00208396,256111,OK
14664,00208397,256993,OK
14665,00208398,257823,OK
14666,00208399,259010,OK
14667,00208400,260236,OK
14668,00208401,261163,OK
14669,00208402,261415,OK
14670,00208403,260587,OK
14671,00208404,260101,OK
14672,00208405,259925,OK
14673,00208406,260917,OK
14674,00208407,262060,OK
14675,00208408,263252,OK
14676,00208409,262892,OK
14677,00208410,262497,OK
14678,00208411,261944,OK
14679,00208412,261752,OK
14680,00208413,262054,OK
14681,00208414,263418,OK
14682,00208415,264248,OK
14683,00208416,265032,OK
14684,00208417,265180,OK
14685,00208418,265229,OK
14686,00208419,265067,OK
14687,00208420,265134,OK
14688,00208421,265118,OK
14689,00208422,265204,OK
14690,00208423,266083,OK
14691,00208424,267702,OK
14692,00208425,269273,OK
14693,00208426,270687,OK
14694,00208427,270964,OK
14695,00208428,271547,OK
14696,00208429,272217,OK
14697,00208430,273417,OK
14698,00208431,274593,OK
14699,00208432,275205,OK
14700,00208433,275670,OK
14701,00208434,276235,OK
14702,00208435,276663,OK
14703,00208436,276869,OK
14704,00208437,277353,OK
14705,00208438,277415,OK
14706,00208439,278147,OK
14707,00208440,279150,OK
14708,00208441,279794,OK
14709,00208442,280409,OK
14710,00208443,281559,OK
14711,00208444,282460,OK
14712,00208445,283675,OK
14713,00208446,284146,OK
14714,00208447,284139,OK
14715,00208448,284632,OK
14716,00208449,285276,OK
14717,00208450,285649,OK
14718,00208451,286011,OK
14719,00208452,285947,OK
14720,00208453,286630,OK
14721,00208454,287053,OK
14722,00208455,287505,OK
14723,00208456,288334,OK
14724,00208457,289060,OK
14725,00208458,289738,OK
14726,00208459,290243,OK
14727,00208460,290958,OK
14728,00208461,292067,OK
14729,00208462,292293,OK
14730,00208463,292472,OK
14731,00208464,292521,OK
14732,00208465,292454,OK
14733,00208466,292627,OK
14734,00208467,292452,OK
14735,00208468,292461,OK
14736,00208469,292202,OK
14737,00208470,291633,OK
14738,00208471,291226,OK
14739,00208472,290400,OK
14740,00208473,289974,OK
14741,00208474,289194,OK
14742,00208475,288242,OK
14743,00208476,285897,OK
14744,00208477,285618,OK
14745,00208478,285182,OK
14746,00208479,285849,OK
14747,00208480,285476,OK
14748,00208481,285156,OK
14749,00208482,284386,OK
14750,00208483,284361,OK
14751,00208484,284174,OK
14752,00208485,284794,OK
14753,00208486,285130,OK
14754,00208487,285117,OK
14755,00208488,284429,OK
14756,00208489,285237,OK
14757,00208490,287003,OK
14758,00208491,288505,OK
14759,00208492,289763,OK
14760,00208493,291234,OK
14761,00208494,291762,OK
14762,00208495,292672,OK
14763,00208496,293307,OK
14764,00208497,293570,OK
14765,00208498,293489,OK
14766,00208499,293579,OK
14767,00208500,294050,OK
14768,00208501,294412,OK
14769,00208502,294997,OK
14770,00208503,295702,OK
14771,00208504,296112,OK
14772,00208505,296071,OK
14773,00208506,295804,OK
14774,00208507,295138,OK
14775,00208508,294576,OK
14776,00208509,294381,OK
14777,00208510,294460,OK
14778,00208511,294083,OK
14779,00208512,293402,OK
14780,00208513,292700,OK
14781,00208514,292734,OK
14782,00208515,292417,OK
14783,00208516,292736,OK
14784,00208517,293355,OK
14785,00208518,293094,OK
14786,00208519,292706,OK
14787,00208520,292998,OK
14788,00208521,293645,OK
14789,00208522,294341,OK
14790,00208523,294319,OK
14791,00208524,295022,OK
14792,00208525,296008,OK
14793,00208526,296745,OK
14794,00208527,297270,OK
14795,00208528,297297,OK
14796,00208529,297901,OK
14797,00208530,297938,OK
14798,00208531,298408,OK
14799,00208532,298036,OK
14800,00208533,298125,OK
14801,00208534,298259,OK
14802,00208535,298165,OK
14803,00208536,297406,OK
14804,00208537,296894,OK
14805,00208538,296526,OK
14806,00208539,296085,OK
14807,00208540,295705,OK
14808,00208541,295463,OK
14809,00208542,295300,OK
14810,00208543,294964,OK
14811,00208544,294668,OK
14812,00208545,294581,OK
14813,00208546,293957,OK
14814,00208547,293839,OK
14815,00208548,293781,OK
14816,00208549,293594,OK
14817,00208550,293021,OK
14818,00208551,292309,OK
14819,00208552,291955,OK
14820,00208553,291553,OK
14821,00208554,291673,OK
14822,00208555,291652,OK
14823,00208556,291441,OK
14824,00208557,291024,OK
14825,00208558,290686,OK
14826,00208559,290579,OK
14827,00208560,291014,OK
14828,00208561,290712,OK
14829,00208562,289553,OK
14830,00208563,287498,OK
14831,00208564,287083,OK
14832,00208565,286988,OK
14833,00208566,286761,OK
14834,00208567,286631,OK
14835,00208568,286674,OK
14836,00208569,286629,OK
14837,00208570,286810,OK
14838,00208571,286410,OK
14839,00208572,285978,OK
14840,00208573,286081,OK
14841,00208574,286463,OK
14842,00208575,286761,OK
14843,00208576,287199,OK
14844,00208577,286993,OK
14845,00208578,287143,OK
14846,00208579,287578,OK
14847,00208580,287591,OK
14848,00208581,287182,OK
14849,00208582,286831,OK
14850,00208583,286535,OK
14851,00208584,286676,OK
14852,00208585,286987,OK
14853,00208586,286933,OK
14854,00208587,287369,OK
14855,00208588,286763,OK
14856,00208589,286670,OK
14857,00208590,286493,OK
14858,00208591,286419,OK
14859,00208592,286310,OK
14860,00208593,286143,OK
14861,00208594,285598,OK
14862,00208595,285563,OK
14863,00208596,286101,OK
14864,00208597,285554,OK
14865,00208598,285353,OK
14866,00208599,284570,OK
14867,00208600,284361,OK
14868,00208601,284151,OK
14869,00208602,283959,OK
14870,00208603,283785,OK
14871,00208604,283526,OK
14872,00208605,283301,OK
14873,00208606,282725,OK
14874,00208607,282731,OK
14875,00208608,283012,OK
14876,00208609,283299,OK
14877,00208610,282861,OK
14878,00208611,282665,OK
14879,00208612,283067,OK
14880,00208613,283713,OK
14881,00208614,284068,OK
14882,00208615,284180,OK
14883,00208616,284252,OK
14884,00208617,283744,OK
14885,00208618,283948,OK
14886,00208619,284807,OK
14887,00208620,285589,OK
14888,00208621,286065,OK
14889,00208622,287021,OK
14890,00208623,287293,OK
14891,00208624,287696,OK
14892,00208625,288107,OK
14893,00208626,288453,OK
14894,00208627,288462,OK
14895,00208628,288509,OK
14896,00208629,288572,OK
14897,00208630,288713,OK
14898,00208631,288708,OK
14899,00208632,288919,OK
14900,00208633,288571,OK
14901,00208634,288403,OK
14902,00208635,288767,OK
14903,00208636,287849,OK
14904,00208637,288031,OK
14905,00208638,286844,OK
14906,00208639,286709,OK
14907,00208640,286956,OK
14908,00208641,286783,OK
14909,00208642,286812,OK
14910,00208643,287148,OK
14911,00208644,286626,OK
14912,00208645,286186,OK
14913,00208646,285828,OK
14914,00208647,286024,OK
14915,00208648,285967,OK
14916,00208649,285695,OK
14917,00208650,285379,OK
14918,00208651,284994,OK
14919,00208652,284794,OK
14920,00208653,284700,OK
14921,00208654,285139,OK
14922,00208655,285447,OK
14923,00208656,286055,OK
14924,00208657,286287,OK
14925,00208658,287005,OK
14926,00208659,287480,OK
14927,00208660,287193,OK
14928,00208661,287876,OK
14929,00208662,287855,OK
14930,00208663,287665,OK
14931,00208664,287709,OK
14932,00208665,287473,OK
14933,00208666,286583,OK
14934,00208667,285911,OK
14935,00208668,285326,OK
14936,00208669,285085,OK
14937,00208670,285608,OK
14938,00208671,285542,OK
14939,00208672,285453,OK
14940,00208673,285494,OK
14941,00208674,285651,OK
14942,00208675,285965,OK
14943,00208676,285837,OK
14944,00208677,285783,OK
14945,00208678,285697,OK
14946,00208679,286015,OK
14947,00208680,286055,OK
14948,00208681,286377,OK
14949,00208682,286248,OK
14950,00208683,285990,OK
14951,00208684,285955,OK
14952,00208685,285554,OK
14953,00208686,285656,OK
14954,00208687,285478,OK
14955,00208688,284934,OK
14956,00208689,284739,OK
14957,00208690,284568,OK
14958,00208691,283716,OK
14959,00208692,283471,OK
14960,00208693,283225,OK
14961,00208694,283198,OK
14962,00208695,283169,OK
14963,00208696,284209,OK
14964,00208697,284392,OK
14965,00208698,284541,OK
14966,00208699,284385,OK
14967,00208700,282912,OK
14968,00208701,282813,OK
14969,00208702,282076,OK
14970,00208703,282152,OK
14971,00208704,282758,OK
14972,00208705,282538,OK
14973,00208706,281914,OK
14974,00208707,280967,OK
14975,00208708,280014,OK
14976,00208709,279897,OK
14977,00208710,279334,OK
14978,00208711,278812,OK
14979,00208712,278654,OK
14980,00208713,278505,OK
14981,00208714,277660,OK
14982,00208715,277564,OK
14983,00208716,277544,OK
14984,00208717,277548,OK
14985,00208718,278521,OK
14986,00208719,278799,OK
14987,00208720,279697,OK
14988,00208721,280247,OK
14989,00208722,279567,OK
14990,00208723,278035,OK
14991,00208724,277836,OK
14992,00208725,278225,OK
14993,00208726,278800,OK
14994,00208727,279314,OK
14995,00208728,279666,OK
14996,00208729,280339,OK
14997,00208730,281101,OK
14998,00208731,281444,OK
14999,00208732,281880,OK
15000,00208733,281735,OK
15001,00208734,281709,OK
15002,00208735,281632,OK
15003,00208736,281458,OK
15004,00208737,282008,OK
15005,00208738,282228,OK
15006,00208739,282135,OK
15007,00208740,282739,OK
15008,00208741,283135,OK
15009,00208742,283951,OK
15010,00208743,284269,OK
15011,00208744,284429,OK
15012,00208745,284797,OK
15013,00208746,285057,OK
15014,00208747,285280,OK
15015,00208748,285749,OK
15016,00208749,285948,OK
15017,00208750,286269,OK
15018,00208751,287258,OK
15019,00208752,287583,OK
15020,00208753,287783,OK
15021,00208754,288276,OK
15022,00208755,288615,OK
15023,00208756,288722,OK
15024,00208757,288786,OK
15025,00208758,289461,OK
15026,00208759,289698,OK
15027,00208760,289771,OK
15028,00208761,289810,OK
15029,00208762,289839,OK
15030,00208763,290047,OK
15031,00208764,290054,OK
15032,00208765,289567,OK
15033,00208766,289311,OK
15034,00208767,288923,OK
15035,00208768,288935,OK
15036,00208769,288735,OK
15037,00208770,288658,OK
15038,00208771,288380,OK
15039,00208772,288554,OK
15040,00208773,289262,OK
15041,00208774,289191,OK
15042,00208775,288724,OK
15043,00208776,288304,OK
15044,00208777,287670,OK
15045,00208778,287369,OK
15046,00208779,287667,OK
15047,00208780,287673,OK
15048,00208781,286411,OK
15049,00208782,285286,OK
15050,00208783,284584,OK
15051,00208784,284528,OK
15052,00208785,284575,OK
15053,00208786,284238,OK
15054,00208787,283517,OK
15055,00208788,283702,OK
15056,00208789,284408,OK
15057,00208790,285226,OK
15058,00208791,285548,OK
15059,00208792,285037,OK
15060,00208793,285012,OK
15061,00208794,285304,OK
15062,00208795,286494,OK
15063,00208796,287002,OK
15064,00208797,287350,OK
15065,00208798,287197,OK
15066,00208799,287280,OK
15067,00208800,287377,OK
15068,00208801,286980,OK
15069,00208802,286169,OK
15070,00208803,285896,OK
15071,00208804,285904,OK
15072,00208805,286108,OK
15073,00208806,286403,OK
15074,00208807,286344,OK
15075,00208808,286513,OK
15076,00208809,287002,OK
15077,00208810,287886,OK
15078,00208811,288170,OK
15079,00208812,287360,OK
15080,00208813,286168,OK
15081,00208814,284931,OK
15082,00208815,284779,OK
15083,00208816,285073,OK
15084,00208817,285325,OK
15085,00208818,285828,OK
15086,00208819,286445,OK
15087,00208820,287059,OK
15088,00208821,287606,OK
15089,00208822,287836,OK
15090,00208823,287538,OK
15091,00208824,287392,OK
15092,00208825,288110,OK
15093,00208826,289465,OK
15094,00208827,290699,OK
15095,00208828,291202,OK
15096,00208829,291026,OK
15097,00208830,291055,OK
15098,00208831,291438,OK
15099,00208832,292183,OK
15100,00208833,292809,OK
15101,00208834,293225,OK
15102,00208835,293819,OK
15103,00208836,294832,OK
15104,00208837,295637,OK
15105,00208838,296126,OK
15106,00208839,296418,OK
15107,00208840,296866,OK
15108,00208841,296799,OK
15109,00208842,297233,OK
15110,00208843,297360,OK
15111,00208844,297064,OK
15112,00208845,297400,OK
15113,00208846,297685,OK
15114,00208847,297783,OK
15115,00208848,297908,OK
15116,00208849,297880,OK
15117,00208850,298668,OK
15118,00208851,299137,OK
15119,00208852,299108,OK
15120,00208853,298731,OK
15121,00208854,298872,OK
15122,00208855,216911,OK
15123,00208856,217266,OK
15124,00208857,217599,OK
15125,00208858,216445,OK
15126,00208859,215991,OK
15127,00208860,218440,OK
15128,00208861,222213,OK
15129,00208862,224498,OK
15130,00208863,227563,OK
15131,00208864,228555,OK
15132,00208865,232795,OK
15133,00208866,238793,OK
15134,00208867,242470,OK
15135,00208868,247040,OK
15136,00208869,251842,OK
15137,00208870,257191,OK
15138,00208871,262956,OK
15139,00208872,268792,OK
15140,00208873,273321,OK
15141,00208874,277992,OK
15142,00208875,283701,OK
15143,00208876,283886,OK
15144,00208877,283792,OK
15145,00208878,283642,OK
15146,00208879,283204,OK
15147,00208880,282892,OK
15148,00208881,283358,OK
15149,00208882,283707,OK
15150,00208883,284158,OK
15151,00208884,284853,OK
15152,00208885,284915,OK
15153,00208886,284873,OK
15154,00208887,284900,OK
15155,00208888,285165,OK
15156,00208889,285097,OK
15157,00208890,285618,OK
15158,00208891,285744,OK
15159,00208892,286054,OK
15160,00208893,286487,OK
15161,00208894,286741,OK
15162,00208895,286964,OK
15163,00208896,286944,OK
15164,00208897,287174,OK
15165,00208898,288025,OK
15166,00208899,288789,OK
15167,00208900,289417,OK
15168,00208901,287973,OK
15169,00208902,287159,OK
15170,00208903,286000,OK
15171,00208904,288352,OK
15172,00208905,290232,OK
15173,00208906,290290,OK
15174,00208907,289117,OK
15175,00208908,288878,OK
15176,00208909,289188,OK
15177,00208910,289896,OK
15178,00208911,289385,OK
15179,00208912,289495,OK
15180,00208913,289556,OK
15181,00208914,289860,OK
15182,00208915,289479,OK
15183,00208916,289244,OK
15184,00208917,288938,OK
15185,00208918,289190,OK
15186,00208919,288214,OK
15187,00208920,287607,OK
15188,00208921,287034,OK
15189,00208922,287072,OK
15190,00208923,288750,OK
15191,00208924,289377,OK
15192,00208925,290649,OK
15193,00208926,291736,OK
15194,00208927,291922,OK
15195,00208928,292680,OK
15196,00208929,292484,OK
15197,00208930,291847,OK
15198,00208931,292406,OK
15199,00208932,292864,OK
15200,00208933,293173,OK
15201,00208934,293202,OK
15202,00208935,293411,OK
15203,00208936,293272,OK
15204,00208937,292819,OK
15205,00208938,292418,OK
15206,00208939,292433,OK
15207,00208940,292727,OK
15208,00208941,293242,OK
15209,00208942,292840,OK
15210,00208943,293166,OK
15211,00208944,293551,OK
15212,00208945,294813,OK
15213,00208946,295043,OK
15214,00208947,294656,OK
15215,00208948,294308,OK
15216,00208949,293708,OK
15217,00208950,293843,OK
15218,00208951,295216,OK
15219,00208952,296525,OK
15220,00208953,297971,OK
15221,00208954,298236,OK
15222,00208955,298699,OK
15223,00208956,299957,OK
15224,00208957,300682,OK
15225,00208958,300758,OK
15226,00208959,301023,OK
15227,00208960,300730,OK
15228,00208961,300473,OK
15229,00208962,300087,OK
15230,00208963,300316,OK
15231,00208964,300588,OK
15232,00208965,301320,OK
15233,00208966,301307,OK
15234,00208967,301678,OK
15235,00208968,301857,OK
15236,00208969,301866,OK
15237,00208970,301873,OK
15238,00208971,301955,OK
15239,00208972,301580,OK
15240,00208973,301652,OK
15241,00208974,301984,OK
15242,00208975,302440,OK
15243,00208976,302338,OK
15244,00208977,301882,OK
15245,00208978,301620,OK
15246,00208979,300968,OK
15247,00208980,299890,OK
15248,00208981,299007,OK
15249,00208982,298627,OK
15250,00208983,299195,OK
15251,00208984,300266,OK
15252,00208985,299052,OK
15253,00208986,289203,OK
15254,00208987,281348,OK
15255,00208988,269329,OK
15256,00208989,253998,OK
15257,00208990,240486,OK
15258,00208991,246928,OK
15259,00208992,245370,OK
15260,00208993,245420,OK
15261,00208994,242780,OK
15262,00208995,243931,OK
15263,00208996,245553,OK
15264,00208997,248741,OK
15265,00208998,257585,OK
15266,00208999,274244,OK
15267,00209000,280633,OK
15268,00209001,287124,OK
15269,00209002,304179,OK
15270,00209003,304958,OK
15271,00209004,308737,OK
15272,00209005,308011,OK
15273,00209006,307656,OK
15274,00209007,307785,OK
15275,00209008,307374,OK
15276,00209009,307397,OK
15277,00209010,307189,OK
15278,00209011,307057,OK
15279,00209012,306891,OK
15280,00209013,306525,OK
15281,00209014,306797,OK
15282,00209015,307122,OK
15283,00209016,307612,OK
15284,00209017,307863,OK
15285,00209018,307580,OK
15286,00209019,307107,OK
15287,00209020,306470,OK
15288,00209021,306202,OK
15289,00209022,306630,OK
15290,00209023,307027,OK
15291,00209024,306480,OK
15292,00209025,306111,OK
15293,00209026,305802,OK
15294,00209027,306600,OK
15295,00209028,306787,OK
15296,00209029,306238,OK
15297,00209030,306260,OK
15298,00209031,306115,OK
15299,00209032,305981,OK
15300,00209033,306114,OK
15301,00209034,306131,OK
15302,00209035,306543,OK
15303,00209036,306941,OK
15304,00209037,307405,OK
15305,00209038,308406,OK
15306,00209039,309081,OK
15307,00209040,309767,OK
15308,00209041,310018,OK
15309,00209042,310469,OK
15310,00209043,311285,OK
15311,00209044,312646,OK
15312,00209045,313075,OK
15313,00209046,313388,OK
15314,00209047,312994,OK
15315,00209048,312508,OK
15316,00209049,311817,OK
15317,00209050,310949,OK
15318,00209051,310757,OK
15319,00209052,310660,OK
15320,00209053,310769,OK
15321,00209054,311235,OK
15322,00209055,310451,OK
15323,00209056,309266,OK
15324,00209057,309482,OK
15325,00209058,309815,OK
15326,00209059,309829,OK
15327,00209060,309516,OK
15328,00209061,311083,OK
15329,00209062,313005,OK
15330,00209063,314113,OK
15331,00209064,314861,OK
15332,00209065,313310,OK
15333,00209066,312442,OK
15334,00209067,312787,OK
15335,00209068,313837,OK
15336,00209069,314900,OK
15337,00209070,314871,OK
15338,00209071,314690,OK
15339,00209072,314292,OK
15340,00209073,314709,OK
15341,00209074,314717,OK
15342,00209075,314921,OK
15343,00209076,314746,OK
15344,00209077,314504,OK
15345,00209078,314332,OK
15346,00209079,314546,OK
15347,00209080,314186,OK
15348,00209081,314303,OK
15349,00209082,313804,OK
15350,00209083,313111,OK
15351,00209084,312051,OK
15352,00209085,311310,OK
15353,00209086,311282,OK
15354,00209087,311245,OK
15355,00209088,310513,OK
15356,00209089,311318,OK
15357,00209090,310968,OK
15358,00209091,310431,OK
15359,00209092,310021,OK
15360,00209093,310574,OK
15361,00209094,311104,OK
15362,00209095,311768,OK
15363,00209096,311501,OK
15364,00209097,311627,OK
15365,00209098,311837,OK
15366,00209099,313006,OK
15367,00209100,313766,OK
15368,00209101,314062,OK
15369,00209102,314484,OK
15370,00209103,314022,OK
15371,00209104,314513,OK
15372,00209105,314252,OK
15373,00209106,314050,OK
15374,00209107,313719,OK
15375,00209108,313897,OK
15376,00209109,314415,OK
15377,00209110,314492,OK
15378,00209111,314088,OK
15379,00209112,313485,OK
15380,00209113,312040,OK
15381,00209114,310438,OK
15382,00209115,310577,OK
15383,00209116,312142,OK
15384,00209117,312807,OK
15385,00209118,313604,OK
15386,00209119,314198,OK
15387,00209120,314347,OK
15388,00209121,313874,OK
15389,00209122,313924,OK
15390,00209123,314083,OK
15391,00209124,313971,OK
15392,00209125,313858,OK
15393,00209126,312557,OK
15394,00209127,312877,OK
15395,00209128,312797,OK
15396,00209129,311761,OK
15397,00209130,311790,OK
15398,00209131,311588,OK
15399,00209132,311502,OK
15400,00209133,310747,OK
15401,00209134,310448,OK
15402,00209135,310331,OK
15403,00209136,310694,OK
15404,00209137,310794,OK
15405,00209138,311271,OK
15406,00209139,311609,OK
15407,00209140,312265,OK
15408,00209141,313402,OK
15409,00209142,313999,OK
15410,00209143,314948,OK
15411,00209144,315472,OK
15412,00209145,314817,OK
15413,00209146,314257,OK
15414,00209147,313777,OK
15415,00209148,313843,OK
15416,00209149,313874,OK
15417,00209150,314314,OK
15418,00209151,314106,OK
15419,00209152,313004,OK
15420,00209153,312977,OK
15421,00209154,312239,OK
15422,00209155,312809,OK
15423,00209156,313114,OK
15424,00209157,312592,OK
15425,00209158,312576,OK
15426,00209159,312164,OK
15427,00209160,312295,OK
15428,00209161,312087,OK
15429,00209162,312304,OK
15430,00209163,312560,OK
15431,00209164,313471,OK
15432,00209165,313445,OK
15433,00209166,313184,OK
15434,00209167,313330,OK
15435,00209168,313670,OK
15436,00209169,313132,OK
15437,00209170,313008,OK
15438,00209171,312312,OK
15439,00209172,311847,OK
15440,00209173,311195,OK
15441,00209174,310944,OK
15442,00209175,311118,OK
15443,00209176,310599,OK
15444,00209177,310815,OK
15445,00209178,312367,OK
15446,00209179,313010,OK
15447,00209180,312434,OK
15448,00209181,312516,OK
15449,00209182,312102,OK
15450,00209183,311945,OK
15451,00209184,311516,OK
15452,00209185,310944,OK
15453,00209186,310753,OK
15454,00209187,312134,OK
15455,00209188,312142,OK
15456,00209189,311899,OK
15457,00209190,310776,OK
15458,00209191,310663,OK
15459,00209192,310278,OK
15460,00209193,309939,OK
15461,00209194,310185,OK
15462,00209195,310122,OK
15463,00209196,310894,OK
15464,00209197,312216,OK
15465,00209198,312235,OK
15466,00209199,312117,OK
15467,00209200,312146,OK
15468,00209201,312732,OK
15469,00209202,313047,OK
15470,00209203,312967,OK
15471,00209204,313598,OK
15472,00209205,313757,OK
15473,00209206,314154,OK
15474,00209207,314468,OK
15475,00209208,314702,OK
15476,00209209,315081,OK
15477,00209210,315350,OK
15478,00209211,315073,OK
15479,00209212,315263,OK
15480,00209213,314922,OK
15481,00209214,314467,OK
15482,00209215,314402,OK
15483,00209216,313978,OK
15484,00209217,313499,OK
15485,00209218,313562,OK
15486,00209219,313363,OK
15487,00209220,313477,OK
15488,00209221,312064,OK
15489,00209222,311063,OK
15490,00209223,311108,OK
15491,00209224,310707,OK
15492,00209225,311482,OK
15493,00209226,312370,OK
15494,00209227,312559,OK
15495,00209228,311690,OK
15496,00209229,310940,OK
15497,00209230,310132,OK
15498,00209231,310124,OK
15499,00209232,310257,OK
15500,00209233,310575,OK
15501,00209234,310562,OK
15502,00209235,310127,OK
15503,00209236,309864,OK
15504,00209237,309969,OK
15505,00209238,310081,OK
15506,00209239,309905,OK
15507,00209240,309725,OK
15508,00209241,309952,OK
15509,00209242,309590,OK
15510,00209243,308831,OK
15511,00209244,309058,OK
15512,00209245,309454,OK
15513,00209246,309456,OK
15514,00209247,309581,OK
15515,00209248,309316,OK
15516,00209249,308342,OK
15517,00209250,308350,OK
15518,00209251,307371,OK
15519,00209252,306793,OK
15520,00209253,306113,OK
15521,00209254,305298,OK
15522,00209255,304878,OK
15523,00209256,304734,OK
15524,00209257,304428,OK
15525,00209258,307096,OK
15526,00209259,306245,OK
15527,00209260,305871,OK
15528,00209261,305842,OK
15529,00209262,305341,OK
15530,00209263,305077,OK
15531,00209264,304827,OK
15532,00209265,304750,OK
15533,00209266,304492,OK
15534,00209267,304861,OK
15535,00209268,304472,OK
15536,00209269,304326,OK
15537,00209270,304010,OK
15538,00209271,303453,OK
15539,00209272,303257,OK
15540,00209273,302862,OK
15541,00209274,302449,OK
15542,00209275,302101,OK
15543,00209276,301889,OK
15544,00209277,301192,OK
15545,00209278,300587,OK
15546,00209279,300025,OK
15547,00209280,300109,OK
15548,00209281,300229,OK
15549,00209282,300875,OK
15550,00209283,301083,OK
15551,00209284,301142,OK
15552,00209285,300916,OK
15553,00209286,300884,OK
15554,00209287,300724,OK
15555,00209288,300727,OK
15556,00209289,300003,OK
15557,00209290,299405,OK
15558,00209291,299443,OK
15559,00209292,298951,OK
15560,00209293,298741,OK
15561,00209294,298400,OK
15562,00209295,298001,OK
15563,00209296,298122,OK
15564,00209297,298038,OK
15565,00209298,297658,OK
15566,00209299,297290,OK
15567,00209300,296941,OK
15568,00209301,297126,OK
15569,00209302,297354,OK
15570,00209303,297890,OK
15571,00209304,298258,OK
15572,00209305,298177,OK
15573,00209306,298263,OK
15574,00209307,298399,OK
15575,00209308,298152,OK
15576,00209309,297987,OK
15577,00209310,297841,OK
15578,00209311,297363,OK
15579,00209312,297133,OK
15580,00209313,296990,OK
15581,00209314,296633,OK
15582,00209315,296090,OK
15583,00209316,295915,OK
15584,00209317,295535,OK
15585,00209318,295494,OK
15586,00209319,295905,OK
15587,00209320,296036,OK
15588,00209321,295925,OK
15589,00209322,296030,OK
15590,00209323,296025,OK
15591,00209324,296044,OK
15592,00209325,296298,OK
15593,00209326,296301,OK
15594,00209327,296046,OK
15595,00209328,295799,OK
15596,00209329,296010,OK
15597,00209330,295863,OK
15598,00209331,295870,OK
15599,00209332,295998,OK
15600,00209333,296045,OK
15601,00209334,295837,OK
15602,00209335,295748,OK
15603,00209336,295942,OK
15604,00209337,295789,OK
15605,00209338,295865,OK
15606,00209339,295635,OK
15607,00209340,295680,OK
15608,00209341,295745,OK
15609,00209342,295848,OK
15610,00209343,295892,OK
15611,00209344,295923,OK
15612,00209345,295927,OK
15613,00209346,295968,OK
15614,00209347,295923,OK
15615,00209348,295819,OK
15616,00209349,295792,OK
15617,00209350,295604,OK
15618,00209351,295561,OK
15619,00209352,295571,OK
15620,00209353,295620,OK
15621,00209354,295561,OK
15622,00209355,295434,OK
15623,00209356,309548,OK
15624,00209357,309144,OK
15625,00209358,309301,OK
15626,00209359,309385,OK
15627,00209360,309695,OK
15628,00209361,309677,OK
15629,00209362,309733,OK
15630,00209363,309430,OK
15631,00209364,309050,OK
15632,00209365,309406,OK
15633,00209366,310251,OK
15634,00209367,310659,OK
15635,00209368,311145,OK
15636,00209369,311364,OK
15637,00209370,311699,OK
15638,00209371,312650,OK
15639,00209372,313670,OK
15640,00209373,314025,OK
15641,00209374,314280,OK
15642,00209375,314383,OK
15643,00209376,314584,OK
15644,00209377,314671,OK
15645,00209378,314488,OK
15646,00209379,314548,OK
15647,00209380,314686,OK
15648,00209381,314734,OK
15649,00209382,314392,OK
15650,00209383,314079,OK
15651,00209384,314069,OK
15652,00209385,313657,OK
15653,00209386,313484,OK
15654,00209387,313242,OK
15655,00209388,312890,OK
15656,00209389,312450,OK
15657,00209390,312234,OK
15658,00209391,312091,OK
15659,00209392,311957,OK
15660,00209393,312097,OK
15661,00209394,312504,OK
15662,00209395,313227,OK
15663,00209396,313707,OK
15664,00209397,313664,OK
15665,00209398,313768,OK
15666,00209399,313754,OK
15667,00209400,313529,OK
15668,00209401,313616,OK
15669,00209402,314038,OK
15670,00209403,314737,OK
15671,00209404,314971,OK
15672,00209405,315219,OK
15673,00209406,315153,OK
15674,00209407,315063,OK
15675,00209408,314533,OK
15676,00209409,313803,OK
15677,00209410,313500,OK
15678,00209411,313531,OK
15679,00209412,313335,OK
15680,00209413,313300,OK
15681,00209414,313758,OK
15682,00209415,314376,OK
15683,00209416,314647,OK
15684,00209417,314710,OK
15685,00209418,314608,OK
15686,00209419,314542,OK
15687,00209420,314631,OK
15688,00209421,314700,OK
15689,00209422,314468,OK
15690,00209423,314632,OK
15691,00209424,314358,OK
15692,00209425,314053,OK
15693,00209426,313850,OK
15694,00209427,313685,OK
15695,00209428,313718,OK
15696,00209429,313887,OK
15697,00209430,314350,OK
15698,00209431,314863,OK
15699,00209432,315164,OK
15700,00209433,315382,OK
15701,00209434,315369,OK
15702,00209435,315211,OK
15703,00209436,315274,OK
15704,00209437,315258,OK
15705,00209438,315193,OK
15706,00209439,315198,OK
15707,00209440,315166,OK
15708,00209441,314998,OK
15709,00209442,314947,OK
15710,00209443,314825,OK
15711,00209444,314695,OK
15712,00209445,314653,OK
15713,00209446,314270,OK
15714,00209447,314125,OK
15715,00209448,313929,OK
15716,00209449,313845,OK
15717,00209450,313301,OK
15718,00209451,312908,OK
15719,00209452,312532,OK
15720,00209453,312320,OK
15721,00209454,312056,OK
15722,00209455,311715,OK
15723,00209456,311311,OK
15724,00209457,310843,OK
15725,00209458,311137,OK
15726,00209459,311635,OK
15727,00209460,310970,OK
15728,00209461,310814,OK
15729,00209462,311216,OK
15730,00209463,311033,OK
15731,00209464,311660,OK
15732,00209465,312356,OK
15733,00209466,312619,OK
15734,00209467,312801,OK
15735,00209468,312303,OK
15736,00209469,312772,OK
15737,00209470,313187,OK
15738,00209471,313645,OK
15739,00209472,313985,OK
15740,00209473,314255,OK
15741,00209474,314352,OK
15742,00209475,314068,OK
15743,00209476,313817,OK
15744,00209477,313483,OK
15745,00209478,313464,OK
15746,00209479,312921,OK
15747,00209480,312637,OK
15748,00209481,313223,OK
15749,00209482,313816,OK
15750,00209483,313192,OK
15751,00209484,313218,OK
15752,00209485,312957,OK
15753,00209486,312805,OK
15754,00209487,313316,OK
15755,00209488,313718,OK
15756,00209489,313808,OK
15757,00209490,314013,OK
15758,00209491,313958,OK
15759,00209492,314119,OK
15760,00209493,314006,OK
15761,00209494,313865,OK
15762,00209495,313525,OK
15763,00209496,313223,OK
15764,00209497,313007,OK
15765,00209498,312728,OK
15766,00209499,312637,OK
15767,00209500,312459,OK
15768,00209501,312015,OK
15769,00209502,311817,OK
15770,00209503,311578,OK
15771,00209504,311480,OK
15772,00209505,311990,OK
15773,00209506,311595,OK
15774,00209507,311039,OK
15775,00209508,310766,OK
15776,00209509,310256,OK
15777,00209510,310499,OK
15778,00209511,310623,OK
15779,00209512,310898,OK
15780,00209513,311326,OK
15781,00209514,311512,OK
15782,00209515,311730,OK
15783,00209516,311854,OK
15784,00209517,312201,OK
15785,00209518,312550,OK
15786,00209519,312816,OK
15787,00209520,313128,OK
15788,00209521,313386,OK
15789,00209522,313765,OK
15790,00209523,313620,OK
15791,00209524,313624,OK
15792,00209525,313152,OK
15793,00209526,312988,OK
15794,00209527,312824,OK
15795,00209528,312827,OK
15796,00209529,312750,OK
15797,00209530,312501,OK
15798,00209531,312664,OK
15799,00209532,312591,OK
15800,00209533,312278,OK
15801,00209534,312043,OK
15802,00209535,311794,OK
15803,00209536,312045,OK
15804,00209537,312156,OK
15805,00209538,312463,OK
15806,00209539,312479,OK
15807,00209540,312487,OK
15808,00209541,312587,OK
15809,00209542,312685,OK
15810,00209543,312766,OK
15811,00209544,312628,OK
15812,00209545,312628,OK
15813,00209546,312410,OK
15814,00209547,312271,OK
15815,00209548,312123,OK
15816,00209549,312031,OK
15817,00209550,312221,OK
15818,00209551,312212,OK
15819,00209552,312271,OK
15820,00209553,312378,OK
15821,00209554,312065,OK
15822,00209555,311750,OK
15823,00209556,311711,OK
15824,00209557,311632,OK
15825,00209558,311946,OK
15826,00209559,311823,OK
15827,00209560,311621,OK
15828,00209561,311715,OK
15829,00209562,311623,OK
15830,00209563,311368,OK
15831,00209564,311179,OK
15832,00209565,311028,OK
15833,00209566,311127,OK
15834,00209567,311110,OK
15835,00209568,310985,OK
15836,00209569,310930,OK
15837,00209570,311025,OK
15838,00209571,310827,OK
15839,00209572,310867,OK
15840,00209573,310799,OK
15841,00209574,310947,OK
15842,00209575,310861,OK
15843,00209576,310862,OK
15844,00209577,310567,OK
15845,00209578,310688,OK
15846,00209579,310570,OK
15847,00209580,310765,OK
15848,00209581,310940,OK
15849,00209582,310839,OK
15850,00209583,311035,OK
15851,00209584,310923,OK
15852,00209585,311020,OK
15853,00209586,311114,OK
15854,00209587,311215,OK
15855,00209588,310977,OK
15856,00209589,311180,OK
15857,00209590,311097,OK
15858,00209591,311124,OK
15859,00209592,311150,OK
15860,00209593,310909,OK
15861,00209594,311045,OK
15862,00209595,310899,OK
15863,00209596,310797,OK
15864,00209597,310949,OK
15865,00209598,310939,OK
15866,00209599,310947,OK
15867,00209600,310894,OK
15868,00209601,310757,OK
15869,00209602,310646,OK
15870,00209603,310343,OK
15871,00209604,310204,OK
15872,00209605,310373,OK
15873,00209606,310626,OK
15874,00209607,310575,OK
15875,00209608,310612,OK
15876,00209609,310494,OK
15877,00209610,310599,OK
15878,00209611,310395,OK
15879,00209612,310251,OK
15880,00209613,310486,OK
15881,00209614,310575,OK
15882,00209615,310482,OK
15883,00209616,310660,OK
15884,00209617,310590,OK
15885,00209618,310509,OK
15886,00209619,310424,OK
15887,00209620,310371,OK
15888,00209621,310355,OK
15889,00209622,310500,OK
15890,00209623,310226,OK
15891,00209624,310375,OK
15892,00209625,310193,OK
15893,00209626,310068,OK
15894,00209627,309832,OK
15895,00209628,310005,OK
15896,00209629,310000,OK
15897,00209630,310290,OK
15898,00209631,310401,OK
15899,00209632,310376,OK
15900,00209633,310647,OK
15901,00209634,310628,OK
15902,00209635,310631,OK
15903,00209636,310683,OK
15904,00209637,310555,OK
15905,00209638,310739,OK
15906,00209639,310711,OK
15907,00209640,310026,OK
15908,00209641,309259,OK
15909,00209642,309191,OK
15910,00209643,308949,OK
15911,00209644,309053,OK
15912,00209645,308947,OK
15913,00209646,308875,OK
15914,00209647,309253,OK
15915,00209648,309595,OK
15916,00209649,309709,OK
15917,00209650,309774,OK
15918,00209651,310072,OK
15919,00209652,309925,OK
15920,00209653,309825,OK
15921,00209654,309686,OK
15922,00209655,309759,OK
15923,00209656,309769,OK
15924,00209657,309723,OK
15925,00209658,310117,OK
15926,00209659,310129,OK
15927,00209660,310374,OK
15928,00209661,310350,OK
15929,00209662,310546,OK
15930,00209663,310699,OK
15931,00209664,310840,OK
15932,00209665,310896,OK
15933,00209666,310360,OK
15934,00209667,310413,OK
15935,00209668,310628,OK
15936,00209669,310864,OK
15937,00209670,311000,OK
15938,00209671,310802,OK
15939,00209672,311086,OK
15940,00209673,310708,OK
15941,00209674,306548,OK
15942,00209675,301132,OK
15943,00209676,298039,OK
15944,00209677,298022,OK
15945,00209678,298083,OK
15946,00209679,298537,OK
15947,00209680,298241,OK
15948,00209681,298509,OK
15949,00209682,298856,OK
15950,00209683,298776,OK
15951,00209684,298527,OK
15952,00209685,298912,OK
15953,00209686,299560,OK
15954,00209687,300970,OK
15955,00209688,302742,OK
15956,00209689,304290,OK
15957,00209690,305902,OK
15958,00209691,307471,OK
15959,00209692,309689,OK
15960,00209693,310641,OK
15961,00209694,311178,OK
15962,00209695,311648,OK
15963,00209696,312379,OK
15964,00209697,312062,OK
15965,00209698,312041,OK
15966,00209699,312051,OK
15967,00209700,312019,OK
15968,00209701,311989,OK
15969,00209702,310795,OK
15970,00209703,310011,OK
15971,00209704,308278,OK
15972,00209705,307148,OK
15973,00209706,305824,OK
15974,00209707,304580,OK
15975,00209708,302466,OK
15976,00209709,299907,OK
15977,00209710,298588,OK
15978,00209711,296963,OK
15979,00209712,295497,OK
15980,00209713,294157,OK
15981,00209714,293071,OK
15982,00209715,292483,OK
15983,00209716,291732,OK
15984,00209717,291580,OK
15985,00209718,290899,OK
15986,00209719,289919,OK
15987,00209720,289734,OK
15988,00209721,289483,OK
15989,00209722,289353,OK
15990,00209723,288951,OK
15991,00209724,288253,OK
15992,00209725,287507,OK
15993,00209726,286727,OK
15994,00209727,285673,OK
15995,00209728,284960,OK
15996,00209729,284558,OK
15997,00209730,283792,OK
15998,00209731,283291,OK
15999,00209732,282844,OK
16000,00209733,282305,OK
16001,00209734,282088,OK
16002,00209735,281837,OK
16003,00209736,281693,OK
16004,00209737,281801,OK
16005,00209738,281747,OK
16006,00209739,281636,OK
16007,00209740,281687,OK
16008,00209741,281603,OK
16009,00209742,281842,OK
16010,00209743,281916,OK
16011,00209744,281492,OK
16012,00209745,281196,OK
16013,00209746,280616,OK
16014,00209747,280058,OK
16015,00209748,279493,OK
16016,00209749,278506,OK
16017,00209750,277979,OK
16018,00209751,277924,OK
16019,00209752,278265,OK
16020,00209753,278445,OK
16021,00209754,278430,OK
16022,00209755,277611,OK
16023,00209756,277585,OK
16024,00209757,277371,OK
16025,00209758,277292,OK
16026,00209759,276894,OK
16027,00209760,276740,OK
16028,00209761,277216,OK
16029,00209762,277553,OK
16030,00209763,277551,OK
16031,00209764,277186,OK
16032,00209765,277128,OK
16033,00209766,277322,OK
16034,00209767,277091,OK
16035,00209768,276833,OK
16036,00209769,276493,OK
16037,00209770,276187,OK
16038,00209771,276171,OK
16039,00209772,276335,OK
16040,00209773,276329,OK
16041,00209774,276245,OK
16042,00209775,276206,OK
16043,00209776,276136,OK
16044,00209777,276457,OK
16045,00209778,276371,OK
16046,00209779,276232,OK
16047,00209780,276557,OK
16048,00209781,276987,OK
16049,00209782,277337,OK
16050,00209783,277570,OK
16051,00209784,277426,OK
16052,00209785,277659,OK
16053,00209786,278223,OK
16054,00209787,278490,OK
16055,00209788,278484,OK
16056,00209789,278258,OK
16057,00209790,277953,OK
16058,00209791,277641,OK
16059,00209792,277823,OK
16060,00209793,277617,OK
16061,00209794,277349,OK
16062,00209795,276632,OK
16063,00209796,276438,OK
16064,00209797,275951,OK
16065,00209798,275715,OK
16066,00209799,275101,OK
16067,00209800,274669,OK
16068,00209801,274474,OK
16069,00209802,274327,OK
16070,00209803,274515,OK
16071,00209804,274572,OK
16072,00209805,274316,OK
16073,00209806,274220,OK
16074,00209807,273900,OK
16075,00209808,273663,OK
16076,00209809,273556,OK
16077,00209810,274035,OK
16078,00209811,274088,OK
16079,00209812,273586,OK
16080,00209813,273160,OK
16081,00209814,273107,OK
16082,00209815,273203,OK
16083,00209816,273593,OK
16084,00209817,273208,OK
16085,00209818,272939,OK
16086,00209819,272361,OK
16087,00209820,272149,OK
16088,00209821,271669,OK
16089,00209822,273171,OK
16090,00209823,276103,OK
16091,00209824,279745,OK
16092,00209825,284045,OK
16093,00209826,288065,OK
16094,00209827,292365,OK
16095,00209828,296195,OK
16096,00209829,300525,OK
16097,00209830,302052,OK
16098,00209831,301789,OK
16099,00209832,300349,OK
16100,00209833,296615,OK
16101,00209834,292570,OK
16102,00209835,288824,OK
16103,00209836,285752,OK
16104,00209837,282407,OK
16105,00209838,279399,OK
16106,00209839,276757,OK
16107,00209840,273989,OK
16108,00209841,271833,OK
16109,00209842,271385,OK
16110,00209843,271163,OK
16111,00209844,271064,OK
16112,00209845,270537,OK
16113,00209846,270286,OK
16114,00209847,269873,OK
16115,00209848,269555,OK
16116,00209849,269182,OK
16117,00209850,268840,OK
16118,00209851,268532,OK
16119,00209852,267947,OK
16120,00209853,267638,OK
16121,00209854,266902,OK
16122,00209855,266242,OK
16123,00209856,265399,OK
16124,00209857,264649,OK
16125,00209858,263466,OK
16126,00209859,262677,OK
16127,00209860,262187,OK
16128,00209861,261638,OK
16129,00209862,261053,OK
16130,00209863,259997,OK
16131,00209864,259079,OK
16132,00209865,258265,OK
16133,00209866,257494,OK
16134,00209867,256488,OK
16135,00209868,255961,OK
16136,00209869,255204,OK
16137,00209870,255012,OK
16138,00209871,255128,OK
16139,00209872,253885,OK
16140,00209873,253063,OK
16141,00209874,252718,OK
16142,00209875,254777,OK
16143,00209876,257023,OK
16144,00209877,260129,OK
16145,00209878,263636,OK
16146,00209879,267781,OK
16147,00209880,272523,OK
16148,00209881,277397,OK
16149,00209882,282025,OK
16150,00209883,286287,OK
16151,00209884,290732,OK
16152,00209885,295011,OK
16153,00209886,300280,OK
16154,00209887,305342,OK
16155,00209888,309639,OK
16156,00209889,310094,OK
16157,00209890,310042,OK
16158,00209891,309971,OK
16159,00209892,309779,OK
16160,00209893,309788,OK
16161,00209894,309998,OK
16162,00209895,310246,OK
16163,00209896,310388,OK
16164,00209897,310166,OK
16165,00209898,309992,OK
16166,00209899,309762,OK
16167,00209900,309681,OK
16168,00209901,309503,OK
16169,00209902,309723,OK
16170,00209903,309248,OK
16171,00209904,308661,OK
16172,00209905,308449,OK
16173,00209906,308198,OK
16174,00209907,308374,OK
16175,00209908,308360,OK
16176,00209909,308047,OK
16177,00209910,308080,OK
16178,00209911,308101,OK
16179,00209912,307757,OK
16180,00209913,307763,OK
16181,00209914,307541,OK
16182,00209915,307418,OK
16183,00209916,307424,OK
16184,00209917,307345,OK
16185,00209918,307238,OK
16186,00209919,307225,OK
16187,00209920,307131,OK
16188,00209921,307180,OK
16189,00209922,307120,OK
16190,00209923,307123,OK
16191,00209924,306918,OK
16192,00209925,306858,OK
16193,00209926,306713,OK
16194,00209927,306595,OK
16195,00209928,306455,OK
16196,00209929,306435,OK
16197,00209930,306386,OK
16198,00209931,306435,OK
16199,00209932,306375,OK
16200,00209933,306428,OK
16201,00209934,306384,OK
16202,00209935,306385,OK
16203,00209936,306510,OK
16204,00209937,306766,OK
16205,00209938,306620,OK
16206,00209939,306749,OK
16207,00209940,306975,OK
16208,00209941,306869,OK
16209,00209942,307003,OK
16210,00209943,307050,OK
16211,00209944,307064,OK
16212,00209945,307156,OK
16213,00209946,307279,OK
16214,00209947,307445,OK
16215,00209948,307162,OK
16216,00209949,307067,OK
16217,00209950,306810,OK
16218,00209951,306951,OK
16219,00209952,306961,OK
16220,00209953,306687,OK
16221,00209954,306923,OK
16222,00209955,306927,OK
16223,00209956,307009,OK
16224,00209957,306764,OK
16225,00209958,306413,OK
16226,00209959,305455,OK
16227,00209960,305038,OK
16228,00209961,304618,OK
16229,00209962,304730,OK
16230,00209963,304841,OK
16231,00209964,305057,OK
16232,00209965,305617,OK
16233,00209966,305910,OK
16234,00209967,305205,OK
16235,00209968,304979,OK
16236,00209969,304853,OK
16237,00209970,305000,OK
16238,00209971,305327,OK
16239,00209972,305214,OK
16240,00209973,305649,OK
16241,00209974,305963,OK
16242,00209975,305945,OK
16243,00209976,305892,OK
16244,00209977,305761,OK
16245,00209978,305599,OK
16246,00209979,305422,OK
16247,00209980,305256,OK
16248,00209981,305624,OK
16249,00209982,306164,OK
16250,00209983,305841,OK
16251,00209984,305975,OK
16252,00209985,306136,OK
16253,00209986,306285,OK
16254,00209987,306338,OK
16255,00209988,306219,OK
16256,00209989,306495,OK
16257,00209990,306256,OK
16258,00209991,305913,OK
16259,00209992,306023,OK
16260,00209993,306295,OK
16261,00209994,306402,OK
16262,00209995,306534,OK
16263,00209996,306248,OK
16264,00209997,306201,OK
16265,00209998,305707,OK
16266,00209999,305396,OK
16267,00210000,305282,OK
16268,00210001,304963,OK
16269,00210002,304822,OK
16270,00210003,304278,OK
16271,00210004,303981,OK
16272,00210005,303942,OK
16273,00210006,304075,OK
16274,00210007,304263,OK
16275,00210008,304198,OK
16276,00210009,303815,OK
16277,00210010,304254,OK
16278,00210011,304542,OK
16279,00210012,304915,OK
16280,00210013,304910,OK
16281,00210014,304940,OK
16282,00210015,304963,OK
16283,00210016,305220,OK
16284,00210017,304990,OK
16285,00210018,304602,OK
16286,00210019,304430,OK
16287,00210020,304194,OK
16288,00210021,304238,OK
16289,00210022,304132,OK
16290,00210023,304025,OK
16291,00210024,304232,OK
16292,00210025,303973,OK
16293,00210026,303925,OK
16294,00210027,303679,OK
16295,00210028,303653,OK
16296,00210029,303539,OK
16297,00210030,303811,OK
16298,00210031,303898,OK
16299,00210032,303673,OK
16300,00210033,303436,OK
16301,00210034,303328,OK
16302,00210035,303408,OK
16303,00210036,303342,OK
16304,00210037,303416,OK
16305,00210038,303565,OK
16306,00210039,303411,OK
16307,00210040,303569,OK
16308,00210041,303634,OK
16309,00210042,303737,OK
16310,00210043,303619,OK
16311,00210044,303652,OK
16312,00210045,303775,OK
16313,00210046,304057,OK
16314,00210047,304275,OK
16315,00210048,304407,OK
16316,00210049,304466,OK
16317,00210050,304585,OK
16318,00210051,304845,OK
16319,00210052,305057,OK
16320,00210053,305174,OK
16321,00210054,305128,OK
16322,00210055,304966,OK
16323,00210056,304990,OK
16324,00210057,304875,OK
16325,00210058,304824,OK
16326,00210059,304649,OK
16327,00210060,304341,OK
16328,00210061,304349,OK
16329,00210062,304574,OK
16330,00210063,304572,OK
16331,00210064,304626,OK
16332,00210065,304740,OK
16333,00210066,304765,OK
16334,00210067,304919,OK
16335,00210068,305068,OK
16336,00210069,304856,OK
16337,00210070,304935,OK
16338,00210071,305201,OK
16339,00210072,305453,OK
16340,00210073,305717,OK
16341,00210074,305694,OK
16342,00210075,305655,OK
16343,00210076,305903,OK
16344,00210077,306149,OK
16345,00210078,306904,OK
16346,00210079,306846,OK
16347,00210080,307062,OK
16348,00210081,306799,OK
16349,00210082,306754,OK
16350,00210083,306854,OK
16351,00210084,306927,OK
16352,00210085,307282,OK
16353,00210086,307513,OK
16354,00210087,307806,OK
16355,00210088,307866,OK
16356,00210089,307782,OK
16357,00210090,307918,OK
16358,00210091,307874,OK
16359,00210092,307769,OK
16360,00210093,307972,OK
16361,00210094,308108,OK
16362,00210095,308057,OK
16363,00210096,308295,OK
16364,00210097,308300,OK
16365,00210098,308594,OK
16366,00210099,308699,OK
16367,00210100,308898,OK
16368,00210101,308899,OK
16369,00210102,308910,OK
16370,00210103,308428,OK
16371,00210104,308438,OK
16372,00210105,308548,OK
16373,00210106,308737,OK
16374,00210107,308857,OK
16375,00210108,309406,OK
16376,00210109,309372,OK
16377,00210110,308653,OK
16378,00210111,308761,OK
16379,00210112,308703,OK
16380,00210113,308808,OK
16381,00210114,308798,OK
16382,00210115,308582,OK
16383,00210116,308643,OK
16384,00210117,308602,OK
16385,00210118,308606,OK
16386,00210119,308474,OK
16387,00210120,308827,OK
16388,00210121,308849,OK
16389,00210122,308888,OK
16390,00210123,308903,OK
16391,00210124,308515,OK
16392,00210125,308470,OK
16393,00210126,308759,OK
16394,00210127,308619,OK
16395,00210128,308412,OK
16396,00210129,308738,OK
16397,00210130,308673,OK
16398,00210131,308599,OK
16399,00210132,308810,OK
16400,00210133,308914,OK
16401,00210134,308911,OK
16402,00210135,309161,OK
16403,00210136,308902,OK
16404,00210137,308976,OK
16405,00210138,308894,OK
16406,00210139,308848,OK
16407,00210140,308647,OK
16408,00210141,308447,OK
16409,00210142,308218,OK
16410,00210143,308324,OK
16411,00210144,308231,OK
16412,00210145,307971,OK
16413,00210146,307822,OK
16414,00210147,308016,OK
16415,00210148,307962,OK
16416,00210149,308184,OK
16417,00210150,308116,OK
16418,00210151,308198,OK
16419,00210152,308499,OK
16420,00210153,308771,OK
16421,00210154,308679,OK
16422,00210155,308923,OK
16423,00210156,309551,OK
16424,00210157,309075,OK
16425,00210158,308888,OK
16426,00210159,308581,OK
16427,00210160,308644,OK
16428,00210161,308795,OK
16429,00210162,308773,OK
16430,00210163,308694,OK
16431,00210164,308828,OK
16432,00210165,308680,OK
16433,00210166,308233,OK
16434,00210167,308060,OK
16435,00210168,307872,OK
16436,00210169,307809,OK
16437,00210170,307979,OK
16438,00210171,307679,OK
16439,00210172,306768,OK
16440,00210173,306238,OK
16441,00210174,305670,OK
16442,00210175,305347,OK
16443,00210176,305843,OK
16444,00210177,305861,OK
16445,00210178,304844,OK
16446,00210179,303891,OK
16447,00210180,303202,OK
16448,00210181,302569,OK
16449,00210182,302322,OK
16450,00210183,302530,OK
16451,00210184,303049,OK
16452,00210185,303135,OK
16453,00210186,303123,OK
16454,00210187,302978,OK
16455,00210188,303207,OK
16456,00210189,302958,OK
16457,00210190,303046,OK
16458,00210191,303645,OK
16459,00210192,303620,OK
16460,00210193,303618,OK
16461,00210194,303917,OK
16462,00210195,304579,OK
16463,00210196,305096,OK
16464,00210197,305346,OK
16465,00210198,304786,OK
16466,00210199,304413,OK
16467,00210200,303691,OK
16468,00210201,303357,OK
16469,00210202,303590,OK
16470,00210203,298530,OK
16471,00210204,287497,OK
16472,00210205,278850,OK
16473,00210206,268329,OK
16474,00210207,256174,OK
16475,00210208,249070,OK
16476,00210209,248947,OK
16477,00210210,248887,OK
16478,00210211,247718,OK
16479,00210212,247267,OK
16480,00210213,247741,OK
16481,00210214,248956,OK
16482,00210215,250136,OK
16483,00210216,258598,OK
16484,00210217,270310,OK
16485,00210218,282251,OK
16486,00210219,284888,OK
16487,00210220,280150,OK
16488,00210221,268040,OK
16489,00210222,257306,OK
16490,00210223,254359,OK
16491,00210224,255755,OK
16492,00210225,256363,OK
16493,00210226,258520,OK
16494,00210227,262032,OK
16495,00210228,265353,OK
16496,00210229,269473,OK
16497,00210230,274259,OK
16498,00210231,279042,OK
16499,00210232,285518,OK
16500,00210233,294605,OK
16501,00210234,296053,OK
16502,00210235,295473,OK
16503,00210236,295233,OK
16504,00210237,293328,OK
16505,00210238,293416,OK
16506,00210239,292385,OK
16507,00210240,290316,OK
16508,00210241,288087,OK
16509,00210242,287101,OK
16510,00210243,286342,OK
16511,00210244,285303,OK
16512,00210245,284817,OK
16513,00210246,284171,OK
16514,00210247,283404,OK
16515,00210248,283026,OK
16516,00210249,282233,OK
16517,00210250,281923,OK
16518,00210251,282480,OK
16519,00210252,281224,OK
16520,00210253,277005,OK
16521,00210254,273596,OK
16522,00210255,272240,OK
16523,00210256,269759,OK
16524,00210257,269046,OK
16525,00210258,268823,OK
16526,00210259,267966,OK
16527,00210260,267372,OK
16528,00210261,266910,OK
16529,00210262,266693,OK
16530,00210263,266651,OK
16531,00210264,266510,OK
16532,00210265,265017,OK
16533,00210266,262908,OK
16534,00210267,261320,OK
16535,00210268,260363,OK
16536,00210269,260468,OK
16537,00210270,260050,OK
16538,00210271,258885,OK
16539,00210272,257195,OK
16540,00210273,256169,OK
16541,00210274,255142,OK
16542,00210275,255293,OK
16543,00210276,255645,OK
16544,00210277,257070,OK
16545,00210278,258235,OK
16546,00210279,259794,OK
16547,00210280,261400,OK
16548,00210281,262187,OK
16549,00210282,263762,OK
16550,00210283,265020,OK
16551,00210284,267341,OK
16552,00210285,271309,OK
16553,00210286,275468,OK
16554,00210287,279500,OK
16555,00210288,280260,OK
16556,00210289,281243,OK
16557,00210290,283507,OK
16558,00210291,283316,OK
16559,00210292,284416,OK
16560,00210293,281536,OK
16561,00210294,278626,OK
16562,00210295,277172,OK
16563,00210296,276898,OK
16564,00210297,273575,OK
16565,00210298,273507,OK
16566,00210299,269653,OK
16567,00210300,269800,OK
16568,00210301,272190,OK
16569,00210302,273109,OK
16570,00210303,272164,OK
16571,00210304,271911,OK
16572,00210305,272233,OK
16573,00210306,273193,OK
16574,00210307,273825,OK
16575,00210308,272435,OK
16576,00210309,272495,OK
16577,00210310,268113,OK
16578,00210311,268474,OK
16579,00210312,268764,OK
16580,00210313,270675,OK
16581,00210314,274035,OK
16582,00210315,274605,OK
16583,00210316,274355,OK
16584,00210317,273767,OK
16585,00210318,275397,OK
16586,00210319,276176,OK
16587,00210320,276301,OK
16588,00210321,274930,OK
16589,00210322,274121,OK
16590,00210323,274829,OK
16591,00210324,273657,OK
16592,00210325,274236,OK
16593,00210326,274686,OK
16594,00210327,275358,OK
16595,00210328,275273,OK
16596,00210329,272525,OK
16597,00210330,274593,OK
16598,00210331,275962,OK
16599,00210332,275377,OK
16600,00210333,277683,OK
16601,00210334,276620,OK
16602,00210335,279046,OK
16603,00210336,278398,OK
16604,00210337,277432,OK
16605,00210338,278420,OK
16606,00210339,277352,OK
16607,00210340,277807,OK
16608,00210341,276850,OK
16609,00210342,276030,OK
16610,00210343,276446,OK
16611,00210344,276466,OK
16612,00210345,273588,OK
16613,00210346,271690,OK
16614,00210347,270834,OK
16615,00210348,271831,OK
16616,00210349,270554,OK
16617,00210350,269127,OK
16618,00210351,265767,OK
16619,00210352,266128,OK
16620,00210353,265849,OK
16621,00210354,265339,OK
16622,00210355,262920,OK
16623,00210356,261170,OK
16624,00210357,287102,OK
16625,00210358,287035,OK
16626,00210359,286659,OK
16627,00210360,286873,OK
16628,00210361,286634,OK
16629,00210362,286308,OK
16630,00210363,286575,OK
16631,00210364,285973,OK
16632,00210365,286133,OK
16633,00210366,285536,OK
16634,00210367,284304,OK
16635,00210368,283982,OK
16636,00210369,283770,OK
16637,00210370,283958,OK
16638,00210371,283565,OK
16639,00210372,282798,OK
16640,00210373,282926,OK
16641,00210374,282568,OK
16642,00210375,282553,OK
16643,00210376,282628,OK
16644,00210377,282262,OK
16645,00210378,282289,OK
16646,00210379,282150,OK
16647,00210380,281712,OK
16648,00210381,281769,OK
16649,00210382,282178,OK
16650,00210383,282222,OK
16651,00210384,282392,OK
16652,00210385,283768,OK
16653,00210386,283783,OK
16654,00210387,283590,OK
16655,00210388,283409,OK
16656,00210389,283669,OK
16657,00210390,283754,OK
16658,00210391,283599,OK
16659,00210392,283417,OK
16660,00210393,283273,OK
16661,00210394,282407,OK
16662,00210395,281898,OK
16663,00210396,281341,OK
16664,00210397,281361,OK
16665,00210398,281395,OK
16666,00210399,280651,OK
16667,00210400,280583,OK
16668,00210401,280582,OK
16669,00210402,281150,OK
16670,00210403,281343,OK
16671,00210404,281891,OK
16672,00210405,282372,OK
16673,00210406,282440,OK
16674,00210407,282308,OK
16675,00210408,282999,OK
16676,00210409,283082,OK
16677,00210410,283748,OK
16678,00210411,284004,OK
16679,00210412,284560,OK
16680,00210413,285266,OK
16681,00210414,285233,OK
16682,00210415,285559,OK
16683,00210416,285835,OK
16684,00210417,286064,OK
16685,00210418,286356,OK
16686,00210419,286546,OK
16687,00210420,287132,OK
16688,00210421,286827,OK
16689,00210422,287329,OK
16690,00210423,287110,OK
16691,00210424,287484,OK
16692,00210425,287737,OK
16693,00210426,287190,OK
16694,00210427,287597,OK
16695,00210428,288600,OK
16696,00210429,288630,OK
16697,00210430,287995,OK
16698,00210431,287216,OK
16699,00210432,287402,OK
16700,00210433,287953,OK
16701,00210434,288022,OK
16702,00210435,288366,OK
16703,00210436,287362,OK
16704,00210437,285765,OK
16705,00210438,285446,OK
16706,00210439,286023,OK
16707,00210440,286960,OK
16708,00210441,287046,OK
16709,00210442,286952,OK
16710,00210443,287561,OK
16711,00210444,288059,OK
16712,00210445,288868,OK
16713,00210446,290028,OK
16714,00210447,289858,OK
16715,00210448,288226,OK
16716,00210449,286387,OK
16717,00210450,283556,OK
16718,00210451,281027,OK
16719,00210452,282747,OK
16720,00210453,284170,OK
16721,00210454,284929,OK
16722,00210455,284200,OK
16723,00210456,283073,OK
16724,00210457,282335,OK
16725,00210458,282220,OK
16726,00210459,282049,OK
16727,00210460,281463,OK
16728,00210461,281181,OK
16729,00210462,280917,OK
16730,00210463,279498,OK
16731,00210464,277745,OK
16732,00210465,277638,OK
16733,00210466,278029,OK
16734,00210467,279157,OK
16735,00210468,279069,OK
16736,00210469,278990,OK
16737,00210470,278537,OK
16738,00210471,279136,OK
16739,00210472,279501,OK
16740,00210473,279564,OK
16741,00210474,279505,OK
16742,00210475,279287,OK
16743,00210476,278903,OK
16744,00210477,278914,OK
16745,00210478,278863,OK
16746,00210479,278599,OK
16747,00210480,278251,OK
16748,00210481,277812,OK
16749,00210482,277695,OK
16750,00210483,277909,OK
16751,00210484,277848,OK
16752,00210485,277872,OK
16753,00210486,278147,OK
16754,00210487,278103,OK
16755,00210488,278066,OK
16756,00210489,277924,OK
16757,00210490,277946,OK
16758,00210491,278164,OK
16759,00210492,278227,OK
16760,00210493,277249,OK
16761,00210494,274755,OK
16762,00210495,272136,OK
16763,00210496,270267,OK
16764,00210497,269978,OK
16765,00210498,270128,OK
16766,00210499,271070,OK
16767,00210500,271820,OK
16768,00210501,271931,OK
16769,00210502,271185,OK
16770,00210503,270910,OK
16771,00210504,271065,OK
16772,00210505,273003,OK
16773,00210506,275246,OK
16774,00210507,275353,OK
16775,00210508,273737,OK
16776,00210509,271814,OK
16777,00210510,270726,OK
16778,00210511,271311,OK
16779,00210512,272009,OK
16780,00210513,272361,OK
16781,00210514,271806,OK
16782,00210515,271243,OK
16783,00210516,270607,OK
16784,00210517,270760,OK
16785,00210518,270890,OK
16786,00210519,270790,OK
16787,00210520,270621,OK
16788,00210521,270392,OK
16789,00210522,269884,OK
16790,00210523,269749,OK
16791,00210524,269729,OK
16792,00210525,270003,OK
16793,00210526,270924,OK
16794,00210527,272338,OK
16795,00210528,274169,OK
16796,00210529,275057,OK
16797,00210530,274508,OK
16798,00210531,273562,OK
16799,00210532,272643,OK
16800,00210533,272257,OK
16801,00210534,272335,OK
16802,00210535,272419,OK
16803,00210536,272146,OK
16804,00210537,270971,OK
16805,00210538,269896,OK
16806,00210539,269374,OK
16807,00210540,268360,OK
16808,00210541,267520,OK
16809,00210542,266909,OK
16810,00210543,266891,OK
16811,00210544,266962,OK
16812,00210545,266641,OK
16813,00210546,266422,OK
16814,00210547,266060,OK
16815,00210548,265953,OK
16816,00210549,265849,OK
16817,00210550,265961,OK
16818,00210551,265848,OK
16819,00210552,265962,OK
16820,00210553,266034,OK
16821,00210554,265901,OK
16822,00210555,265809,OK
16823,00210556,265860,OK
16824,00210557,265935,OK
16825,00210558,265732,OK
16826,00210559,265568,OK
16827,00210560,265578,OK
16828,00210561,265699,OK
16829,00210562,265615,OK
16830,00210563,265509,OK
16831,00210564,265354,OK
16832,00210565,265250,OK
16833,00210566,265226,OK
16834,00210567,265301,OK
16835,00210568,265279,OK
16836,00210569,265095,OK
16837,00210570,265087,OK
16838,00210571,265003,OK
16839,00210572,265221,OK
16840,00210573,265115,OK
16841,00210574,265290,OK
16842,00210575,265354,OK
16843,00210576,265330,OK
16844,00210577,265503,OK
16845,00210578,265457,OK
16846,00210579,265674,OK
16847,00210580,265499,OK
16848,00210581,265448,OK
16849,00210582,265107,OK
16850,00210583,264620,OK
16851,00210584,264565,OK
16852,00210585,264127,OK
16853,00210586,263723,OK
16854,00210587,263783,OK
16855,00210588,263803,OK
16856,00210589,263530,OK
16857,00210590,263383,OK
16858,00210591,263214,OK
16859,00210592,262987,OK
16860,00210593,262784,OK
16861,00210594,262460,OK
16862,00210595,262585,OK
16863,00210596,262592,OK
16864,00210597,262612,OK
16865,00210598,263091,OK
16866,00210599,263168,OK
16867,00210600,263095,OK
16868,00210601,262662,OK
16869,00210602,261769,OK
16870,00210603,261499,OK
16871,00210604,261096,OK
16872,00210605,260719,OK
16873,00210606,260541,OK
16874,00210607,260485,OK
16875,00210608,260722,OK
16876,00210609,260660,OK
16877,00210610,260382,OK
16878,00210611,260517,OK
16879,00210612,260648,OK
16880,00210613,259837,OK
16881,00210614,259412,OK
16882,00210615,259373,OK
16883,00210616,259213,OK
16884,00210617,258166,OK
16885,00210618,257989,OK
16886,00210619,257923,OK
16887,00210620,258225,OK
16888,00210621,258450,OK
16889,00210622,258837,OK
16890,00210623,259551,OK
16891,00210624,259935,OK
16892,00210625,259409,OK
16893,00210626,259392,OK
16894,00210627,259328,OK
16895,00210628,258969,OK
16896,00210629,258828,OK
16897,00210630,258811,OK
16898,00210631,258741,OK
16899,00210632,259386,OK
16900,00210633,259541,OK
16901,00210634,259737,OK
16902,00210635,259910,OK
16903,00210636,259739,OK
16904,00210637,259197,OK
16905,00210638,259073,OK
16906,00210639,258993,OK
16907,00210640,258943,OK
16908,00210641,258908,OK
16909,00210642,258627,OK
16910,00210643,258412,OK
16911,00210644,257697,OK
16912,00210645,257332,OK
16913,00210646,257006,OK
16914,00210647,256833,OK
16915,00210648,257849,OK
16916,00210649,258307,OK
16917,00210650,258760,OK
16918,00210651,258969,OK
16919,00210652,258966,OK
16920,00210653,259584,OK
16921,00210654,259324,OK
16922,00210655,258555,OK
16923,00210656,258338,OK
16924,00210657,257819,OK
16925,00210658,257569,OK
16926,00210659,258091,OK
16927,00210660,258412,OK
16928,00210661,259423,OK
16929,00210662,259324,OK
16930,00210663,258907,OK
16931,00210664,258719,OK
16932,00210665,257934,OK
16933,00210666,257248,OK
16934,00210667,258390,OK
16935,00210668,259951,OK
16936,00210669,261559,OK
16937,00210670,262551,OK
16938,00210671,262797,OK
16939,00210672,263458,OK
16940,00210673,264798,OK
16941,00210674,265037,OK
16942,00210675,265574,OK
16943,00210676,266049,OK
16944,00210677,265957,OK
16945,00210678,266111,OK
16946,00210679,266122,OK
16947,00210680,266071,OK
16948,00210681,265740,OK
16949,00210682,265572,OK
16950,00210683,265642,OK
16951,00210684,265693,OK
16952,00210685,266257,OK
16953,00210686,266452,OK
16954,00210687,266597,OK
16955,00210688,266685,OK
16956,00210689,266578,OK
16957,00210690,266325,OK
16958,00210691,266121,OK
16959,00210692,266129,OK
16960,00210693,265760,OK
16961,00210694,266314,OK
16962,00210695,266198,OK
16963,00210696,266585,OK
16964,00210697,267092,OK
16965,00210698,266442,OK
16966,00210699,266571,OK
16967,00210700,266299,OK
16968,00210701,266408,OK
16969,00210702,266950,OK
16970,00210703,266825,OK
16971,00210704,267188,OK
16972,00210705,267309,OK
16973,00210706,267877,OK
16974,00210707,268106,OK
16975,00210708,267756,OK
16976,00210709,267842,OK
16977,00210710,267065,OK
16978,00210711,266469,OK
16979,00210712,266518,OK
16980,00210713,267330,OK
16981,00210714,267647,OK
16982,00210715,267815,OK
16983,00210716,268447,OK
16984,00210717,268903,OK
16985,00210718,268782,OK
16986,00210719,269295,OK
16987,00210720,269746,OK
16988,00210721,270307,OK
16989,00210722,270791,OK
16990,00210723,270533,OK
16991,00210724,270035,OK
16992,00210725,270111,OK
16993,00210726,269651,OK
16994,00210727,269979,OK
16995,00210728,269494,OK
16996,00210729,269588,OK
16997,00210730,270103,OK
16998,00210731,270293,OK
16999,00210732,271490,OK
17000,00210733,271956,OK
17001,00210734,272056,OK
17002,00210735,272252,OK
17003,00210736,272540,OK
17004,00210737,272537,OK
17005,00210738,272499,OK
17006,00210739,273367,OK
17007,00210740,273788,OK
17008,00210741,274083,OK
17009,00210742,274673,OK
17010,00210743,274609,OK
17011,00210744,274564,OK
17012,00210745,274372,OK
17013,00210746,274370,OK
17014,00210747,274319,OK
17015,00210748,274938,OK
17016,00210749,274706,OK
17017,00210750,274300,OK
17018,00210751,274335,OK
17019,00210752,274992,OK
17020,00210753,275578,OK
17021,00210754,275852,OK
17022,00210755,276352,OK
17023,00210756,277074,OK
17024,00210757,277846,OK
17025,00210758,278719,OK
17026,00210759,279361,OK
17027,00210760,278979,OK
17028,00210761,279722,OK
17029,00210762,279576,OK
17030,00210763,276715,OK
17031,00210764,275872,OK
17032,00210765,276091,OK
17033,00210766,276968,OK
17034,00210767,278445,OK
17035,00210768,278354,OK
17036,00210769,277960,OK
17037,00210770,277140,OK
17038,00210771,277137,OK
17039,00210772,278227,OK
17040,00210773,279067,OK
17041,00210774,278791,OK
17042,00210775,277395,OK
17043,00210776,274671,OK
17044,00210777,273272,OK
17045,00210778,274204,OK
17046,00210779,276707,OK
17047,00210780,279728,OK
17048,00210781,281995,OK
17049,00210782,282862,OK
17050,00210783,282916,OK
17051,00210784,281161,OK
17052,00210785,280520,OK
17053,00210786,281481,OK
17054,00210787,282639,OK
17055,00210788,283159,OK
17056,00210789,283090,OK
17057,00210790,283326,OK
17058,00210791,283533,OK
17059,00210792,283985,OK
17060,00210793,285015,OK
17061,00210794,286410,OK
17062,00210795,286751,OK
17063,00210796,286825,OK
17064,00210797,286424,OK
17065,00210798,286459,OK
17066,00210799,286575,OK
17067,00210800,286877,OK
17068,00210801,287706,OK
17069,00210802,287640,OK
17070,00210803,288690,OK
17071,00210804,288725,OK
17072,00210805,288596,OK
17073,00210806,288322,OK
17074,00210807,288871,OK
17075,00210808,289314,OK
17076,00210809,289280,OK
17077,00210810,289159,OK
17078,00210811,289090,OK
17079,00210812,289321,OK
17080,00210813,289461,OK
17081,00210814,289723,OK
17082,00210815,290320,OK
17083,00210816,290270,OK
17084,00210817,290503,OK
17085,00210818,290599,OK
17086,00210819,290669,OK
17087,00210820,290825,OK
17088,00210821,291686,OK
17089,00210822,291962,OK
17090,00210823,292627,OK
17091,00210824,292430,OK
17092,00210825,292699,OK
17093,00210826,292946,OK
17094,00210827,293220,OK
17095,00210828,293751,OK
17096,00210829,293957,OK
17097,00210830,294030,OK
17098,00210831,294410,OK
17099,00210832,293460,OK
17100,00210833,294841,OK
17101,00210834,294957,OK
17102,00210835,295027,OK
17103,00210836,294933,OK
17104,00210837,295007,OK
17105,00210838,295150,OK
17106,00210839,294974,OK
17107,00210840,295081,OK
17108,00210841,294825,OK
17109,00210842,294907,OK
17110,00210843,294788,OK
17111,00210844,294699,OK
17112,00210845,294825,OK
17113,00210846,294808,OK
17114,00210847,294953,OK
17115,00210848,295102,OK
17116,00210849,295053,OK
17117,00210850,294845,OK
17118,00210851,295149,OK
17119,00210852,295293,OK
17120,00210853,295438,OK
17121,00210854,295403,OK
17122,00210855,295408,OK
17123,00210856,295314,OK
17124,00210857,295353,OK
17125,00210858,295201,OK
17126,00210859,295201,OK
17127,00210860,295515,OK
17128,00210861,295677,OK
17129,00210862,295743,OK
17130,00210863,296301,OK
17131,00210864,296502,OK
17132,00210865,296652,OK
17133,00210866,296799,OK
17134,00210867,296975,OK
17135,00210868,297338,OK
17136,00210869,297529,OK
17137,00210870,297735,OK
17138,00210871,298065,OK
17139,00210872,298203,OK
17140,00210873,298278,OK
17141,00210874,298315,OK
17142,00210875,298409,OK
17143,00210876,298413,OK
17144,00210877,298489,OK
17145,00210878,298505,OK
17146,00210879,298551,OK
17147,00210880,298582,OK
17148,00210881,298602,OK
17149,00210882,298581,OK
17150,00210883,298687,OK
17151,00210884,298719,OK
17152,00210885,298601,OK
17153,00210886,298711,OK
17154,00210887,298790,OK
17155,00210888,298868,OK
17156,00210889,298839,OK
17157,00210890,298791,OK
17158,00210891,298723,OK
17159,00210892,298748,OK
17160,00210893,298756,OK
17161,00210894,298752,OK
17162,00210895,298731,OK
17163,00210896,298758,OK
17164,00210897,298481,OK
17165,00210898,298573,OK
17166,00210899,298446,OK
17167,00210900,298393,OK
17168,00210901,298342,OK
17169,00210902,298298,OK
17170,00210903,298326,OK
17171,00210904,298340,OK
17172,00210905,298049,OK
17173,00210906,298079,OK
17174,00300000,96593,OK
17175,00300001,96708,OK
17176,00300002,96757,OK
17177,00300003,96717,OK
17178,00300004,96667,OK
17179,00300005,96632,OK
17180,00300006,96900,OK
17181,00300007,96962,OK
17182,00300008,97052,OK
17183,00300009,96709,OK
17184,00300010,97086,OK
17185,00300011,96982,OK
17186,00300012,96885,OK
17187,00300013,97049,OK
17188,00300014,97190,OK
17189,00300015,97251,OK
17190,00300016,97378,OK
17191,00300017,97274,OK
17192,00300018,97047,OK
17193,00300019,97383,OK
17194,00300020,97154,OK
17195,00300021,97264,OK
17196,00300022,97474,OK
17197,00300023,97737,OK
17198,00300024,97704,OK
17199,00300025,97582,OK
17200,00300026,97663,OK
17201,00300027,97731,OK
17202,00300028,97519,OK
17203,00300029,97712,OK
17204,00300030,97667,OK
17205,00300031,97825,OK
17206,00300032,97456,OK
17207,00300033,97269,OK
17208,00300034,96921,OK
17209,00300035,97037,OK
17210,00300036,97287,OK
17211,00300037,97351,OK
17212,00300038,97236,OK
17213,00300039,97257,OK
17214,00300040,97175,OK
17215,00300041,96974,OK
17216,00300042,97045,OK
17217,00300043,97073,OK
17218,00300044,97030,OK
17219,00300045,97144,OK
17220,00300046,96863,OK
17221,00300047,96641,OK
17222,00300048,96661,OK
17223,00300049,96597,OK
17224,00300050,96448,OK
17225,00300051,96549,OK
17226,00300052,96420,OK
17227,00300053,96457,OK
17228,00300054,96409,OK
17229,00300055,96382,OK
17230,00300056,96417,OK
17231,00300057,96317,OK
17232,00300058,96239,OK
17233,00300059,96393,OK
17234,00300060,96455,OK
17235,00300061,96938,OK
17236,00300062,96962,OK
17237,00300063,97042,OK
17238,00300064,96914,OK
17239,00300065,96972,OK
17240,00300066,97242,OK
17241,00300067,97237,OK
17242,00300068,97638,OK
17243,00300069,97680,OK
17244,00300070,97994,OK
17245,00300071,98084,OK
17246,00300072,98043,OK
17247,00300073,98087,OK
17248,00300074,98017,OK
17249,00300075,97979,OK
17250,00300076,97580,OK
17251,00300077,97702,OK
17252,00300078,97587,OK
17253,00300079,97350,OK
17254,00300080,97251,OK
17255,00300081,97390,OK
17256,00300082,97101,OK
17257,00300083,97042,OK
17258,00300084,96871,OK
17259,00300085,96775,OK
17260,00300086,96689,OK
17261,00300087,96748,OK
17262,00300088,96453,OK
17263,00300089,96288,OK
17264,00300090,96383,OK
17265,00300091,96043,OK
17266,00300092,96075,OK
17267,00300093,95819,OK
17268,00300094,95442,OK
17269,00300095,95167,OK
17270,00300096,95302,OK
17271,00300097,95223,OK
17272,00300098,95338,OK
17273,00300099,95075,OK
17274,00300100,94825,OK
17275,00300101,94701,OK
17276,00300102,94623,OK
17277,00300103,94638,OK
17278,00300104,94646,OK
17279,00300105,94467,OK
17280,00300106,94224,OK
17281,00300107,93871,OK
17282,00300108,93774,OK
17283,00300109,93488,OK
17284,00300110,93680,OK
17285,00300111,93623,OK
17286,00300112,93705,OK
17287,00300113,93651,OK
17288,00300114,93485,OK
17289,00300115,93306,OK
17290,00300116,93275,OK
17291,00300117,93325,OK
17292,00300118,93204,OK
17293,00300119,93334,OK
17294,00300120,93316,OK
17295,00300121,93228,OK
17296,00300122,93108,OK
17297,00300123,93016,OK
17298,00300124,93164,OK
17299,00300125,93181,OK
17300,00300126,93353,OK
17301,00300127,93203,OK
17302,00300128,93127,OK
17303,00300129,93160,OK
17304,00300130,92977,OK
17305,00300131,92874,OK
17306,00300132,92802,OK
17307,00300133,92761,OK
17308,00300134,92701,OK
17309,00300135,92814,OK
17310,00300136,92786,OK
17311,00300137,92907,OK
17312,00300138,92973,OK
17313,00300139,92768,OK
17314,00300140,92555,OK
17315,00300141,92400,OK
17316,00300142,92302,OK
17317,00300143,92335,OK
17318,00300144,92268,OK
17319,00300145,92406,OK
17320,00300146,92297,OK
17321,00300147,92200,OK
17322,00300148,92387,OK
17323,00300149,92461,OK
17324,00300150,92401,OK
17325,00300151,92277,OK
17326,00300152,92405,OK
17327,00300153,92289,OK
17328,00300154,92236,OK
17329,00300155,92255,OK
17330,00300156,92262,OK
17331,00300157,92216,OK
17332,00300158,92233,OK
17333,00300159,92367,OK
17334,00300160,92084,OK
17335,00300161,92144,OK
17336,00300162,92209,OK
17337,00300163,92034,OK
17338,00300164,92019,OK
17339,00300165,92069,OK
17340,00300166,92171,OK
17341,00300167,92170,OK
17342,00300168,92139,OK
17343,00300169,92318,OK
17344,00300170,92216,OK
17345,00300171,92135,OK
17346,00300172,92149,OK
17347,00300173,92203,OK
17348,00300174,92250,OK
17349,00300175,92288,OK
17350,00300176,92296,OK
17351,00300177,92177,OK
17352,00300178,92073,OK
17353,00300179,92105,OK
17354,00300180,92044,OK
17355,00300181,92081,OK
17356,00300182,91990,OK
17357,00300183,92119,OK
17358,00300184,92162,OK
17359,00300185,92306,OK
17360,00300186,92342,OK
17361,00300187,92320,OK
17362,00300188,92300,OK
17363,00300189,92138,OK
17364,00300190,92340,OK
17365,00300191,92260,OK
17366,00300192,92237,OK
17367,00300193,92298,OK
17368,00300194,92185,OK
17369,00300195,92045,OK
17370,00300196,92195,OK
17371,00300197,92351,OK
17372,00300198,92126,OK
17373,00300199,92102,OK
17374,00300200,83177,OK
17375,00300201,83066,OK
17376,00300202,83317,OK
17377,00300203,83448,OK
17378,00300204,83755,OK
17379,00300205,84021,OK
17380,00300206,83824,OK
17381,00300207,83597,OK
17382,00300208,83516,OK
17383,00300209,83447,OK
17384,00300210,83235,OK
17385,00300211,83061,OK
17386,00300212,82802,OK
17387,00300213,82563,OK
17388,00300214,82485,OK
17389,00300215,82381,OK
17390,00300216,82283,OK
17391,00300217,82347,OK
17392,00300218,82466,OK
17393,00300219,82361,OK
17394,00300220,82252,OK
17395,00300221,82083,OK
17396,00300222,82188,OK
17397,00300223,81760,OK
17398,00300224,81588,OK
17399,00300225,81482,OK
17400,00300226,81563,OK
17401,00300227,81381,OK
17402,00300228,81598,OK
17403,00300229,82004,OK
17404,00300230,82161,OK
17405,00300231,81969,OK
17406,00300232,82272,OK
17407,00300233,82255,OK
17408,00300234,81927,OK
17409,00300235,81621,OK
17410,00300236,81554,OK
17411,00300237,81904,OK
17412,00300238,81859,OK
17413,00300239,81647,OK
17414,00300240,81350,OK
17415,00300241,81340,OK
17416,00300242,81531,OK
17417,00300243,81552,OK
17418,00300244,81436,OK
17419,00300245,81613,OK
17420,00300246,81503,OK
17421,00300247,81324,OK
17422,00300248,81176,OK
17423,00300249,80846,OK
17424,00300250,80806,OK
17425,00300251,80797,OK
17426,00300252,80456,OK
17427,00300253,80382,OK
17428,00300254,80050,OK
17429,00300255,80069,OK
17430,00300256,80030,OK
17431,00300257,80402,OK
17432,00300258,80376,OK
17433,00300259,80468,OK
17434,00300260,80646,OK
17435,00300261,81022,OK
17436,00300262,80951,OK
17437,00300263,80790,OK
17438,00300264,80388,OK
17439,00300265,80335,OK
17440,00300266,80405,OK
17441,00300267,80785,OK
17442,00300268,80913,OK
17443,00300269,80776,OK
17444,00300270,80502,OK
17445,00300271,80468,OK
17446,00300272,80822,OK
17447,00300273,81240,OK
17448,00300274,81620,OK
17449,00300275,82101,OK
17450,00300276,82250,OK
17451,00300277,82193,OK
17452,00300278,82073,OK
17453,00300279,82353,OK
17454,00300280,82914,OK
17455,00300281,82864,OK
17456,00300282,82678,OK
17457,00300283,82516,OK
17458,00300284,82622,OK
17459,00300285,82757,OK
17460,00300286,82916,OK
17461,00300287,83257,OK
17462,00300288,83195,OK
17463,00300289,83540,OK
17464,00300290,84070,OK
17465,00300291,84713,OK
17466,00300292,83992,OK
17467,00300293,83846,OK
17468,00300294,83807,OK
17469,00300295,83617,OK
17470,00300296,83403,OK
17471,00300297,83591,OK
17472,00300298,83422,OK
17473,00300299,83573,OK
17474,00300300,83205,OK
17475,00300301,82821,OK
17476,00300302,82816,OK
17477,00300303,82581,OK
17478,00300304,82405,OK
17479,00300305,82022,OK
17480,00300306,82127,OK
17481,00300307,82595,OK
17482,00300308,82827,OK
17483,00300309,82371,OK
17484,00300310,81852,OK
17485,00300311,81717,OK
17486,00300312,81999,OK
17487,00300313,81735,OK
17488,00300314,81423,OK
17489,00300315,80906,OK
17490,00300316,80636,OK
17491,00300317,80741,OK
17492,00300318,80446,OK
17493,00300319,80281,OK
17494,00300320,80120,OK
17495,00300321,79864,OK
17496,00300322,79861,OK
17497,00300323,80175,OK
17498,00300324,79831,OK
17499,00300325,79654,OK
17500,00300326,79948,OK
17501,00300327,79736,OK
17502,00300328,79432,OK
17503,00300329,78893,OK
17504,00300330,78725,OK
17505,00300331,78424,OK
17506,00300332,78125,OK
17507,00300333,77892,OK
17508,00300334,77739,OK
17509,00300335,77408,OK
17510,00300336,77587,OK
17511,00300337,77550,OK
17512,00300338,77820,OK
17513,00300339,77665,OK
17514,00300340,77777,OK
17515,00300341,77573,OK
17516,00300342,77038,OK
17517,00300343,76759,OK
17518,00300344,76832,OK
17519,00300345,77441,OK
17520,00300346,77410,OK
17521,00300347,77282,OK
17522,00300348,76969,OK
17523,00300349,77304,OK
17524,00300350,77606,OK
17525,00300351,78084,OK
17526,00300352,78875,OK
17527,00300353,79237,OK
17528,00300354,79328,OK
17529,00300355,78951,OK
17530,00300356,78800,OK
17531,00300357,78148,OK
17532,00300358,78589,OK
17533,00300359,78152,OK
17534,00300360,78251,OK
17535,00300361,78278,OK
17536,00300362,78336,OK
17537,00300363,78482,OK
17538,00300364,78502,OK
17539,00300365,78357,OK
17540,00300366,78331,OK
17541,00300367,78717,OK
17542,00300368,78923,OK
17543,00300369,79281,OK
17544,00300370,80023,OK
17545,00300371,79994,OK
17546,00300372,80139,OK
17547,00300373,80565,OK
17548,00300374,80769,OK
17549,00300375,81119,OK
17550,00300376,81711,OK
17551,00300377,82216,OK
17552,00300378,82564,OK
17553,00300379,82849,OK
17554,00300380,83117,OK
17555,00300381,83372,OK
17556,00300382,83950,OK
17557,00300383,83745,OK
17558,00300384,82572,OK
17559,00300385,82253,OK
17560,00300386,82039,OK
17561,00300387,81608,OK
17562,00300388,81385,OK
17563,00300389,81517,OK
17564,00300390,81911,OK
17565,00300391,81490,OK
17566,00300392,81572,OK
17567,00300393,82089,OK
17568,00300394,82275,OK
17569,00300395,82663,OK
17570,00300396,82634,OK
17571,00300397,82826,OK
17572,00300398,83400,OK
17573,00300399,83529,OK
17574,00300400,90477,OK
17575,00300401,90437,OK
17576,00300402,90443,OK
17577,00300403,90325,OK
17578,00300404,90076,OK
17579,00300405,90069,OK
17580,00300406,90138,OK
17581,00300407,90051,OK
17582,00300408,90225,OK
17583,00300409,90453,OK
17584,00300410,90501,OK
17585,00300411,90444,OK
17586,00300412,90255,OK
17587,00300413,90159,OK
17588,00300414,90359,OK
17589,00300415,90338,OK
17590,00300416,90626,OK
17591,00300417,90605,OK
17592,00300418,90810,OK
17593,00300419,90605,OK
17594,00300420,90625,OK
17595,00300421,90598,OK
17596,00300422,90694,OK
17597,00300423,90973,OK
17598,00300424,90849,OK
17599,00300425,91011,OK
17600,00300426,91182,OK
17601,00300427,91188,OK
17602,00300428,91466,OK
17603,00300429,91303,OK
17604,00300430,91548,OK
17605,00300431,91568,OK
17606,00300432,91693,OK
17607,00300433,91600,OK
17608,00300434,91630,OK
17609,00300435,91454,OK
17610,00300436,91310,OK
17611,00300437,91054,OK
17612,00300438,91027,OK
17613,00300439,90687,OK
17614,00300440,90475,OK
17615,00300441,90627,OK
17616,00300442,90704,OK
17617,00300443,90958,OK
17618,00300444,90945,OK
17619,00300445,90846,OK
17620,00300446,91199,OK
17621,00300447,91378,OK
17622,00300448,91226,OK
17623,00300449,91223,OK
17624,00300450,91258,OK
17625,00300451,91224,OK
17626,00300452,91040,OK
17627,00300453,90816,OK
17628,00300454,90341,OK
17629,00300455,90062,OK
17630,00300456,90152,OK
17631,00300457,90123,OK
17632,00300458,90305,OK
17633,00300459,90319,OK
17634,00300460,90240,OK
17635,00300461,90363,OK
17636,00300462,90477,OK
17637,00300463,90455,OK
17638,00300464,90107,OK
17639,00300465,89971,OK
17640,00300466,89838,OK
17641,00300467,89957,OK
17642,00300468,89747,OK
17643,00300469,89661,OK
17644,00300470,89599,OK
17645,00300471,89483,OK
17646,00300472,89299,OK
17647,00300473,88764,OK
17648,00300474,88627,OK
17649,00300475,88206,OK
17650,00300476,87691,OK
17651,00300477,87270,OK
17652,00300478,86920,OK
17653,00300479,86566,OK
17654,00300480,86422,OK
17655,00300481,86574,OK
17656,00300482,86505,OK
17657,00300483,86390,OK
17658,00300484,86245,OK
17659,00300485,86049,OK
17660,00300486,85929,OK
17661,00300487,86180,OK
17662,00300488,86337,OK
17663,00300489,86245,OK
17664,00300490,86568,OK
17665,00300491,86291,OK
17666,00300492,86324,OK
17667,00300493,86134,OK
17668,00300494,86202,OK
17669,00300495,86020,OK
17670,00300496,86093,OK
17671,00300497,86102,OK
17672,00300498,86130,OK
17673,00300499,86039,OK
17674,00300500,85991,OK
17675,00300501,85808,OK
17676,00300502,85589,OK
17677,00300503,85279,OK
17678,00300504,85008,OK
17679,00300505,85116,OK
17680,00300506,85135,OK
17681,00300507,85137,OK
17682,00300508,84912,OK
17683,00300509,84657,OK
17684,00300510,84699,OK
17685,00300511,84648,OK
17686,00300512,84683,OK
17687,00300513,84651,OK
17688,00300514,84646,OK
17689,00300515,84638,OK
17690,00300516,84650,OK
17691,00300517,84576,OK
17692,00300518,84626,OK
17693,00300519,84594,OK
17694,00300520,84474,OK
17695,00300521,84410,OK
17696,00300522,84627,OK
17697,00300523,84628,OK
17698,00300524,84735,OK
17699,00300525,84495,OK
17700,00300526,84362,OK
17701,00300527,84177,OK
17702,00300528,84153,OK
17703,00300529,84343,OK
17704,00300530,84556,OK
17705,00300531,84752,OK
17706,00300532,84950,OK
17707,00300533,84956,OK
17708,00300534,84894,OK
17709,00300535,85016,OK
17710,00300536,84839,OK
17711,00300537,84786,OK
17712,00300538,84755,OK
17713,00300539,84686,OK
17714,00300540,84676,OK
17715,00300541,84539,OK
17716,00300542,84645,OK
17717,00300543,84402,OK
17718,00300544,84499,OK
17719,00300545,84497,OK
17720,00300546,84445,OK
17721,00300547,84346,OK
17722,00300548,84343,OK
17723,00300549,84351,OK
17724,00300550,84113,OK
17725,00300551,84000,OK
17726,00300552,84086,OK
17727,00300553,84268,OK
17728,00300554,84156,OK
17729,00300555,84059,OK
17730,00300556,84218,OK
17731,00300557,84392,OK
17732,00300558,84992,OK
17733,00300559,85343,OK
17734,00300560,85655,OK
17735,00300561,85582,OK
17736,00300562,85265,OK
17737,00300563,85452,OK
17738,00300564,85372,OK
17739,00300565,85239,OK
17740,00300566,85273,OK
17741,00300567,85261,OK
17742,00300568,85021,OK
17743,00300569,85224,OK
17744,00300570,85275,OK
17745,00300571,85294,OK
17746,00300572,85396,OK
17747,00300573,85559,OK
17748,00300574,85567,OK
17749,00300575,85670,OK
17750,00300576,85707,OK
17751,00300577,85566,OK
17752,00300578,85555,OK
17753,00300579,85530,OK
17754,00300580,85553,OK
17755,00300581,85552,OK
17756,00300582,85509,OK
17757,00300583,85581,OK
17758,00300584,85512,OK
17759,00300585,85464,OK
17760,00300586,85312,OK
17761,00300587,84995,OK
17762,00300588,85053,OK
17763,00300589,84932,OK
17764,00300590,85103,OK
17765,00300591,85080,OK
17766,00300592,84958,OK
17767,00300593,84997,OK
17768,00300594,85046,OK
17769,00300595,85105,OK
17770,00300596,85555,OK
17771,00300597,86188,OK
17772,00300598,86809,OK
17773,00300599,87242,OK
17774,00300600,93937,OK
17775,00300601,93865,OK
17776,00300602,93895,OK
17777,00300603,94233,OK
17778,00300604,94256,OK
17779,00300605,94577,OK
17780,00300606,94749,OK
17781,00300607,94715,OK
17782,00300608,94894,OK
17783,00300609,95050,OK
17784,00300610,95206,OK
17785,00300611,95303,OK
17786,00300612,95509,OK
17787,00300613,95638,OK
17788,00300614,95800,OK
17789,00300615,96164,OK
17790,00300616,96169,OK
17791,00300617,96243,OK
17792,00300618,96409,OK
17793,00300619,96249,OK
17794,00300620,96305,OK
17795,00300621,96509,OK
17796,00300622,96752,OK
17797,00300623,96725,OK
17798,00300624,96788,OK
17799,00300625,96650,OK
17800,00300626,96712,OK
17801,00300627,96810,OK
17802,00300628,96809,OK
17803,00300629,96857,OK
17804,00300630,96873,OK
17805,00300631,96831,OK
17806,00300632,96799,OK
17807,00300633,96585,OK
17808,00300634,96535,OK
17809,00300635,96323,OK
17810,00300636,96402,OK
17811,00300637,96353,OK
17812,00300638,96439,OK
17813,00300639,96392,OK
17814,00300640,96563,OK
17815,00300641,96621,OK
17816,00300642,96684,OK
17817,00300643,96784,OK
17818,00300644,97015,OK
17819,00300645,97209,OK
17820,00300646,97284,OK
17821,00300647,97282,OK
17822,00300648,97167,OK
17823,00300649,97095,OK
17824,00300650,97375,OK
17825,00300651,97286,OK
17826,00300652,97223,OK
17827,00300653,97162,OK
17828,00300654,97200,OK
17829,00300655,97384,OK
17830,00300656,97357,OK
17831,00300657,97292,OK
17832,00300658,97344,OK
17833,00300659,97380,OK
17834,00300660,97568,OK
17835,00300661,97720,OK
17836,00300662,97817,OK
17837,00300663,97683,OK
17838,00300664,97868,OK
17839,00300665,97994,OK
17840,00300666,98310,OK
17841,00300667,98582,OK
17842,00300668,98707,OK
17843,00300669,98721,OK
17844,00300670,98445,OK
17845,00300671,98395,OK
17846,00300672,98615,OK
17847,00300673,98918,OK
17848,00300674,99005,OK
17849,00300675,99221,OK
17850,00300676,99429,OK
17851,00300677,99667,OK
17852,00300678,99712,OK
17853,00300679,99934,OK
17854,00300680,100115,OK
17855,00300681,99901,OK
17856,00300682,99956,OK
17857,00300683,99993,OK
17858,00300684,100145,OK
17859,00300685,100278,OK
17860,00300686,100308,OK
17861,00300687,100570,OK
17862,00300688,100793,OK
17863,00300689,100654,OK
17864,00300690,100799,OK
17865,00300691,100909,OK
17866,00300692,100788,OK
17867,00300693,100955,OK
17868,00300694,101045,OK
17869,00300695,101033,OK
17870,00300696,101107,OK
17871,00300697,101160,OK
17872,00300698,101292,OK
17873,00300699,101299,OK
17874,00300700,101178,OK
17875,00300701,101329,OK
17876,00300702,101330,OK
17877,00300703,101192,OK
17878,00300704,101470,OK
17879,00300705,101422,OK
17880,00300706,101266,OK
17881,00300707,101155,OK
17882,00300708,101117,OK
17883,00300709,100963,OK
17884,00300710,101143,OK
17885,00300711,101147,OK
17886,00300712,101071,OK
17887,00300713,100894,OK
17888,00300714,101020,OK
17889,00300715,101063,OK
17890,00300716,101030,OK
17891,00300717,101247,OK
17892,00300718,101189,OK
17893,00300719,101456,OK
17894,00300720,101434,OK
17895,00300721,101527,OK
17896,00300722,101642,OK
17897,00300723,101844,OK
17898,00300724,102018,OK
17899,00300725,102027,OK
17900,00300726,101941,OK
17901,00300727,102076,OK
17902,00300728,102183,OK
17903,00300729,102146,OK
17904,00300730,102471,OK
17905,00300731,102265,OK
17906,00300732,102183,OK
17907,00300733,102125,OK
17908,00300734,101763,OK
17909,00300735,101818,OK
17910,00300736,101829,OK
17911,00300737,102025,OK
17912,00300738,102082,OK
17913,00300739,102240,OK
17914,00300740,102060,OK
17915,00300741,102115,OK
17916,00300742,102033,OK
17917,00300743,102233,OK
17918,00300744,102136,OK
17919,00300745,102273,OK
17920,00300746,102187,OK
17921,00300747,102173,OK
17922,00300748,102460,OK
17923,00300749,102719,OK
17924,00300750,102849,OK
17925,00300751,102871,OK
17926,00300752,103011,OK
17927,00300753,102974,OK
17928,00300754,102906,OK
17929,00300755,103027,OK
17930,00300756,102900,OK
17931,00300757,102903,OK
17932,00300758,102913,OK
17933,00300759,102986,OK
17934,00300760,102867,OK
17935,00300761,102895,OK
17936,00300762,102701,OK
17937,00300763,102922,OK
17938,00300764,102735,OK
17939,00300765,102699,OK
17940,00300766,102685,OK
17941,00300767,102450,OK
17942,00300768,102718,OK
17943,00300769,102542,OK
17944,00300770,102455,OK
17945,00300771,102402,OK
17946,00300772,102467,OK
17947,00300773,102261,OK
17948,00300774,102458,OK
17949,00300775,102492,OK
17950,00300776,102352,OK
17951,00300777,102448,OK
17952,00300778,102513,OK
17953,00300779,102663,OK
17954,00300780,102607,OK
17955,00300781,102454,OK
17956,00300782,102547,OK
17957,00300783,102679,OK
17958,00300784,102659,OK
17959,00300785,102511,OK
17960,00300786,102678,OK
17961,00300787,102723,OK
17962,00300788,102790,OK
17963,00300789,102771,OK
17964,00300790,102595,OK
17965,00300791,102683,OK
17966,00300792,102467,OK
17967,00300793,102367,OK
17968,00300794,102153,OK
17969,00300795,102325,OK
17970,00300796,102523,OK
17971,00300797,102491,OK
17972,00300798,102232,OK
17973,00300799,101970,OK
17974,00300800,100721,OK
17975,00300801,100373,OK
17976,00300802,99966,OK
17977,00300803,99343,OK
17978,00300804,99060,OK
17979,00300805,98805,OK
17980,00300806,98709,OK
17981,00300807,98842,OK
17982,00300808,98784,OK
17983,00300809,98887,OK
17984,00300810,98828,OK
17985,00300811,98713,OK
17986,00300812,98608,OK
17987,00300813,98354,OK
17988,00300814,98291,OK
17989,00300815,98246,OK
17990,00300816,98377,OK
17991,00300817,98165,OK
17992,00300818,98105,OK
17993,00300819,98062,OK
17994,00300820,98420,OK
17995,00300821,98668,OK
17996,00300822,98433,OK
17997,00300823,98281,OK
17998,00300824,98291,OK
17999,00300825,98312,OK
18000,00300826,98274,OK
18001,00300827,98593,OK
18002,00300828,98699,OK
18003,00300829,98380,OK
18004,00300830,98162,OK
18005,00300831,98107,OK
18006,00300832,97936,OK
18007,00300833,97981,OK
18008,00300834,98264,OK
18009,00300835,98767,OK
18010,00300836,98710,OK
18011,00300837,99138,OK
18012,00300838,98767,OK
18013,00300839,98653,OK
18014,00300840,98647,OK
18015,00300841,98247,OK
18016,00300842,97715,OK
18017,00300843,97561,OK
18018,00300844,97295,OK
18019,00300845,96838,OK
18020,00300846,96558,OK
18021,00300847,96767,OK
18022,00300848,96578,OK
18023,00300849,96443,OK
18024,00300850,96301,OK
18025,00300851,96474,OK
18026,00300852,96186,OK
18027,00300853,95968,OK
18028,00300854,95975,OK
18029,00300855,95790,OK
18030,00300856,95676,OK
18031,00300857,95228,OK
18032,00300858,95162,OK
18033,00300859,94862,OK
18034,00300860,94645,OK
18035,00300861,94320,OK
18036,00300862,94439,OK
18037,00300863,94378,OK
18038,00300864,94180,OK
18039,00300865,94217,OK
18040,00300866,94013,OK
18041,00300867,93391,OK
18042,00300868,93101,OK
18043,00300869,92487,OK
18044,00300870,92287,OK
18045,00300871,91986,OK
18046,00300872,92107,OK
18047,00300873,91813,OK
18048,00300874,91730,OK
18049,00300875,92059,OK
18050,00300876,92146,OK
18051,00300877,91840,OK
18052,00300878,91652,OK
18053,00300879,91392,OK
18054,00300880,91648,OK
18055,00300881,91344,OK
18056,00300882,91363,OK
18057,00300883,91215,OK
18058,00300884,91109,OK
18059,00300885,91231,OK
18060,00300886,91423,OK
18061,00300887,91621,OK
18062,00300888,91917,OK
18063,00300889,91699,OK
18064,00300890,91838,OK
18065,00300891,91898,OK
18066,00300892,92109,OK
18067,00300893,91834,OK
18068,00300894,91999,OK
18069,00300895,91873,OK
18070,00300896,91794,OK
18071,00300897,91793,OK
18072,00300898,91698,OK
18073,00300899,91490,OK
18074,00300900,91528,OK
18075,00300901,91458,OK
18076,00300902,91365,OK
18077,00300903,91843,OK
18078,00300904,91509,OK
18079,00300905,91602,OK
18080,00300906,91682,OK
18081,00300907,91458,OK
18082,00300908,91275,OK
18083,00300909,91306,OK
18084,00300910,91141,OK
18085,00300911,90702,OK
18086,00300912,90132,OK
18087,00300913,90390,OK
18088,00300914,90399,OK
18089,00300915,90816,OK
18090,00300916,90905,OK
18091,00300917,90994,OK
18092,00300918,91401,OK
18093,00300919,90927,OK
18094,00300920,91300,OK
18095,00300921,91609,OK
18096,00300922,92024,OK
18097,00300923,92626,OK
18098,00300924,93891,OK
18099,00300925,95624,OK
18100,00300926,94859,OK
18101,00300927,95011,OK
18102,00300928,95560,OK
18103,00300929,95919,OK
18104,00300930,96218,OK
18105,00300931,96860,OK
18106,00300932,97340,OK
18107,00300933,97499,OK
18108,00300934,98183,OK
18109,00300935,98655,OK
18110,00300936,99066,OK
18111,00300937,99311,OK
18112,00300938,99433,OK
18113,00300939,99383,OK
18114,00300940,99425,OK
18115,00300941,99574,OK
18116,00300942,99918,OK
18117,00300943,100061,OK
18118,00300944,100284,OK
18119,00300945,100089,OK
18120,00300946,100507,OK
18121,00300947,100295,OK
18122,00300948,100477,OK
18123,00300949,100290,OK
18124,00300950,100184,OK
18125,00300951,100010,OK
18126,00300952,99854,OK
18127,00300953,99776,OK
18128,00300954,99832,OK
18129,00300955,100008,OK
18130,00300956,100078,OK
18131,00300957,100019,OK
18132,00300958,100029,OK
18133,00300959,100106,OK
18134,00300960,100242,OK
18135,00300961,100318,OK
18136,00300962,100512,OK
18137,00300963,100413,OK
18138,00300964,100586,OK
18139,00300965,100833,OK
18140,00300966,100957,OK
18141,00300967,100917,OK
18142,00300968,101220,OK
18143,00300969,101183,OK
18144,00300970,101284,OK
18145,00300971,101658,OK
18146,00300972,101548,OK
18147,00300973,101570,OK
18148,00300974,101600,OK
18149,00300975,101782,OK
18150,00300976,101144,OK
18151,00300977,101375,OK
18152,00300978,101489,OK
18153,00300979,101619,OK
18154,00300980,101794,OK
18155,00300981,101950,OK
18156,00300982,101921,OK
18157,00300983,101979,OK
18158,00300984,102170,OK
18159,00300985,102504,OK
18160,00300986,102643,OK
18161,00300987,102629,OK
18162,00300988,102623,OK
18163,00300989,102362,OK
18164,00300990,102320,OK
18165,00300991,102333,OK
18166,00300992,102318,OK
18167,00300993,102350,OK
18168,00300994,102265,OK
18169,00300995,102093,OK
18170,00300996,101763,OK
18171,00300997,101826,OK
18172,00300998,101367,OK
18173,00300999,101404,OK
18174,00301000,96973,OK
18175,00301001,97042,OK
18176,00301002,97083,OK
18177,00301003,96923,OK
18178,00301004,96872,OK
18179,00301005,96753,OK
18180,00301006,96765,OK
18181,00301007,97272,OK
18182,00301008,97501,OK
18183,00301009,97851,OK
18184,00301010,98173,OK
18185,00301011,98225,OK
18186,00301012,98249,OK
18187,00301013,98024,OK
18188,00301014,98295,OK
18189,00301015,98474,OK
18190,00301016,98522,OK
18191,00301017,98336,OK
18192,00301018,98701,OK
18193,00301019,98716,OK
18194,00301020,98823,OK
18195,00301021,98979,OK
18196,00301022,99076,OK
18197,00301023,99579,OK
18198,00301024,99867,OK
18199,00301025,100104,OK
18200,00301026,100242,OK
18201,00301027,100122,OK
18202,00301028,100252,OK
18203,00301029,100207,OK
18204,00301030,100160,OK
18205,00301031,100076,OK
18206,00301032,100130,OK
18207,00301033,99948,OK
18208,00301034,99838,OK
18209,00301035,99878,OK
18210,00301036,99659,OK
18211,00301037,99751,OK
18212,00301038,99836,OK
18213,00301039,100004,OK
18214,00301040,100080,OK
18215,00301041,100056,OK
18216,00301042,100167,OK
18217,00301043,99687,OK
18218,00301044,99428,OK
18219,00301045,99534,OK
18220,00301046,99426,OK
18221,00301047,99534,OK
18222,00301048,99323,OK
18223,00301049,99496,OK
18224,00301050,99622,OK
18225,00301051,99601,OK
18226,00301052,99692,OK
18227,00301053,99613,OK
18228,00301054,99581,OK
18229,00301055,99745,OK
18230,00301056,99768,OK
18231,00301057,99929,OK
18232,00301058,100102,OK
18233,00301059,100223,OK
18234,00301060,100423,OK
18235,00301061,100500,OK
18236,00301062,100410,OK
18237,00301063,100577,OK
18238,00301064,100698,OK
18239,00301065,100517,OK
18240,00301066,100535,OK
18241,00301067,100805,OK
18242,00301068,100399,OK
18243,00301069,100266,OK
18244,00301070,100431,OK
18245,00301071,100816,OK
18246,00301072,100913,OK
18247,00301073,101087,OK
18248,00301074,101355,OK
18249,00301075,101814,OK
18250,00301076,101937,OK
18251,00301077,101780,OK
18252,00301078,101963,OK
18253,00301079,102104,OK
18254,00301080,102278,OK
18255,00301081,102399,OK
18256,00301082,102360,OK
18257,00301083,102350,OK
18258,00301084,102342,OK
18259,00301085,102309,OK
18260,00301086,102004,OK
18261,00301087,102046,OK
18262,00301088,102075,OK
18263,00301089,102058,OK
18264,00301090,102297,OK
18265,00301091,102283,OK
18266,00301092,102403,OK
18267,00301093,102418,OK
18268,00301094,102284,OK
18269,00301095,102066,OK
18270,00301096,101939,OK
18271,00301097,101946,OK
18272,00301098,101896,OK
18273,00301099,101821,OK
18274,00301100,101672,OK
18275,00301101,101800,OK
18276,00301102,101943,OK
18277,00301103,101884,OK
18278,00301104,101901,OK
18279,00301105,101957,OK
18280,00301106,102071,OK
18281,00301107,102438,OK
18282,00301108,102485,OK
18283,00301109,102683,OK
18284,00301110,102518,OK
18285,00301111,102450,OK
18286,00301112,102598,OK
18287,00301113,102501,OK
18288,00301114,102553,OK
18289,00301115,102735,OK
18290,00301116,102702,OK
18291,00301117,102468,OK
18292,00301118,102840,OK
18293,00301119,102964,OK
18294,00301120,103015,OK
18295,00301121,102680,OK
18296,00301122,102672,OK
18297,00301123,102733,OK
18298,00301124,103083,OK
18299,00301125,102970,OK
18300,00301126,102913,OK
18301,00301127,102950,OK
18302,00301128,103114,OK
18303,00301129,102872,OK
18304,00301130,102459,OK
18305,00301131,102467,OK
18306,00301132,102642,OK
18307,00301133,102590,OK
18308,00301134,102659,OK
18309,00301135,102857,OK
18310,00301136,102760,OK
18311,00301137,102763,OK
18312,00301138,102821,OK
18313,00301139,102883,OK
18314,00301140,102773,OK
18315,00301141,102683,OK
18316,00301142,102296,OK
18317,00301143,102422,OK
18318,00301144,102088,OK
18319,00301145,102333,OK
18320,00301146,102501,OK
18321,00301147,102486,OK
18322,00301148,102582,OK
18323,00301149,102540,OK
18324,00301150,102828,OK
18325,00301151,102297,OK
18326,00301152,102014,OK
18327,00301153,101800,OK
18328,00301154,101855,OK
18329,00301155,101779,OK
18330,00301156,101472,OK
18331,00301157,101577,OK
18332,00301158,101015,OK
18333,00301159,100829,OK
18334,00301160,100789,OK
18335,00301161,100954,OK
18336,00301162,100899,OK
18337,00301163,100882,OK
18338,00301164,100910,OK
18339,00301165,101165,OK
18340,00301166,101086,OK
18341,00301167,101164,OK
18342,00301168,101064,OK
18343,00301169,100785,OK
18344,00301170,100720,OK
18345,00301171,100708,OK
18346,00301172,100828,OK
18347,00301173,100811,OK
18348,00301174,100953,OK
18349,00301175,100868,OK
18350,00301176,101267,OK
18351,00301177,101308,OK
18352,00301178,100968,OK
18353,00301179,100900,OK
18354,00301180,101185,OK
18355,00301181,101094,OK
18356,00301182,101224,OK
18357,00301183,101253,OK
18358,00301184,101340,OK
18359,00301185,101315,OK
18360,00301186,101371,OK
18361,00301187,101513,OK
18362,00301188,101349,OK
18363,00301189,101324,OK
18364,00301190,101250,OK
18365,00301191,101283,OK
18366,00301192,101464,OK
18367,00301193,101287,OK
18368,00301194,101349,OK
18369,00301195,101591,OK
18370,00301196,101533,OK
18371,00301197,101735,OK
18372,00301198,101672,OK
18373,00301199,101559,OK
18374,00301200,86955,OK
18375,00301201,87041,OK
18376,00301202,86994,OK
18377,00301203,86707,OK
18378,00301204,86450,OK
18379,00301205,86188,OK
18380,00301206,86088,OK
18381,00301207,85895,OK
18382,00301208,85897,OK
18383,00301209,85966,OK
18384,00301210,85955,OK
18385,00301211,85875,OK
18386,00301212,85707,OK
18387,00301213,85765,OK
18388,00301214,85671,OK
18389,00301215,85666,OK
18390,00301216,85539,OK
18391,00301217,86352,OK
18392,00301218,86403,OK
18393,00301219,86491,OK
18394,00301220,86342,OK
18395,00301221,86460,OK
18396,00301222,86523,OK
18397,00301223,86591,OK
18398,00301224,86331,OK
18399,00301225,86474,OK
18400,00301226,86081,OK
18401,00301227,86307,OK
18402,00301228,85944,OK
18403,00301229,85577,OK
18404,00301230,85714,OK
18405,00301231,85668,OK
18406,00301232,85547,OK
18407,00301233,85365,OK
18408,00301234,85031,OK
18409,00301235,84717,OK
18410,00301236,84385,OK
18411,00301237,84249,OK
18412,00301238,84130,OK
18413,00301239,84109,OK
18414,00301240,83974,OK
18415,00301241,83928,OK
18416,00301242,84044,OK
18417,00301243,84281,OK
18418,00301244,84171,OK
18419,00301245,84394,OK
18420,00301246,84276,OK
18421,00301247,83983,OK
18422,00301248,83720,OK
18423,00301249,83695,OK
18424,00301250,83491,OK
18425,00301251,83600,OK
18426,00301252,83784,OK
18427,00301253,83795,OK
18428,00301254,83941,OK
18429,00301255,83998,OK
18430,00301256,84082,OK
18431,00301257,84054,OK
18432,00301258,83970,OK
18433,00301259,83991,OK
18434,00301260,84095,OK
18435,00301261,83956,OK
18436,00301262,83836,OK
18437,00301263,83661,OK
18438,00301264,83523,OK
18439,00301265,83512,OK
18440,00301266,83488,OK
18441,00301267,83448,OK
18442,00301268,83340,OK
18443,00301269,83229,OK
18444,00301270,83166,OK
18445,00301271,83195,OK
18446,00301272,83108,OK
18447,00301273,83223,OK
18448,00301274,83251,OK
18449,00301275,83249,OK
18450,00301276,83299,OK
18451,00301277,83032,OK
18452,00301278,83086,OK
18453,00301279,82997,OK
18454,00301280,82963,OK
18455,00301281,82770,OK
18456,00301282,83011,OK
18457,00301283,82925,OK
18458,00301284,82823,OK
18459,00301285,82810,OK
18460,00301286,82818,OK
18461,00301287,82439,OK
18462,00301288,82509,OK
18463,00301289,82093,OK
18464,00301290,81220,OK
18465,00301291,80259,OK
18466,00301292,79503,OK
18467,00301293,79233,OK
18468,00301294,79234,OK
18469,00301295,78983,OK
18470,00301296,78751,OK
18471,00301297,78962,OK
18472,00301298,79247,OK
18473,00301299,79927,OK
18474,00301300,80660,OK
18475,00301301,81536,OK
18476,00301302,82306,OK
18477,00301303,82578,OK
18478,00301304,82886,OK
18479,00301305,83243,OK
18480,00301306,83265,OK
18481,00301307,83330,OK
18482,00301308,83204,OK
18483,00301309,83199,OK
18484,00301310,83049,OK
18485,00301311,83226,OK
18486,00301312,83171,OK
18487,00301313,83177,OK
18488,00301314,83158,OK
18489,00301315,83191,OK
18490,00301316,83118,OK
18491,00301317,83068,OK
18492,00301318,82976,OK
18493,00301319,83183,OK
18494,00301320,83342,OK
18495,00301321,83312,OK
18496,00301322,83365,OK
18497,00301323,83495,OK
18498,00301324,83374,OK
18499,00301325,83392,OK
18500,00301326,83599,OK
18501,00301327,83569,OK
18502,00301328,83499,OK
18503,00301329,83525,OK
18504,00301330,83532,OK
18505,00301331,83559,OK
18506,00301332,83560,OK
18507,00301333,83494,OK
18508,00301334,83463,OK
18509,00301335,83410,OK
18510,00301336,83410,OK
18511,00301337,83396,OK
18512,00301338,83452,OK
18513,00301339,83644,OK
18514,00301340,83650,OK
18515,00301341,83614,OK
18516,00301342,83784,OK
18517,00301343,83819,OK
18518,00301344,83836,OK
18519,00301345,83679,OK
18520,00301346,83668,OK
18521,00301347,83693,OK
18522,00301348,83439,OK
18523,00301349,83518,OK
18524,00301350,83312,OK
18525,00301351,83342,OK
18526,00301352,83349,OK
18527,00301353,83383,OK
18528,00301354,83436,OK
18529,00301355,83536,OK
18530,00301356,83531,OK
18531,00301357,83713,OK
18532,00301358,83542,OK
18533,00301359,83587,OK
18534,00301360,83595,OK
18535,00301361,83485,OK
18536,00301362,83519,OK
18537,00301363,83337,OK
18538,00301364,83408,OK
18539,00301365,83274,OK
18540,00301366,83265,OK
18541,00301367,83375,OK
18542,00301368,83319,OK
18543,00301369,83223,OK
18544,00301370,83321,OK
18545,00301371,83499,OK
18546,00301372,83403,OK
18547,00301373,83400,OK
18548,00301374,83447,OK
18549,00301375,83474,OK
18550,00301376,83418,OK
18551,00301377,83439,OK
18552,00301378,83527,OK
18553,00301379,83522,OK
18554,00301380,83444,OK
18555,00301381,83500,OK
18556,00301382,83560,OK
18557,00301383,83403,OK
18558,00301384,83559,OK
18559,00301385,83519,OK
18560,00301386,83772,OK
18561,00301387,83681,OK
18562,00301388,83600,OK
18563,00301389,83655,OK
18564,00301390,83509,OK
18565,00301391,83507,OK
18566,00301392,83328,OK
18567,00301393,83218,OK
18568,00301394,83202,OK
18569,00301395,83014,OK
18570,00301396,83260,OK
18571,00301397,83021,OK
18572,00301398,83002,OK
18573,00301399,83058,OK
18574,00301400,87842,OK
18575,00301401,87825,OK
18576,00301402,87831,OK
18577,00301403,87980,OK
18578,00301404,88108,OK
18579,00301405,88303,OK
18580,00301406,88213,OK
18581,00301407,88170,OK
18582,00301408,88354,OK
18583,00301409,88345,OK
18584,00301410,88640,OK
18585,00301411,88502,OK
18586,00301412,88910,OK
18587,00301413,88846,OK
18588,00301414,88875,OK
18589,00301415,88817,OK
18590,00301416,88734,OK
18591,00301417,88843,OK
18592,00301418,88935,OK
18593,00301419,88867,OK
18594,00301420,88854,OK
18595,00301421,88768,OK
18596,00301422,88812,OK
18597,00301423,88752,OK
18598,00301424,88800,OK
18599,00301425,88614,OK
18600,00301426,88565,OK
18601,00301427,88518,OK
18602,00301428,88520,OK
18603,00301429,88610,OK
18604,00301430,88681,OK
18605,00301431,88663,OK
18606,00301432,88736,OK
18607,00301433,88759,OK
18608,00301434,88550,OK
18609,00301435,88563,OK
18610,00301436,88523,OK
18611,00301437,88362,OK
18612,00301438,88195,OK
18613,00301439,88422,OK
18614,00301440,88278,OK
18615,00301441,88131,OK
18616,00301442,88257,OK
18617,00301443,88227,OK
18618,00301444,88284,OK
18619,00301445,88279,OK
18620,00301446,88154,OK
18621,00301447,87999,OK
18622,00301448,87997,OK
18623,00301449,87801,OK
18624,00301450,88008,OK
18625,00301451,87883,OK
18626,00301452,87948,OK
18627,00301453,87774,OK
18628,00301454,88031,OK
18629,00301455,88082,OK
18630,00301456,88065,OK
18631,00301457,88076,OK
18632,00301458,88138,OK
18633,00301459,88163,OK
18634,00301460,88103,OK
18635,00301461,87837,OK
18636,00301462,88237,OK
18637,00301463,88268,OK
18638,00301464,88001,OK
18639,00301465,88223,OK
18640,00301466,88289,OK
18641,00301467,88372,OK
18642,00301468,88391,OK
18643,00301469,88314,OK
18644,00301470,88448,OK
18645,00301471,88537,OK
18646,00301472,88592,OK
18647,00301473,88494,OK
18648,00301474,88451,OK
18649,00301475,88610,OK
18650,00301476,88692,OK
18651,00301477,88574,OK
18652,00301478,88728,OK
18653,00301479,88751,OK
18654,00301480,88557,OK
18655,00301481,88646,OK
18656,00301482,88712,OK
18657,00301483,88643,OK
18658,00301484,88603,OK
18659,00301485,88511,OK
18660,00301486,88651,OK
18661,00301487,88387,OK
18662,00301488,88487,OK
18663,00301489,88392,OK
18664,00301490,88258,OK
18665,00301491,88257,OK
18666,00301492,88266,OK
18667,00301493,88125,OK
18668,00301494,88205,OK
18669,00301495,88272,OK
18670,00301496,88245,OK
18671,00301497,88276,OK
18672,00301498,88317,OK
18673,00301499,88460,OK
18674,00301500,88542,OK
18675,00301501,88502,OK
18676,00301502,88500,OK
18677,00301503,88595,OK
18678,00301504,88555,OK
18679,00301505,88639,OK
18680,00301506,88532,OK
18681,00301507,88549,OK
18682,00301508,88503,OK
18683,00301509,88363,OK
18684,00301510,88470,OK
18685,00301511,88417,OK
18686,00301512,88460,OK
18687,00301513,88544,OK
18688,00301514,88447,OK
18689,00301515,88480,OK
18690,00301516,88529,OK
18691,00301517,88401,OK
18692,00301518,88412,OK
18693,00301519,88368,OK
18694,00301520,88335,OK
18695,00301521,88465,OK
18696,00301522,88512,OK
18697,00301523,88538,OK
18698,00301524,88557,OK
18699,00301525,88403,OK
18700,00301526,88430,OK
18701,00301527,88601,OK
18702,00301528,88520,OK
18703,00301529,88450,OK
18704,00301530,88412,OK
18705,00301531,88547,OK
18706,00301532,88386,OK
18707,00301533,88159,OK
18708,00301534,88269,OK
18709,00301535,88100,OK
18710,00301536,88222,OK
18711,00301537,88215,OK
18712,00301538,88286,OK
18713,00301539,88342,OK
18714,00301540,88207,OK
18715,00301541,88326,OK
18716,00301542,88257,OK
18717,00301543,88195,OK
18718,00301544,88232,OK
18719,00301545,88317,OK
18720,00301546,88211,OK
18721,00301547,88123,OK
18722,00301548,88161,OK
18723,00301549,88146,OK
18724,00301550,88274,OK
18725,00301551,88324,OK
18726,00301552,88320,OK
18727,00301553,88317,OK
18728,00301554,88401,OK
18729,00301555,88376,OK
18730,00301556,88316,OK
18731,00301557,88355,OK
18732,00301558,88277,OK
18733,00301559,88358,OK
18734,00301560,88446,OK
18735,00301561,88248,OK
18736,00301562,88500,OK
18737,00301563,88490,OK
18738,00301564,88537,OK
18739,00301565,88538,OK
18740,00301566,88523,OK
18741,00301567,88615,OK
18742,00301568,88827,OK
18743,00301569,88902,OK
18744,00301570,88969,OK
18745,00301571,89126,OK
18746,00301572,89180,OK
18747,00301573,89186,OK
18748,00301574,89243,OK
18749,00301575,89117,OK
18750,00301576,88941,OK
18751,00301577,89172,OK
18752,00301578,88933,OK
18753,00301579,89059,OK
18754,00301580,89041,OK
18755,00301581,88969,OK
18756,00301582,89158,OK
18757,00301583,89082,OK
18758,00301584,89164,OK
18759,00301585,89144,OK
18760,00301586,89114,OK
18761,00301587,89142,OK
18762,00301588,89043,OK
18763,00301589,89198,OK
18764,00301590,89308,OK
18765,00301591,89386,OK
18766,00301592,89338,OK
18767,00301593,89196,OK
18768,00301594,89446,OK
18769,00301595,89533,OK
18770,00301596,89303,OK
18771,00301597,89439,OK
18772,00301598,89423,OK
18773,00301599,89235,OK
